"","type","time","moi_type","moi_res","moi_wt","init_wt","init_mut","c_pop","subunits","v_prog","p2pfu","bg_mut_rate","wt_rep_abil","uninf_cells","surv_pfu","tot_pfu","pop_prop","check_sums"
"1","resistant",0,0,0,0.01,0.01,0,2900000,"60",203.17081752289,1,50000,0.000465842377578656,2871144.51292234,0,"29000","0",0.999999999999999
"2","susceptible",0,0.01,0,0.01,0.01,0,2900000,"60",203.17081752289,1,50000,0.000465842377578656,2871144.51292234,29000,"29000","1",0.999999999999999
"3","resistant",1,1.88347876904852e-08,1.88347876904852e-08,0.000941720549736572,0.01,0,2900000,"60",203.17081752289,1,50000,0.000465842377578656,2871144.51292234,0.0546208843024072,"2731.04421512036","2e-05",0.999999999999999
"4","susceptible",1,0.000941720549736572,1.88347876904852e-08,0.000941720549736572,0.01,0,2900000,"60",203.17081752289,1,50000,0.000465842377578656,2871144.51292234,2730.98959423606,"2731.04421512036","0.99998",0.999999999999999
"5","resistant",0,0.001,0.001,0.009,0.009,0.001,2900000,"60",203.17081752289,1,50000,0.000465842377578656,2871144.51292234,2900,"29000","0.1",0.999999999999999
"6","susceptible",0,0.009,0.001,0.009,0.009,0.001,2900000,"60",203.17081752289,1,50000,0.000465842377578656,2871144.51292234,26100,"29000","0.9",0.999999999999999
"7","resistant",1,0.201463896463325,0.201463896463325,0.00106936719143728,0.009,0.001,2900000,"60",203.17081752289,1,50000,0.000465842377578656,2871144.51292234,584245.299743642,"587346.46459881","0.994720041675425",0.999999999999999
"8","susceptible",1,0.00106936719143728,0.201463896463325,0.00106936719143728,0.009,0.001,2900000,"60",203.17081752289,1,50000,0.000465842377578656,2871144.51292234,3101.16485516812,"587346.46459881","0.00527995832457489",0.999999999999999
"9","resistant",0,0.002,0.002,0.008,0.008,0.002,2900000,"60",203.17081752289,1,50000,0.000465842377578656,2871144.51292234,5800,"29000","0.2",0.999999999999999
"10","susceptible",0,0.008,0.002,0.008,0.008,0.002,2900000,"60",203.17081752289,1,50000,0.000465842377578656,2871144.51292234,23200,"29000","0.8",0.999999999999999
"11","resistant",1,0.403081068062729,0.403081068062729,0.0011487239482607,0.008,0.002,2900000,"60",203.17081752289,1,50000,0.000465842377578656,2871144.51292234,1168935.09738191,"1172266.39683187","0.997158240260952",0.999999999999999
"12","susceptible",1,0.0011487239482607,0.403081068062729,0.0011487239482607,0.008,0.002,2900000,"60",203.17081752289,1,50000,0.000465842377578656,2871144.51292234,3331.29944995604,"1172266.39683187","0.00284175973904832",0.999999999999999
"13","resistant",0,0.003,0.003,0.007,0.007,0.003,2900000,"60",203.17081752289,1,50000,0.000465842377578656,2871144.51292234,8700,"29000","0.3",0.999999999999999
"14","susceptible",0,0.007,0.003,0.007,0.007,0.003,2900000,"60",203.17081752289,1,50000,0.000465842377578656,2871144.51292234,20300,"29000","0.7",0.999999999999999
"15","resistant",1,0.604851586159603,0.604851586159603,0.00117975158559748,0.007,0.003,2900000,"60",203.17081752289,1,50000,0.000465842377578656,2871144.51292234,1754069.59986285,"1757490.87946108","0.998053315873092",0.999999999999999
"16","susceptible",1,0.00117975158559748,0.604851586159603,0.00117975158559748,0.007,0.003,2900000,"60",203.17081752289,1,50000,0.000465842377578656,2871144.51292234,3421.27959823269,"1757490.87946108","0.00194668412690812",0.999999999999999
"17","resistant",0,0.004,0.004,0.006,0.006,0.004,2900000,"60",203.17081752289,1,50000,0.000465842377578656,2871144.51292234,11600,"29000","0.4",0.999999999999999
"18","susceptible",0,0.006,0.004,0.006,0.006,0.004,2900000,"60",203.17081752289,1,50000,0.000465842377578656,2871144.51292234,17400,"29000","0.6",0.999999999999999
"19","resistant",1,0.806775503279623,0.806775503279623,0.00116241085779341,0.006,0.004,2900000,"60",203.17081752289,1,50000,0.000465842377578656,2871144.51292234,2339648.95951091,"2343019.95099851","0.998561262149661",0.999999999999999
"20","susceptible",1,0.00116241085779341,0.806775503279623,0.00116241085779341,0.006,0.004,2900000,"60",203.17081752289,1,50000,0.000465842377578656,2871144.51292234,3370.99148760088,"2343019.95099851","0.00143873785033896",0.999999999999999
"21","resistant",0,0.005,0.005,0.005,0.005,0.005,2900000,"60",203.17081752289,1,50000,0.000465842377578656,2871144.51292234,14500,"29000","0.5",0.999999999999999
"22","susceptible",0,0.005,0.005,0.005,0.005,0.005,2900000,"60",203.17081752289,1,50000,0.000465842377578656,2871144.51292234,14500,"29000","0.5",0.999999999999999
"23","resistant",1,1.00885287194751,1.00885287194751,0.00109666250815123,0.005,0.005,2900000,"60",203.17081752289,1,50000,0.000465842377578656,2871144.51292234,2925673.32864779,"2928853.64992143","0.998914141280592",0.999999999999999
"24","susceptible",1,0.00109666250815123,1.00885287194751,0.00109666250815123,0.005,0.005,2900000,"60",203.17081752289,1,50000,0.000465842377578656,2871144.51292234,3180.32127363856,"2928853.64992143","0.00108585871940849",0.999999999999999
"25","resistant",0,0.006,0.006,0.004,0.004,0.006,2900000,"60",203.17081752289,1,50000,0.000465842377578656,2871144.51292234,17400,"29000","0.6",0.999999999999999
"26","susceptible",0,0.004,0.006,0.004,0.004,0.006,2900000,"60",203.17081752289,1,50000,0.000465842377578656,2871144.51292234,11600,"29000","0.4",0.999999999999999
"27","resistant",1,1.21108374468707,1.21108374468707,0.000982467268932344,0.004,0.006,2900000,"60",203.17081752289,1,50000,0.000465842377578656,2871144.51292234,3512142.85959249,"3514992.01467239","0.999189427723303",0.999999999999999
"28","susceptible",1,0.000982467268932344,1.21108374468707,0.000982467268932344,0.004,0.006,2900000,"60",203.17081752289,1,50000,0.000465842377578656,2871144.51292234,2849.1550799038,"3514992.01467239","0.000810572276696721",0.999999999999999
"29","resistant",0,0.007,0.007,0.003,0.003,0.007,2900000,"60",203.17081752289,1,50000,0.000465842377578656,2871144.51292234,20300,"29000","0.7",0.999999999999999
"30","susceptible",0,0.003,0.007,0.003,0.003,0.007,2900000,"60",203.17081752289,1,50000,0.000465842377578656,2871144.51292234,8700,"29000","0.3",0.999999999999999
"31","resistant",1,1.4134681740211,1.4134681740211,0.000819785861358587,0.003,0.007,2900000,"60",203.17081752289,1,50000,0.000465842377578656,2871144.51292234,4099057.70466119,"4101435.08365913","0.999420354351721",0.999999999999999
"32","susceptible",1,0.000819785861358587,1.4134681740211,0.000819785861358587,0.003,0.007,2900000,"60",203.17081752289,1,50000,0.000465842377578656,2871144.51292234,2377.3789979399,"4101435.08365913","0.000579645648278529",0.999999999999999
"33","resistant",0,0.008,0.008,0.002,0.002,0.008,2900000,"60",203.17081752289,1,50000,0.000465842377578656,2871144.51292234,23200,"29000","0.8",0.999999999999999
"34","susceptible",0,0.002,0.008,0.002,0.002,0.008,2900000,"60",203.17081752289,1,50000,0.000465842377578656,2871144.51292234,5800,"29000","0.2",0.999999999999999
"35","resistant",1,1.61600621247148,1.61600621247148,0.000608578995613972,0.002,0.008,2900000,"60",203.17081752289,1,50000,0.000465842377578656,2871144.51292234,4686418.01616729,"4688182.89525457","0.999623547304635",0.999999999999999
"36","susceptible",1,0.000608578995613972,1.61600621247148,0.000608578995613972,0.002,0.008,2900000,"60",203.17081752289,1,50000,0.000465842377578656,2871144.51292234,1764.87908728052,"4688182.89525457","0.00037645269536454",0.999999999999999
"37","resistant",0,0.009,0.009,0.001,0.001,0.009,2900000,"60",203.17081752289,1,50000,0.000465842377578656,2871144.51292234,26100,"29000","0.9",0.999999999999999
"38","susceptible",0,0.001,0.009,0.001,0.001,0.009,2900000,"60",203.17081752289,1,50000,0.000465842377578656,2871144.51292234,2900,"29000","0.1",0.999999999999999
"39","resistant",1,1.81869791255909,1.81869791255909,0.000348807370846431,0.001,0.009,2900000,"60",203.17081752289,1,50000,0.000465842377578656,2871144.51292234,5274223.94642138,"5275235.48779683","0.999808247162085",0.999999999999999
"40","susceptible",1,0.000348807370846431,1.81869791255909,0.000348807370846431,0.001,0.009,2900000,"60",203.17081752289,1,50000,0.000465842377578656,2871144.51292234,1011.54137545465,"5275235.48779683","0.000191752837914941",0.999999999999999
"41","resistant",0,0.01,0.01,0,0,0.01,2900000,"60",203.17081752289,1,50000,0.000465842377578656,2871144.51292234,29000,"29000","1",0.999999999999999
"42","susceptible",0,0,0.01,0,0,0.01,2900000,"60",203.17081752289,1,50000,0.000465842377578656,2871144.51292234,0,"29000","0",0.999999999999999
"43","resistant",1,2.02154332680385,2.02154332680385,4.04316751695804e-05,0,0.01,2900000,"60",203.17081752289,1,50000,0.000465842377578656,2871144.51292234,5862475.64773117,"5862592.89958916","0.99998",0.999999999999999
"44","susceptible",1,4.04316751695804e-05,2.02154332680385,4.04316751695804e-05,0,0.01,2900000,"60",203.17081752289,1,50000,0.000465842377578656,2871144.51292234,117.251857991783,"5862592.89958916","2e-05",0.999999999999999
"45","resistant",0,0,0,0.0272270130807791,0.0272270130807791,0,2900000,"60",203.17081752289,1,50000,0.000465842377578656,2822106.85927329,0,"78958.3379342595","0",0.999999999999998
"46","susceptible",0,0.0272270130807791,0,0.0272270130807791,0.0272270130807791,0,2900000,"60",203.17081752289,1,50000,0.000465842377578656,2822106.85927329,78958.3379342595,"78958.3379342595","1",0.999999999999998
"47","resistant",1,5.08430429257435e-08,5.08430429257435e-08,0.00254210130324425,0.0272270130807791,0,2900000,"60",203.17081752289,1,50000,0.000465842377578656,2822106.85927329,0.147444824484656,"7372.24122423281","2e-05",0.999999999999998
"48","susceptible",1,0.00254210130324425,5.08430429257435e-08,0.00254210130324425,0.0272270130807791,0,2900000,"60",203.17081752289,1,50000,0.000465842377578656,2822106.85927329,7372.09377940832,"7372.24122423281","0.99998",0.999999999999998
"49","resistant",0,0.00272270130807791,0.00272270130807791,0.0245043117727012,0.0245043117727012,0.00272270130807791,2900000,"60",203.17081752289,1,50000,0.000465842377578656,2822106.85927331,7895.83379342595,"78958.3379342595","0.1",0.999999999999998
"50","susceptible",0,0.0245043117727012,0.00272270130807791,0.0245043117727012,0.0245043117727012,0.00272270130807791,2900000,"60",203.17081752289,1,50000,0.000465842377578656,2822106.85927331,71062.5041408335,"78958.3379342595","0.9",0.999999999999998
"51","resistant",1,0.540634189786001,0.540634189786001,0.00389530188298076,0.0245043117727012,0.00272270130807791,2900000,"60",203.17081752289,1,50000,0.000465842377578656,2822106.85927331,1567839.1503794,"1579135.52584005","0.992846481333744",0.999999999999998
"52","susceptible",1,0.00389530188298076,0.540634189786001,0.00389530188298076,0.0245043117727012,0.00272270130807791,2900000,"60",203.17081752289,1,50000,0.000465842377578656,2822106.85927331,11296.3754606442,"1579135.52584005","0.00715351866625565",0.999999999999998
"53","resistant",0,0.00544540261615583,0.00544540261615583,0.0217816104646233,0.0217816104646233,0.00544540261615583,2900000,"60",203.17081752289,1,50000,0.000465842377578656,2822106.85927332,15791.6675868519,"78958.3379342595","0.2",0.999999999999998
"54","susceptible",0,0.0217816104646233,0.00544540261615583,0.0217816104646233,0.0217816104646233,0.00544540261615583,2900000,"60",203.17081752289,1,50000,0.000465842377578656,2822106.85927332,63166.6703474076,"78958.3379342595","0.8",0.999999999999998
"55","resistant",1,1.08239124961756,1.08239124961756,0.00489581541327204,0.0217816104646233,0.00544540261615583,2900000,"60",203.17081752289,1,50000,0.000465842377578656,2822106.85927332,3138934.62389092,"3153132.48858941","0.995497219114684",0.999999999999998
"56","susceptible",1,0.00489581541327204,1.08239124961756,0.00489581541327204,0.0217816104646233,0.00544540261615583,2900000,"60",203.17081752289,1,50000,0.000465842377578656,2822106.85927332,14197.8646984889,"3153132.48858941","0.00450278088531589",0.999999999999998
"57","resistant",0,0.00816810392423374,0.00816810392423374,0.0190589091565454,0.0190589091565454,0.00816810392423374,2900000,"60",203.17081752289,1,50000,0.000465842377578656,2822106.85927331,23687.5013802778,"78958.3379342595","0.3",0.999999999999998
"58","susceptible",0,0.0190589091565454,0.00816810392423374,0.0190589091565454,0.0190589091565454,0.00816810392423374,2900000,"60",203.17081752289,1,50000,0.000465842377578656,2822106.85927331,55270.8365539816,"78958.3379342595","0.7",0.999999999999998
"59","resistant",1,1.62527227989639,1.62527227989639,0.00554285921457545,0.0190589091565454,0.00816810392423374,2900000,"60",203.17081752289,1,50000,0.000465842377578656,2822106.85927331,4713289.61169953,"4729363.9034218","0.996601172578275",0.999999999999998
"60","susceptible",1,0.00554285921457545,1.62527227989639,0.00554285921457545,0.0190589091565454,0.00816810392423374,2900000,"60",203.17081752289,1,50000,0.000465842377578656,2822106.85927331,16074.2917222688,"4729363.9034218","0.0033988274217255",0.999999999999998
"61","resistant",0,0.0108908052323117,0.0108908052323117,0.0163362078484675,0.0163362078484675,0.0108908052323117,2900000,"60",203.17081752289,1,50000,0.000465842377578656,2822106.85927329,31583.3351737038,"78958.3379342595","0.4",0.999999999999998
"62","susceptible",0,0.0163362078484675,0.0108908052323117,0.0163362078484675,0.0163362078484675,0.0108908052323117,2900000,"60",203.17081752289,1,50000,0.000465842377578656,2822106.85927329,47375.0027605557,"78958.3379342595","0.6",0.999999999999998
"63","resistant",1,2.16927833013251,2.16927833013251,0.00583565000622228,0.0163362078484675,0.0108908052323117,2900000,"60",203.17081752289,1,50000,0.000465842377578656,2822106.85927329,6290907.15738427,"6307830.54240231","0.997317083123226",0.999999999999998
"64","susceptible",1,0.00583565000622228,2.16927833013251,0.00583565000622228,0.0163362078484675,0.0108908052323117,2900000,"60",203.17081752289,1,50000,0.000465842377578656,2822106.85927329,16923.3850180446,"6307830.54240231","0.00268291687677447",0.999999999999998
"65","resistant",0,0.0136135065403896,0.0136135065403896,0.0136135065403896,0.0136135065403896,0.0136135065403896,2900000,"60",203.17081752289,1,50000,0.000465842377578656,2822106.85927329,39479.1689671297,"78958.3379342595","0.5",0.999999999999998
"66","susceptible",0,0.0136135065403896,0.0136135065403896,0.0136135065403896,0.0136135065403896,0.0136135065403896,2900000,"60",203.17081752289,1,50000,0.000465842377578656,2822106.85927329,39479.1689671297,"78958.3379342595","0.5",0.999999999999998
"67","resistant",1,2.7144104497861,2.7144104497861,0.00577340390666615,0.0136135065403896,0.0136135065403896,2900000,"60",203.17081752289,1,50000,0.000465842377578656,2822106.85927329,7871790.30437969,"7888533.17570902","0.997877568496398",0.999999999999998
"68","susceptible",1,0.00577340390666615,2.7144104497861,0.00577340390666615,0.0136135065403896,0.0136135065403896,2900000,"60",203.17081752289,1,50000,0.000465842377578656,2822106.85927329,16742.8713293318,"7888533.17570902","0.00212243150360168",0.999999999999998
"69","resistant",0,0.0163362078484675,0.0163362078484675,0.0108908052323116,0.0108908052323116,0.0163362078484675,2900000,"60",203.17081752289,1,50000,0.000465842377578656,2822106.85927329,47375.0027605557,"78958.3379342595","0.6",0.999999999999998
"70","susceptible",0,0.0108908052323116,0.0163362078484675,0.0108908052323116,0.0108908052323116,0.0163362078484675,2900000,"60",203.17081752289,1,50000,0.000465842377578656,2822106.85927329,31583.3351737038,"78958.3379342595","0.4",0.999999999999998
"71","resistant",1,3.2606696882662,3.2606696882662,0.00535533643376933,0.0108908052323116,0.0163362078484675,2900000,"60",203.17081752289,1,50000,0.000465842377578656,2822106.85927329,9455942.09597199,"9471472.57162992","0.998360289222137",0.999999999999998
"72","susceptible",1,0.00535533643376933,3.2606696882662,0.00535533643376933,0.0108908052323116,0.0163362078484675,2900000,"60",203.17081752289,1,50000,0.000465842377578656,2822106.85927329,15530.4756579311,"9471472.57162992","0.00163971077786254",0.999999999999998
"73","resistant",0,0.0190589091565454,0.0190589091565454,0.00816810392423374,0.00816810392423374,0.0190589091565454,2900000,"60",203.17081752289,1,50000,0.000465842377578656,2822106.85927331,55270.8365539816,"78958.3379342595","0.7",0.999999999999998
"74","susceptible",0,0.00816810392423374,0.0190589091565454,0.00816810392423374,0.00816810392423374,0.0190589091565454,2900000,"60",203.17081752289,1,50000,0.000465842377578656,2822106.85927331,23687.5013802778,"78958.3379342595","0.3",0.999999999999998
"75","resistant",1,3.80805709492575,3.80805709492575,0.00458066250503576,0.00816810392423374,0.0190589091565454,2900000,"60",203.17081752289,1,50000,0.000465842377578656,2822106.85927331,11043365.5752847,"11056649.4965493","0.998798558164591",0.999999999999998
"76","susceptible",1,0.00458066250503576,3.80805709492575,0.00458066250503576,0.00816810392423374,0.0190589091565454,2900000,"60",203.17081752289,1,50000,0.000465842377578656,2822106.85927331,13283.9212646037,"11056649.4965493","0.0012014418354086",0.999999999999998
"77","resistant",0,0.0217816104646233,0.0217816104646233,0.00544540261615582,0.00544540261615582,0.0217816104646233,2900000,"60",203.17081752289,1,50000,0.000465842377578656,2822106.85927332,63166.6703474076,"78958.3379342595","0.8",0.999999999999998
"78","susceptible",0,0.00544540261615582,0.0217816104646233,0.00544540261615582,0.00544540261615582,0.0217816104646233,2900000,"60",203.17081752289,1,50000,0.000465842377578656,2822106.85927332,15791.6675868519,"78958.3379342595","0.2",0.999999999999998
"79","resistant",1,4.35657371907178,4.35657371907178,0.00344859643789032,0.00544540261615582,0.0217816104646233,2900000,"60",203.17081752289,1,50000,0.000465842377578656,2822106.85927332,12634063.7853082,"12644064.7149781","0.999209041562558",0.999999999999998
"80","susceptible",1,0.00344859643789032,4.35657371907178,0.00344859643789032,0.00544540261615582,0.0217816104646233,2900000,"60",203.17081752289,1,50000,0.000465842377578656,2822106.85927332,10000.9296698819,"12644064.7149781","0.000790958437442581",0.999999999999998
"81","resistant",0,0.0245043117727012,0.0245043117727012,0.00272270130807791,0.00272270130807791,0.0245043117727012,2900000,"60",203.17081752289,1,50000,0.000465842377578656,2822106.85927331,71062.5041408335,"78958.3379342595","0.9",0.999999999999998
"82","susceptible",0,0.00272270130807791,0.0245043117727012,0.00272270130807791,0.00272270130807791,0.0245043117727012,2900000,"60",203.17081752289,1,50000,0.000465842377578656,2822106.85927331,7895.83379342595,"78958.3379342595","0.1",0.999999999999998
"83","resistant",1,4.90622060995294,4.90622060995294,0.00195835194992735,0.00272270130807791,0.0245043117727012,2900000,"60",203.17081752289,1,50000,0.000465842377578656,2822106.85927331,14228039.7688635,"14233718.9895183","0.999601002334037",0.999999999999998
"84","susceptible",1,0.00195835194992735,4.90622060995294,0.00195835194992735,0.00272270130807791,0.0245043117727012,2900000,"60",203.17081752289,1,50000,0.000465842377578656,2822106.85927331,5679.22065478933,"14233718.9895183","0.00039899766596288",0.999999999999998
"85","resistant",0,0.0272270130807791,0.0272270130807791,0,0,0.0272270130807791,2900000,"60",203.17081752289,1,50000,0.000465842377578656,2822106.85927329,78958.3379342595,"78958.3379342595","1",0.999999999999998
"86","susceptible",0,0,0.0272270130807791,0,0,0.0272270130807791,2900000,"60",203.17081752289,1,50000,0.000465842377578656,2822106.85927329,0,"78958.3379342595","0",0.999999999999998
"87","resistant",1,5.45699881676184,5.45699881676184,0.00010914215917842,0,0.0272270130807791,2900000,"60",203.17081752289,1,50000,0.000465842377578656,2822106.85927329,15825296.5686093,"15825613.080871","0.99998",0.999999999999998
"88","susceptible",1,0.00010914215917842,5.45699881676184,0.00010914215917842,0,0.0272270130807791,2900000,"60",203.17081752289,1,50000,0.000465842377578656,2822106.85927329,316.512261617419,"15825613.080871","2e-05",0.999999999999998
"89","resistant",0,0,0,0.0741310241300917,0.0741310241300917,0,2900000,"60",203.17081752289,1,50000,0.000465842377578656,2692795.03347621,0,"214979.969977266","0",0.999999999999979
"90","susceptible",0,0.0741310241300917,0,0.0741310241300917,0.0741310241300917,0,2900000,"60",203.17081752289,1,50000,0.000465842377578656,2692795.03347621,214979.969977266,"214979.969977266","1",0.999999999999979
"91","resistant",1,1.35248507238337e-07,1.35248507238337e-07,0.00676229011340962,0.0741310241300917,0,2900000,"60",203.17081752289,1,50000,0.000465842377578656,2692795.03347621,0.392220670991178,"19611.0335495589","2e-05",0.999999999999979
"92","susceptible",1,0.00676229011340962,1.35248507238337e-07,0.00676229011340962,0.0741310241300917,0,2900000,"60",203.17081752289,1,50000,0.000465842377578656,2692795.03347621,19610.6413288879,"19611.0335495589","0.99998",0.999999999999979
"93","resistant",0,0.00741310241300917,0.00741310241300917,0.0667179217170826,0.0667179217170826,0.00741310241300917,2900000,"60",203.17081752289,1,50000,0.000465842377578656,2692795.03347621,21497.9969977266,"214979.969977266","0.1",0.999999999999979
"94","susceptible",0,0.0667179217170826,0.00741310241300917,0.0667179217170826,0.0667179217170826,0.00741310241300917,2900000,"60",203.17081752289,1,50000,0.000465842377578656,2692795.03347621,193481.972979539,"214979.969977266","0.9",0.999999999999979
"95","resistant",1,1.41511325967078,1.41511325967078,0.0175971779897119,0.0667179217170826,0.00741310241300917,2900000,"60",203.17081752289,1,50000,0.000465842377578656,2692795.03347621,4103828.45304525,"4154860.26921542","0.987717561394718",0.999999999999979
"96","susceptible",1,0.0175971779897119,1.41511325967078,0.0175971779897119,0.0667179217170826,0.00741310241300917,2900000,"60",203.17081752289,1,50000,0.000465842377578656,2692795.03347621,51031.8161701646,"4154860.26921542","0.0122824386052822",0.999999999999979
"97","resistant",0,0.0148262048260183,0.0148262048260183,0.0593048193040734,0.0593048193040734,0.0148262048260183,2900000,"60",203.17081752289,1,50000,0.000465842377578656,2692795.03347621,42995.9939954532,"214979.969977266","0.2",0.999999999999979
"98","susceptible",0,0.0593048193040734,0.0148262048260183,0.0593048193040734,0.0593048193040734,0.0148262048260183,2900000,"60",203.17081752289,1,50000,0.000465842377578656,2692795.03347621,171983.975981813,"214979.969977266","0.8",0.999999999999979
"99","resistant",1,2.8382854495081,2.8382854495081,0.0259214478680778,0.0593048193040734,0.0148262048260183,2900000,"60",203.17081752289,1,50000,0.000465842377578656,2692795.03347621,8231027.8035735,"8306200.00239093","0.990949868917702",0.999999999999979
"100","susceptible",1,0.0259214478680778,2.8382854495081,0.0259214478680778,0.0593048193040734,0.0148262048260183,2900000,"60",203.17081752289,1,50000,0.000465842377578656,2692795.03347621,75172.1988174257,"8306200.00239093","0.00905013108229847",0.999999999999979
"101","resistant",0,0.0222393072390275,0.0222393072390275,0.0518917168910642,0.0518917168910642,0.0222393072390275,2900000,"60",203.17081752289,1,50000,0.000465842377578656,2692795.03347621,64493.9909931798,"214979.969977266","0.3",0.999999999999979
"102","susceptible",0,0.0518917168910642,0.0222393072390275,0.0518917168910642,0.0518917168910642,0.0222393072390275,2900000,"60",203.17081752289,1,50000,0.000465842377578656,2692795.03347621,150485.978984086,"214979.969977266","0.7",0.999999999999979
"103","resistant",1,4.26953731676483,4.26953731676483,0.0317197974142038,0.0518917168910642,0.0222393072390275,2900000,"60",203.17081752289,1,50000,0.000465842377578656,2692795.03347621,12381658.218618,"12473645.6311192","0.992625458889765",0.999999999999979
"104","susceptible",1,0.0317197974142038,4.26953731676483,0.0317197974142038,0.0518917168910642,0.0222393072390275,2900000,"60",203.17081752289,1,50000,0.000465842377578656,2692795.03347621,91987.412501191,"12473645.6311192","0.00737454111023494",0.999999999999979
"105","resistant",0,0.0296524096520367,0.0296524096520367,0.044478614478055,0.044478614478055,0.0296524096520367,2900000,"60",203.17081752289,1,50000,0.000465842377578656,2692795.03347621,85991.9879909064,"214979.969977266","0.4",0.999999999999979
"106","susceptible",0,0.044478614478055,0.0296524096520367,0.044478614478055,0.044478614478055,0.0296524096520367,2900000,"60",203.17081752289,1,50000,0.000465842377578656,2692795.03347621,128987.98198636,"214979.969977266","0.6",0.999999999999979
"107","resistant",1,5.70888947114138,5.70888947114138,0.0349768921165557,0.044478614478055,0.0296524096520367,2900000,"60",203.17081752289,1,50000,0.000465842377578656,2692795.03347621,16555779.46631,"16657212.453448","0.993910566523571",0.999999999999979
"108","susceptible",1,0.0349768921165557,5.70888947114138,0.0349768921165557,0.044478614478055,0.0296524096520367,2900000,"60",203.17081752289,1,50000,0.000465842377578656,2692795.03347621,101432.987138012,"16657212.453448","0.00608943347642871",0.999999999999979
"109","resistant",0,0.0370655120650459,0.0370655120650459,0.0370655120650459,0.0370655120650459,0.0370655120650459,2900000,"60",203.17081752289,1,50000,0.000465842377578656,2692795.03347621,107489.984988633,"214979.969977266","0.5",0.999999999999979
"110","susceptible",0,0.0370655120650459,0.0370655120650459,0.0370655120650459,0.0370655120650459,0.0370655120650459,2900000,"60",203.17081752289,1,50000,0.000465842377578656,2692795.03347621,107489.984988633,"214979.969977266","0.5",0.999999999999979
"111","resistant",1,7.15636251985927,7.15636251985927,0.0356773653234425,0.0370655120650459,0.0370655120650459,2900000,"60",203.17081752289,1,50000,0.000465842377578656,2692795.03347621,20753451.3075919,"20856915.6670299","0.995039325991928",0.999999999999979
"112","susceptible",1,0.0356773653234425,7.15636251985927,0.0356773653234425,0.0370655120650459,0.0370655120650459,2900000,"60",203.17081752289,1,50000,0.000465842377578656,2692795.03347621,103464.359437983,"20856915.6670299","0.00496067400807194",0.999999999999979
"113","resistant",0,0.044478614478055,0.044478614478055,0.0296524096520367,0.0296524096520367,0.044478614478055,2900000,"60",203.17081752289,1,50000,0.000465842377578656,2692795.03347621,128987.98198636,"214979.969977266","0.6",0.999999999999979
"114","susceptible",0,0.0296524096520367,0.044478614478055,0.0296524096520367,0.0296524096520367,0.044478614478055,2900000,"60",203.17081752289,1,50000,0.000465842377578656,2692795.03347621,85991.9879909064,"214979.969977266","0.4",0.999999999999979
"115","resistant",1,8.61197706748558,8.61197706748558,0.033805818280443,0.0296524096520367,0.044478614478055,2900000,"60",203.17081752289,1,50000,0.000465842377578656,2692795.03347621,24974733.4957082,"25072770.3687215","0.996089906636899",0.999999999999979
"116","susceptible",1,0.033805818280443,8.61197706748558,0.033805818280443,0.0296524096520367,0.044478614478055,2900000,"60",203.17081752289,1,50000,0.000465842377578656,2692795.03347621,98036.8730132846,"25072770.3687215","0.00391009336310066",0.999999999999979
"117","resistant",0,0.0518917168910642,0.0518917168910642,0.0222393072390275,0.0222393072390275,0.0518917168910642,2900000,"60",203.17081752289,1,50000,0.000465842377578656,2692795.03347621,150485.978984086,"214979.969977266","0.7",0.999999999999979
"118","susceptible",0,0.0222393072390275,0.0518917168910642,0.0222393072390275,0.0222393072390275,0.0518917168910642,2900000,"60",203.17081752289,1,50000,0.000465842377578656,2692795.03347621,64493.9909931798,"214979.969977266","0.3",0.999999999999979
"119","resistant",1,10.0757537157571,10.0757537157571,0.0293468201681876,0.0222393072390275,0.0518917168910642,2900000,"60",203.17081752289,1,50000,0.000465842377578656,2692795.03347621,29219685.7756955,"29304791.5541833","0.997095840851473",0.999999999999979
"120","susceptible",1,0.0293468201681876,10.0757537157571,0.0293468201681876,0.0222393072390275,0.0518917168910642,2900000,"60",203.17081752289,1,50000,0.000465842377578656,2692795.03347621,85105.778487744,"29304791.5541833","0.00290415914852652",0.999999999999979
"121","resistant",0,0.0593048193040734,0.0593048193040734,0.0148262048260183,0.0148262048260183,0.0593048193040734,2900000,"60",203.17081752289,1,50000,0.000465842377578656,2692795.03347621,171983.975981813,"214979.969977266","0.8",0.999999999999979
"122","susceptible",0,0.0148262048260183,0.0593048193040734,0.0148262048260183,0.0148262048260183,0.0593048193040734,2900000,"60",203.17081752289,1,50000,0.000465842377578656,2692795.03347621,42995.9939954532,"214979.969977266","0.2",0.999999999999979
"123","resistant",1,11.5477130634038,11.5477130634038,0.0222849081404956,0.0148262048260183,0.0593048193040734,2900000,"60",203.17081752289,1,50000,0.000465842377578656,2692795.03347621,33488367.883871,"33552994.1174784","0.998073905613873",0.999999999999979
"124","susceptible",1,0.0222849081404956,11.5477130634038,0.0222849081404956,0.0148262048260183,0.0593048193040734,2900000,"60",203.17081752289,1,50000,0.000465842377578656,2692795.03347621,64626.2336074373,"33552994.1174784","0.00192609438612729",0.999999999999979
"125","resistant",0,0.0667179217170826,0.0667179217170826,0.00741310241300917,0.00741310241300917,0.0667179217170826,2900000,"60",203.17081752289,1,50000,0.000465842377578656,2692795.03347621,193481.972979539,"214979.969977266","0.9",0.999999999999979
"126","susceptible",0,0.00741310241300917,0.0667179217170826,0.00741310241300917,0.00741310241300917,0.0667179217170826,2900000,"60",203.17081752289,1,50000,0.000465842377578656,2692795.03347621,21497.9969977266,"214979.969977266","0.1",0.999999999999979
"127","resistant",1,13.0278757059723,13.0278757059723,0.0126045873628675,0.00741310241300917,0.0667179217170826,2900000,"60",203.17081752289,1,50000,0.000465842377578656,2692795.03347621,37780839.5473196,"37817392.8506719","0.999033426140806",0.999999999999979
"128","susceptible",1,0.0126045873628675,13.0278757059723,0.0126045873628675,0.00741310241300917,0.0667179217170826,2900000,"60",203.17081752289,1,50000,0.000465842377578656,2692795.03347621,36553.3033523157,"37817392.8506719","0.000966573859193635",0.999999999999979
"129","resistant",0,0.0741310241300917,0.0741310241300917,0,0,0.0741310241300917,2900000,"60",203.17081752289,1,50000,0.000465842377578656,2692795.03347621,214979.969977266,"214979.969977266","1",0.999999999999979
"130","susceptible",0,0,0.0741310241300917,0,0,0.0741310241300917,2900000,"60",203.17081752289,1,50000,0.000465842377578656,2692795.03347621,0,"214979.969977266","0",0.999999999999979
"131","resistant",1,14.5162622356482,14.5162622356482,0.000290331051333991,0,0.0741310241300917,2900000,"60",203.17081752289,1,50000,0.000465842377578656,2692795.03347621,42097160.4833798,"42098002.4434287","0.99998",0.999999999999979
"132","susceptible",1,0.000290331051333991,14.5162622356482,0.000290331051333991,0,0.0741310241300917,2900000,"60",203.17081752289,1,50000,0.000465842377578656,2692795.03347621,841.960048868574,"42098002.4434287","2e-05",0.999999999999979
"133","resistant",0,0,0,0.201836636368156,0.201836636368156,0,2900000,"60",203.17081752289,1,50000,0.000465842377578656,2369962.3426056,0,"585326.245467652","0",0.999999999999974
"134","susceptible",0,0.201836636368156,0,0.201836636368156,0.201836636368156,0,2900000,"60",203.17081752289,1,50000,0.000465842377578656,2369962.3426056,585326.245467652,"585326.245467652","1",0.999999999999974
"135","resistant",1,3.45970481042881e-07,3.45970481042881e-07,0.017298178081663,0.201836636368156,0,2900000,"60",203.17081752289,1,50000,0.000465842377578656,2369962.3426056,1.00331439502435,"50165.7197512177","2e-05",0.999999999999974
"136","susceptible",1,0.017298178081663,3.45970481042881e-07,0.017298178081663,0.201836636368156,0,2900000,"60",203.17081752289,1,50000,0.000465842377578656,2369962.3426056,50164.7164368227,"50165.7197512177","0.99998",0.999999999999974
"137","resistant",0,0.0201836636368156,0.0201836636368156,0.18165297273134,0.18165297273134,0.0201836636368156,2900000,"60",203.17081752289,1,50000,0.000465842377578656,2369962.34260564,58532.6245467652,"585326.245467652","0.1",0.999999999999974
"138","susceptible",0,0.18165297273134,0.0201836636368156,0.18165297273134,0.18165297273134,0.0201836636368156,2900000,"60",203.17081752289,1,50000,0.000465842377578656,2369962.34260564,526793.620920887,"585326.245467652","0.9",0.999999999999974
"139","resistant",1,3.46240759516479,3.46240759516479,0.0940714801374012,0.18165297273134,0.0201836636368156,2900000,"60",203.17081752289,1,50000,0.000465842377578656,2369962.34260564,10040982.0259779,"10313789.3183764","0.973549266522984",0.999999999999974
"140","susceptible",1,0.0940714801374012,3.46240759516479,0.0940714801374012,0.18165297273134,0.0201836636368156,2900000,"60",203.17081752289,1,50000,0.000465842377578656,2369962.34260564,272807.292398463,"10313789.3183764","0.0264507334770156",0.999999999999974
"141","resistant",0,0.0403673272736312,0.0403673272736312,0.161469309094525,0.161469309094525,0.0403673272736312,2900000,"60",203.17081752289,1,50000,0.000465842377578656,2369962.3426056,117065.24909353,"585326.245467652","0.2",0.999999999999974
"142","susceptible",0,0.161469309094525,0.0403673272736312,0.161469309094525,0.161469309094525,0.0403673272736312,2900000,"60",203.17081752289,1,50000,0.000465842377578656,2369962.3426056,468260.996374122,"585326.245467652","0.8",0.999999999999974
"143","resistant",1,6.97954173751545,6.97954173751545,0.154179292093044,0.161469309094525,0.0403673272736312,2900000,"60",203.17081752289,1,50000,0.000465842377578656,2369962.3426056,20240671.0387948,"20687790.9858646","0.978387255199198",0.999999999999974
"144","susceptible",1,0.154179292093044,6.97954173751545,0.154179292093044,0.161469309094525,0.0403673272736312,2900000,"60",203.17081752289,1,50000,0.000465842377578656,2369962.3426056,447119.947069829,"20687790.9858646","0.0216127448008022",0.999999999999974
"145","resistant",0,0.0605509909104468,0.0605509909104468,0.141285645457709,0.141285645457709,0.0605509909104468,2900000,"60",203.17081752289,1,50000,0.000465842377578656,2369962.34260562,175597.873640296,"585326.245467652","0.3",0.999999999999974
"146","susceptible",0,0.141285645457709,0.0605509909104468,0.141285645457709,0.141285645457709,0.0605509909104468,2900000,"60",203.17081752289,1,50000,0.000465842377578656,2369962.34260562,409728.371827357,"585326.245467652","0.7",0.999999999999974
"147","resistant",1,10.5517890485023,10.5517890485023,0.197338305781126,0.141285645457709,0.0605509909104468,2900000,"60",203.17081752289,1,50000,0.000465842377578656,2369962.34260562,30600188.2406566,"31172469.3274219","0.981641458020079",0.999999999999974
"148","susceptible",1,0.197338305781126,10.5517890485023,0.197338305781126,0.141285645457709,0.0605509909104468,2900000,"60",203.17081752289,1,50000,0.000465842377578656,2369962.34260562,572281.086765266,"31172469.3274219","0.0183585419799207",0.999999999999974
"149","resistant",0,0.0807346545472624,0.0807346545472624,0.121101981820894,0.121101981820894,0.0807346545472624,2900000,"60",203.17081752289,1,50000,0.000465842377578656,2369962.34260563,234130.498187061,"585326.245467652","0.4",0.999999999999974
"150","susceptible",0,0.121101981820894,0.0807346545472624,0.121101981820894,0.121101981820894,0.0807346545472624,2900000,"60",203.17081752289,1,50000,0.000465842377578656,2369962.34260563,351195.747280591,"585326.245467652","0.6",0.999999999999974
"151","resistant",1,14.1795357270798,14.1795357270798,0.223263566547519,0.121101981820894,0.0807346545472624,2900000,"60",203.17081752289,1,50000,0.000465842377578656,2369962.34260563,41120653.6085314,"41768117.9515192","0.984498599057316",0.999999999999974
"152","susceptible",1,0.223263566547519,14.1795357270798,0.223263566547519,0.121101981820894,0.0807346545472624,2900000,"60",203.17081752289,1,50000,0.000465842377578656,2369962.34260563,647464.342987805,"41768117.9515192","0.0155014009426837",0.999999999999974
"153","resistant",0,0.100918318184078,0.100918318184078,0.100918318184078,0.100918318184078,0.100918318184078,2900000,"60",203.17081752289,1,50000,0.000465842377578656,2369962.3426056,292663.122733826,"585326.245467652","0.5",0.999999999999974
"154","susceptible",0,0.100918318184078,0.100918318184078,0.100918318184078,0.100918318184078,0.100918318184078,2900000,"60",203.17081752289,1,50000,0.000465842377578656,2369962.3426056,292663.122733826,"585326.245467652","0.5",0.999999999999974
"155","resistant",1,17.863167871683,17.863167871683,0.231668478201194,0.100918318184078,0.100918318184078,2900000,"60",203.17081752289,1,50000,0.000465842377578656,2369962.3426056,51803186.8278808,"52475025.4146642","0.987196984060998",0.999999999999974
"156","susceptible",1,0.231668478201194,17.863167871683,0.231668478201194,0.100918318184078,0.100918318184078,2900000,"60",203.17081752289,1,50000,0.000465842377578656,2369962.3426056,671838.586783463,"52475025.4146642","0.0128030159390017",0.999999999999974
"157","resistant",0,0.121101981820894,0.121101981820894,0.0807346545472624,0.0807346545472624,0.121101981820894,2900000,"60",203.17081752289,1,50000,0.000465842377578656,2369962.34260563,351195.747280591,"585326.245467652","0.6",0.999999999999974
"158","susceptible",0,0.0807346545472624,0.121101981820894,0.0807346545472624,0.0807346545472624,0.121101981820894,2900000,"60",203.17081752289,1,50000,0.000465842377578656,2369962.34260563,234130.498187061,"585326.245467652","0.4",0.999999999999974
"159","resistant",1,21.6030714560392,21.6030714560392,0.222264808096596,0.0807346545472624,0.121101981820894,2900000,"60",203.17081752289,1,50000,0.000465842377578656,2369962.34260563,62648907.2225136,"63293475.1659937","0.989816202352775",0.999999999999974
"160","susceptible",1,0.222264808096596,21.6030714560392,0.222264808096596,0.0807346545472624,0.121101981820894,2900000,"60",203.17081752289,1,50000,0.000465842377578656,2369962.34260563,644567.943480129,"63293475.1659937","0.0101837976472248",0.999999999999974
"161","resistant",0,0.141285645457709,0.141285645457709,0.0605509909104468,0.0605509909104468,0.141285645457709,2900000,"60",203.17081752289,1,50000,0.000465842377578656,2369962.34260562,409728.371827357,"585326.245467652","0.7",0.999999999999974
"162","susceptible",0,0.0605509909104468,0.141285645457709,0.0605509909104468,0.0605509909104468,0.141285645457709,2900000,"60",203.17081752289,1,50000,0.000465842377578656,2369962.34260562,175597.873640296,"585326.245467652","0.3",0.999999999999974
"163","resistant",1,25.3996323048442,25.3996323048442,0.194762692349958,0.0605509909104468,0.141285645457709,2900000,"60",203.17081752289,1,50000,0.000465842377578656,2369962.34260562,73658933.6840482,"74223745.4918631","0.992390416246553",0.999999999999974
"164","susceptible",1,0.194762692349958,25.3996323048442,0.194762692349958,0.0605509909104468,0.141285645457709,2900000,"60",203.17081752289,1,50000,0.000465842377578656,2369962.34260562,564811.807814877,"74223745.4918631","0.00760958375344715",0.999999999999974
"165","resistant",0,0.161469309094525,0.161469309094525,0.0403673272736312,0.0403673272736312,0.161469309094525,2900000,"60",203.17081752289,1,50000,0.000465842377578656,2369962.3426056,468260.996374122,"585326.245467652","0.8",0.999999999999974
"166","susceptible",0,0.0403673272736312,0.161469309094525,0.0403673272736312,0.0403673272736312,0.161469309094525,2900000,"60",203.17081752289,1,50000,0.000465842377578656,2369962.3426056,117065.24909353,"585326.245467652","0.2",0.999999999999974
"167","resistant",1,29.2532360692482,29.2532360692482,0.148870641188719,0.0403673272736312,0.161469309094525,2900000,"60",203.17081752289,1,50000,0.000465842377578656,2369962.3426056,84834384.6008198,"85266109.4602671","0.994936735566099",0.999999999999974
"168","susceptible",1,0.148870641188719,29.2532360692482,0.148870641188719,0.0403673272736312,0.161469309094525,2900000,"60",203.17081752289,1,50000,0.000465842377578656,2369962.3426056,431724.859447286,"85266109.4602671","0.00506326443390108",0.999999999999974
"169","resistant",0,0.18165297273134,0.18165297273134,0.0201836636368156,0.0201836636368156,0.18165297273134,2900000,"60",203.17081752289,1,50000,0.000465842377578656,2369962.34260564,526793.620920887,"585326.245467652","0.9",0.999999999999974
"170","susceptible",0,0.0201836636368156,0.18165297273134,0.0201836636368156,0.0201836636368156,0.18165297273134,2900000,"60",203.17081752289,1,50000,0.000465842377578656,2369962.34260564,58532.6245467652,"585326.245467652","0.1",0.999999999999974
"171","resistant",1,33.1642682021671,33.1642682021671,0.0842955444363832,0.0201836636368156,0.18165297273134,2900000,"60",203.17081752289,1,50000,0.000465842377578656,2369962.34260564,96176377.7862846,"96420834.8651501","0.997464686141668",0.999999999999974
"172","susceptible",1,0.0842955444363832,33.1642682021671,0.0842955444363832,0.0201836636368156,0.18165297273134,2900000,"60",203.17081752289,1,50000,0.000465842377578656,2369962.34260564,244457.078865511,"96420834.8651501","0.00253531385833153",0.999999999999974
"173","resistant",0,0.201836636368156,0.201836636368156,0,0,0.201836636368156,2900000,"60",203.17081752289,1,50000,0.000465842377578656,2369962.3426056,585326.245467652,"585326.245467652","1",0.999999999999974
"174","susceptible",0,0,0.201836636368156,0,0,0.201836636368156,2900000,"60",203.17081752289,1,50000,0.000465842377578656,2369962.3426056,0,"585326.245467652","0",0.999999999999974
"175","resistant",1,37.1331139334619,37.1331139334619,0.000742677132211881,0,0.201836636368156,2900000,"60",203.17081752289,1,50000,0.000465842377578656,2369962.3426056,107686030.407039,"107688184.170723","0.99998",0.999999999999974
"176","susceptible",1,0.000742677132211881,37.1331139334619,0.000742677132211881,0,0.201836636368156,2900000,"60",203.17081752289,1,50000,0.000465842377578656,2369962.3426056,2153.76368341446,"107688184.170723","2e-05",0.999999999999974
"177","resistant",0,0,0,0.549540873857624,0.549540873857624,0,2900000,"60",203.17081752289,1,50000,0.000465842377578656,1673922.65682493,0,"1593668.53418711","0",0.99999999999996
"178","susceptible",0,0.549540873857624,0,0.549540873857624,0.549540873857624,0,2900000,"60",203.17081752289,1,50000,0.000465842377578656,1673922.65682493,1593668.53418711,"1593668.53418711","1",0.99999999999996
"179","resistant",1,8.00295153177082e-07,8.00295153177082e-07,0.0400139573637009,0.549540873857624,0,2900000,"60",203.17081752289,1,50000,0.000465842377578656,1673922.65682493,2.32085594421354,"116042.797210677","2e-05",0.99999999999996
"180","susceptible",1,0.0400139573637009,8.00295153177082e-07,0.0400139573637009,0.549540873857624,0,2900000,"60",203.17081752289,1,50000,0.000465842377578656,1673922.65682493,116040.476354733,"116042.797210677","0.99998",0.99999999999996
"181","resistant",0,0.0549540873857624,0.0549540873857624,0.494586786471862,0.494586786471862,0.0549540873857624,2900000,"60",203.17081752289,1,50000,0.000465842377578656,1673922.65682494,159366.853418711,"1593668.53418711","0.1",0.999999999999959
"182","susceptible",0,0.494586786471862,0.0549540873857624,0.494586786471862,0.494586786471862,0.0549540873857624,2900000,"60",203.17081752289,1,50000,0.000465842377578656,1673922.65682494,1434301.6807684,"1593668.53418711","0.9",0.999999999999959
"183","resistant",1,7.06984018156089,7.06984018156089,0.503484842648957,0.494586786471862,0.0549540873857624,2900000,"60",203.17081752289,1,50000,0.000465842377578656,1673922.65682494,20502536.5265266,"21962642.5702085","0.933518653822535",0.999999999999959
"184","susceptible",1,0.503484842648957,7.06984018156089,0.503484842648957,0.494586786471862,0.0549540873857624,2900000,"60",203.17081752289,1,50000,0.000465842377578656,1673922.65682494,1460106.04368198,"21962642.5702085","0.0664813461774655",0.999999999999959
"185","resistant",0,0.109908174771525,0.109908174771525,0.439632699086099,0.439632699086099,0.109908174771525,2900000,"60",203.17081752289,1,50000,0.000465842377578656,1673922.65682494,318733.706837422,"1593668.53418711","0.2",0.99999999999996
"186","susceptible",0,0.439632699086099,0.109908174771525,0.439632699086099,0.439632699086099,0.109908174771525,2900000,"60",203.17081752289,1,50000,0.000465842377578656,1673922.65682494,1274934.82734969,"1593668.53418711","0.8",0.99999999999996
"187","resistant",1,14.4603825908075,14.4603825908075,0.875540851868089,0.439632699086099,0.109908174771525,2900000,"60",203.17081752289,1,50000,0.000465842377578656,1673922.65682494,41935109.5133416,"44474177.9837591","0.942909153456537",0.99999999999996
"188","susceptible",1,0.875540851868089,14.4603825908075,0.875540851868089,0.439632699086099,0.109908174771525,2900000,"60",203.17081752289,1,50000,0.000465842377578656,1673922.65682494,2539068.47041746,"44474177.9837591","0.0570908465434632",0.99999999999996
"189","resistant",0,0.164862262157287,0.164862262157287,0.384678611700337,0.384678611700337,0.164862262157287,2900000,"60",203.17081752289,1,50000,0.000465842377578656,1673922.65682494,478100.560256133,"1593668.53418711","0.3",0.99999999999996
"190","susceptible",0,0.384678611700337,0.164862262157287,0.384678611700337,0.384678611700337,0.164862262157287,2900000,"60",203.17081752289,1,50000,0.000465842377578656,1673922.65682494,1115567.97393098,"1593668.53418711","0.7",0.99999999999996
"191","resistant",1,22.178013905576,22.178013905576,1.151650241568,0.384678611700337,0.164862262157287,2900000,"60",203.17081752289,1,50000,0.000465842377578656,1673922.65682494,64316240.3261704,"67656026.0267176","0.950635798513671",0.99999999999996
"192","susceptible",1,1.151650241568,22.178013905576,1.151650241568,0.384678611700337,0.164862262157287,2900000,"60",203.17081752289,1,50000,0.000465842377578656,1673922.65682494,3339785.7005472,"67656026.0267176","0.049364201486329",0.99999999999996
"193","resistant",0,0.21981634954305,0.21981634954305,0.329724524314575,0.329724524314575,0.21981634954305,2900000,"60",203.17081752289,1,50000,0.000465842377578656,1673922.65682494,637467.413674844,"1593668.53418711","0.4",0.99999999999996
"194","susceptible",0,0.329724524314575,0.21981634954305,0.329724524314575,0.329724524314575,0.21981634954305,2900000,"60",203.17081752289,1,50000,0.000465842377578656,1673922.65682494,956201.120512266,"1593668.53418711","0.6",0.99999999999996
"195","resistant",1,30.2291214590201,30.2291214590201,1.32720664138626,0.329724524314575,0.21981634954305,2900000,"60",203.17081752289,1,50000,0.000465842377578656,1673922.65682494,87664452.2311582,"91513351.4911783","0.95794166427845",0.99999999999996
"196","susceptible",1,1.32720664138626,30.2291214590201,1.32720664138626,0.329724524314575,0.21981634954305,2900000,"60",203.17081752289,1,50000,0.000465842377578656,1673922.65682494,3848899.26002015,"91513351.4911783","0.0420583357215496",0.99999999999996
"197","resistant",0,0.274770436928812,0.274770436928812,0.274770436928812,0.274770436928812,0.274770436928812,2900000,"60",203.17081752289,1,50000,0.000465842377578656,1673922.65682495,796834.267093555,"1593668.53418711","0.5",0.99999999999996
"198","susceptible",0,0.274770436928812,0.274770436928812,0.274770436928812,0.274770436928812,0.274770436928812,2900000,"60",203.17081752289,1,50000,0.000465842377578656,1673922.65682495,796834.267093555,"1593668.53418711","0.5",0.99999999999996
"199","resistant",1,38.620091202848,38.620091202848,1.39752959492019,0.274770436928812,0.274770436928812,2900000,"60",203.17081752289,1,50000,0.000465842377578656,1673922.65682495,111998264.488259,"116051100.313528","0.965077144341421",0.99999999999996
"200","susceptible",1,1.39752959492019,38.620091202848,1.39752959492019,0.274770436928812,0.274770436928812,2900000,"60",203.17081752289,1,50000,0.000465842377578656,1673922.65682495,4052835.82526855,"116051100.313528","0.0349228556585786",0.99999999999996
"201","resistant",0,0.329724524314575,0.329724524314575,0.21981634954305,0.21981634954305,0.329724524314575,2900000,"60",203.17081752289,1,50000,0.000465842377578656,1673922.65682494,956201.120512266,"1593668.53418711","0.6",0.99999999999996
"202","susceptible",0,0.21981634954305,0.329724524314575,0.21981634954305,0.21981634954305,0.329724524314575,2900000,"60",203.17081752289,1,50000,0.000465842377578656,1673922.65682494,637467.413674844,"1593668.53418711","0.4",0.99999999999996
"203","resistant",1,47.3573048144369,47.3573048144369,1.35786514375492,0.21981634954305,0.329724524314575,2900000,"60",203.17081752289,1,50000,0.000465842377578656,1673922.65682494,137336183.961867,"141273992.878756","0.972126441416087",0.99999999999996
"204","susceptible",1,1.35786514375492,47.3573048144369,1.35786514375492,0.21981634954305,0.329724524314575,2900000,"60",203.17081752289,1,50000,0.000465842377578656,1673922.65682494,3937808.91688927,"141273992.878756","0.0278735585839127",0.99999999999996
"205","resistant",0,0.384678611700337,0.384678611700337,0.164862262157287,0.164862262157287,0.384678611700337,2900000,"60",203.17081752289,1,50000,0.000465842377578656,1673922.65682494,1115567.97393098,"1593668.53418711","0.7",0.99999999999996
"206","susceptible",0,0.164862262157287,0.384678611700337,0.164862262157287,0.164862262157287,0.384678611700337,2900000,"60",203.17081752289,1,50000,0.000465842377578656,1673922.65682494,478100.560256133,"1593668.53418711","0.3",0.99999999999996
"207","resistant",1,56.4471367482136,56.4471367482136,1.20338645522261,0.164862262157287,0.384678611700337,2900000,"60",203.17081752289,1,50000,0.000465842377578656,1673922.65682494,163696696.569819,"167186517.289965","0.979126183278925",0.99999999999996
"208","susceptible",1,1.20338645522261,56.4471367482136,1.20338645522261,0.164862262157287,0.384678611700337,2900000,"60",203.17081752289,1,50000,0.000465842377578656,1673922.65682494,3489820.72014556,"167186517.289965","0.020873816721075",0.99999999999996
"209","resistant",0,0.439632699086099,0.439632699086099,0.109908174771525,0.109908174771525,0.439632699086099,2900000,"60",203.17081752289,1,50000,0.000465842377578656,1673922.65682495,1274934.82734969,"1593668.53418711","0.8",0.99999999999996
"210","susceptible",0,0.109908174771525,0.439632699086099,0.109908174771525,0.109908174771525,0.439632699086099,2900000,"60",203.17081752289,1,50000,0.000465842377578656,1673922.65682495,318733.706837422,"1593668.53418711","0.2",0.99999999999996
"211","resistant",1,65.8959512314208,65.8959512314208,0.929194494458307,0.109908174771525,0.439632699086099,2900000,"60",203.17081752289,1,50000,0.000465842377578656,1673922.65682495,191098258.57112,"193792922.60505","0.986095137027162",0.99999999999996
"212","susceptible",1,0.929194494458307,65.8959512314208,0.929194494458307,0.109908174771525,0.439632699086099,2900000,"60",203.17081752289,1,50000,0.000465842377578656,1673922.65682495,2694664.03392909,"193792922.60505","0.0139048629728384",0.99999999999996
"213","resistant",0,0.494586786471862,0.494586786471862,0.0549540873857624,0.0549540873857624,0.494586786471862,2900000,"60",203.17081752289,1,50000,0.000465842377578656,1673922.65682494,1434301.6807684,"1593668.53418711","0.9",0.99999999999996
"214","susceptible",0,0.0549540873857624,0.494586786471862,0.0549540873857624,0.0549540873857624,0.494586786471862,2900000,"60",203.17081752289,1,50000,0.000465842377578656,1673922.65682494,159366.853418711,"1593668.53418711","0.1",0.99999999999996
"215","resistant",1,75.7100992044174,75.7100992044174,0.530318741311288,0.0549540873857624,0.494586786471862,2900000,"60",203.17081752289,1,50000,0.000465842377578656,1673922.65682494,219559287.69281,"221097212.042613","0.993044125995102",0.99999999999996
"216","susceptible",1,0.530318741311288,75.7100992044174,0.530318741311288,0.0549540873857624,0.494586786471862,2900000,"60",203.17081752289,1,50000,0.000465842377578656,1673922.65682494,1537924.34980274,"221097212.042613","0.00695587400489846",0.99999999999996
"217","resistant",0,0.549540873857624,0.549540873857624,0,0,0.549540873857624,2900000,"60",203.17081752289,1,50000,0.000465842377578656,1673922.65682493,1593668.53418711,"1593668.53418711","1",0.99999999999996
"218","susceptible",0,0,0.549540873857624,0,0,0.549540873857624,2900000,"60",203.17081752289,1,50000,0.000465842377578656,1673922.65682493,0,"1593668.53418711","0",0.99999999999996
"219","resistant",1,85.8959152056635,85.8959152056635,0.00171795266316653,0,0.549540873857624,2900000,"60",203.17081752289,1,50000,0.000465842377578656,1673922.65682493,249098154.096424,"249103136.159147","0.99998",0.99999999999996
"220","susceptible",1,0.00171795266316653,85.8959152056635,0.00171795266316653,0,0.549540873857624,2900000,"60",203.17081752289,1,50000,0.000465842377578656,1673922.65682493,4982.06272318294,"249103136.159147","2e-05",0.99999999999996
"221","resistant",0,0,0,1.49623565609443,1.49623565609443,0,2900000,"60",203.17081752289,1,50000,0.000465842377578656,649517.70937708,0,"4339083.40267386","0",0.999999999999946
"222","susceptible",0,1.49623565609443,0,1.49623565609443,1.49623565609443,0,2900000,"60",203.17081752289,1,50000,0.000465842377578656,649517.70937708,4339083.40267386,"4339083.40267386","1",0.999999999999946
"223","resistant",1,1.46895306362354e-06,1.46895306362354e-06,0.0734461842281135,1.49623565609443,0,2900000,"60",203.17081752289,1,50000,0.000465842377578656,649517.70937708,4.25996388450828,"212998.194225414","2e-05",0.999999999999946
"224","susceptible",1,0.0734461842281135,1.46895306362354e-06,0.0734461842281135,1.49623565609443,0,2900000,"60",203.17081752289,1,50000,0.000465842377578656,649517.70937708,212993.934261529,"212998.194225414","0.99998",0.999999999999946
"225","resistant",0,0.149623565609443,0.149623565609443,1.34661209048499,1.34661209048499,0.149623565609443,2900000,"60",203.17081752289,1,50000,0.000465842377578656,649517.709377081,433908.340267386,"4339083.40267385","0.1",0.999999999999946
"226","susceptible",0,1.34661209048499,0.149623565609443,1.34661209048499,1.34661209048499,0.149623565609443,2900000,"60",203.17081752289,1,50000,0.000465842377578656,649517.709377081,3905175.06240647,"4339083.40267385","0.9",0.999999999999946
"227","resistant",1,9.04085961234303,9.04085961234303,2.04326864940659,1.34661209048499,0.149623565609443,2900000,"60",203.17081752289,1,50000,0.000465842377578656,649517.709377081,26218492.8757948,"32143971.9590739","0.815658155413292",0.999999999999946
"228","susceptible",1,2.04326864940659,9.04085961234303,2.04326864940659,1.34661209048499,0.149623565609443,2900000,"60",203.17081752289,1,50000,0.000465842377578656,649517.709377081,5925479.08327911,"32143971.9590739","0.184341844586708",0.999999999999946
"229","resistant",0,0.299247131218887,0.299247131218887,1.19698852487555,1.19698852487555,0.299247131218887,2900000,"60",203.17081752289,1,50000,0.000465842377578656,649517.709377087,867816.680534771,"4339083.40267386","0.2",0.999999999999946
"230","susceptible",0,1.19698852487555,0.299247131218887,1.19698852487555,1.19698852487555,0.299247131218887,2900000,"60",203.17081752289,1,50000,0.000465842377578656,649517.709377087,3471266.72213908,"4339083.40267386","0.8",0.999999999999946
"231","resistant",1,19.3720936063819,19.3720936063819,3.71710807303727,1.19698852487555,0.299247131218887,2900000,"60",203.17081752289,1,50000,0.000465842377578656,649517.709377087,56179071.4585076,"66958684.8703157","0.839010974712454",0.999999999999946
"232","susceptible",1,3.71710807303727,19.3720936063819,3.71710807303727,1.19698852487555,0.299247131218887,2900000,"60",203.17081752289,1,50000,0.000465842377578656,649517.709377087,10779613.4118081,"66958684.8703157","0.160989025287546",0.999999999999946
"233","resistant",0,0.44887069682833,0.44887069682833,1.0473649592661,1.0473649592661,0.44887069682833,2900000,"60",203.17081752289,1,50000,0.000465842377578656,649517.70937708,1301725.02080216,"4339083.40267386","0.3",0.999999999999946
"234","susceptible",0,1.0473649592661,0.44887069682833,1.0473649592661,1.0473649592661,0.44887069682833,2900000,"60",203.17081752289,1,50000,0.000465842377578656,649517.70937708,3037358.3818717,"4339083.40267386","0.7",0.999999999999946
"235","resistant",1,31.0699786881627,31.0699786881627,5.0454367010584,1.0473649592661,0.44887069682833,2900000,"60",203.17081752289,1,50000,0.000465842377578656,649517.70937708,90102938.1956718,"104734704.628741","0.860296866402255",0.999999999999946
"236","susceptible",1,5.0454367010584,31.0699786881627,5.0454367010584,1.0473649592661,0.44887069682833,2900000,"60",203.17081752289,1,50000,0.000465842377578656,649517.70937708,14631766.4330694,"104734704.628741","0.139703133597745",0.999999999999946
"237","resistant",0,0.598494262437773,0.598494262437773,0.89774139365666,0.89774139365666,0.598494262437773,2900000,"60",203.17081752289,1,50000,0.000465842377578656,649517.709377081,1735633.36106954,"4339083.40267386","0.4",0.999999999999946
"238","susceptible",0,0.89774139365666,0.598494262437773,0.89774139365666,0.89774139365666,0.598494262437773,2900000,"60",203.17081752289,1,50000,0.000465842377578656,649517.709377081,2603450.04160431,"4339083.40267386","0.6",0.999999999999946
"239","resistant",1,44.2112394971824,44.2112394971824,5.97626821188938,0.89774139365666,0.598494262437773,2900000,"60",203.17081752289,1,50000,0.000465842377578656,649517.709377081,128212594.541829,"145543772.356308","0.880921199623365",0.999999999999946
"240","susceptible",1,5.97626821188938,44.2112394971824,5.97626821188938,0.89774139365666,0.598494262437773,2900000,"60",203.17081752289,1,50000,0.000465842377578656,649517.709377081,17331177.8144792,"145543772.356308","0.119078800376635",0.999999999999946
"241","resistant",0,0.748117828047216,0.748117828047216,0.748117828047216,0.748117828047216,0.748117828047216,2900000,"60",203.17081752289,1,50000,0.000465842377578656,649517.709377086,2169541.70133693,"4339083.40267386","0.5",0.999999999999946
"242","susceptible",0,0.748117828047216,0.748117828047216,0.748117828047216,0.748117828047216,0.748117828047216,2900000,"60",203.17081752289,1,50000,0.000465842377578656,649517.709377086,2169541.70133693,"4339083.40267386","0.5",0.999999999999946
"243","resistant",1,58.8728238707171,58.8728238707171,6.45519058046481,0.748117828047216,0.748117828047216,2900000,"60",203.17081752289,1,50000,0.000465842377578656,649517.709377086,170731189.22508,"189451241.908428","0.901188018116047",0.999999999999946
"244","susceptible",1,6.45519058046481,58.8728238707171,6.45519058046481,0.748117828047216,0.748117828047216,2900000,"60",203.17081752289,1,50000,0.000465842377578656,649517.709377086,18720052.6833479,"189451241.908428","0.098811981883953",0.999999999999946
"245","resistant",0,0.89774139365666,0.89774139365666,0.598494262437773,0.598494262437773,0.89774139365666,2900000,"60",203.17081752289,1,50000,0.000465842377578656,649517.709377081,2603450.04160431,"4339083.40267386","0.6",0.999999999999946
"246","susceptible",0,0.598494262437773,0.89774139365666,0.598494262437773,0.598494262437773,0.89774139365666,2900000,"60",203.17081752289,1,50000,0.000465842377578656,649517.709377081,1735633.36106954,"4339083.40267386","0.4",0.999999999999946
"247","resistant",1,75.1316636163018,75.1316636163018,6.42540857867116,0.598494262437773,0.89774139365666,2900000,"60",203.17081752289,1,50000,0.000465842377578656,649517.709377081,217881824.487275,"236515509.365422","0.921215801330995",0.999999999999946
"248","susceptible",1,6.42540857867116,75.1316636163018,6.42540857867116,0.598494262437773,0.89774139365666,2900000,"60",203.17081752289,1,50000,0.000465842377578656,649517.709377081,18633684.8781464,"236515509.365422","0.0787841986690054",0.999999999999946
"249","resistant",0,1.0473649592661,1.0473649592661,0.44887069682833,0.44887069682833,1.0473649592661,2900000,"60",203.17081752289,1,50000,0.000465842377578656,649517.70937708,3037358.3818717,"4339083.40267385","0.7",0.999999999999946
"250","susceptible",0,0.44887069682833,1.0473649592661,0.44887069682833,0.44887069682833,1.0473649592661,2900000,"60",203.17081752289,1,50000,0.000465842377578656,649517.70937708,1301725.02080216,"4339083.40267385","0.3",0.999999999999946
"251","resistant",1,93.0644222926676,93.0644222926676,5.82779627990242,0.44887069682833,1.0473649592661,2900000,"60",203.17081752289,1,50000,0.000465842377578656,649517.70937708,269886824.648736,"286787433.860453","0.941069212886292",0.999999999999946
"252","susceptible",1,5.82779627990242,93.0644222926676,5.82779627990242,0.44887069682833,1.0473649592661,2900000,"60",203.17081752289,1,50000,0.000465842377578656,649517.70937708,16900609.211717,"286787433.860453","0.0589307871137081",0.999999999999946
"253","resistant",0,1.19698852487555,1.19698852487555,0.299247131218886,0.299247131218886,1.19698852487555,2900000,"60",203.17081752289,1,50000,0.000465842377578656,649517.709377087,3471266.72213908,"4339083.40267386","0.8",0.999999999999946
"254","susceptible",0,0.299247131218886,1.19698852487555,0.299247131218886,0.299247131218886,1.19698852487555,2900000,"60",203.17081752289,1,50000,0.000465842377578656,649517.709377087,867816.680534771,"4339083.40267386","0.2",0.999999999999946
"255","resistant",1,112.747230068669,112.747230068669,4.60095992509565,0.299247131218886,1.19698852487555,2900000,"60",203.17081752289,1,50000,0.000465842377578656,649517.709377087,326966967.199139,"340309750.981917","0.960792237823693",0.999999999999946
"256","susceptible",1,4.60095992509565,112.747230068669,4.60095992509565,0.299247131218886,1.19698852487555,2900000,"60",203.17081752289,1,50000,0.000465842377578656,649517.709377087,13342783.7827774,"340309750.981917","0.0392077621763074",0.999999999999946
"257","resistant",0,1.34661209048499,1.34661209048499,0.149623565609443,0.149623565609443,1.34661209048499,2900000,"60",203.17081752289,1,50000,0.000465842377578656,649517.709377081,3905175.06240647,"4339083.40267385","0.9",0.999999999999946
"258","susceptible",0,0.149623565609443,1.34661209048499,0.149623565609443,0.149623565609443,1.34661209048499,2900000,"60",203.17081752289,1,50000,0.000465842377578656,649517.709377081,433908.340267385,"4339083.40267385","0.1",0.999999999999946
"259","resistant",1,134.255405769618,134.255405769618,2.68131149578672,0.149623565609443,1.34661209048499,2900000,"60",203.17081752289,1,50000,0.000465842377578656,649517.709377081,389340676.731893,"397116480.069674","0.980419338586963",0.999999999999946
"260","susceptible",1,2.68131149578672,134.255405769618,2.68131149578672,0.149623565609443,1.34661209048499,2900000,"60",203.17081752289,1,50000,0.000465842377578656,649517.709377081,7775803.33778149,"397116480.069674","0.0195806614130374",0.999999999999946
"261","resistant",0,1.49623565609443,1.49623565609443,0,0,1.49623565609443,2900000,"60",203.17081752289,1,50000,0.000465842377578656,649517.70937708,4339083.40267386,"4339083.40267386","1",0.999999999999946
"262","susceptible",0,0,1.49623565609443,0,0,1.49623565609443,2900000,"60",203.17081752289,1,50000,0.000465842377578656,649517.70937708,0,"4339083.40267386","0",0.999999999999946
"263","resistant",1,157.663166262096,157.663166262096,0.00315332639176975,0,1.49623565609443,2900000,"60",203.17081752289,1,50000,0.000465842377578656,649517.70937708,457223182.160077,"457232326.806613","0.99998",0.999999999999946
"264","susceptible",1,0.00315332639176975,157.663166262096,0.00315332639176975,0,1.49623565609443,2900000,"60",203.17081752289,1,50000,0.000465842377578656,649517.70937708,9144.64653613226,"457232326.806613","2e-05",0.999999999999946
"265","resistant",0,0,0,4.07380277804112,4.07380277804112,0,2900000,"60",203.17081752289,1,50000,0.000465842377578656,49336.4192524147,0,"11814028.0563193","0",0.999999999999946
"266","susceptible",0,4.07380277804112,0,4.07380277804112,4.07380277804112,0,2900000,"60",203.17081752289,1,50000,0.000465842377578656,49336.4192524147,11814028.0563193,"11814028.0563193","1",0.999999999999946
"267","resistant",1,1.86070826584475e-06,1.86070826584475e-06,0.0930335525839715,4.07380277804112,0,2900000,"60",203.17081752289,1,50000,0.000465842377578656,49336.4192524147,5.39605397094976,"269802.698547488","2e-05",0.999999999999946
"268","susceptible",1,0.0930335525839715,1.86070826584475e-06,0.0930335525839715,4.07380277804112,0,2900000,"60",203.17081752289,1,50000,0.000465842377578656,49336.4192524147,269797.302493517,"269802.698547488","0.99998",0.999999999999946
"269","resistant",0,0.407380277804112,0.407380277804112,3.66642250023701,3.66642250023701,0.407380277804112,2900000,"60",203.17081752289,1,50000,0.000465842377578656,49336.4192524155,1181402.80563193,"11814028.0563193","0.1",0.999999999999946
"270","susceptible",0,3.66642250023701,0.407380277804112,3.66642250023701,3.66642250023701,0.407380277804112,2900000,"60",203.17081752289,1,50000,0.000465842377578656,49336.4192524155,10632625.2506873,"11814028.0563193","0.9",0.999999999999946
"271","resistant",1,4.2186891867027,4.2186891867027,4.22663806043857,3.66642250023701,0.407380277804112,2900000,"60",203.17081752289,1,50000,0.000465842377578656,49336.4192524155,12234198.6414378,"24491449.0167097","0.499529392200961",0.999999999999946
"272","susceptible",1,4.22663806043857,4.2186891867027,4.22663806043857,3.66642250023701,0.407380277804112,2900000,"60",203.17081752289,1,50000,0.000465842377578656,49336.4192524155,12257250.3752719,"24491449.0167097","0.500470607799039",0.999999999999946
"273","resistant",0,0.814760555608224,0.814760555608224,3.2590422224329,3.2590422224329,0.814760555608224,2900000,"60",203.17081752289,1,50000,0.000465842377578656,49336.4192524159,2362805.61126385,"11814028.0563193","0.2",0.999999999999946
"274","susceptible",0,3.2590422224329,0.814760555608224,3.2590422224329,3.2590422224329,0.814760555608224,2900000,"60",203.17081752289,1,50000,0.000465842377578656,49336.4192524159,9451222.4450554,"11814028.0563193","0.8",0.999999999999946
"275","resistant",1,10.7463563122311,10.7463563122311,8.19883968665131,3.2590422224329,0.814760555608224,2900000,"60",203.17081752289,1,50000,0.000465842377578656,49336.4192524159,31164433.3054701,"54941068.3967589","0.567233841912484",0.999999999999946
"276","susceptible",1,8.19883968665131,10.7463563122311,8.19883968665131,3.2590422224329,0.814760555608224,2900000,"60",203.17081752289,1,50000,0.000465842377578656,49336.4192524159,23776635.0912888,"54941068.3967589","0.432766158087516",0.999999999999946
"277","resistant",0,1.22214083341234,1.22214083341234,2.85166194462878,2.85166194462878,1.22214083341234,2900000,"60",203.17081752289,1,50000,0.000465842377578656,49336.4192524159,3544208.41689578,"11814028.0563193","0.3",0.999999999999946
"278","susceptible",0,2.85166194462878,1.22214083341234,2.85166194462878,2.85166194462878,1.22214083341234,2900000,"60",203.17081752289,1,50000,0.000465842377578656,49336.4192524159,8269819.63942348,"11814028.0563193","0.7",0.999999999999946
"279","resistant",1,20.0116270713549,20.0116270713549,11.7886488629892,2.85166194462878,1.22214083341234,2900000,"60",203.17081752289,1,50000,0.000465842377578656,49336.4192524159,58033718.5069291,"92220800.2095978","0.629290988313169",0.999999999999946
"280","susceptible",1,11.7886488629892,20.0116270713549,11.7886488629892,2.85166194462878,1.22214083341234,2900000,"60",203.17081752289,1,50000,0.000465842377578656,49336.4192524159,34187081.7026687,"92220800.2095978","0.370709011686831",0.999999999999946
"281","resistant",0,1.62952111121645,1.62952111121645,2.44428166682467,2.44428166682467,1.62952111121645,2900000,"60",203.17081752289,1,50000,0.000465842377578656,49336.4192524154,4725611.2225277,"11814028.0563193","0.4",0.999999999999946
"282","susceptible",0,2.44428166682467,1.62952111121645,2.44428166682467,2.44428166682467,1.62952111121645,2900000,"60",203.17081752289,1,50000,0.000465842377578656,49336.4192524154,7088416.83379155,"11814028.0563193","0.6",0.999999999999946
"283","resistant",1,32.4628741818054,32.4628741818054,14.7378091862158,2.44428166682467,1.62952111121645,2900000,"60",203.17081752289,1,50000,0.000465842377578656,49336.4192524154,94142335.1272357,"136881981.767261","0.687762800565706",0.999999999999946
"284","susceptible",1,14.7378091862158,32.4628741818054,14.7378091862158,2.44428166682467,1.62952111121645,2900000,"60",203.17081752289,1,50000,0.000465842377578656,49336.4192524154,42739646.6400257,"136881981.767261","0.312237199434294",0.999999999999946
"285","resistant",0,2.03690138902056,2.03690138902056,2.03690138902056,2.03690138902056,2.03690138902056,2900000,"60",203.17081752289,1,50000,0.000465842377578656,49336.4192524147,5907014.02815963,"11814028.0563193","0.5",0.999999999999946
"286","susceptible",0,2.03690138902056,2.03690138902056,2.03690138902056,2.03690138902056,2.03690138902056,2900000,"60",203.17081752289,1,50000,0.000465842377578656,49336.4192524147,5907014.02815963,"11814028.0563193","0.5",0.999999999999946
"287","resistant",1,48.5614959423556,48.5614959423556,16.7507771508661,2.03690138902056,2.03690138902056,2900000,"60",203.17081752289,1,50000,0.000465842377578656,49336.4192524147,140828338.232831,"189405591.970343","0.743527879867888",0.999999999999946
"288","susceptible",1,16.7507771508661,48.5614959423556,16.7507771508661,2.03690138902056,2.03690138902056,2900000,"60",203.17081752289,1,50000,0.000465842377578656,49336.4192524147,48577253.7375116,"189405591.970343","0.256472120132112",0.999999999999946
"289","resistant",0,2.44428166682467,2.44428166682467,1.62952111121645,1.62952111121645,2.44428166682467,2900000,"60",203.17081752289,1,50000,0.000465842377578656,49336.4192524154,7088416.83379155,"11814028.0563193","0.6",0.999999999999946
"290","susceptible",0,1.62952111121645,2.44428166682467,1.62952111121645,1.62952111121645,2.44428166682467,2900000,"60",203.17081752289,1,50000,0.000465842377578656,49336.4192524154,4725611.2225277,"11814028.0563193","0.4",0.999999999999946
"291","resistant",1,68.7739158690455,68.7739158690455,17.4955408571035,1.62952111121645,2.44428166682467,2900000,"60",203.17081752289,1,50000,0.000465842377578656,49336.4192524154,199444356.020232,"250181424.505832","0.797198898416148",0.999999999999946
"292","susceptible",1,17.4955408571035,68.7739158690455,17.4955408571035,1.62952111121645,2.44428166682467,2900000,"60",203.17081752289,1,50000,0.000465842377578656,49336.4192524154,50737068.4856001,"250181424.505832","0.202801101583852",0.999999999999946
"293","resistant",0,2.85166194462879,2.85166194462879,1.22214083341234,1.22214083341234,2.85166194462879,2900000,"60",203.17081752289,1,50000,0.000465842377578656,49336.4192524159,8269819.63942348,"11814028.0563193","0.7",0.999999999999946
"294","susceptible",0,1.22214083341234,2.85166194462879,1.22214083341234,1.22214083341234,2.85166194462879,2900000,"60",203.17081752289,1,50000,0.000465842377578656,49336.4192524159,3544208.41689578,"11814028.0563193","0.3",0.999999999999946
"295","resistant",1,93.5622934409818,93.5622934409818,16.6053780486394,1.22214083341234,2.85166194462879,2900000,"60",203.17081752289,1,50000,0.000465842377578656,49336.4192524159,271330650.978847,"319486247.319902","0.849271770709942",0.999999999999946
"296","susceptible",1,16.6053780486394,93.5622934409818,16.6053780486394,1.22214083341234,2.85166194462879,2900000,"60",203.17081752289,1,50000,0.000465842377578656,49336.4192524159,48155596.3410543,"319486247.319902","0.150728229290058",0.999999999999946
"297","resistant",0,3.2590422224329,3.2590422224329,0.814760555608224,0.814760555608224,3.2590422224329,2900000,"60",203.17081752289,1,50000,0.000465842377578656,49336.4192524159,9451222.4450554,"11814028.0563193","0.8",0.999999999999946
"298","susceptible",0,0.814760555608224,3.2590422224329,0.814760555608224,0.814760555608224,3.2590422224329,2900000,"60",203.17081752289,1,50000,0.000465842377578656,49336.4192524159,2362805.61126385,"11814028.0563193","0.2",0.999999999999946
"299","resistant",1,123.373959001753,123.373959001753,13.6816479642534,0.814760555608224,3.2590422224329,2900000,"60",203.17081752289,1,50000,0.000465842377578656,49336.4192524159,357784481.105084,"397461260.201419","0.900174474674014",0.999999999999946
"300","susceptible",1,13.6816479642534,123.373959001753,13.6816479642534,0.814760555608224,3.2590422224329,2900000,"60",203.17081752289,1,50000,0.000465842377578656,49336.4192524159,39676779.0963349,"397461260.201419","0.0998255253259855",0.999999999999946
"301","resistant",0,3.66642250023701,3.66642250023701,0.407380277804112,0.407380277804112,3.66642250023701,2900000,"60",203.17081752289,1,50000,0.000465842377578656,49336.4192524155,10632625.2506873,"11814028.0563193","0.9",0.999999999999946
"302","susceptible",0,0.407380277804112,3.66642250023701,0.407380277804112,0.407380277804112,3.66642250023701,2900000,"60",203.17081752289,1,50000,0.000465842377578656,49336.4192524155,1181402.80563193,"11814028.0563193","0.1",0.999999999999946
"303","resistant",1,158.62961388017,158.62961388017,8.2977029396144,0.407380277804112,3.66642250023701,2900000,"60",203.17081752289,1,50000,0.000465842377578656,49336.4192524155,460025880.252494,"484089218.777375","0.950291521497511",0.999999999999946
"304","susceptible",1,8.2977029396144,158.62961388017,8.2977029396144,0.407380277804112,3.66642250023701,2900000,"60",203.17081752289,1,50000,0.000465842377578656,49336.4192524155,24063338.5248818,"484089218.777375","0.0497084785024888",0.999999999999946
"305","resistant",0,4.07380277804112,4.07380277804112,0,0,4.07380277804112,2900000,"60",203.17081752289,1,50000,0.000465842377578656,49336.4192524147,11814028.0563193,"11814028.0563193","1",0.999999999999946
"306","susceptible",0,0,4.07380277804112,0,0,4.07380277804112,2900000,"60",203.17081752289,1,50000,0.000465842377578656,49336.4192524147,0,"11814028.0563193","0",0.999999999999946
"307","resistant",1,199.71036784489,199.71036784489,0.00399428724264265,0,4.07380277804112,2900000,"60",203.17081752289,1,50000,0.000465842377578656,49336.4192524147,579160066.75018,"579171650.183184","0.99998",0.999999999999946
"308","susceptible",1,0.00399428724264265,199.71036784489,0.00399428724264265,0,4.07380277804112,2900000,"60",203.17081752289,1,50000,0.000465842377578656,49336.4192524147,11583.4330036637,"579171650.183184","2e-05",0.999999999999946
"309","resistant",0,0,0,11.091748152624,11.091748152624,0,2900000,"60",203.17081752289,1,50000,0.000465842377578656,44.188794107557,0,"32166069.6426096","0",0.999999999999927
"310","susceptible",0,11.091748152624,0,11.091748152624,11.091748152624,0,2900000,"60",203.17081752289,1,50000,0.000465842377578656,44.188794107557,32166069.6426096,"32166069.6426096","1",0.999999999999927
"311","resistant",1,1.89288269052082e-06,1.89288269052082e-06,0.0946422416433506,11.091748152624,0,2900000,"60",203.17081752289,1,50000,0.000465842377578656,44.188794107557,5.48935980251039,"274467.990125519","2e-05",0.999999999999927
"312","susceptible",1,0.0946422416433506,1.89288269052082e-06,0.0946422416433506,11.091748152624,0,2900000,"60",203.17081752289,1,50000,0.000465842377578656,44.188794107557,274462.500765717,"274467.990125519","0.99998",0.999999999999927
"313","resistant",0,1.1091748152624,1.1091748152624,9.9825733373616,9.9825733373616,1.1091748152624,2900000,"60",203.17081752289,1,50000,0.000465842377578656,44.188794107557,3216606.96426096,"32166069.6426096","0.1",0.999999999999928
"314","susceptible",0,9.9825733373616,1.1091748152624,9.9825733373616,9.9825733373616,1.1091748152624,2900000,"60",203.17081752289,1,50000,0.000465842377578656,44.188794107557,28949462.6783486,"32166069.6426096","0.9",0.999999999999928
"315","resistant",1,1.17196803534869,1.17196803534869,4.45466156221522,9.9825733373616,1.1091748152624,2900000,"60",203.17081752289,1,50000,0.000465842377578656,44.188794107557,3398707.30251119,"16317225.8329353","0.208289530175595",0.999999999999928
"316","susceptible",1,4.45466156221522,1.17196803534869,4.45466156221522,9.9825733373616,1.1091748152624,2900000,"60",203.17081752289,1,50000,0.000465842377578656,44.188794107557,12918518.5304242,"16317225.8329353","0.791710469824405",0.999999999999928
"317","resistant",0,2.2183496305248,2.2183496305248,8.8733985220992,8.8733985220992,2.2183496305248,2900000,"60",203.17081752289,1,50000,0.000465842377578656,44.188794107557,6433213.92852192,"32166069.6426096","0.2",0.999999999999927
"318","susceptible",0,8.8733985220992,2.2183496305248,8.8733985220992,8.8733985220992,2.2183496305248,2900000,"60",203.17081752289,1,50000,0.000465842377578656,44.188794107557,25732855.7140877,"32166069.6426096","0.8",0.999999999999927
"319","resistant",1,4.14335289507403,4.14335289507403,9.19315223928405,8.8733985220992,2.2183496305248,2900000,"60",203.17081752289,1,50000,0.000465842377578656,44.188794107557,12015723.3957147,"38675864.8896384","0.31067756157494",0.999999999999927
"320","susceptible",1,9.19315223928405,4.14335289507403,9.19315223928405,8.8733985220992,2.2183496305248,2900000,"60",203.17081752289,1,50000,0.000465842377578656,44.188794107557,26660141.4939238,"38675864.8896384","0.689322438425061",0.999999999999927
"321","resistant",0,3.3275244457872,3.3275244457872,7.7642237068368,7.7642237068368,3.3275244457872,2900000,"60",203.17081752289,1,50000,0.000465842377578656,44.1887941075571,9649820.89278288,"32166069.6426096","0.3",0.999999999999927
"322","susceptible",0,7.7642237068368,3.3275244457872,7.7642237068368,7.7642237068368,3.3275244457872,2900000,"60",203.17081752289,1,50000,0.000465842377578656,44.1887941075571,22516248.7498267,"32166069.6426096","0.7",0.999999999999927
"323","resistant",1,9.67846880750855,9.67846880750855,14.0608227753823,7.7642237068368,3.3275244457872,2900000,"60",203.17081752289,1,50000,0.000465842377578656,44.1887941075571,28067559.5417748,"68843945.5903836","0.40769829940856",0.999999999999927
"324","susceptible",1,14.0608227753823,9.67846880750855,14.0608227753823,7.7642237068368,3.3275244457872,2900000,"60",203.17081752289,1,50000,0.000465842377578656,44.1887941075571,40776386.0486088,"68843945.5903836","0.59230170059144",0.999999999999927
"325","resistant",0,4.4366992610496,4.4366992610496,6.6550488915744,6.6550488915744,4.4366992610496,2900000,"60",203.17081752289,1,50000,0.000465842377578656,44.1887941075571,12866427.8570438,"32166069.6426096","0.4",0.999999999999927
"326","susceptible",0,6.6550488915744,4.4366992610496,6.6550488915744,6.6550488915744,4.4366992610496,2900000,"60",203.17081752289,1,50000,0.000465842377578656,44.1887941075571,19299641.7855658,"32166069.6426096","0.6",0.999999999999927
"327","resistant",1,18.6852388072575,18.6852388072575,18.669175014777,6.6550488915744,4.4366992610496,2900000,"60",203.17081752289,1,50000,0.000465842377578656,44.1887941075571,54187192.5410466,"108327800.0839","0.500215018666294",0.999999999999927
"328","susceptible",1,18.669175014777,18.6852388072575,18.669175014777,6.6550488915744,4.4366992610496,2900000,"60",203.17081752289,1,50000,0.000465842377578656,44.1887941075571,54140607.5428533,"108327800.0839","0.499784981333706",0.999999999999927
"329","resistant",0,5.545874076312,5.545874076312,5.545874076312,5.545874076312,5.545874076312,2900000,"60",203.17081752289,1,50000,0.000465842377578656,44.1887941075572,16083034.8213048,"32166069.6426096","0.5",0.999999999999927
"330","susceptible",0,5.545874076312,5.545874076312,5.545874076312,5.545874076312,5.545874076312,2900000,"60",203.17081752289,1,50000,0.000465842377578656,44.1887941075572,16083034.8213048,"32166069.6426096","0.5",0.999999999999927
"331","resistant",1,32.1887324762664,32.1887324762664,22.4733317432232,5.545874076312,5.545874076312,2900000,"60",203.17081752289,1,50000,0.000465842377578656,44.1887941075572,93347324.1811726,"158519986.23652","0.588867854441356",0.999999999999927
"332","susceptible",1,22.4733317432232,32.1887324762664,22.4733317432232,5.545874076312,5.545874076312,2900000,"60",203.17081752289,1,50000,0.000465842377578656,44.1887941075572,65172662.0553471,"158519986.23652","0.411132145558644",0.999999999999927
"333","resistant",0,6.6550488915744,6.6550488915744,4.4366992610496,4.4366992610496,6.6550488915744,2900000,"60",203.17081752289,1,50000,0.000465842377578656,44.1887941075571,19299641.7855658,"32166069.6426096","0.6",0.999999999999927
"334","susceptible",0,4.4366992610496,6.6550488915744,4.4366992610496,4.4366992610496,6.6550488915744,2900000,"60",203.17081752289,1,50000,0.000465842377578656,44.1887941075571,12866427.8570438,"32166069.6426096","0.4",0.999999999999927
"335","resistant",1,51.2829662445043,51.2829662445043,24.7654864569443,4.4366992610496,6.6550488915744,2900000,"60",203.17081752289,1,50000,0.000465842377578656,44.1887941075571,148720602.109062,"220540512.834201","0.674345952123855",0.999999999999927
"336","susceptible",1,24.7654864569443,51.2829662445043,24.7654864569443,4.4366992610496,6.6550488915744,2900000,"60",203.17081752289,1,50000,0.000465842377578656,44.1887941075571,71819910.7251384,"220540512.834201","0.325654047876145",0.999999999999927
"337","resistant",0,7.7642237068368,7.7642237068368,3.3275244457872,3.3275244457872,7.7642237068368,2900000,"60",203.17081752289,1,50000,0.000465842377578656,44.1887941075571,22516248.7498267,"32166069.6426096","0.7",0.999999999999927
"338","susceptible",0,3.3275244457872,7.7642237068368,3.3275244457872,3.3275244457872,7.7642237068368,2900000,"60",203.17081752289,1,50000,0.000465842377578656,44.1887941075571,9649820.89278288,"32166069.6426096","0.3",0.999999999999927
"339","resistant",1,77.0586893146143,77.0586893146143,24.6834867312677,3.3275244457872,7.7642237068368,2900000,"60",203.17081752289,1,50000,0.000465842377578656,44.1887941075571,223470199.012381,"295052310.533058","0.757391794724969",0.999999999999927
"340","susceptible",1,24.6834867312677,77.0586893146143,24.6834867312677,3.3275244457872,7.7642237068368,2900000,"60",203.17081752289,1,50000,0.000465842377578656,44.1887941075571,71582111.5206763,"295052310.533058","0.242608205275031",0.999999999999927
"341","resistant",0,8.8733985220992,8.8733985220992,2.2183496305248,2.2183496305248,8.8733985220992,2900000,"60",203.17081752289,1,50000,0.000465842377578656,44.1887941075571,25732855.7140877,"32166069.6426096","0.8",0.999999999999927
"342","susceptible",0,2.2183496305248,8.8733985220992,2.2183496305248,2.2183496305248,8.8733985220992,2900000,"60",203.17081752289,1,50000,0.000465842377578656,44.1887941075571,6433213.92852192,"32166069.6426096","0.2",0.999999999999927
"343","resistant",1,110.506957315547,110.506957315547,21.2387995727124,2.2183496305248,8.8733985220992,2900000,"60",203.17081752289,1,50000,0.000465842377578656,44.1887941075571,320470176.215085,"382062694.975951","0.838789498239961",0.999999999999927
"344","susceptible",1,21.2387995727124,110.506957315547,21.2387995727124,2.2183496305248,8.8733985220992,2900000,"60",203.17081752289,1,50000,0.000465842377578656,44.1887941075571,61592518.7608659,"382062694.975951","0.161210501760039",0.999999999999927
"345","resistant",0,9.9825733373616,9.9825733373616,1.1091748152624,1.1091748152624,9.9825733373616,2900000,"60",203.17081752289,1,50000,0.000465842377578656,44.188794107557,28949462.6783486,"32166069.6426096","0.9",0.999999999999928
"346","susceptible",0,1.1091748152624,9.9825733373616,1.1091748152624,1.1091748152624,9.9825733373616,2900000,"60",203.17081752289,1,50000,0.000465842377578656,44.188794107557,3216606.96426096,"32166069.6426096","0.1",0.999999999999928
"347","resistant",1,152.401151751991,152.401151751991,13.3672198741553,1.1091748152624,9.9825733373616,2900000,"60",203.17081752289,1,50000,0.000465842377578656,44.188794107557,441963340.080773,"480728277.715823","0.919362060789847",0.999999999999928
"348","susceptible",1,13.3672198741553,152.401151751991,13.3672198741553,1.1091748152624,9.9825733373616,2900000,"60",203.17081752289,1,50000,0.000465842377578656,44.188794107557,38764937.6350503,"480728277.715823","0.0806379392101533",0.999999999999928
"349","resistant",0,11.091748152624,11.091748152624,0,0,11.091748152624,2900000,"60",203.17081752289,1,50000,0.000465842377578656,44.188794107557,32166069.6426096,"32166069.6426096","1",0.999999999999927
"350","susceptible",0,0,11.091748152624,0,0,11.091748152624,2900000,"60",203.17081752289,1,50000,0.000465842377578656,44.188794107557,0,"32166069.6426096","0",0.999999999999927
"351","resistant",1,203.163658350019,203.163658350019,0.00406335443408906,0,11.091748152624,2900000,"60",203.17081752289,1,50000,0.000465842377578656,44.188794107557,589174609.215055,"589186392.942914","0.99998",0.999999999999927
"352","susceptible",1,0.00406335443408906,203.163658350019,0.00406335443408906,0,11.091748152624,2900000,"60",203.17081752289,1,50000,0.000465842377578656,44.188794107557,11783.7278588583,"589186392.942914","2e-05",0.999999999999927
"353","resistant",0,0,0,30.1995172040201,30.1995172040201,0,2900000,"60",203.17081752289,1,50000,0.000465842377578656,2.22285973334403e-07,0,"87578599.8916584","0",0.999999999999957
"354","susceptible",0,30.1995172040201,0,30.1995172040201,30.1995172040201,0,2900000,"60",203.17081752289,1,50000,0.000465842377578656,2.22285973334403e-07,87578599.8916584,"87578599.8916584","1",0.999999999999957
"355","resistant",1,1.89291153378902e-06,1.89291153378902e-06,0.0946436837779172,30.1995172040201,0,2900000,"60",203.17081752289,1,50000,0.000465842377578656,2.22285973334403e-07,5.48944344798816,"274472.172399408","2e-05",0.999999999999957
"356","susceptible",1,0.0946436837779172,1.89291153378902e-06,0.0946436837779172,30.1995172040201,0,2900000,"60",203.17081752289,1,50000,0.000465842377578656,2.22285973334403e-07,274466.68295596,"274472.172399408","0.99998",0.999999999999957
"357","resistant",0,3.01995172040201,3.01995172040201,27.1795654836181,27.1795654836181,3.01995172040201,2900000,"60",203.17081752289,1,50000,0.000465842377578656,2.22285973334403e-07,8757859.98916584,"87578599.8916584","0.1",0.999999999999957
"358","susceptible",0,27.1795654836181,3.01995172040201,27.1795654836181,27.1795654836181,3.01995172040201,2900000,"60",203.17081752289,1,50000,0.000465842377578656,2.22285973334403e-07,78820739.9024925,"87578599.8916584","0.9",0.999999999999957
"359","resistant",1,0.677288741583534,0.677288741583534,4.30396490305981,27.1795654836181,3.01995172040201,2900000,"60",203.17081752289,1,50000,0.000465842377578656,2.22285973334403e-07,1964137.35059225,"14445635.5694657","0.135967527433955",0.999999999999957
"360","susceptible",1,4.30396490305981,0.677288741583534,4.30396490305981,27.1795654836181,3.01995172040201,2900000,"60",203.17081752289,1,50000,0.000465842377578656,2.22285973334403e-07,12481498.2188734,"14445635.5694657","0.864032472566045",0.999999999999957
"361","resistant",0,6.03990344080403,6.03990344080403,24.1596137632161,24.1596137632161,6.03990344080403,2900000,"60",203.17081752289,1,50000,0.000465842377578656,2.22285973334404e-07,17515719.9783317,"87578599.8916584","0.2",0.999999999999957
"362","susceptible",0,24.1596137632161,6.03990344080403,24.1596137632161,24.1596137632161,6.03990344080403,2900000,"60",203.17081752289,1,50000,0.000465842377578656,2.22285973334404e-07,70062879.9133267,"87578599.8916584","0.8",0.999999999999957
"363","resistant",1,2.81631815290216,2.81631815290216,9.04496161220762,24.1596137632161,6.03990344080403,2900000,"60",203.17081752289,1,50000,0.000465842377578656,2.22285973334404e-07,8167322.64341625,"34397711.3188184","0.237437966954158",0.999999999999957
"364","susceptible",1,9.04496161220762,2.81631815290216,9.04496161220762,24.1596137632161,6.03990344080403,2900000,"60",203.17081752289,1,50000,0.000465842377578656,2.22285973334404e-07,26230388.6754021,"34397711.3188184","0.762562033045842",0.999999999999957
"365","resistant",0,9.05985516120604,9.05985516120604,21.1396620428141,21.1396620428141,9.05985516120604,2900000,"60",203.17081752289,1,50000,0.000465842377578656,2.22285973334405e-07,26273579.9674975,"87578599.8916584","0.3",0.999999999999957
"366","susceptible",0,21.1396620428141,9.05985516120604,21.1396620428141,21.1396620428141,9.05985516120604,2900000,"60",203.17081752289,1,50000,0.000465842377578656,2.22285973334405e-07,61305019.9241609,"87578599.8916584","0.7",0.999999999999957
"367","resistant",1,7.19866016084794,7.19866016084794,14.1484579238288,21.1396620428141,9.05985516120604,2900000,"60",203.17081752289,1,50000,0.000465842377578656,2.22285973334405e-07,20876114.466459,"61906642.4455626","0.337219297344649",0.999999999999957
"368","susceptible",1,14.1484579238288,7.19866016084794,14.1484579238288,21.1396620428141,9.05985516120604,2900000,"60",203.17081752289,1,50000,0.000465842377578656,2.22285973334405e-07,41030527.9791036,"61906642.4455626","0.662780702655351",0.999999999999957
"369","resistant",0,12.0798068816081,12.0798068816081,18.1197103224121,18.1197103224121,12.0798068816081,2900000,"60",203.17081752289,1,50000,0.000465842377578656,2.22285973334405e-07,35031439.9566633,"87578599.8916584","0.4",0.999999999999957
"370","susceptible",0,18.1197103224121,12.0798068816081,18.1197103224121,18.1197103224121,12.0798068816081,2900000,"60",203.17081752289,1,50000,0.000465842377578656,2.22285973334405e-07,52547159.934995,"87578599.8916584","0.6",0.999999999999957
"371","resistant",1,14.8546330254822,14.8546330254822,19.2646564089668,18.1197103224121,12.0798068816081,2900000,"60",203.17081752289,1,50000,0.000465842377578656,2.22285973334405e-07,43078435.7738983,"98945939.3599019","0.435373457997165",0.999999999999957
"372","susceptible",1,19.2646564089668,14.8546330254822,19.2646564089668,18.1197103224121,12.0798068816081,2900000,"60",203.17081752289,1,50000,0.000465842377578656,2.22285973334405e-07,55867503.5860036,"98945939.3599019","0.564626542002835",0.999999999999957
"373","resistant",0,15.0997586020101,15.0997586020101,15.0997586020101,15.0997586020101,15.0997586020101,2900000,"60",203.17081752289,1,50000,0.000465842377578656,2.22285973334403e-07,43789299.9458292,"87578599.8916584","0.5",0.999999999999957
"374","susceptible",0,15.0997586020101,15.0997586020101,15.0997586020101,15.0997586020101,15.0997586020101,2900000,"60",203.17081752289,1,50000,0.000465842377578656,2.22285973334403e-07,43789299.9458292,"87578599.8916584","0.5",0.999999999999957
"375","resistant",1,27.055764003887,27.055764003887,23.8071498705456,15.0997586020101,15.0997586020101,2900000,"60",203.17081752289,1,50000,0.000465842377578656,2.22285973334403e-07,78461715.6112724,"147502450.235855","0.531934998271643",0.999999999999957
"376","susceptible",1,23.8071498705456,27.055764003887,23.8071498705456,15.0997586020101,15.0997586020101,2900000,"60",203.17081752289,1,50000,0.000465842377578656,2.22285973334403e-07,69040734.6245822,"147502450.235855","0.468065001728357",0.999999999999957
"377","resistant",0,18.1197103224121,18.1197103224121,12.079806881608,12.079806881608,18.1197103224121,2900000,"60",203.17081752289,1,50000,0.000465842377578656,2.22285973334405e-07,52547159.934995,"87578599.8916584","0.6",0.999999999999957
"378","susceptible",0,12.079806881608,18.1197103224121,12.079806881608,12.079806881608,18.1197103224121,2900000,"60",203.17081752289,1,50000,0.000465842377578656,2.22285973334405e-07,35031439.9566633,"87578599.8916584","0.4",0.999999999999957
"379","resistant",1,45.2509224119492,45.2509224119492,26.9141422682555,12.079806881608,18.1197103224121,2900000,"60",203.17081752289,1,50000,0.000465842377578656,2.22285973334405e-07,131227674.994653,"209278687.572593","0.627047486376906",0.999999999999957
"380","susceptible",1,26.9141422682555,45.2509224119492,26.9141422682555,12.079806881608,18.1197103224121,2900000,"60",203.17081752289,1,50000,0.000465842377578656,2.22285973334405e-07,78051012.5779409,"209278687.572593","0.372952513623094",0.999999999999957
"381","resistant",0,21.1396620428141,21.1396620428141,9.05985516120604,9.05985516120604,21.1396620428141,2900000,"60",203.17081752289,1,50000,0.000465842377578656,2.22285973334404e-07,61305019.9241609,"87578599.8916584","0.7",0.999999999999957
"382","susceptible",0,9.05985516120604,21.1396620428141,9.05985516120604,9.05985516120604,21.1396620428141,2900000,"60",203.17081752289,1,50000,0.000465842377578656,2.22285973334404e-07,26273579.9674975,"87578599.8916584","0.3",0.999999999999957
"383","resistant",1,70.9266925522758,70.9266925522758,27.4488469580642,9.05985516120604,21.1396620428141,2900000,"60",203.17081752289,1,50000,0.000465842377578656,2.22285973334404e-07,205687408.4016,"285289064.579986","0.720978943600313",0.999999999999957
"384","susceptible",1,27.4488469580642,70.9266925522758,27.4488469580642,9.05985516120604,21.1396620428141,2900000,"60",203.17081752289,1,50000,0.000465842377578656,2.22285973334404e-07,79601656.1783862,"285289064.579986","0.279021056399687",0.999999999999957
"385","resistant",0,24.1596137632161,24.1596137632161,6.03990344080402,6.03990344080402,24.1596137632161,2900000,"60",203.17081752289,1,50000,0.000465842377578656,2.22285973334404e-07,70062879.9133267,"87578599.8916584","0.8",0.999999999999957
"386","susceptible",0,6.03990344080402,24.1596137632161,6.03990344080402,6.03990344080402,24.1596137632161,2900000,"60",203.17081752289,1,50000,0.000465842377578656,2.22285973334404e-07,17515719.9783317,"87578599.8916584","0.2",0.999999999999957
"387","resistant",1,105.384540391557,105.384540391557,24.0624854637062,6.03990344080402,24.1596137632161,2900000,"60",203.17081752289,1,50000,0.000465842377578656,2.22285973334404e-07,305615167.135516,"375396374.980264","0.814113261353638",0.999999999999957
"388","susceptible",1,24.0624854637062,105.384540391557,24.0624854637062,6.03990344080402,24.1596137632161,2900000,"60",203.17081752289,1,50000,0.000465842377578656,2.22285973334404e-07,69781207.844748,"375396374.980264","0.185886738646362",0.999999999999957
"389","resistant",0,27.1795654836181,27.1795654836181,3.01995172040201,3.01995172040201,27.1795654836181,2900000,"60",203.17081752289,1,50000,0.000465842377578656,2.22285973334404e-07,78820739.9024925,"87578599.8916584","0.9",0.999999999999957
"390","susceptible",0,3.01995172040201,27.1795654836181,3.01995172040201,3.01995172040201,27.1795654836181,2900000,"60",203.17081752289,1,50000,0.000465842377578656,2.22285973334404e-07,8757859.98916584,"87578599.8916584","0.1",0.999999999999957
"391","resistant",1,149.450624248729,149.450624248729,15.3366348259147,3.01995172040201,27.1795654836181,2900000,"60",203.17081752289,1,50000,0.000465842377578656,2.22285973334404e-07,433406810.321313,"477883051.316465","0.906930700152202",0.999999999999957
"392","susceptible",1,15.3366348259147,149.450624248729,15.3366348259147,3.01995172040201,27.1795654836181,2900000,"60",203.17081752289,1,50000,0.000465842377578656,2.22285973334404e-07,44476240.9951527,"477883051.316465","0.0930692998477979",0.999999999999957
"393","resistant",0,30.1995172040201,30.1995172040201,0,0,30.1995172040201,2900000,"60",203.17081752289,1,50000,0.000465842377578656,2.22285973334403e-07,87578599.8916584,"87578599.8916584","1",0.999999999999957
"394","susceptible",0,0,30.1995172040201,0,0,30.1995172040201,2900000,"60",203.17081752289,1,50000,0.000465842377578656,2.22285973334403e-07,0,"87578599.8916584","0",0.999999999999957
"395","resistant",1,203.166754106515,203.166754106515,0.00406341635045731,0,30.1995172040201,2900000,"60",203.17081752289,1,50000,0.000465842377578656,2.22285973334403e-07,589183586.908894,"589195370.816311","0.99998",0.999999999999957
"396","susceptible",1,0.00406341635045731,203.166754106515,0.00406341635045731,0,30.1995172040201,2900000,"60",203.17081752289,1,50000,0.000465842377578656,2.22285973334403e-07,11783.9074163262,"589195370.816311","2e-05",0.999999999999957
"397","resistant",0,0,0,82.224264994707,82.224264994707,0,2900000,"60",203.17081752289,1,50000,0.000465842377578656,5.66040199457974e-30,0,"238450368.48465","0",0.99999999999992
"398","susceptible",0,82.224264994707,0,82.224264994707,82.224264994707,0,2900000,"60",203.17081752289,1,50000,0.000465842377578656,5.66040199457974e-30,238450368.48465,"238450368.48465","1",0.99999999999992
"399","resistant",1,1.89291153378909e-06,1.89291153378909e-06,0.0946436837779209,82.224264994707,0,2900000,"60",203.17081752289,1,50000,0.000465842377578656,5.66040199457974e-30,5.48944344798837,"274472.172399419","2e-05",0.99999999999992
"400","susceptible",1,0.0946436837779209,1.89291153378909e-06,0.0946436837779209,82.224264994707,0,2900000,"60",203.17081752289,1,50000,0.000465842377578656,5.66040199457974e-30,274466.682955971,"274472.172399419","0.99998",0.99999999999992
"401","resistant",0,8.22242649947071,8.22242649947071,74.0018384952363,74.0018384952363,8.22242649947071,2900000,"60",203.17081752289,1,50000,0.000465842377578656,5.66040199457983e-30,23845036.848465,"238450368.48465","0.1",0.99999999999992
"402","susceptible",0,74.0018384952363,8.22242649947071,74.0018384952363,74.0018384952363,8.22242649947071,2900000,"60",203.17081752289,1,50000,0.000465842377578656,5.66040199457983e-30,214605331.636185,"238450368.48465","0.9",0.99999999999992
"403","resistant",1,0.540409914775524,0.540409914775524,4.24678697429716,74.0018384952363,8.22242649947071,2900000,"60",203.17081752289,1,50000,0.000465842377578656,5.66040199457983e-30,1567188.75284902,"13882870.9783108","0.112886502748418",0.99999999999992
"404","susceptible",1,4.24678697429716,0.540409914775524,4.24678697429716,74.0018384952363,8.22242649947071,2900000,"60",203.17081752289,1,50000,0.000465842377578656,5.66040199457983e-30,12315682.2254618,"13882870.9783108","0.887113497251582",0.99999999999992
"405","resistant",0,16.4448529989414,16.4448529989414,65.7794119957656,65.7794119957656,16.4448529989414,2900000,"60",203.17081752289,1,50000,0.000465842377578656,5.6604019945798e-30,47690073.6969301,"238450368.48465","0.2",0.999999999999919
"406","susceptible",0,65.7794119957656,16.4448529989414,65.7794119957656,65.7794119957656,16.4448529989414,2900000,"60",203.17081752289,1,50000,0.000465842377578656,5.6604019945798e-30,190760294.78772,"238450368.48465","0.8",0.999999999999919
"407","resistant",1,2.43402814584823,2.43402814584823,8.96894042002486,65.7794119957656,16.4448529989414,2900000,"60",203.17081752289,1,50000,0.000465842377578656,5.6604019945798e-30,7058681.62295987,"33068608.841032","0.213455656900854",0.999999999999919
"408","susceptible",1,8.96894042002486,2.43402814584823,8.96894042002486,65.7794119957656,16.4448529989414,2900000,"60",203.17081752289,1,50000,0.000465842377578656,5.6604019945798e-30,26009927.2180721,"33068608.841032","0.786544343099146",0.999999999999919
"409","resistant",0,24.6672794984121,24.6672794984121,57.5569854962949,57.5569854962949,24.6672794984121,2900000,"60",203.17081752289,1,50000,0.000465842377578656,5.66040199457975e-30,71535110.5453951,"238450368.48465","0.3",0.999999999999919
"410","susceptible",0,57.5569854962949,24.6672794984121,57.5569854962949,57.5569854962949,24.6672794984121,2900000,"60",203.17081752289,1,50000,0.000465842377578656,5.66040199457975e-30,166915257.939255,"238450368.48465","0.7",0.999999999999919
"411","resistant",1,6.44933892480266,6.44933892480266,14.1263872821177,57.5569854962949,24.6672794984121,2900000,"60",203.17081752289,1,50000,0.000465842377578656,5.66040199457975e-30,18703082.8819277,"59669606.000069","0.313444048581552",0.999999999999919
"412","susceptible",1,14.1263872821177,6.44933892480266,14.1263872821177,57.5569854962949,24.6672794984121,2900000,"60",203.17081752289,1,50000,0.000465842377578656,5.66040199457975e-30,40966523.1181413,"59669606.000069","0.686555951418448",0.999999999999919
"413","resistant",0,32.8897059978828,32.8897059978828,49.3345589968242,49.3345589968242,32.8897059978828,2900000,"60",203.17081752289,1,50000,0.000465842377578656,5.66040199457981e-30,95380147.3938602,"238450368.48465","0.4",0.999999999999919
"414","susceptible",0,49.3345589968242,32.8897059978828,49.3345589968242,49.3345589968242,32.8897059978828,2900000,"60",203.17081752289,1,50000,0.000465842377578656,5.66040199457981e-30,143070221.09079,"238450368.48465","0.6",0.999999999999919
"415","resistant",1,13.6393981919523,13.6393981919523,19.3975261778311,49.3345589968242,32.8897059978828,2900000,"60",203.17081752289,1,50000,0.000465842377578656,5.66040199457981e-30,39554254.7566618,"95807080.6723719","0.412853146960234",0.999999999999919
"416","susceptible",1,19.3975261778311,13.6393981919523,19.3975261778311,49.3345589968242,32.8897059978828,2900000,"60",203.17081752289,1,50000,0.000465842377578656,5.66040199457981e-30,56252825.9157101,"95807080.6723719","0.587146853039766",0.999999999999919
"417","resistant",0,41.1121324973535,41.1121324973535,41.1121324973535,41.1121324973535,41.1121324973535,2900000,"60",203.17081752289,1,50000,0.000465842377578656,5.6604019945798e-30,119225184.242325,"238450368.48465","0.5",0.999999999999919
"418","susceptible",0,41.1121324973535,41.1121324973535,41.1121324973535,41.1121324973535,41.1121324973535,2900000,"60",203.17081752289,1,50000,0.000465842377578656,5.6604019945798e-30,119225184.242325,"238450368.48465","0.5",0.999999999999919
"419","resistant",1,25.3541179439523,25.3541179439523,24.1976537070988,41.1121324973535,41.1121324973535,2900000,"60",203.17081752289,1,50000,0.000465842377578656,5.6604019945798e-30,73526942.0374618,"143700137.788048","0.511669252161129",0.999999999999919
"420","susceptible",1,24.1976537070988,25.3541179439523,24.1976537070988,41.1121324973535,41.1121324973535,2900000,"60",203.17081752289,1,50000,0.000465842377578656,5.6604019945798e-30,70173195.7505865,"143700137.788048","0.488330747838871",0.999999999999919
"421","resistant",0,49.3345589968242,49.3345589968242,32.8897059978828,32.8897059978828,49.3345589968242,2900000,"60",203.17081752289,1,50000,0.000465842377578656,5.66040199457981e-30,143070221.09079,"238450368.48465","0.6",0.999999999999919
"422","susceptible",0,32.8897059978828,49.3345589968242,32.8897059978828,32.8897059978828,49.3345589968242,2900000,"60",203.17081752289,1,50000,0.000465842377578656,5.66040199457981e-30,95380147.3938601,"238450368.48465","0.4",0.999999999999919
"423","resistant",1,43.1821099445223,43.1821099445223,27.6171308025629,32.8897059978828,49.3345589968242,2900000,"60",203.17081752289,1,50000,0.000465842377578656,5.66040199457981e-30,125228118.839115,"205317798.166547","0.609923347889858",0.999999999999919
"424","susceptible",1,27.6171308025629,43.1821099445223,27.6171308025629,32.8897059978828,49.3345589968242,2900000,"60",203.17081752289,1,50000,0.000465842377578656,5.66040199457981e-30,80089679.3274325,"205317798.166547","0.390076652110142",0.999999999999919
"425","resistant",0,57.5569854962949,57.5569854962949,24.6672794984121,24.6672794984121,57.5569854962949,2900000,"60",203.17081752289,1,50000,0.000465842377578656,5.6604019945798e-30,166915257.939255,"238450368.48465","0.7",0.999999999999919
"426","susceptible",0,24.6672794984121,57.5569854962949,24.6672794984121,24.6672794984121,57.5569854962949,2900000,"60",203.17081752289,1,50000,0.000465842377578656,5.6604019945798e-30,71535110.5453951,"238450368.48465","0.3",0.999999999999919
"427","resistant",1,68.784520449076,68.784520449076,28.4091509578642,24.6672794984121,57.5569854962949,2900000,"60",203.17081752289,1,50000,0.000465842377578656,5.6604019945798e-30,199475109.30232,"281861647.080126","0.707705753403245",0.999999999999919
"428","susceptible",1,28.4091509578642,68.784520449076,28.4091509578642,24.6672794984121,57.5569854962949,2900000,"60",203.17081752289,1,50000,0.000465842377578656,5.6604019945798e-30,82386537.7778061,"281861647.080126","0.292294246596755",0.999999999999919
"429","resistant",0,65.7794119957656,65.7794119957656,16.4448529989414,16.4448529989414,65.7794119957656,2900000,"60",203.17081752289,1,50000,0.000465842377578656,5.66040199457983e-30,190760294.78772,"238450368.48465","0.8",0.999999999999919
"430","susceptible",0,16.4448529989414,65.7794119957656,16.4448529989414,16.4448529989414,65.7794119957656,2900000,"60",203.17081752289,1,50000,0.000465842377578656,5.66040199457983e-30,47690073.6969301,"238450368.48465","0.2",0.999999999999919
"431","resistant",1,103.601422889592,103.601422889592,25.0691359388992,16.4448529989414,65.7794119957656,2900000,"60",203.17081752289,1,50000,0.000465842377578656,5.66040199457983e-30,300444126.379816,"373144620.602624","0.805168049574459",0.999999999999919
"432","susceptible",1,25.0691359388992,103.601422889592,25.0691359388992,16.4448529989414,65.7794119957656,2900000,"60",203.17081752289,1,50000,0.000465842377578656,5.66040199457983e-30,72700494.2228076,"373144620.602624","0.194831950425541",0.999999999999919
"433","resistant",0,74.0018384952363,74.0018384952363,8.2224264994707,8.2224264994707,74.0018384952363,2900000,"60",203.17081752289,1,50000,0.000465842377578656,5.66040199457984e-30,214605331.636185,"238450368.48465","0.9",0.999999999999919
"434","susceptible",0,8.2224264994707,74.0018384952363,8.2224264994707,8.2224264994707,74.0018384952363,2900000,"60",203.17081752289,1,50000,0.000465842377578656,5.66040199457984e-30,23845036.848465,"238450368.48465","0.1",0.999999999999919
"435","resistant",1,148.457911563562,148.457911563562,16.0358078776279,8.2224264994707,74.0018384952363,2900000,"60",203.17081752289,1,50000,0.000465842377578656,5.66040199457984e-30,430527943.534329,"477031786.37945","0.902514163263473",0.999999999999919
"436","susceptible",1,16.0358078776279,148.457911563562,16.0358078776279,8.2224264994707,74.0018384952363,2900000,"60",203.17081752289,1,50000,0.000465842377578656,5.66040199457984e-30,46503842.8451209,"477031786.37945","0.097485836736527",0.999999999999919
"437","resistant",0,82.224264994707,82.224264994707,0,0,82.224264994707,2900000,"60",203.17081752289,1,50000,0.000465842377578656,5.66040199457974e-30,238450368.48465,"238450368.48465","1",0.99999999999992
"438","susceptible",0,0,82.224264994707,0,0,82.224264994707,2900000,"60",203.17081752289,1,50000,0.000465842377578656,5.66040199457974e-30,0,"238450368.48465","0",0.99999999999992
"439","resistant",1,203.166754106523,203.166754106523,0.00406341635045747,0,82.224264994707,2900000,"60",203.17081752289,1,50000,0.000465842377578656,5.66040199457974e-30,589183586.908917,"589195370.816334","0.99998",0.99999999999992
"440","susceptible",1,0.00406341635045747,203.166754106523,0.00406341635045747,0,82.224264994707,2900000,"60",203.17081752289,1,50000,0.000465842377578656,5.66040199457974e-30,11783.9074163267,"589195370.816334","2e-05",0.99999999999992
"441","resistant",0,0,0,223.872113856834,223.872113856834,0,2900000,"60",203.17081752289,1,50000,0.000465842377578656,1.72170021888207e-91,0,"649229130.184819","0",0.999999999999908
"442","susceptible",0,223.872113856834,0,223.872113856834,223.872113856834,0,2900000,"60",203.17081752289,1,50000,0.000465842377578656,1.72170021888207e-91,649229130.184819,"649229130.184819","1",0.999999999999908
"443","resistant",1,1.89291153378907e-06,1.89291153378907e-06,0.0946436837779198,223.872113856834,0,2900000,"60",203.17081752289,1,50000,0.000465842377578656,1.72170021888207e-91,5.48944344798831,"274472.172399415","2e-05",0.999999999999908
"444","susceptible",1,0.0946436837779198,1.89291153378907e-06,0.0946436837779198,223.872113856834,0,2900000,"60",203.17081752289,1,50000,0.000465842377578656,1.72170021888207e-91,274466.682955967,"274472.172399415","0.99998",0.999999999999908
"445","resistant",0,22.3872113856834,22.3872113856834,201.484902471151,201.484902471151,22.3872113856834,2900000,"60",203.17081752289,1,50000,0.000465842377578656,1.72170021888208e-91,64922913.0184819,"649229130.184819","0.1",0.999999999999907
"446","susceptible",0,201.484902471151,22.3872113856834,201.484902471151,201.484902471151,22.3872113856834,2900000,"60",203.17081752289,1,50000,0.000465842377578656,1.72170021888208e-91,584306217.166337,"649229130.184819","0.9",0.999999999999907
"447","resistant",1,0.494214328604045,0.494214328604045,4.22594747069766,201.484902471151,22.3872113856834,2900000,"60",203.17081752289,1,50000,0.000465842377578656,1.72170021888208e-91,1433221.55295173,"13688469.2179749","0.104702836389456",0.999999999999907
"448","susceptible",1,4.22594747069766,0.494214328604045,4.22594747069766,201.484902471151,22.3872113856834,2900000,"60",203.17081752289,1,50000,0.000465842377578656,1.72170021888208e-91,12255247.6650232,"13688469.2179749","0.895297163610544",0.999999999999907
"449","resistant",0,44.7744227713668,44.7744227713668,179.097691085467,179.097691085467,44.7744227713668,2900000,"60",203.17081752289,1,50000,0.000465842377578656,1.72170021888209e-91,129845826.036964,"649229130.184819","0.2",0.999999999999907
"450","susceptible",0,179.097691085467,44.7744227713668,179.097691085467,179.097691085467,44.7744227713668,2900000,"60",203.17081752289,1,50000,0.000465842377578656,1.72170021888209e-91,519383304.147855,"649229130.184819","0.8",0.999999999999907
"451","resistant",1,2.30391797102356,2.30391797102356,8.9394931379265,179.097691085467,44.7744227713668,2900000,"60",203.17081752289,1,50000,0.000465842377578656,1.72170021888209e-91,6681362.11596832,"32605892.2159552","0.204912721655226",0.999999999999907
"452","susceptible",1,8.9394931379265,2.30391797102356,8.9394931379265,179.097691085467,44.7744227713668,2900000,"60",203.17081752289,1,50000,0.000465842377578656,1.72170021888209e-91,25924530.0999869,"32605892.2159552","0.795087278344774",0.999999999999907
"453","resistant",0,67.1616341570502,67.1616341570502,156.710479699784,156.710479699784,67.1616341570502,2900000,"60",203.17081752289,1,50000,0.000465842377578656,1.72170021888208e-91,194768739.055446,"649229130.184819","0.3",0.999999999999907
"454","susceptible",0,156.710479699784,67.1616341570502,156.710479699784,156.710479699784,67.1616341570502,2900000,"60",203.17081752289,1,50000,0.000465842377578656,1.72170021888208e-91,454460391.129373,"649229130.184819","0.7",0.999999999999907
"455","resistant",1,6.19107586297808,6.19107586297808,14.1132390585404,156.710479699784,67.1616341570502,2900000,"60",203.17081752289,1,50000,0.000465842377578656,1.72170021888208e-91,17954120.0026364,"58882513.2724037","0.304914294666341",0.999999999999907
"456","susceptible",1,14.1132390585404,6.19107586297808,14.1132390585404,156.710479699784,67.1616341570502,2900000,"60",203.17081752289,1,50000,0.000465842377578656,1.72170021888208e-91,40928393.2697672,"58882513.2724037","0.695085705333659",0.999999999999907
"457","resistant",0,89.5488455427336,89.5488455427336,134.3232683141,134.3232683141,89.5488455427336,2900000,"60",203.17081752289,1,50000,0.000465842377578656,1.72170021888207e-91,259691652.073927,"649229130.184819","0.4",0.999999999999907
"458","susceptible",0,134.3232683141,89.5488455427336,134.3232683141,134.3232683141,89.5488455427336,2900000,"60",203.17081752289,1,50000,0.000465842377578656,1.72170021888207e-91,389537478.110891,"649229130.184819","0.6",0.999999999999907
"459","resistant",1,13.2142605033395,13.2142605033395,19.4372614668967,134.3232683141,89.5488455427336,2900000,"60",203.17081752289,1,50000,0.000465842377578656,1.72170021888207e-91,38321355.4596844,"94689413.713685","0.404705805609461",0.999999999999907
"460","susceptible",1,19.4372614668967,13.2142605033395,19.4372614668967,134.3232683141,89.5488455427336,2900000,"60",203.17081752289,1,50000,0.000465842377578656,1.72170021888207e-91,56368058.2540006,"94689413.713685","0.595294194390539",0.999999999999907
"461","resistant",0,111.936056928417,111.936056928417,111.936056928417,111.936056928417,111.936056928417,2900000,"60",203.17081752289,1,50000,0.000465842377578656,1.72170021888208e-91,324614565.092409,"649229130.184819","0.5",0.999999999999907
"462","susceptible",0,111.936056928417,111.936056928417,111.936056928417,111.936056928417,111.936056928417,2900000,"60",203.17081752289,1,50000,0.000465842377578656,1.72170021888208e-91,324614565.092409,"649229130.184819","0.5",0.999999999999907
"463","resistant",1,24.7498190063307,24.7498190063307,24.3298037822294,111.936056928417,111.936056928417,2900000,"60",203.17081752289,1,50000,0.000465842377578656,1.72170021888208e-91,71774475.118359,"142330906.086824","0.504278916587346",0.999999999999907
"464","susceptible",1,24.3298037822294,24.7498190063307,24.3298037822294,111.936056928417,111.936056928417,2900000,"60",203.17081752289,1,50000,0.000465842377578656,1.72170021888208e-91,70556430.9684652,"142330906.086824","0.495721083412654",0.999999999999907
"465","resistant",0,134.3232683141,134.3232683141,89.5488455427336,89.5488455427336,134.3232683141,2900000,"60",203.17081752289,1,50000,0.000465842377578656,1.72170021888205e-91,389537478.110891,"649229130.184819","0.6",0.999999999999907
"466","susceptible",0,89.5488455427336,134.3232683141,89.5488455427336,89.5488455427336,134.3232683141,2900000,"60",203.17081752289,1,50000,0.000465842377578656,1.72170021888205e-91,259691652.073927,"649229130.184819","0.4",0.999999999999907
"467","resistant",1,42.4381682664711,42.4381682664711,27.8653790873691,89.5488455427336,134.3232683141,2900000,"60",203.17081752289,1,50000,0.000465842377578656,1.72170021888205e-91,123070687.972766,"203880287.326137","0.603641919416645",0.999999999999907
"468","susceptible",1,27.8653790873691,42.4381682664711,27.8653790873691,89.5488455427336,134.3232683141,2900000,"60",203.17081752289,1,50000,0.000465842377578656,1.72170021888205e-91,80809599.3533705,"203880287.326137","0.396358080583355",0.999999999999907
"469","resistant",0,156.710479699784,156.710479699784,67.1616341570502,67.1616341570502,156.710479699784,2900000,"60",203.17081752289,1,50000,0.000465842377578656,1.72170021888204e-91,454460391.129373,"649229130.184819","0.7",0.999999999999907
"470","susceptible",0,67.1616341570502,156.710479699784,67.1616341570502,67.1616341570502,156.710479699784,2900000,"60",203.17081752289,1,50000,0.000465842377578656,1.72170021888204e-91,194768739.055446,"649229130.184819","0.3",0.999999999999907
"471","resistant",1,68.0086696551183,68.0086696551183,28.7558424035483,67.1616341570502,156.710479699784,2900000,"60",203.17081752289,1,50000,0.000465842377578656,1.72170021888204e-91,197225141.999843,"280617084.970133","0.70282656532062",0.999999999999907
"472","susceptible",1,28.7558424035483,68.0086696551183,28.7558424035483,67.1616341570502,156.710479699784,2900000,"60",203.17081752289,1,50000,0.000465842377578656,1.72170021888204e-91,83391942.97029,"280617084.970133","0.29717343467938",0.999999999999907
"473","resistant",0,179.097691085467,179.097691085467,44.7744227713668,44.7744227713668,179.097691085467,2900000,"60",203.17081752289,1,50000,0.000465842377578656,1.7217002188821e-91,519383304.147855,"649229130.184819","0.8",0.999999999999907
"474","susceptible",0,44.7744227713668,179.097691085467,44.7744227713668,44.7744227713668,179.097691085467,2900000,"60",203.17081752289,1,50000,0.000465842377578656,1.7217002188821e-91,129845826.036964,"649229130.184819","0.2",0.999999999999907
"475","resistant",1,102.956483301184,102.956483301184,25.4358216277602,44.7744227713668,179.097691085467,2900000,"60",203.17081752289,1,50000,0.000465842377578656,1.7217002188821e-91,298573801.573433,"372337684.293938","0.801889827884645",0.999999999999907
"476","susceptible",1,25.4358216277602,102.956483301184,25.4358216277602,44.7744227713668,179.097691085467,2900000,"60",203.17081752289,1,50000,0.000465842377578656,1.7217002188821e-91,73763882.7205046,"372337684.293938","0.198110172115355",0.999999999999907
"477","resistant",0,201.484902471151,201.484902471151,22.3872113856834,22.3872113856834,201.484902471151,2900000,"60",203.17081752289,1,50000,0.000465842377578656,1.72170021888209e-91,584306217.166337,"649229130.184819","0.9",0.999999999999907
"478","susceptible",0,22.3872113856834,201.484902471151,22.3872113856834,22.3872113856834,201.484902471151,2900000,"60",203.17081752289,1,50000,0.000465842377578656,1.72170021888209e-91,64922913.0184819,"649229130.184819","0.1",0.999999999999907
"479","resistant",1,148.103596721473,148.103596721473,16.2896421801506,22.3872113856834,201.484902471151,2900000,"60",203.17081752289,1,50000,0.000465842377578656,1.72170021888209e-91,429500430.492273,"476740392.81471","0.900910510134187",0.999999999999907
"480","susceptible",1,16.2896421801506,148.103596721473,16.2896421801506,22.3872113856834,201.484902471151,2900000,"60",203.17081752289,1,50000,0.000465842377578656,1.72170021888209e-91,47239962.3224368,"476740392.81471","0.0990894898658128",0.999999999999907
"481","resistant",0,223.872113856834,223.872113856834,0,0,223.872113856834,2900000,"60",203.17081752289,1,50000,0.000465842377578656,1.72170021888207e-91,649229130.184819,"649229130.184819","1",0.999999999999908
"482","susceptible",0,0,223.872113856834,0,0,223.872113856834,2900000,"60",203.17081752289,1,50000,0.000465842377578656,1.72170021888207e-91,0,"649229130.184819","0",0.999999999999908
"483","resistant",1,203.166754106521,203.166754106521,0.00406341635045742,0,223.872113856834,2900000,"60",203.17081752289,1,50000,0.000465842377578656,1.72170021888207e-91,589183586.90891,"589195370.816326","0.99998",0.999999999999908
"484","susceptible",1,0.00406341635045742,203.166754106521,0.00406341635045742,0,223.872113856834,2900000,"60",203.17081752289,1,50000,0.000465842377578656,1.72170021888207e-91,11783.9074163265,"589195370.816326","2e-05",0.999999999999908
