subunits,prob_surv
60,1
40,0.374655868
24,0.22932363
10,0.02271126
5.454545455,0.016232248
0,0.000465842
