"","subunits","prob_surv"
"1",60,1
"2",40,0.374655867592731
"3",24,0.229323630104993
"4",10,0.0227112602672763
"5",5.45454545454545,0.0162322484604149
"6",0,0.000465842377578656
