"","time","nu","id","tot_pfu"
"1",1,0.01,1,26
"2",1,0.01,10,28
"3",1,0.01,100,32
"4",1,0.01,11,36
"5",1,0.01,12,30
"6",1,0.01,13,28
"7",1,0.01,14,30
"8",1,0.01,15,25
"9",1,0.01,16,23
"10",1,0.01,17,29
"11",1,0.01,18,26
"12",1,0.01,19,31
"13",1,0.01,2,26
"14",1,0.01,20,27
"15",1,0.01,21,31
"16",1,0.01,22,40
"17",1,0.01,23,29
"18",1,0.01,24,40
"19",1,0.01,25,30
"20",1,0.01,26,37
"21",1,0.01,27,26
"22",1,0.01,28,30
"23",1,0.01,29,21
"24",1,0.01,3,33
"25",1,0.01,30,34
"26",1,0.01,31,34
"27",1,0.01,32,31
"28",1,0.01,33,34
"29",1,0.01,34,33
"30",1,0.01,35,38
"31",1,0.01,36,22
"32",1,0.01,37,23
"33",1,0.01,38,20
"34",1,0.01,39,31
"35",1,0.01,4,33
"36",1,0.01,40,38
"37",1,0.01,41,29
"38",1,0.01,42,33
"39",1,0.01,43,31
"40",1,0.01,44,21
"41",1,0.01,45,25
"42",1,0.01,46,40
"43",1,0.01,47,24
"44",1,0.01,48,24
"45",1,0.01,49,22
"46",1,0.01,5,32
"47",1,0.01,50,37
"48",1,0.01,51,35
"49",1,0.01,52,33
"50",1,0.01,53,36
"51",1,0.01,54,28
"52",1,0.01,55,33
"53",1,0.01,56,25
"54",1,0.01,57,33
"55",1,0.01,58,36
"56",1,0.01,59,28
"57",1,0.01,6,27
"58",1,0.01,60,32
"59",1,0.01,61,36
"60",1,0.01,62,29
"61",1,0.01,63,38
"62",1,0.01,64,33
"63",1,0.01,65,30
"64",1,0.01,66,25
"65",1,0.01,67,25
"66",1,0.01,68,28
"67",1,0.01,69,28
"68",1,0.01,7,24
"69",1,0.01,70,29
"70",1,0.01,71,30
"71",1,0.01,72,36
"72",1,0.01,73,25
"73",1,0.01,74,35
"74",1,0.01,75,23
"75",1,0.01,76,31
"76",1,0.01,77,35
"77",1,0.01,78,32
"78",1,0.01,79,33
"79",1,0.01,8,31
"80",1,0.01,80,29
"81",1,0.01,81,29
"82",1,0.01,82,31
"83",1,0.01,83,36
"84",1,0.01,84,27
"85",1,0.01,85,26
"86",1,0.01,86,30
"87",1,0.01,87,28
"88",1,0.01,88,44
"89",1,0.01,89,31
"90",1,0.01,9,38
"91",1,0.01,90,22
"92",1,0.01,91,29
"93",1,0.01,92,26
"94",1,0.01,93,29
"95",1,0.01,94,25
"96",1,0.01,95,22
"97",1,0.01,96,25
"98",1,0.01,97,26
"99",1,0.01,98,29
"100",1,0.01,99,25
"101",1,0.01123324,1,41
"102",1,0.01123324,10,39
"103",1,0.01123324,100,38
"104",1,0.01123324,11,40
"105",1,0.01123324,12,35
"106",1,0.01123324,13,30
"107",1,0.01123324,14,33
"108",1,0.01123324,15,38
"109",1,0.01123324,16,47
"110",1,0.01123324,17,45
"111",1,0.01123324,18,26
"112",1,0.01123324,19,27
"113",1,0.01123324,2,25
"114",1,0.01123324,20,29
"115",1,0.01123324,21,56
"116",1,0.01123324,22,37
"117",1,0.01123324,23,26
"118",1,0.01123324,24,36
"119",1,0.01123324,25,27
"120",1,0.01123324,26,31
"121",1,0.01123324,27,47
"122",1,0.01123324,28,29
"123",1,0.01123324,29,27
"124",1,0.01123324,3,34
"125",1,0.01123324,30,39
"126",1,0.01123324,31,31
"127",1,0.01123324,32,32
"128",1,0.01123324,33,43
"129",1,0.01123324,34,24
"130",1,0.01123324,35,32
"131",1,0.01123324,36,39
"132",1,0.01123324,37,41
"133",1,0.01123324,38,36
"134",1,0.01123324,39,31
"135",1,0.01123324,4,42
"136",1,0.01123324,40,24
"137",1,0.01123324,41,49
"138",1,0.01123324,42,35
"139",1,0.01123324,43,30
"140",1,0.01123324,44,27
"141",1,0.01123324,45,46
"142",1,0.01123324,46,40
"143",1,0.01123324,47,23
"144",1,0.01123324,48,34
"145",1,0.01123324,49,35
"146",1,0.01123324,5,38
"147",1,0.01123324,50,34
"148",1,0.01123324,51,31
"149",1,0.01123324,52,22
"150",1,0.01123324,53,32
"151",1,0.01123324,54,31
"152",1,0.01123324,55,33
"153",1,0.01123324,56,33
"154",1,0.01123324,57,36
"155",1,0.01123324,58,26
"156",1,0.01123324,59,32
"157",1,0.01123324,6,38
"158",1,0.01123324,60,27
"159",1,0.01123324,61,27
"160",1,0.01123324,62,36
"161",1,0.01123324,63,33
"162",1,0.01123324,64,32
"163",1,0.01123324,65,37
"164",1,0.01123324,66,47
"165",1,0.01123324,67,38
"166",1,0.01123324,68,37
"167",1,0.01123324,69,30
"168",1,0.01123324,7,30
"169",1,0.01123324,70,27
"170",1,0.01123324,71,38
"171",1,0.01123324,72,38
"172",1,0.01123324,73,29
"173",1,0.01123324,74,39
"174",1,0.01123324,75,39
"175",1,0.01123324,76,20
"176",1,0.01123324,77,31
"177",1,0.01123324,78,27
"178",1,0.01123324,79,33
"179",1,0.01123324,8,42
"180",1,0.01123324,80,32
"181",1,0.01123324,81,29
"182",1,0.01123324,82,45
"183",1,0.01123324,83,36
"184",1,0.01123324,84,33
"185",1,0.01123324,85,34
"186",1,0.01123324,86,29
"187",1,0.01123324,87,28
"188",1,0.01123324,88,35
"189",1,0.01123324,89,27
"190",1,0.01123324,9,40
"191",1,0.01123324,90,26
"192",1,0.01123324,91,27
"193",1,0.01123324,92,37
"194",1,0.01123324,93,41
"195",1,0.01123324,94,28
"196",1,0.01123324,95,37
"197",1,0.01123324,96,25
"198",1,0.01123324,97,32
"199",1,0.01123324,98,41
"200",1,0.01123324,99,28
"201",1,0.01261857,1,36
"202",1,0.01261857,10,42
"203",1,0.01261857,100,46
"204",1,0.01261857,11,40
"205",1,0.01261857,12,41
"206",1,0.01261857,13,36
"207",1,0.01261857,14,33
"208",1,0.01261857,15,35
"209",1,0.01261857,16,41
"210",1,0.01261857,17,37
"211",1,0.01261857,18,44
"212",1,0.01261857,19,35
"213",1,0.01261857,2,41
"214",1,0.01261857,20,38
"215",1,0.01261857,21,46
"216",1,0.01261857,22,31
"217",1,0.01261857,23,34
"218",1,0.01261857,24,39
"219",1,0.01261857,25,35
"220",1,0.01261857,26,45
"221",1,0.01261857,27,40
"222",1,0.01261857,28,44
"223",1,0.01261857,29,43
"224",1,0.01261857,3,40
"225",1,0.01261857,30,39
"226",1,0.01261857,31,42
"227",1,0.01261857,32,33
"228",1,0.01261857,33,44
"229",1,0.01261857,34,30
"230",1,0.01261857,35,29
"231",1,0.01261857,36,37
"232",1,0.01261857,37,29
"233",1,0.01261857,38,50
"234",1,0.01261857,39,38
"235",1,0.01261857,4,36
"236",1,0.01261857,40,37
"237",1,0.01261857,41,49
"238",1,0.01261857,42,45
"239",1,0.01261857,43,29
"240",1,0.01261857,44,33
"241",1,0.01261857,45,36
"242",1,0.01261857,46,44
"243",1,0.01261857,47,41
"244",1,0.01261857,48,32
"245",1,0.01261857,49,36
"246",1,0.01261857,5,35
"247",1,0.01261857,50,31
"248",1,0.01261857,51,25
"249",1,0.01261857,52,34
"250",1,0.01261857,53,31
"251",1,0.01261857,54,46
"252",1,0.01261857,55,41
"253",1,0.01261857,56,39
"254",1,0.01261857,57,51
"255",1,0.01261857,58,33
"256",1,0.01261857,59,43
"257",1,0.01261857,6,29
"258",1,0.01261857,60,27
"259",1,0.01261857,61,47
"260",1,0.01261857,62,42
"261",1,0.01261857,63,31
"262",1,0.01261857,64,47
"263",1,0.01261857,65,34
"264",1,0.01261857,66,32
"265",1,0.01261857,67,40
"266",1,0.01261857,68,26
"267",1,0.01261857,69,34
"268",1,0.01261857,7,32
"269",1,0.01261857,70,38
"270",1,0.01261857,71,31
"271",1,0.01261857,72,40
"272",1,0.01261857,73,35
"273",1,0.01261857,74,37
"274",1,0.01261857,75,33
"275",1,0.01261857,76,34
"276",1,0.01261857,77,42
"277",1,0.01261857,78,42
"278",1,0.01261857,79,46
"279",1,0.01261857,8,38
"280",1,0.01261857,80,37
"281",1,0.01261857,81,40
"282",1,0.01261857,82,32
"283",1,0.01261857,83,30
"284",1,0.01261857,84,37
"285",1,0.01261857,85,33
"286",1,0.01261857,86,39
"287",1,0.01261857,87,39
"288",1,0.01261857,88,34
"289",1,0.01261857,89,49
"290",1,0.01261857,9,43
"291",1,0.01261857,90,38
"292",1,0.01261857,91,38
"293",1,0.01261857,92,28
"294",1,0.01261857,93,32
"295",1,0.01261857,94,33
"296",1,0.01261857,95,26
"297",1,0.01261857,96,44
"298",1,0.01261857,97,31
"299",1,0.01261857,98,26
"300",1,0.01261857,99,38
"301",1,0.01417474,1,51
"302",1,0.01417474,10,47
"303",1,0.01417474,100,42
"304",1,0.01417474,11,46
"305",1,0.01417474,12,38
"306",1,0.01417474,13,49
"307",1,0.01417474,14,48
"308",1,0.01417474,15,37
"309",1,0.01417474,16,27
"310",1,0.01417474,17,43
"311",1,0.01417474,18,42
"312",1,0.01417474,19,45
"313",1,0.01417474,2,43
"314",1,0.01417474,20,38
"315",1,0.01417474,21,54
"316",1,0.01417474,22,50
"317",1,0.01417474,23,31
"318",1,0.01417474,24,56
"319",1,0.01417474,25,35
"320",1,0.01417474,26,42
"321",1,0.01417474,27,45
"322",1,0.01417474,28,43
"323",1,0.01417474,29,45
"324",1,0.01417474,3,36
"325",1,0.01417474,30,37
"326",1,0.01417474,31,51
"327",1,0.01417474,32,39
"328",1,0.01417474,33,52
"329",1,0.01417474,34,45
"330",1,0.01417474,35,33
"331",1,0.01417474,36,40
"332",1,0.01417474,37,49
"333",1,0.01417474,38,45
"334",1,0.01417474,39,35
"335",1,0.01417474,4,48
"336",1,0.01417474,40,38
"337",1,0.01417474,41,41
"338",1,0.01417474,42,43
"339",1,0.01417474,43,41
"340",1,0.01417474,44,40
"341",1,0.01417474,45,40
"342",1,0.01417474,46,46
"343",1,0.01417474,47,45
"344",1,0.01417474,48,46
"345",1,0.01417474,49,42
"346",1,0.01417474,5,42
"347",1,0.01417474,50,39
"348",1,0.01417474,51,52
"349",1,0.01417474,52,56
"350",1,0.01417474,53,51
"351",1,0.01417474,54,40
"352",1,0.01417474,55,46
"353",1,0.01417474,56,34
"354",1,0.01417474,57,39
"355",1,0.01417474,58,43
"356",1,0.01417474,59,52
"357",1,0.01417474,6,36
"358",1,0.01417474,60,45
"359",1,0.01417474,61,40
"360",1,0.01417474,62,39
"361",1,0.01417474,63,44
"362",1,0.01417474,64,27
"363",1,0.01417474,65,54
"364",1,0.01417474,66,40
"365",1,0.01417474,67,29
"366",1,0.01417474,68,43
"367",1,0.01417474,69,43
"368",1,0.01417474,7,38
"369",1,0.01417474,70,45
"370",1,0.01417474,71,39
"371",1,0.01417474,72,33
"372",1,0.01417474,73,62
"373",1,0.01417474,74,30
"374",1,0.01417474,75,42
"375",1,0.01417474,76,44
"376",1,0.01417474,77,51
"377",1,0.01417474,78,36
"378",1,0.01417474,79,44
"379",1,0.01417474,8,37
"380",1,0.01417474,80,42
"381",1,0.01417474,81,52
"382",1,0.01417474,82,40
"383",1,0.01417474,83,39
"384",1,0.01417474,84,47
"385",1,0.01417474,85,38
"386",1,0.01417474,86,33
"387",1,0.01417474,87,35
"388",1,0.01417474,88,38
"389",1,0.01417474,89,44
"390",1,0.01417474,9,32
"391",1,0.01417474,90,52
"392",1,0.01417474,91,44
"393",1,0.01417474,92,37
"394",1,0.01417474,93,33
"395",1,0.01417474,94,48
"396",1,0.01417474,95,39
"397",1,0.01417474,96,47
"398",1,0.01417474,97,49
"399",1,0.01417474,98,39
"400",1,0.01417474,99,39
"401",1,0.01592283,1,54
"402",1,0.01592283,10,48
"403",1,0.01592283,100,52
"404",1,0.01592283,11,64
"405",1,0.01592283,12,43
"406",1,0.01592283,13,41
"407",1,0.01592283,14,33
"408",1,0.01592283,15,30
"409",1,0.01592283,16,50
"410",1,0.01592283,17,54
"411",1,0.01592283,18,46
"412",1,0.01592283,19,40
"413",1,0.01592283,2,54
"414",1,0.01592283,20,56
"415",1,0.01592283,21,49
"416",1,0.01592283,22,51
"417",1,0.01592283,23,55
"418",1,0.01592283,24,40
"419",1,0.01592283,25,45
"420",1,0.01592283,26,38
"421",1,0.01592283,27,49
"422",1,0.01592283,28,40
"423",1,0.01592283,29,41
"424",1,0.01592283,3,51
"425",1,0.01592283,30,51
"426",1,0.01592283,31,50
"427",1,0.01592283,32,48
"428",1,0.01592283,33,49
"429",1,0.01592283,34,38
"430",1,0.01592283,35,35
"431",1,0.01592283,36,47
"432",1,0.01592283,37,45
"433",1,0.01592283,38,41
"434",1,0.01592283,39,51
"435",1,0.01592283,4,64
"436",1,0.01592283,40,46
"437",1,0.01592283,41,44
"438",1,0.01592283,42,56
"439",1,0.01592283,43,38
"440",1,0.01592283,44,42
"441",1,0.01592283,45,43
"442",1,0.01592283,46,46
"443",1,0.01592283,47,39
"444",1,0.01592283,48,54
"445",1,0.01592283,49,48
"446",1,0.01592283,5,42
"447",1,0.01592283,50,44
"448",1,0.01592283,51,42
"449",1,0.01592283,52,44
"450",1,0.01592283,53,46
"451",1,0.01592283,54,59
"452",1,0.01592283,55,53
"453",1,0.01592283,56,45
"454",1,0.01592283,57,45
"455",1,0.01592283,58,34
"456",1,0.01592283,59,39
"457",1,0.01592283,6,46
"458",1,0.01592283,60,52
"459",1,0.01592283,61,62
"460",1,0.01592283,62,46
"461",1,0.01592283,63,49
"462",1,0.01592283,64,55
"463",1,0.01592283,65,43
"464",1,0.01592283,66,33
"465",1,0.01592283,67,53
"466",1,0.01592283,68,45
"467",1,0.01592283,69,53
"468",1,0.01592283,7,47
"469",1,0.01592283,70,44
"470",1,0.01592283,71,43
"471",1,0.01592283,72,35
"472",1,0.01592283,73,50
"473",1,0.01592283,74,52
"474",1,0.01592283,75,48
"475",1,0.01592283,76,54
"476",1,0.01592283,77,39
"477",1,0.01592283,78,44
"478",1,0.01592283,79,37
"479",1,0.01592283,8,63
"480",1,0.01592283,80,43
"481",1,0.01592283,81,57
"482",1,0.01592283,82,53
"483",1,0.01592283,83,56
"484",1,0.01592283,84,44
"485",1,0.01592283,85,49
"486",1,0.01592283,86,55
"487",1,0.01592283,87,45
"488",1,0.01592283,88,47
"489",1,0.01592283,89,46
"490",1,0.01592283,9,42
"491",1,0.01592283,90,54
"492",1,0.01592283,91,50
"493",1,0.01592283,92,42
"494",1,0.01592283,93,52
"495",1,0.01592283,94,37
"496",1,0.01592283,95,50
"497",1,0.01592283,96,44
"498",1,0.01592283,97,60
"499",1,0.01592283,98,53
"500",1,0.01592283,99,48
"501",1,0.0178865,1,57
"502",1,0.0178865,10,53
"503",1,0.0178865,100,53
"504",1,0.0178865,11,55
"505",1,0.0178865,12,46
"506",1,0.0178865,13,66
"507",1,0.0178865,14,55
"508",1,0.0178865,15,48
"509",1,0.0178865,16,68
"510",1,0.0178865,17,58
"511",1,0.0178865,18,52
"512",1,0.0178865,19,52
"513",1,0.0178865,2,52
"514",1,0.0178865,20,53
"515",1,0.0178865,21,55
"516",1,0.0178865,22,60
"517",1,0.0178865,23,54
"518",1,0.0178865,24,50
"519",1,0.0178865,25,50
"520",1,0.0178865,26,46
"521",1,0.0178865,27,55
"522",1,0.0178865,28,60
"523",1,0.0178865,29,53
"524",1,0.0178865,3,55
"525",1,0.0178865,30,48
"526",1,0.0178865,31,57
"527",1,0.0178865,32,66
"528",1,0.0178865,33,46
"529",1,0.0178865,34,49
"530",1,0.0178865,35,65
"531",1,0.0178865,36,42
"532",1,0.0178865,37,58
"533",1,0.0178865,38,60
"534",1,0.0178865,39,46
"535",1,0.0178865,4,55
"536",1,0.0178865,40,43
"537",1,0.0178865,41,48
"538",1,0.0178865,42,54
"539",1,0.0178865,43,59
"540",1,0.0178865,44,38
"541",1,0.0178865,45,52
"542",1,0.0178865,46,49
"543",1,0.0178865,47,60
"544",1,0.0178865,48,49
"545",1,0.0178865,49,51
"546",1,0.0178865,5,50
"547",1,0.0178865,50,65
"548",1,0.0178865,51,52
"549",1,0.0178865,52,51
"550",1,0.0178865,53,64
"551",1,0.0178865,54,42
"552",1,0.0178865,55,47
"553",1,0.0178865,56,49
"554",1,0.0178865,57,52
"555",1,0.0178865,58,55
"556",1,0.0178865,59,51
"557",1,0.0178865,6,55
"558",1,0.0178865,60,54
"559",1,0.0178865,61,66
"560",1,0.0178865,62,45
"561",1,0.0178865,63,61
"562",1,0.0178865,64,53
"563",1,0.0178865,65,55
"564",1,0.0178865,66,47
"565",1,0.0178865,67,47
"566",1,0.0178865,68,56
"567",1,0.0178865,69,62
"568",1,0.0178865,7,55
"569",1,0.0178865,70,53
"570",1,0.0178865,71,47
"571",1,0.0178865,72,63
"572",1,0.0178865,73,46
"573",1,0.0178865,74,61
"574",1,0.0178865,75,40
"575",1,0.0178865,76,55
"576",1,0.0178865,77,54
"577",1,0.0178865,78,49
"578",1,0.0178865,79,69
"579",1,0.0178865,8,51
"580",1,0.0178865,80,69
"581",1,0.0178865,81,51
"582",1,0.0178865,82,60
"583",1,0.0178865,83,50
"584",1,0.0178865,84,53
"585",1,0.0178865,85,50
"586",1,0.0178865,86,44
"587",1,0.0178865,87,47
"588",1,0.0178865,88,63
"589",1,0.0178865,89,54
"590",1,0.0178865,9,60
"591",1,0.0178865,90,61
"592",1,0.0178865,91,48
"593",1,0.0178865,92,48
"594",1,0.0178865,93,54
"595",1,0.0178865,94,46
"596",1,0.0178865,95,49
"597",1,0.0178865,96,56
"598",1,0.0178865,97,46
"599",1,0.0178865,98,50
"600",1,0.0178865,99,46
"601",1,0.02009233,1,73
"602",1,0.02009233,10,55
"603",1,0.02009233,100,63
"604",1,0.02009233,11,68
"605",1,0.02009233,12,62
"606",1,0.02009233,13,60
"607",1,0.02009233,14,65
"608",1,0.02009233,15,66
"609",1,0.02009233,16,40
"610",1,0.02009233,17,56
"611",1,0.02009233,18,70
"612",1,0.02009233,19,50
"613",1,0.02009233,2,57
"614",1,0.02009233,20,57
"615",1,0.02009233,21,47
"616",1,0.02009233,22,47
"617",1,0.02009233,23,62
"618",1,0.02009233,24,70
"619",1,0.02009233,25,73
"620",1,0.02009233,26,76
"621",1,0.02009233,27,64
"622",1,0.02009233,28,50
"623",1,0.02009233,29,50
"624",1,0.02009233,3,51
"625",1,0.02009233,30,59
"626",1,0.02009233,31,50
"627",1,0.02009233,32,57
"628",1,0.02009233,33,64
"629",1,0.02009233,34,52
"630",1,0.02009233,35,64
"631",1,0.02009233,36,66
"632",1,0.02009233,37,53
"633",1,0.02009233,38,61
"634",1,0.02009233,39,66
"635",1,0.02009233,4,71
"636",1,0.02009233,40,64
"637",1,0.02009233,41,73
"638",1,0.02009233,42,58
"639",1,0.02009233,43,51
"640",1,0.02009233,44,65
"641",1,0.02009233,45,61
"642",1,0.02009233,46,59
"643",1,0.02009233,47,63
"644",1,0.02009233,48,65
"645",1,0.02009233,49,59
"646",1,0.02009233,5,73
"647",1,0.02009233,50,62
"648",1,0.02009233,51,71
"649",1,0.02009233,52,45
"650",1,0.02009233,53,51
"651",1,0.02009233,54,50
"652",1,0.02009233,55,55
"653",1,0.02009233,56,51
"654",1,0.02009233,57,51
"655",1,0.02009233,58,67
"656",1,0.02009233,59,65
"657",1,0.02009233,6,55
"658",1,0.02009233,60,70
"659",1,0.02009233,61,66
"660",1,0.02009233,62,46
"661",1,0.02009233,63,46
"662",1,0.02009233,64,58
"663",1,0.02009233,65,66
"664",1,0.02009233,66,63
"665",1,0.02009233,67,81
"666",1,0.02009233,68,68
"667",1,0.02009233,69,60
"668",1,0.02009233,7,64
"669",1,0.02009233,70,48
"670",1,0.02009233,71,58
"671",1,0.02009233,72,68
"672",1,0.02009233,73,60
"673",1,0.02009233,74,50
"674",1,0.02009233,75,56
"675",1,0.02009233,76,62
"676",1,0.02009233,77,55
"677",1,0.02009233,78,57
"678",1,0.02009233,79,67
"679",1,0.02009233,8,65
"680",1,0.02009233,80,58
"681",1,0.02009233,81,67
"682",1,0.02009233,82,67
"683",1,0.02009233,83,63
"684",1,0.02009233,84,63
"685",1,0.02009233,85,70
"686",1,0.02009233,86,56
"687",1,0.02009233,87,53
"688",1,0.02009233,88,51
"689",1,0.02009233,89,69
"690",1,0.02009233,9,48
"691",1,0.02009233,90,58
"692",1,0.02009233,91,56
"693",1,0.02009233,92,46
"694",1,0.02009233,93,57
"695",1,0.02009233,94,57
"696",1,0.02009233,95,59
"697",1,0.02009233,96,60
"698",1,0.02009233,97,61
"699",1,0.02009233,98,60
"700",1,0.02009233,99,56
"701",1,0.0225702,1,59
"702",1,0.0225702,10,50
"703",1,0.0225702,100,60
"704",1,0.0225702,11,50
"705",1,0.0225702,12,62
"706",1,0.0225702,13,64
"707",1,0.0225702,14,76
"708",1,0.0225702,15,83
"709",1,0.0225702,16,78
"710",1,0.0225702,17,67
"711",1,0.0225702,18,68
"712",1,0.0225702,19,62
"713",1,0.0225702,2,76
"714",1,0.0225702,20,75
"715",1,0.0225702,21,76
"716",1,0.0225702,22,82
"717",1,0.0225702,23,68
"718",1,0.0225702,24,74
"719",1,0.0225702,25,51
"720",1,0.0225702,26,66
"721",1,0.0225702,27,80
"722",1,0.0225702,28,69
"723",1,0.0225702,29,70
"724",1,0.0225702,3,75
"725",1,0.0225702,30,102
"726",1,0.0225702,31,72
"727",1,0.0225702,32,65
"728",1,0.0225702,33,81
"729",1,0.0225702,34,54
"730",1,0.0225702,35,59
"731",1,0.0225702,36,75
"732",1,0.0225702,37,73
"733",1,0.0225702,38,87
"734",1,0.0225702,39,80
"735",1,0.0225702,4,62
"736",1,0.0225702,40,66
"737",1,0.0225702,41,59
"738",1,0.0225702,42,54
"739",1,0.0225702,43,65
"740",1,0.0225702,44,58
"741",1,0.0225702,45,72
"742",1,0.0225702,46,62
"743",1,0.0225702,47,64
"744",1,0.0225702,48,71
"745",1,0.0225702,49,80
"746",1,0.0225702,5,75
"747",1,0.0225702,50,71
"748",1,0.0225702,51,71
"749",1,0.0225702,52,76
"750",1,0.0225702,53,67
"751",1,0.0225702,54,70
"752",1,0.0225702,55,75
"753",1,0.0225702,56,74
"754",1,0.0225702,57,76
"755",1,0.0225702,58,62
"756",1,0.0225702,59,82
"757",1,0.0225702,6,57
"758",1,0.0225702,60,70
"759",1,0.0225702,61,58
"760",1,0.0225702,62,66
"761",1,0.0225702,63,65
"762",1,0.0225702,64,71
"763",1,0.0225702,65,69
"764",1,0.0225702,66,62
"765",1,0.0225702,67,68
"766",1,0.0225702,68,63
"767",1,0.0225702,69,83
"768",1,0.0225702,7,71
"769",1,0.0225702,70,78
"770",1,0.0225702,71,57
"771",1,0.0225702,72,56
"772",1,0.0225702,73,68
"773",1,0.0225702,74,61
"774",1,0.0225702,75,71
"775",1,0.0225702,76,66
"776",1,0.0225702,77,65
"777",1,0.0225702,78,65
"778",1,0.0225702,79,65
"779",1,0.0225702,8,77
"780",1,0.0225702,80,63
"781",1,0.0225702,81,73
"782",1,0.0225702,82,70
"783",1,0.0225702,83,68
"784",1,0.0225702,84,55
"785",1,0.0225702,85,62
"786",1,0.0225702,86,77
"787",1,0.0225702,87,64
"788",1,0.0225702,88,61
"789",1,0.0225702,89,68
"790",1,0.0225702,9,53
"791",1,0.0225702,90,79
"792",1,0.0225702,91,77
"793",1,0.0225702,92,62
"794",1,0.0225702,93,70
"795",1,0.0225702,94,58
"796",1,0.0225702,95,58
"797",1,0.0225702,96,75
"798",1,0.0225702,97,60
"799",1,0.0225702,98,72
"800",1,0.0225702,99,61
"801",1,0.02535364,1,85
"802",1,0.02535364,10,83
"803",1,0.02535364,100,72
"804",1,0.02535364,11,77
"805",1,0.02535364,12,91
"806",1,0.02535364,13,68
"807",1,0.02535364,14,72
"808",1,0.02535364,15,75
"809",1,0.02535364,16,77
"810",1,0.02535364,17,69
"811",1,0.02535364,18,91
"812",1,0.02535364,19,98
"813",1,0.02535364,2,92
"814",1,0.02535364,20,69
"815",1,0.02535364,21,84
"816",1,0.02535364,22,66
"817",1,0.02535364,23,67
"818",1,0.02535364,24,86
"819",1,0.02535364,25,68
"820",1,0.02535364,26,80
"821",1,0.02535364,27,84
"822",1,0.02535364,28,65
"823",1,0.02535364,29,63
"824",1,0.02535364,3,80
"825",1,0.02535364,30,83
"826",1,0.02535364,31,68
"827",1,0.02535364,32,67
"828",1,0.02535364,33,75
"829",1,0.02535364,34,80
"830",1,0.02535364,35,79
"831",1,0.02535364,36,70
"832",1,0.02535364,37,73
"833",1,0.02535364,38,72
"834",1,0.02535364,39,79
"835",1,0.02535364,4,78
"836",1,0.02535364,40,93
"837",1,0.02535364,41,76
"838",1,0.02535364,42,65
"839",1,0.02535364,43,77
"840",1,0.02535364,44,72
"841",1,0.02535364,45,89
"842",1,0.02535364,46,64
"843",1,0.02535364,47,83
"844",1,0.02535364,48,69
"845",1,0.02535364,49,94
"846",1,0.02535364,5,95
"847",1,0.02535364,50,63
"848",1,0.02535364,51,83
"849",1,0.02535364,52,62
"850",1,0.02535364,53,77
"851",1,0.02535364,54,100
"852",1,0.02535364,55,72
"853",1,0.02535364,56,79
"854",1,0.02535364,57,60
"855",1,0.02535364,58,79
"856",1,0.02535364,59,87
"857",1,0.02535364,6,84
"858",1,0.02535364,60,75
"859",1,0.02535364,61,76
"860",1,0.02535364,62,85
"861",1,0.02535364,63,78
"862",1,0.02535364,64,81
"863",1,0.02535364,65,81
"864",1,0.02535364,66,79
"865",1,0.02535364,67,74
"866",1,0.02535364,68,84
"867",1,0.02535364,69,85
"868",1,0.02535364,7,86
"869",1,0.02535364,70,76
"870",1,0.02535364,71,84
"871",1,0.02535364,72,75
"872",1,0.02535364,73,66
"873",1,0.02535364,74,61
"874",1,0.02535364,75,76
"875",1,0.02535364,76,81
"876",1,0.02535364,77,77
"877",1,0.02535364,78,77
"878",1,0.02535364,79,75
"879",1,0.02535364,8,71
"880",1,0.02535364,80,84
"881",1,0.02535364,81,77
"882",1,0.02535364,82,73
"883",1,0.02535364,83,93
"884",1,0.02535364,84,74
"885",1,0.02535364,85,67
"886",1,0.02535364,86,72
"887",1,0.02535364,87,81
"888",1,0.02535364,88,84
"889",1,0.02535364,89,71
"890",1,0.02535364,9,85
"891",1,0.02535364,90,82
"892",1,0.02535364,91,76
"893",1,0.02535364,92,78
"894",1,0.02535364,93,98
"895",1,0.02535364,94,68
"896",1,0.02535364,95,69
"897",1,0.02535364,96,82
"898",1,0.02535364,97,79
"899",1,0.02535364,98,82
"900",1,0.02535364,99,84
"901",1,0.02848036,1,81
"902",1,0.02848036,10,85
"903",1,0.02848036,100,81
"904",1,0.02848036,11,81
"905",1,0.02848036,12,84
"906",1,0.02848036,13,85
"907",1,0.02848036,14,100
"908",1,0.02848036,15,79
"909",1,0.02848036,16,82
"910",1,0.02848036,17,87
"911",1,0.02848036,18,85
"912",1,0.02848036,19,89
"913",1,0.02848036,2,83
"914",1,0.02848036,20,96
"915",1,0.02848036,21,76
"916",1,0.02848036,22,81
"917",1,0.02848036,23,79
"918",1,0.02848036,24,86
"919",1,0.02848036,25,87
"920",1,0.02848036,26,76
"921",1,0.02848036,27,86
"922",1,0.02848036,28,90
"923",1,0.02848036,29,92
"924",1,0.02848036,3,83
"925",1,0.02848036,30,100
"926",1,0.02848036,31,87
"927",1,0.02848036,32,94
"928",1,0.02848036,33,75
"929",1,0.02848036,34,74
"930",1,0.02848036,35,88
"931",1,0.02848036,36,97
"932",1,0.02848036,37,95
"933",1,0.02848036,38,80
"934",1,0.02848036,39,92
"935",1,0.02848036,4,97
"936",1,0.02848036,40,92
"937",1,0.02848036,41,101
"938",1,0.02848036,42,87
"939",1,0.02848036,43,94
"940",1,0.02848036,44,86
"941",1,0.02848036,45,90
"942",1,0.02848036,46,87
"943",1,0.02848036,47,95
"944",1,0.02848036,48,80
"945",1,0.02848036,49,81
"946",1,0.02848036,5,91
"947",1,0.02848036,50,62
"948",1,0.02848036,51,83
"949",1,0.02848036,52,62
"950",1,0.02848036,53,97
"951",1,0.02848036,54,83
"952",1,0.02848036,55,92
"953",1,0.02848036,56,82
"954",1,0.02848036,57,63
"955",1,0.02848036,58,88
"956",1,0.02848036,59,91
"957",1,0.02848036,6,83
"958",1,0.02848036,60,92
"959",1,0.02848036,61,96
"960",1,0.02848036,62,79
"961",1,0.02848036,63,74
"962",1,0.02848036,64,91
"963",1,0.02848036,65,105
"964",1,0.02848036,66,98
"965",1,0.02848036,67,88
"966",1,0.02848036,68,93
"967",1,0.02848036,69,95
"968",1,0.02848036,7,75
"969",1,0.02848036,70,92
"970",1,0.02848036,71,82
"971",1,0.02848036,72,78
"972",1,0.02848036,73,78
"973",1,0.02848036,74,86
"974",1,0.02848036,75,91
"975",1,0.02848036,76,84
"976",1,0.02848036,77,94
"977",1,0.02848036,78,83
"978",1,0.02848036,79,107
"979",1,0.02848036,8,101
"980",1,0.02848036,80,96
"981",1,0.02848036,81,98
"982",1,0.02848036,82,93
"983",1,0.02848036,83,81
"984",1,0.02848036,84,69
"985",1,0.02848036,85,72
"986",1,0.02848036,86,86
"987",1,0.02848036,87,95
"988",1,0.02848036,88,89
"989",1,0.02848036,89,68
"990",1,0.02848036,9,83
"991",1,0.02848036,90,91
"992",1,0.02848036,91,68
"993",1,0.02848036,92,87
"994",1,0.02848036,93,75
"995",1,0.02848036,94,94
"996",1,0.02848036,95,93
"997",1,0.02848036,96,85
"998",1,0.02848036,97,72
"999",1,0.02848036,98,83
"1000",1,0.02848036,99,80
"1001",1,0.03199267,1,78
"1002",1,0.03199267,10,98
"1003",1,0.03199267,100,70
"1004",1,0.03199267,11,83
"1005",1,0.03199267,12,95
"1006",1,0.03199267,13,110
"1007",1,0.03199267,14,94
"1008",1,0.03199267,15,105
"1009",1,0.03199267,16,101
"1010",1,0.03199267,17,104
"1011",1,0.03199267,18,86
"1012",1,0.03199267,19,83
"1013",1,0.03199267,2,103
"1014",1,0.03199267,20,99
"1015",1,0.03199267,21,85
"1016",1,0.03199267,22,100
"1017",1,0.03199267,23,87
"1018",1,0.03199267,24,93
"1019",1,0.03199267,25,98
"1020",1,0.03199267,26,93
"1021",1,0.03199267,27,105
"1022",1,0.03199267,28,98
"1023",1,0.03199267,29,104
"1024",1,0.03199267,3,97
"1025",1,0.03199267,30,97
"1026",1,0.03199267,31,101
"1027",1,0.03199267,32,91
"1028",1,0.03199267,33,91
"1029",1,0.03199267,34,107
"1030",1,0.03199267,35,79
"1031",1,0.03199267,36,88
"1032",1,0.03199267,37,94
"1033",1,0.03199267,38,107
"1034",1,0.03199267,39,103
"1035",1,0.03199267,4,104
"1036",1,0.03199267,40,100
"1037",1,0.03199267,41,109
"1038",1,0.03199267,42,89
"1039",1,0.03199267,43,112
"1040",1,0.03199267,44,93
"1041",1,0.03199267,45,94
"1042",1,0.03199267,46,110
"1043",1,0.03199267,47,94
"1044",1,0.03199267,48,95
"1045",1,0.03199267,49,103
"1046",1,0.03199267,5,79
"1047",1,0.03199267,50,94
"1048",1,0.03199267,51,96
"1049",1,0.03199267,52,106
"1050",1,0.03199267,53,81
"1051",1,0.03199267,54,106
"1052",1,0.03199267,55,105
"1053",1,0.03199267,56,103
"1054",1,0.03199267,57,95
"1055",1,0.03199267,58,81
"1056",1,0.03199267,59,87
"1057",1,0.03199267,6,99
"1058",1,0.03199267,60,95
"1059",1,0.03199267,61,86
"1060",1,0.03199267,62,91
"1061",1,0.03199267,63,80
"1062",1,0.03199267,64,86
"1063",1,0.03199267,65,102
"1064",1,0.03199267,66,89
"1065",1,0.03199267,67,122
"1066",1,0.03199267,68,88
"1067",1,0.03199267,69,92
"1068",1,0.03199267,7,118
"1069",1,0.03199267,70,90
"1070",1,0.03199267,71,90
"1071",1,0.03199267,72,99
"1072",1,0.03199267,73,88
"1073",1,0.03199267,74,92
"1074",1,0.03199267,75,96
"1075",1,0.03199267,76,89
"1076",1,0.03199267,77,95
"1077",1,0.03199267,78,99
"1078",1,0.03199267,79,98
"1079",1,0.03199267,8,95
"1080",1,0.03199267,80,80
"1081",1,0.03199267,81,74
"1082",1,0.03199267,82,99
"1083",1,0.03199267,83,106
"1084",1,0.03199267,84,96
"1085",1,0.03199267,85,106
"1086",1,0.03199267,86,102
"1087",1,0.03199267,87,86
"1088",1,0.03199267,88,92
"1089",1,0.03199267,89,94
"1090",1,0.03199267,9,95
"1091",1,0.03199267,90,94
"1092",1,0.03199267,91,98
"1093",1,0.03199267,92,91
"1094",1,0.03199267,93,90
"1095",1,0.03199267,94,90
"1096",1,0.03199267,95,86
"1097",1,0.03199267,96,83
"1098",1,0.03199267,97,114
"1099",1,0.03199267,98,118
"1100",1,0.03199267,99,100
"1101",1,0.03593814,1,126
"1102",1,0.03593814,10,125
"1103",1,0.03593814,100,104
"1104",1,0.03593814,11,123
"1105",1,0.03593814,12,115
"1106",1,0.03593814,13,101
"1107",1,0.03593814,14,103
"1108",1,0.03593814,15,105
"1109",1,0.03593814,16,114
"1110",1,0.03593814,17,96
"1111",1,0.03593814,18,86
"1112",1,0.03593814,19,113
"1113",1,0.03593814,2,109
"1114",1,0.03593814,20,128
"1115",1,0.03593814,21,85
"1116",1,0.03593814,22,106
"1117",1,0.03593814,23,96
"1118",1,0.03593814,24,110
"1119",1,0.03593814,25,90
"1120",1,0.03593814,26,91
"1121",1,0.03593814,27,99
"1122",1,0.03593814,28,104
"1123",1,0.03593814,29,90
"1124",1,0.03593814,3,120
"1125",1,0.03593814,30,119
"1126",1,0.03593814,31,96
"1127",1,0.03593814,32,96
"1128",1,0.03593814,33,115
"1129",1,0.03593814,34,118
"1130",1,0.03593814,35,122
"1131",1,0.03593814,36,96
"1132",1,0.03593814,37,103
"1133",1,0.03593814,38,129
"1134",1,0.03593814,39,133
"1135",1,0.03593814,4,108
"1136",1,0.03593814,40,120
"1137",1,0.03593814,41,103
"1138",1,0.03593814,42,118
"1139",1,0.03593814,43,105
"1140",1,0.03593814,44,126
"1141",1,0.03593814,45,112
"1142",1,0.03593814,46,115
"1143",1,0.03593814,47,106
"1144",1,0.03593814,48,99
"1145",1,0.03593814,49,109
"1146",1,0.03593814,5,125
"1147",1,0.03593814,50,98
"1148",1,0.03593814,51,95
"1149",1,0.03593814,52,117
"1150",1,0.03593814,53,98
"1151",1,0.03593814,54,116
"1152",1,0.03593814,55,124
"1153",1,0.03593814,56,115
"1154",1,0.03593814,57,112
"1155",1,0.03593814,58,104
"1156",1,0.03593814,59,95
"1157",1,0.03593814,6,97
"1158",1,0.03593814,60,105
"1159",1,0.03593814,61,104
"1160",1,0.03593814,62,103
"1161",1,0.03593814,63,112
"1162",1,0.03593814,64,126
"1163",1,0.03593814,65,129
"1164",1,0.03593814,66,94
"1165",1,0.03593814,67,131
"1166",1,0.03593814,68,100
"1167",1,0.03593814,69,115
"1168",1,0.03593814,7,112
"1169",1,0.03593814,70,117
"1170",1,0.03593814,71,99
"1171",1,0.03593814,72,117
"1172",1,0.03593814,73,103
"1173",1,0.03593814,74,97
"1174",1,0.03593814,75,108
"1175",1,0.03593814,76,120
"1176",1,0.03593814,77,126
"1177",1,0.03593814,78,107
"1178",1,0.03593814,79,108
"1179",1,0.03593814,8,107
"1180",1,0.03593814,80,114
"1181",1,0.03593814,81,112
"1182",1,0.03593814,82,113
"1183",1,0.03593814,83,116
"1184",1,0.03593814,84,99
"1185",1,0.03593814,85,98
"1186",1,0.03593814,86,100
"1187",1,0.03593814,87,102
"1188",1,0.03593814,88,115
"1189",1,0.03593814,89,102
"1190",1,0.03593814,9,103
"1191",1,0.03593814,90,93
"1192",1,0.03593814,91,98
"1193",1,0.03593814,92,119
"1194",1,0.03593814,93,115
"1195",1,0.03593814,94,105
"1196",1,0.03593814,95,117
"1197",1,0.03593814,96,127
"1198",1,0.03593814,97,90
"1199",1,0.03593814,98,105
"1200",1,0.03593814,99,102
"1201",1,0.04037017,1,126
"1202",1,0.04037017,10,113
"1203",1,0.04037017,100,108
"1204",1,0.04037017,11,117
"1205",1,0.04037017,12,129
"1206",1,0.04037017,13,127
"1207",1,0.04037017,14,105
"1208",1,0.04037017,15,130
"1209",1,0.04037017,16,114
"1210",1,0.04037017,17,125
"1211",1,0.04037017,18,130
"1212",1,0.04037017,19,101
"1213",1,0.04037017,2,130
"1214",1,0.04037017,20,133
"1215",1,0.04037017,21,115
"1216",1,0.04037017,22,107
"1217",1,0.04037017,23,118
"1218",1,0.04037017,24,130
"1219",1,0.04037017,25,125
"1220",1,0.04037017,26,118
"1221",1,0.04037017,27,109
"1222",1,0.04037017,28,122
"1223",1,0.04037017,29,122
"1224",1,0.04037017,3,126
"1225",1,0.04037017,30,121
"1226",1,0.04037017,31,114
"1227",1,0.04037017,32,117
"1228",1,0.04037017,33,117
"1229",1,0.04037017,34,140
"1230",1,0.04037017,35,118
"1231",1,0.04037017,36,126
"1232",1,0.04037017,37,114
"1233",1,0.04037017,38,120
"1234",1,0.04037017,39,125
"1235",1,0.04037017,4,141
"1236",1,0.04037017,40,136
"1237",1,0.04037017,41,141
"1238",1,0.04037017,42,113
"1239",1,0.04037017,43,127
"1240",1,0.04037017,44,113
"1241",1,0.04037017,45,116
"1242",1,0.04037017,46,124
"1243",1,0.04037017,47,120
"1244",1,0.04037017,48,113
"1245",1,0.04037017,49,133
"1246",1,0.04037017,5,140
"1247",1,0.04037017,50,109
"1248",1,0.04037017,51,102
"1249",1,0.04037017,52,146
"1250",1,0.04037017,53,108
"1251",1,0.04037017,54,125
"1252",1,0.04037017,55,124
"1253",1,0.04037017,56,132
"1254",1,0.04037017,57,119
"1255",1,0.04037017,58,109
"1256",1,0.04037017,59,121
"1257",1,0.04037017,6,114
"1258",1,0.04037017,60,123
"1259",1,0.04037017,61,130
"1260",1,0.04037017,62,107
"1261",1,0.04037017,63,118
"1262",1,0.04037017,64,134
"1263",1,0.04037017,65,121
"1264",1,0.04037017,66,125
"1265",1,0.04037017,67,122
"1266",1,0.04037017,68,133
"1267",1,0.04037017,69,124
"1268",1,0.04037017,7,116
"1269",1,0.04037017,70,96
"1270",1,0.04037017,71,132
"1271",1,0.04037017,72,130
"1272",1,0.04037017,73,130
"1273",1,0.04037017,74,128
"1274",1,0.04037017,75,115
"1275",1,0.04037017,76,140
"1276",1,0.04037017,77,132
"1277",1,0.04037017,78,123
"1278",1,0.04037017,79,128
"1279",1,0.04037017,8,117
"1280",1,0.04037017,80,113
"1281",1,0.04037017,81,120
"1282",1,0.04037017,82,131
"1283",1,0.04037017,83,122
"1284",1,0.04037017,84,121
"1285",1,0.04037017,85,131
"1286",1,0.04037017,86,98
"1287",1,0.04037017,87,142
"1288",1,0.04037017,88,121
"1289",1,0.04037017,89,138
"1290",1,0.04037017,9,117
"1291",1,0.04037017,90,134
"1292",1,0.04037017,91,136
"1293",1,0.04037017,92,94
"1294",1,0.04037017,93,114
"1295",1,0.04037017,94,104
"1296",1,0.04037017,95,125
"1297",1,0.04037017,96,114
"1298",1,0.04037017,97,130
"1299",1,0.04037017,98,120
"1300",1,0.04037017,99,113
"1301",1,0.04534879,1,134
"1302",1,0.04534879,10,130
"1303",1,0.04534879,100,147
"1304",1,0.04534879,11,140
"1305",1,0.04534879,12,138
"1306",1,0.04534879,13,144
"1307",1,0.04534879,14,148
"1308",1,0.04534879,15,130
"1309",1,0.04534879,16,153
"1310",1,0.04534879,17,150
"1311",1,0.04534879,18,121
"1312",1,0.04534879,19,127
"1313",1,0.04534879,2,143
"1314",1,0.04534879,20,128
"1315",1,0.04534879,21,137
"1316",1,0.04534879,22,133
"1317",1,0.04534879,23,154
"1318",1,0.04534879,24,130
"1319",1,0.04534879,25,161
"1320",1,0.04534879,26,134
"1321",1,0.04534879,27,141
"1322",1,0.04534879,28,127
"1323",1,0.04534879,29,139
"1324",1,0.04534879,3,132
"1325",1,0.04534879,30,134
"1326",1,0.04534879,31,129
"1327",1,0.04534879,32,131
"1328",1,0.04534879,33,139
"1329",1,0.04534879,34,113
"1330",1,0.04534879,35,124
"1331",1,0.04534879,36,130
"1332",1,0.04534879,37,154
"1333",1,0.04534879,38,138
"1334",1,0.04534879,39,150
"1335",1,0.04534879,4,113
"1336",1,0.04534879,40,130
"1337",1,0.04534879,41,133
"1338",1,0.04534879,42,139
"1339",1,0.04534879,43,136
"1340",1,0.04534879,44,149
"1341",1,0.04534879,45,133
"1342",1,0.04534879,46,129
"1343",1,0.04534879,47,129
"1344",1,0.04534879,48,138
"1345",1,0.04534879,49,147
"1346",1,0.04534879,5,133
"1347",1,0.04534879,50,131
"1348",1,0.04534879,51,134
"1349",1,0.04534879,52,119
"1350",1,0.04534879,53,129
"1351",1,0.04534879,54,148
"1352",1,0.04534879,55,143
"1353",1,0.04534879,56,132
"1354",1,0.04534879,57,123
"1355",1,0.04534879,58,144
"1356",1,0.04534879,59,136
"1357",1,0.04534879,6,131
"1358",1,0.04534879,60,152
"1359",1,0.04534879,61,161
"1360",1,0.04534879,62,135
"1361",1,0.04534879,63,139
"1362",1,0.04534879,64,139
"1363",1,0.04534879,65,137
"1364",1,0.04534879,66,161
"1365",1,0.04534879,67,140
"1366",1,0.04534879,68,128
"1367",1,0.04534879,69,134
"1368",1,0.04534879,7,135
"1369",1,0.04534879,70,152
"1370",1,0.04534879,71,97
"1371",1,0.04534879,72,136
"1372",1,0.04534879,73,142
"1373",1,0.04534879,74,157
"1374",1,0.04534879,75,152
"1375",1,0.04534879,76,120
"1376",1,0.04534879,77,126
"1377",1,0.04534879,78,154
"1378",1,0.04534879,79,142
"1379",1,0.04534879,8,132
"1380",1,0.04534879,80,147
"1381",1,0.04534879,81,130
"1382",1,0.04534879,82,145
"1383",1,0.04534879,83,129
"1384",1,0.04534879,84,122
"1385",1,0.04534879,85,140
"1386",1,0.04534879,86,151
"1387",1,0.04534879,87,137
"1388",1,0.04534879,88,139
"1389",1,0.04534879,89,134
"1390",1,0.04534879,9,139
"1391",1,0.04534879,90,158
"1392",1,0.04534879,91,129
"1393",1,0.04534879,92,145
"1394",1,0.04534879,93,166
"1395",1,0.04534879,94,138
"1396",1,0.04534879,95,140
"1397",1,0.04534879,96,148
"1398",1,0.04534879,97,164
"1399",1,0.04534879,98,132
"1400",1,0.04534879,99,158
"1401",1,0.05094138,1,145
"1402",1,0.05094138,10,146
"1403",1,0.05094138,100,151
"1404",1,0.05094138,11,125
"1405",1,0.05094138,12,169
"1406",1,0.05094138,13,140
"1407",1,0.05094138,14,144
"1408",1,0.05094138,15,172
"1409",1,0.05094138,16,170
"1410",1,0.05094138,17,129
"1411",1,0.05094138,18,159
"1412",1,0.05094138,19,135
"1413",1,0.05094138,2,139
"1414",1,0.05094138,20,154
"1415",1,0.05094138,21,151
"1416",1,0.05094138,22,167
"1417",1,0.05094138,23,144
"1418",1,0.05094138,24,136
"1419",1,0.05094138,25,127
"1420",1,0.05094138,26,158
"1421",1,0.05094138,27,164
"1422",1,0.05094138,28,135
"1423",1,0.05094138,29,145
"1424",1,0.05094138,3,130
"1425",1,0.05094138,30,144
"1426",1,0.05094138,31,167
"1427",1,0.05094138,32,141
"1428",1,0.05094138,33,156
"1429",1,0.05094138,34,154
"1430",1,0.05094138,35,138
"1431",1,0.05094138,36,177
"1432",1,0.05094138,37,170
"1433",1,0.05094138,38,144
"1434",1,0.05094138,39,163
"1435",1,0.05094138,4,159
"1436",1,0.05094138,40,165
"1437",1,0.05094138,41,168
"1438",1,0.05094138,42,136
"1439",1,0.05094138,43,136
"1440",1,0.05094138,44,174
"1441",1,0.05094138,45,163
"1442",1,0.05094138,46,150
"1443",1,0.05094138,47,143
"1444",1,0.05094138,48,142
"1445",1,0.05094138,49,175
"1446",1,0.05094138,5,165
"1447",1,0.05094138,50,144
"1448",1,0.05094138,51,168
"1449",1,0.05094138,52,160
"1450",1,0.05094138,53,155
"1451",1,0.05094138,54,150
"1452",1,0.05094138,55,140
"1453",1,0.05094138,56,169
"1454",1,0.05094138,57,156
"1455",1,0.05094138,58,163
"1456",1,0.05094138,59,155
"1457",1,0.05094138,6,153
"1458",1,0.05094138,60,162
"1459",1,0.05094138,61,152
"1460",1,0.05094138,62,174
"1461",1,0.05094138,63,150
"1462",1,0.05094138,64,162
"1463",1,0.05094138,65,166
"1464",1,0.05094138,66,136
"1465",1,0.05094138,67,149
"1466",1,0.05094138,68,148
"1467",1,0.05094138,69,158
"1468",1,0.05094138,7,152
"1469",1,0.05094138,70,169
"1470",1,0.05094138,71,157
"1471",1,0.05094138,72,158
"1472",1,0.05094138,73,137
"1473",1,0.05094138,74,157
"1474",1,0.05094138,75,150
"1475",1,0.05094138,76,142
"1476",1,0.05094138,77,165
"1477",1,0.05094138,78,169
"1478",1,0.05094138,79,158
"1479",1,0.05094138,8,163
"1480",1,0.05094138,80,139
"1481",1,0.05094138,81,143
"1482",1,0.05094138,82,136
"1483",1,0.05094138,83,146
"1484",1,0.05094138,84,148
"1485",1,0.05094138,85,141
"1486",1,0.05094138,86,151
"1487",1,0.05094138,87,150
"1488",1,0.05094138,88,137
"1489",1,0.05094138,89,141
"1490",1,0.05094138,9,154
"1491",1,0.05094138,90,138
"1492",1,0.05094138,91,173
"1493",1,0.05094138,92,148
"1494",1,0.05094138,93,164
"1495",1,0.05094138,94,131
"1496",1,0.05094138,95,144
"1497",1,0.05094138,96,140
"1498",1,0.05094138,97,141
"1499",1,0.05094138,98,150
"1500",1,0.05094138,99,170
"1501",1,0.05722368,1,175
"1502",1,0.05722368,10,173
"1503",1,0.05722368,100,164
"1504",1,0.05722368,11,201
"1505",1,0.05722368,12,170
"1506",1,0.05722368,13,167
"1507",1,0.05722368,14,182
"1508",1,0.05722368,15,191
"1509",1,0.05722368,16,161
"1510",1,0.05722368,17,170
"1511",1,0.05722368,18,169
"1512",1,0.05722368,19,179
"1513",1,0.05722368,2,193
"1514",1,0.05722368,20,162
"1515",1,0.05722368,21,178
"1516",1,0.05722368,22,171
"1517",1,0.05722368,23,163
"1518",1,0.05722368,24,186
"1519",1,0.05722368,25,153
"1520",1,0.05722368,26,161
"1521",1,0.05722368,27,192
"1522",1,0.05722368,28,172
"1523",1,0.05722368,29,190
"1524",1,0.05722368,3,187
"1525",1,0.05722368,30,178
"1526",1,0.05722368,31,181
"1527",1,0.05722368,32,157
"1528",1,0.05722368,33,175
"1529",1,0.05722368,34,185
"1530",1,0.05722368,35,190
"1531",1,0.05722368,36,178
"1532",1,0.05722368,37,155
"1533",1,0.05722368,38,166
"1534",1,0.05722368,39,146
"1535",1,0.05722368,4,142
"1536",1,0.05722368,40,174
"1537",1,0.05722368,41,184
"1538",1,0.05722368,42,199
"1539",1,0.05722368,43,150
"1540",1,0.05722368,44,175
"1541",1,0.05722368,45,163
"1542",1,0.05722368,46,166
"1543",1,0.05722368,47,147
"1544",1,0.05722368,48,168
"1545",1,0.05722368,49,146
"1546",1,0.05722368,5,158
"1547",1,0.05722368,50,160
"1548",1,0.05722368,51,170
"1549",1,0.05722368,52,177
"1550",1,0.05722368,53,160
"1551",1,0.05722368,54,154
"1552",1,0.05722368,55,182
"1553",1,0.05722368,56,158
"1554",1,0.05722368,57,180
"1555",1,0.05722368,58,172
"1556",1,0.05722368,59,182
"1557",1,0.05722368,6,177
"1558",1,0.05722368,60,171
"1559",1,0.05722368,61,188
"1560",1,0.05722368,62,186
"1561",1,0.05722368,63,184
"1562",1,0.05722368,64,167
"1563",1,0.05722368,65,165
"1564",1,0.05722368,66,161
"1565",1,0.05722368,67,175
"1566",1,0.05722368,68,179
"1567",1,0.05722368,69,170
"1568",1,0.05722368,7,156
"1569",1,0.05722368,70,156
"1570",1,0.05722368,71,169
"1571",1,0.05722368,72,148
"1572",1,0.05722368,73,160
"1573",1,0.05722368,74,175
"1574",1,0.05722368,75,191
"1575",1,0.05722368,76,151
"1576",1,0.05722368,77,160
"1577",1,0.05722368,78,173
"1578",1,0.05722368,79,163
"1579",1,0.05722368,8,162
"1580",1,0.05722368,80,177
"1581",1,0.05722368,81,167
"1582",1,0.05722368,82,163
"1583",1,0.05722368,83,188
"1584",1,0.05722368,84,153
"1585",1,0.05722368,85,169
"1586",1,0.05722368,86,163
"1587",1,0.05722368,87,178
"1588",1,0.05722368,88,185
"1589",1,0.05722368,89,178
"1590",1,0.05722368,9,153
"1591",1,0.05722368,90,161
"1592",1,0.05722368,91,176
"1593",1,0.05722368,92,180
"1594",1,0.05722368,93,179
"1595",1,0.05722368,94,170
"1596",1,0.05722368,95,169
"1597",1,0.05722368,96,160
"1598",1,0.05722368,97,180
"1599",1,0.05722368,98,177
"1600",1,0.05722368,99,168
"1601",1,0.06428073,1,219
"1602",1,0.06428073,10,192
"1603",1,0.06428073,100,213
"1604",1,0.06428073,11,212
"1605",1,0.06428073,12,183
"1606",1,0.06428073,13,192
"1607",1,0.06428073,14,185
"1608",1,0.06428073,15,184
"1609",1,0.06428073,16,223
"1610",1,0.06428073,17,194
"1611",1,0.06428073,18,176
"1612",1,0.06428073,19,192
"1613",1,0.06428073,2,164
"1614",1,0.06428073,20,215
"1615",1,0.06428073,21,206
"1616",1,0.06428073,22,178
"1617",1,0.06428073,23,189
"1618",1,0.06428073,24,204
"1619",1,0.06428073,25,222
"1620",1,0.06428073,26,216
"1621",1,0.06428073,27,185
"1622",1,0.06428073,28,188
"1623",1,0.06428073,29,175
"1624",1,0.06428073,3,179
"1625",1,0.06428073,30,187
"1626",1,0.06428073,31,183
"1627",1,0.06428073,32,213
"1628",1,0.06428073,33,194
"1629",1,0.06428073,34,204
"1630",1,0.06428073,35,193
"1631",1,0.06428073,36,195
"1632",1,0.06428073,37,215
"1633",1,0.06428073,38,189
"1634",1,0.06428073,39,177
"1635",1,0.06428073,4,172
"1636",1,0.06428073,40,196
"1637",1,0.06428073,41,184
"1638",1,0.06428073,42,198
"1639",1,0.06428073,43,216
"1640",1,0.06428073,44,191
"1641",1,0.06428073,45,184
"1642",1,0.06428073,46,179
"1643",1,0.06428073,47,180
"1644",1,0.06428073,48,217
"1645",1,0.06428073,49,175
"1646",1,0.06428073,5,195
"1647",1,0.06428073,50,206
"1648",1,0.06428073,51,187
"1649",1,0.06428073,52,190
"1650",1,0.06428073,53,183
"1651",1,0.06428073,54,173
"1652",1,0.06428073,55,168
"1653",1,0.06428073,56,197
"1654",1,0.06428073,57,198
"1655",1,0.06428073,58,188
"1656",1,0.06428073,59,186
"1657",1,0.06428073,6,170
"1658",1,0.06428073,60,212
"1659",1,0.06428073,61,188
"1660",1,0.06428073,62,185
"1661",1,0.06428073,63,185
"1662",1,0.06428073,64,183
"1663",1,0.06428073,65,185
"1664",1,0.06428073,66,206
"1665",1,0.06428073,67,180
"1666",1,0.06428073,68,207
"1667",1,0.06428073,69,184
"1668",1,0.06428073,7,204
"1669",1,0.06428073,70,208
"1670",1,0.06428073,71,179
"1671",1,0.06428073,72,186
"1672",1,0.06428073,73,187
"1673",1,0.06428073,74,192
"1674",1,0.06428073,75,192
"1675",1,0.06428073,76,177
"1676",1,0.06428073,77,201
"1677",1,0.06428073,78,196
"1678",1,0.06428073,79,180
"1679",1,0.06428073,8,200
"1680",1,0.06428073,80,171
"1681",1,0.06428073,81,194
"1682",1,0.06428073,82,195
"1683",1,0.06428073,83,185
"1684",1,0.06428073,84,192
"1685",1,0.06428073,85,179
"1686",1,0.06428073,86,194
"1687",1,0.06428073,87,181
"1688",1,0.06428073,88,205
"1689",1,0.06428073,89,206
"1690",1,0.06428073,9,183
"1691",1,0.06428073,90,191
"1692",1,0.06428073,91,180
"1693",1,0.06428073,92,185
"1694",1,0.06428073,93,197
"1695",1,0.06428073,94,188
"1696",1,0.06428073,95,182
"1697",1,0.06428073,96,207
"1698",1,0.06428073,97,200
"1699",1,0.06428073,98,187
"1700",1,0.06428073,99,164
"1701",1,0.07220809,1,221
"1702",1,0.07220809,10,214
"1703",1,0.07220809,100,234
"1704",1,0.07220809,11,247
"1705",1,0.07220809,12,229
"1706",1,0.07220809,13,202
"1707",1,0.07220809,14,194
"1708",1,0.07220809,15,224
"1709",1,0.07220809,16,201
"1710",1,0.07220809,17,213
"1711",1,0.07220809,18,211
"1712",1,0.07220809,19,212
"1713",1,0.07220809,2,225
"1714",1,0.07220809,20,213
"1715",1,0.07220809,21,236
"1716",1,0.07220809,22,238
"1717",1,0.07220809,23,220
"1718",1,0.07220809,24,208
"1719",1,0.07220809,25,227
"1720",1,0.07220809,26,215
"1721",1,0.07220809,27,207
"1722",1,0.07220809,28,219
"1723",1,0.07220809,29,235
"1724",1,0.07220809,3,187
"1725",1,0.07220809,30,210
"1726",1,0.07220809,31,237
"1727",1,0.07220809,32,219
"1728",1,0.07220809,33,222
"1729",1,0.07220809,34,206
"1730",1,0.07220809,35,215
"1731",1,0.07220809,36,209
"1732",1,0.07220809,37,220
"1733",1,0.07220809,38,230
"1734",1,0.07220809,39,218
"1735",1,0.07220809,4,231
"1736",1,0.07220809,40,215
"1737",1,0.07220809,41,238
"1738",1,0.07220809,42,213
"1739",1,0.07220809,43,205
"1740",1,0.07220809,44,217
"1741",1,0.07220809,45,198
"1742",1,0.07220809,46,189
"1743",1,0.07220809,47,212
"1744",1,0.07220809,48,215
"1745",1,0.07220809,49,201
"1746",1,0.07220809,5,223
"1747",1,0.07220809,50,202
"1748",1,0.07220809,51,208
"1749",1,0.07220809,52,201
"1750",1,0.07220809,53,196
"1751",1,0.07220809,54,215
"1752",1,0.07220809,55,234
"1753",1,0.07220809,56,239
"1754",1,0.07220809,57,205
"1755",1,0.07220809,58,210
"1756",1,0.07220809,59,214
"1757",1,0.07220809,6,216
"1758",1,0.07220809,60,212
"1759",1,0.07220809,61,241
"1760",1,0.07220809,62,177
"1761",1,0.07220809,63,199
"1762",1,0.07220809,64,210
"1763",1,0.07220809,65,199
"1764",1,0.07220809,66,192
"1765",1,0.07220809,67,217
"1766",1,0.07220809,68,207
"1767",1,0.07220809,69,226
"1768",1,0.07220809,7,209
"1769",1,0.07220809,70,222
"1770",1,0.07220809,71,214
"1771",1,0.07220809,72,221
"1772",1,0.07220809,73,206
"1773",1,0.07220809,74,211
"1774",1,0.07220809,75,212
"1775",1,0.07220809,76,213
"1776",1,0.07220809,77,214
"1777",1,0.07220809,78,209
"1778",1,0.07220809,79,229
"1779",1,0.07220809,8,234
"1780",1,0.07220809,80,224
"1781",1,0.07220809,81,218
"1782",1,0.07220809,82,201
"1783",1,0.07220809,83,192
"1784",1,0.07220809,84,198
"1785",1,0.07220809,85,250
"1786",1,0.07220809,86,209
"1787",1,0.07220809,87,210
"1788",1,0.07220809,88,226
"1789",1,0.07220809,89,203
"1790",1,0.07220809,9,229
"1791",1,0.07220809,90,221
"1792",1,0.07220809,91,211
"1793",1,0.07220809,92,214
"1794",1,0.07220809,93,195
"1795",1,0.07220809,94,225
"1796",1,0.07220809,95,223
"1797",1,0.07220809,96,227
"1798",1,0.07220809,97,221
"1799",1,0.07220809,98,235
"1800",1,0.07220809,99,203
"1801",1,0.08111308,1,244
"1802",1,0.08111308,10,262
"1803",1,0.08111308,100,243
"1804",1,0.08111308,11,236
"1805",1,0.08111308,12,269
"1806",1,0.08111308,13,242
"1807",1,0.08111308,14,248
"1808",1,0.08111308,15,260
"1809",1,0.08111308,16,251
"1810",1,0.08111308,17,226
"1811",1,0.08111308,18,222
"1812",1,0.08111308,19,254
"1813",1,0.08111308,2,229
"1814",1,0.08111308,20,266
"1815",1,0.08111308,21,262
"1816",1,0.08111308,22,250
"1817",1,0.08111308,23,208
"1818",1,0.08111308,24,241
"1819",1,0.08111308,25,243
"1820",1,0.08111308,26,226
"1821",1,0.08111308,27,251
"1822",1,0.08111308,28,244
"1823",1,0.08111308,29,263
"1824",1,0.08111308,3,240
"1825",1,0.08111308,30,277
"1826",1,0.08111308,31,238
"1827",1,0.08111308,32,235
"1828",1,0.08111308,33,272
"1829",1,0.08111308,34,249
"1830",1,0.08111308,35,272
"1831",1,0.08111308,36,234
"1832",1,0.08111308,37,215
"1833",1,0.08111308,38,216
"1834",1,0.08111308,39,256
"1835",1,0.08111308,4,238
"1836",1,0.08111308,40,225
"1837",1,0.08111308,41,267
"1838",1,0.08111308,42,249
"1839",1,0.08111308,43,241
"1840",1,0.08111308,44,266
"1841",1,0.08111308,45,229
"1842",1,0.08111308,46,256
"1843",1,0.08111308,47,251
"1844",1,0.08111308,48,242
"1845",1,0.08111308,49,244
"1846",1,0.08111308,5,243
"1847",1,0.08111308,50,249
"1848",1,0.08111308,51,219
"1849",1,0.08111308,52,255
"1850",1,0.08111308,53,237
"1851",1,0.08111308,54,242
"1852",1,0.08111308,55,247
"1853",1,0.08111308,56,246
"1854",1,0.08111308,57,252
"1855",1,0.08111308,58,239
"1856",1,0.08111308,59,246
"1857",1,0.08111308,6,243
"1858",1,0.08111308,60,269
"1859",1,0.08111308,61,244
"1860",1,0.08111308,62,264
"1861",1,0.08111308,63,247
"1862",1,0.08111308,64,233
"1863",1,0.08111308,65,232
"1864",1,0.08111308,66,232
"1865",1,0.08111308,67,243
"1866",1,0.08111308,68,257
"1867",1,0.08111308,69,245
"1868",1,0.08111308,7,241
"1869",1,0.08111308,70,272
"1870",1,0.08111308,71,251
"1871",1,0.08111308,72,264
"1872",1,0.08111308,73,222
"1873",1,0.08111308,74,245
"1874",1,0.08111308,75,224
"1875",1,0.08111308,76,248
"1876",1,0.08111308,77,236
"1877",1,0.08111308,78,245
"1878",1,0.08111308,79,236
"1879",1,0.08111308,8,247
"1880",1,0.08111308,80,240
"1881",1,0.08111308,81,254
"1882",1,0.08111308,82,260
"1883",1,0.08111308,83,228
"1884",1,0.08111308,84,209
"1885",1,0.08111308,85,267
"1886",1,0.08111308,86,251
"1887",1,0.08111308,87,269
"1888",1,0.08111308,88,223
"1889",1,0.08111308,89,273
"1890",1,0.08111308,9,252
"1891",1,0.08111308,90,239
"1892",1,0.08111308,91,257
"1893",1,0.08111308,92,244
"1894",1,0.08111308,93,253
"1895",1,0.08111308,94,227
"1896",1,0.08111308,95,237
"1897",1,0.08111308,96,248
"1898",1,0.08111308,97,216
"1899",1,0.08111308,98,248
"1900",1,0.08111308,99,264
"1901",1,0.09111628,1,304
"1902",1,0.09111628,10,280
"1903",1,0.09111628,100,276
"1904",1,0.09111628,11,277
"1905",1,0.09111628,12,288
"1906",1,0.09111628,13,278
"1907",1,0.09111628,14,284
"1908",1,0.09111628,15,290
"1909",1,0.09111628,16,272
"1910",1,0.09111628,17,261
"1911",1,0.09111628,18,279
"1912",1,0.09111628,19,277
"1913",1,0.09111628,2,290
"1914",1,0.09111628,20,248
"1915",1,0.09111628,21,263
"1916",1,0.09111628,22,282
"1917",1,0.09111628,23,256
"1918",1,0.09111628,24,271
"1919",1,0.09111628,25,276
"1920",1,0.09111628,26,274
"1921",1,0.09111628,27,254
"1922",1,0.09111628,28,283
"1923",1,0.09111628,29,257
"1924",1,0.09111628,3,253
"1925",1,0.09111628,30,298
"1926",1,0.09111628,31,258
"1927",1,0.09111628,32,271
"1928",1,0.09111628,33,255
"1929",1,0.09111628,34,281
"1930",1,0.09111628,35,280
"1931",1,0.09111628,36,264
"1932",1,0.09111628,37,256
"1933",1,0.09111628,38,272
"1934",1,0.09111628,39,282
"1935",1,0.09111628,4,267
"1936",1,0.09111628,40,256
"1937",1,0.09111628,41,264
"1938",1,0.09111628,42,272
"1939",1,0.09111628,43,280
"1940",1,0.09111628,44,297
"1941",1,0.09111628,45,267
"1942",1,0.09111628,46,280
"1943",1,0.09111628,47,274
"1944",1,0.09111628,48,283
"1945",1,0.09111628,49,261
"1946",1,0.09111628,5,284
"1947",1,0.09111628,50,262
"1948",1,0.09111628,51,281
"1949",1,0.09111628,52,258
"1950",1,0.09111628,53,299
"1951",1,0.09111628,54,278
"1952",1,0.09111628,55,276
"1953",1,0.09111628,56,263
"1954",1,0.09111628,57,303
"1955",1,0.09111628,58,281
"1956",1,0.09111628,59,284
"1957",1,0.09111628,6,272
"1958",1,0.09111628,60,255
"1959",1,0.09111628,61,267
"1960",1,0.09111628,62,275
"1961",1,0.09111628,63,275
"1962",1,0.09111628,64,272
"1963",1,0.09111628,65,260
"1964",1,0.09111628,66,278
"1965",1,0.09111628,67,261
"1966",1,0.09111628,68,255
"1967",1,0.09111628,69,279
"1968",1,0.09111628,7,260
"1969",1,0.09111628,70,259
"1970",1,0.09111628,71,279
"1971",1,0.09111628,72,290
"1972",1,0.09111628,73,281
"1973",1,0.09111628,74,275
"1974",1,0.09111628,75,261
"1975",1,0.09111628,76,271
"1976",1,0.09111628,77,266
"1977",1,0.09111628,78,267
"1978",1,0.09111628,79,276
"1979",1,0.09111628,8,279
"1980",1,0.09111628,80,301
"1981",1,0.09111628,81,276
"1982",1,0.09111628,82,274
"1983",1,0.09111628,83,272
"1984",1,0.09111628,84,249
"1985",1,0.09111628,85,280
"1986",1,0.09111628,86,303
"1987",1,0.09111628,87,286
"1988",1,0.09111628,88,248
"1989",1,0.09111628,89,268
"1990",1,0.09111628,9,271
"1991",1,0.09111628,90,291
"1992",1,0.09111628,91,258
"1993",1,0.09111628,92,286
"1994",1,0.09111628,93,251
"1995",1,0.09111628,94,313
"1996",1,0.09111628,95,259
"1997",1,0.09111628,96,283
"1998",1,0.09111628,97,274
"1999",1,0.09111628,98,285
"2000",1,0.09111628,99,308
"2001",1,0.1023531,1,322
"2002",1,0.1023531,10,338
"2003",1,0.1023531,100,286
"2004",1,0.1023531,11,304
"2005",1,0.1023531,12,298
"2006",1,0.1023531,13,306
"2007",1,0.1023531,14,332
"2008",1,0.1023531,15,318
"2009",1,0.1023531,16,310
"2010",1,0.1023531,17,306
"2011",1,0.1023531,18,341
"2012",1,0.1023531,19,308
"2013",1,0.1023531,2,293
"2014",1,0.1023531,20,301
"2015",1,0.1023531,21,327
"2016",1,0.1023531,22,296
"2017",1,0.1023531,23,335
"2018",1,0.1023531,24,266
"2019",1,0.1023531,25,345
"2020",1,0.1023531,26,295
"2021",1,0.1023531,27,336
"2022",1,0.1023531,28,330
"2023",1,0.1023531,29,315
"2024",1,0.1023531,3,288
"2025",1,0.1023531,30,343
"2026",1,0.1023531,31,303
"2027",1,0.1023531,32,277
"2028",1,0.1023531,33,316
"2029",1,0.1023531,34,306
"2030",1,0.1023531,35,301
"2031",1,0.1023531,36,292
"2032",1,0.1023531,37,304
"2033",1,0.1023531,38,317
"2034",1,0.1023531,39,286
"2035",1,0.1023531,4,305
"2036",1,0.1023531,40,314
"2037",1,0.1023531,41,306
"2038",1,0.1023531,42,292
"2039",1,0.1023531,43,341
"2040",1,0.1023531,44,331
"2041",1,0.1023531,45,286
"2042",1,0.1023531,46,336
"2043",1,0.1023531,47,310
"2044",1,0.1023531,48,291
"2045",1,0.1023531,49,282
"2046",1,0.1023531,5,312
"2047",1,0.1023531,50,316
"2048",1,0.1023531,51,326
"2049",1,0.1023531,52,297
"2050",1,0.1023531,53,308
"2051",1,0.1023531,54,304
"2052",1,0.1023531,55,301
"2053",1,0.1023531,56,342
"2054",1,0.1023531,57,298
"2055",1,0.1023531,58,308
"2056",1,0.1023531,59,312
"2057",1,0.1023531,6,357
"2058",1,0.1023531,60,312
"2059",1,0.1023531,61,303
"2060",1,0.1023531,62,320
"2061",1,0.1023531,63,305
"2062",1,0.1023531,64,309
"2063",1,0.1023531,65,319
"2064",1,0.1023531,66,292
"2065",1,0.1023531,67,287
"2066",1,0.1023531,68,338
"2067",1,0.1023531,69,263
"2068",1,0.1023531,7,293
"2069",1,0.1023531,70,325
"2070",1,0.1023531,71,308
"2071",1,0.1023531,72,355
"2072",1,0.1023531,73,306
"2073",1,0.1023531,74,310
"2074",1,0.1023531,75,312
"2075",1,0.1023531,76,290
"2076",1,0.1023531,77,335
"2077",1,0.1023531,78,310
"2078",1,0.1023531,79,316
"2079",1,0.1023531,8,296
"2080",1,0.1023531,80,309
"2081",1,0.1023531,81,289
"2082",1,0.1023531,82,286
"2083",1,0.1023531,83,298
"2084",1,0.1023531,84,285
"2085",1,0.1023531,85,298
"2086",1,0.1023531,86,288
"2087",1,0.1023531,87,285
"2088",1,0.1023531,88,296
"2089",1,0.1023531,89,295
"2090",1,0.1023531,9,292
"2091",1,0.1023531,90,272
"2092",1,0.1023531,91,287
"2093",1,0.1023531,92,303
"2094",1,0.1023531,93,307
"2095",1,0.1023531,94,322
"2096",1,0.1023531,95,296
"2097",1,0.1023531,96,303
"2098",1,0.1023531,97,300
"2099",1,0.1023531,98,302
"2100",1,0.1023531,99,310
"2101",1,0.1149757,1,342
"2102",1,0.1149757,10,316
"2103",1,0.1149757,100,323
"2104",1,0.1149757,11,374
"2105",1,0.1149757,12,310
"2106",1,0.1149757,13,353
"2107",1,0.1149757,14,316
"2108",1,0.1149757,15,349
"2109",1,0.1149757,16,336
"2110",1,0.1149757,17,356
"2111",1,0.1149757,18,332
"2112",1,0.1149757,19,346
"2113",1,0.1149757,2,334
"2114",1,0.1149757,20,337
"2115",1,0.1149757,21,379
"2116",1,0.1149757,22,348
"2117",1,0.1149757,23,344
"2118",1,0.1149757,24,325
"2119",1,0.1149757,25,339
"2120",1,0.1149757,26,328
"2121",1,0.1149757,27,335
"2122",1,0.1149757,28,388
"2123",1,0.1149757,29,336
"2124",1,0.1149757,3,316
"2125",1,0.1149757,30,326
"2126",1,0.1149757,31,372
"2127",1,0.1149757,32,374
"2128",1,0.1149757,33,339
"2129",1,0.1149757,34,379
"2130",1,0.1149757,35,350
"2131",1,0.1149757,36,347
"2132",1,0.1149757,37,365
"2133",1,0.1149757,38,355
"2134",1,0.1149757,39,321
"2135",1,0.1149757,4,359
"2136",1,0.1149757,40,359
"2137",1,0.1149757,41,382
"2138",1,0.1149757,42,369
"2139",1,0.1149757,43,369
"2140",1,0.1149757,44,283
"2141",1,0.1149757,45,299
"2142",1,0.1149757,46,362
"2143",1,0.1149757,47,335
"2144",1,0.1149757,48,336
"2145",1,0.1149757,49,355
"2146",1,0.1149757,5,346
"2147",1,0.1149757,50,335
"2148",1,0.1149757,51,330
"2149",1,0.1149757,52,351
"2150",1,0.1149757,53,327
"2151",1,0.1149757,54,336
"2152",1,0.1149757,55,309
"2153",1,0.1149757,56,373
"2154",1,0.1149757,57,366
"2155",1,0.1149757,58,343
"2156",1,0.1149757,59,332
"2157",1,0.1149757,6,337
"2158",1,0.1149757,60,361
"2159",1,0.1149757,61,314
"2160",1,0.1149757,62,358
"2161",1,0.1149757,63,349
"2162",1,0.1149757,64,369
"2163",1,0.1149757,65,349
"2164",1,0.1149757,66,355
"2165",1,0.1149757,67,351
"2166",1,0.1149757,68,325
"2167",1,0.1149757,69,360
"2168",1,0.1149757,7,369
"2169",1,0.1149757,70,360
"2170",1,0.1149757,71,330
"2171",1,0.1149757,72,346
"2172",1,0.1149757,73,346
"2173",1,0.1149757,74,371
"2174",1,0.1149757,75,312
"2175",1,0.1149757,76,372
"2176",1,0.1149757,77,350
"2177",1,0.1149757,78,325
"2178",1,0.1149757,79,339
"2179",1,0.1149757,8,381
"2180",1,0.1149757,80,360
"2181",1,0.1149757,81,361
"2182",1,0.1149757,82,365
"2183",1,0.1149757,83,388
"2184",1,0.1149757,84,360
"2185",1,0.1149757,85,330
"2186",1,0.1149757,86,353
"2187",1,0.1149757,87,354
"2188",1,0.1149757,88,332
"2189",1,0.1149757,89,348
"2190",1,0.1149757,9,336
"2191",1,0.1149757,90,347
"2192",1,0.1149757,91,340
"2193",1,0.1149757,92,308
"2194",1,0.1149757,93,362
"2195",1,0.1149757,94,376
"2196",1,0.1149757,95,336
"2197",1,0.1149757,96,347
"2198",1,0.1149757,97,339
"2199",1,0.1149757,98,327
"2200",1,0.1149757,99,323
"2201",1,0.12915497,1,368
"2202",1,0.12915497,10,423
"2203",1,0.12915497,100,396
"2204",1,0.12915497,11,358
"2205",1,0.12915497,12,344
"2206",1,0.12915497,13,395
"2207",1,0.12915497,14,356
"2208",1,0.12915497,15,357
"2209",1,0.12915497,16,399
"2210",1,0.12915497,17,398
"2211",1,0.12915497,18,378
"2212",1,0.12915497,19,386
"2213",1,0.12915497,2,383
"2214",1,0.12915497,20,392
"2215",1,0.12915497,21,379
"2216",1,0.12915497,22,399
"2217",1,0.12915497,23,371
"2218",1,0.12915497,24,396
"2219",1,0.12915497,25,377
"2220",1,0.12915497,26,389
"2221",1,0.12915497,27,407
"2222",1,0.12915497,28,350
"2223",1,0.12915497,29,376
"2224",1,0.12915497,3,373
"2225",1,0.12915497,30,368
"2226",1,0.12915497,31,385
"2227",1,0.12915497,32,388
"2228",1,0.12915497,33,404
"2229",1,0.12915497,34,410
"2230",1,0.12915497,35,391
"2231",1,0.12915497,36,374
"2232",1,0.12915497,37,368
"2233",1,0.12915497,38,380
"2234",1,0.12915497,39,360
"2235",1,0.12915497,4,367
"2236",1,0.12915497,40,364
"2237",1,0.12915497,41,398
"2238",1,0.12915497,42,369
"2239",1,0.12915497,43,423
"2240",1,0.12915497,44,382
"2241",1,0.12915497,45,384
"2242",1,0.12915497,46,370
"2243",1,0.12915497,47,379
"2244",1,0.12915497,48,377
"2245",1,0.12915497,49,381
"2246",1,0.12915497,5,389
"2247",1,0.12915497,50,375
"2248",1,0.12915497,51,400
"2249",1,0.12915497,52,394
"2250",1,0.12915497,53,385
"2251",1,0.12915497,54,417
"2252",1,0.12915497,55,397
"2253",1,0.12915497,56,394
"2254",1,0.12915497,57,402
"2255",1,0.12915497,58,381
"2256",1,0.12915497,59,416
"2257",1,0.12915497,6,361
"2258",1,0.12915497,60,374
"2259",1,0.12915497,61,378
"2260",1,0.12915497,62,426
"2261",1,0.12915497,63,388
"2262",1,0.12915497,64,382
"2263",1,0.12915497,65,391
"2264",1,0.12915497,66,377
"2265",1,0.12915497,67,396
"2266",1,0.12915497,68,403
"2267",1,0.12915497,69,436
"2268",1,0.12915497,7,411
"2269",1,0.12915497,70,364
"2270",1,0.12915497,71,389
"2271",1,0.12915497,72,358
"2272",1,0.12915497,73,392
"2273",1,0.12915497,74,403
"2274",1,0.12915497,75,411
"2275",1,0.12915497,76,388
"2276",1,0.12915497,77,402
"2277",1,0.12915497,78,421
"2278",1,0.12915497,79,398
"2279",1,0.12915497,8,336
"2280",1,0.12915497,80,396
"2281",1,0.12915497,81,389
"2282",1,0.12915497,82,394
"2283",1,0.12915497,83,378
"2284",1,0.12915497,84,407
"2285",1,0.12915497,85,375
"2286",1,0.12915497,86,388
"2287",1,0.12915497,87,355
"2288",1,0.12915497,88,423
"2289",1,0.12915497,89,370
"2290",1,0.12915497,9,376
"2291",1,0.12915497,90,378
"2292",1,0.12915497,91,369
"2293",1,0.12915497,92,385
"2294",1,0.12915497,93,370
"2295",1,0.12915497,94,390
"2296",1,0.12915497,95,393
"2297",1,0.12915497,96,414
"2298",1,0.12915497,97,403
"2299",1,0.12915497,98,384
"2300",1,0.12915497,99,390
"2301",1,0.14508288,1,430
"2302",1,0.14508288,10,434
"2303",1,0.14508288,100,425
"2304",1,0.14508288,11,401
"2305",1,0.14508288,12,405
"2306",1,0.14508288,13,424
"2307",1,0.14508288,14,412
"2308",1,0.14508288,15,432
"2309",1,0.14508288,16,423
"2310",1,0.14508288,17,403
"2311",1,0.14508288,18,424
"2312",1,0.14508288,19,419
"2313",1,0.14508288,2,405
"2314",1,0.14508288,20,421
"2315",1,0.14508288,21,441
"2316",1,0.14508288,22,410
"2317",1,0.14508288,23,386
"2318",1,0.14508288,24,433
"2319",1,0.14508288,25,446
"2320",1,0.14508288,26,438
"2321",1,0.14508288,27,424
"2322",1,0.14508288,28,453
"2323",1,0.14508288,29,445
"2324",1,0.14508288,3,439
"2325",1,0.14508288,30,411
"2326",1,0.14508288,31,432
"2327",1,0.14508288,32,464
"2328",1,0.14508288,33,432
"2329",1,0.14508288,34,458
"2330",1,0.14508288,35,437
"2331",1,0.14508288,36,415
"2332",1,0.14508288,37,431
"2333",1,0.14508288,38,408
"2334",1,0.14508288,39,430
"2335",1,0.14508288,4,419
"2336",1,0.14508288,40,435
"2337",1,0.14508288,41,426
"2338",1,0.14508288,42,424
"2339",1,0.14508288,43,431
"2340",1,0.14508288,44,426
"2341",1,0.14508288,45,444
"2342",1,0.14508288,46,421
"2343",1,0.14508288,47,440
"2344",1,0.14508288,48,389
"2345",1,0.14508288,49,442
"2346",1,0.14508288,5,448
"2347",1,0.14508288,50,467
"2348",1,0.14508288,51,431
"2349",1,0.14508288,52,402
"2350",1,0.14508288,53,454
"2351",1,0.14508288,54,452
"2352",1,0.14508288,55,438
"2353",1,0.14508288,56,406
"2354",1,0.14508288,57,440
"2355",1,0.14508288,58,446
"2356",1,0.14508288,59,450
"2357",1,0.14508288,6,411
"2358",1,0.14508288,60,460
"2359",1,0.14508288,61,461
"2360",1,0.14508288,62,441
"2361",1,0.14508288,63,461
"2362",1,0.14508288,64,492
"2363",1,0.14508288,65,441
"2364",1,0.14508288,66,461
"2365",1,0.14508288,67,439
"2366",1,0.14508288,68,432
"2367",1,0.14508288,69,445
"2368",1,0.14508288,7,445
"2369",1,0.14508288,70,433
"2370",1,0.14508288,71,438
"2371",1,0.14508288,72,453
"2372",1,0.14508288,73,408
"2373",1,0.14508288,74,457
"2374",1,0.14508288,75,449
"2375",1,0.14508288,76,421
"2376",1,0.14508288,77,425
"2377",1,0.14508288,78,444
"2378",1,0.14508288,79,495
"2379",1,0.14508288,8,478
"2380",1,0.14508288,80,470
"2381",1,0.14508288,81,467
"2382",1,0.14508288,82,434
"2383",1,0.14508288,83,471
"2384",1,0.14508288,84,402
"2385",1,0.14508288,85,428
"2386",1,0.14508288,86,434
"2387",1,0.14508288,87,408
"2388",1,0.14508288,88,459
"2389",1,0.14508288,89,443
"2390",1,0.14508288,9,411
"2391",1,0.14508288,90,445
"2392",1,0.14508288,91,446
"2393",1,0.14508288,92,432
"2394",1,0.14508288,93,430
"2395",1,0.14508288,94,431
"2396",1,0.14508288,95,454
"2397",1,0.14508288,96,374
"2398",1,0.14508288,97,444
"2399",1,0.14508288,98,403
"2400",1,0.14508288,99,462
"2401",1,0.16297508,1,526
"2402",1,0.16297508,10,523
"2403",1,0.16297508,100,470
"2404",1,0.16297508,11,512
"2405",1,0.16297508,12,465
"2406",1,0.16297508,13,503
"2407",1,0.16297508,14,461
"2408",1,0.16297508,15,486
"2409",1,0.16297508,16,488
"2410",1,0.16297508,17,504
"2411",1,0.16297508,18,521
"2412",1,0.16297508,19,449
"2413",1,0.16297508,2,466
"2414",1,0.16297508,20,518
"2415",1,0.16297508,21,492
"2416",1,0.16297508,22,504
"2417",1,0.16297508,23,460
"2418",1,0.16297508,24,543
"2419",1,0.16297508,25,528
"2420",1,0.16297508,26,500
"2421",1,0.16297508,27,518
"2422",1,0.16297508,28,453
"2423",1,0.16297508,29,495
"2424",1,0.16297508,3,516
"2425",1,0.16297508,30,467
"2426",1,0.16297508,31,483
"2427",1,0.16297508,32,507
"2428",1,0.16297508,33,516
"2429",1,0.16297508,34,477
"2430",1,0.16297508,35,491
"2431",1,0.16297508,36,513
"2432",1,0.16297508,37,477
"2433",1,0.16297508,38,488
"2434",1,0.16297508,39,510
"2435",1,0.16297508,4,519
"2436",1,0.16297508,40,506
"2437",1,0.16297508,41,501
"2438",1,0.16297508,42,449
"2439",1,0.16297508,43,491
"2440",1,0.16297508,44,481
"2441",1,0.16297508,45,460
"2442",1,0.16297508,46,480
"2443",1,0.16297508,47,524
"2444",1,0.16297508,48,531
"2445",1,0.16297508,49,474
"2446",1,0.16297508,5,487
"2447",1,0.16297508,50,520
"2448",1,0.16297508,51,491
"2449",1,0.16297508,52,482
"2450",1,0.16297508,53,486
"2451",1,0.16297508,54,505
"2452",1,0.16297508,55,453
"2453",1,0.16297508,56,471
"2454",1,0.16297508,57,433
"2455",1,0.16297508,58,496
"2456",1,0.16297508,59,461
"2457",1,0.16297508,6,510
"2458",1,0.16297508,60,510
"2459",1,0.16297508,61,506
"2460",1,0.16297508,62,504
"2461",1,0.16297508,63,481
"2462",1,0.16297508,64,473
"2463",1,0.16297508,65,500
"2464",1,0.16297508,66,506
"2465",1,0.16297508,67,512
"2466",1,0.16297508,68,477
"2467",1,0.16297508,69,486
"2468",1,0.16297508,7,506
"2469",1,0.16297508,70,515
"2470",1,0.16297508,71,457
"2471",1,0.16297508,72,463
"2472",1,0.16297508,73,476
"2473",1,0.16297508,74,484
"2474",1,0.16297508,75,462
"2475",1,0.16297508,76,484
"2476",1,0.16297508,77,486
"2477",1,0.16297508,78,462
"2478",1,0.16297508,79,507
"2479",1,0.16297508,8,481
"2480",1,0.16297508,80,499
"2481",1,0.16297508,81,480
"2482",1,0.16297508,82,495
"2483",1,0.16297508,83,480
"2484",1,0.16297508,84,492
"2485",1,0.16297508,85,482
"2486",1,0.16297508,86,463
"2487",1,0.16297508,87,503
"2488",1,0.16297508,88,522
"2489",1,0.16297508,89,486
"2490",1,0.16297508,9,473
"2491",1,0.16297508,90,482
"2492",1,0.16297508,91,462
"2493",1,0.16297508,92,414
"2494",1,0.16297508,93,522
"2495",1,0.16297508,94,477
"2496",1,0.16297508,95,480
"2497",1,0.16297508,96,489
"2498",1,0.16297508,97,506
"2499",1,0.16297508,98,488
"2500",1,0.16297508,99,504
"2501",1,0.18307383,1,519
"2502",1,0.18307383,10,527
"2503",1,0.18307383,100,560
"2504",1,0.18307383,11,549
"2505",1,0.18307383,12,540
"2506",1,0.18307383,13,563
"2507",1,0.18307383,14,557
"2508",1,0.18307383,15,558
"2509",1,0.18307383,16,518
"2510",1,0.18307383,17,517
"2511",1,0.18307383,18,538
"2512",1,0.18307383,19,569
"2513",1,0.18307383,2,535
"2514",1,0.18307383,20,578
"2515",1,0.18307383,21,531
"2516",1,0.18307383,22,578
"2517",1,0.18307383,23,613
"2518",1,0.18307383,24,565
"2519",1,0.18307383,25,516
"2520",1,0.18307383,26,555
"2521",1,0.18307383,27,526
"2522",1,0.18307383,28,572
"2523",1,0.18307383,29,507
"2524",1,0.18307383,3,537
"2525",1,0.18307383,30,561
"2526",1,0.18307383,31,558
"2527",1,0.18307383,32,533
"2528",1,0.18307383,33,565
"2529",1,0.18307383,34,559
"2530",1,0.18307383,35,540
"2531",1,0.18307383,36,564
"2532",1,0.18307383,37,576
"2533",1,0.18307383,38,576
"2534",1,0.18307383,39,562
"2535",1,0.18307383,4,518
"2536",1,0.18307383,40,561
"2537",1,0.18307383,41,588
"2538",1,0.18307383,42,558
"2539",1,0.18307383,43,554
"2540",1,0.18307383,44,581
"2541",1,0.18307383,45,554
"2542",1,0.18307383,46,576
"2543",1,0.18307383,47,543
"2544",1,0.18307383,48,568
"2545",1,0.18307383,49,536
"2546",1,0.18307383,5,561
"2547",1,0.18307383,50,530
"2548",1,0.18307383,51,561
"2549",1,0.18307383,52,560
"2550",1,0.18307383,53,574
"2551",1,0.18307383,54,536
"2552",1,0.18307383,55,515
"2553",1,0.18307383,56,557
"2554",1,0.18307383,57,495
"2555",1,0.18307383,58,539
"2556",1,0.18307383,59,525
"2557",1,0.18307383,6,548
"2558",1,0.18307383,60,561
"2559",1,0.18307383,61,564
"2560",1,0.18307383,62,545
"2561",1,0.18307383,63,531
"2562",1,0.18307383,64,559
"2563",1,0.18307383,65,540
"2564",1,0.18307383,66,590
"2565",1,0.18307383,67,523
"2566",1,0.18307383,68,505
"2567",1,0.18307383,69,582
"2568",1,0.18307383,7,553
"2569",1,0.18307383,70,533
"2570",1,0.18307383,71,572
"2571",1,0.18307383,72,541
"2572",1,0.18307383,73,549
"2573",1,0.18307383,74,570
"2574",1,0.18307383,75,546
"2575",1,0.18307383,76,590
"2576",1,0.18307383,77,534
"2577",1,0.18307383,78,577
"2578",1,0.18307383,79,554
"2579",1,0.18307383,8,544
"2580",1,0.18307383,80,524
"2581",1,0.18307383,81,573
"2582",1,0.18307383,82,568
"2583",1,0.18307383,83,554
"2584",1,0.18307383,84,530
"2585",1,0.18307383,85,584
"2586",1,0.18307383,86,591
"2587",1,0.18307383,87,578
"2588",1,0.18307383,88,567
"2589",1,0.18307383,89,625
"2590",1,0.18307383,9,579
"2591",1,0.18307383,90,547
"2592",1,0.18307383,91,526
"2593",1,0.18307383,92,562
"2594",1,0.18307383,93,549
"2595",1,0.18307383,94,519
"2596",1,0.18307383,95,535
"2597",1,0.18307383,96,522
"2598",1,0.18307383,97,580
"2599",1,0.18307383,98,574
"2600",1,0.18307383,99,545
"2601",1,0.20565123,1,592
"2602",1,0.20565123,10,618
"2603",1,0.20565123,100,644
"2604",1,0.20565123,11,635
"2605",1,0.20565123,12,593
"2606",1,0.20565123,13,636
"2607",1,0.20565123,14,618
"2608",1,0.20565123,15,603
"2609",1,0.20565123,16,629
"2610",1,0.20565123,17,614
"2611",1,0.20565123,18,617
"2612",1,0.20565123,19,650
"2613",1,0.20565123,2,608
"2614",1,0.20565123,20,607
"2615",1,0.20565123,21,661
"2616",1,0.20565123,22,600
"2617",1,0.20565123,23,639
"2618",1,0.20565123,24,642
"2619",1,0.20565123,25,605
"2620",1,0.20565123,26,585
"2621",1,0.20565123,27,622
"2622",1,0.20565123,28,584
"2623",1,0.20565123,29,582
"2624",1,0.20565123,3,619
"2625",1,0.20565123,30,657
"2626",1,0.20565123,31,620
"2627",1,0.20565123,32,633
"2628",1,0.20565123,33,628
"2629",1,0.20565123,34,595
"2630",1,0.20565123,35,624
"2631",1,0.20565123,36,634
"2632",1,0.20565123,37,653
"2633",1,0.20565123,38,606
"2634",1,0.20565123,39,618
"2635",1,0.20565123,4,617
"2636",1,0.20565123,40,616
"2637",1,0.20565123,41,599
"2638",1,0.20565123,42,634
"2639",1,0.20565123,43,618
"2640",1,0.20565123,44,556
"2641",1,0.20565123,45,612
"2642",1,0.20565123,46,628
"2643",1,0.20565123,47,581
"2644",1,0.20565123,48,598
"2645",1,0.20565123,49,595
"2646",1,0.20565123,5,605
"2647",1,0.20565123,50,646
"2648",1,0.20565123,51,642
"2649",1,0.20565123,52,590
"2650",1,0.20565123,53,652
"2651",1,0.20565123,54,646
"2652",1,0.20565123,55,632
"2653",1,0.20565123,56,604
"2654",1,0.20565123,57,620
"2655",1,0.20565123,58,637
"2656",1,0.20565123,59,614
"2657",1,0.20565123,6,569
"2658",1,0.20565123,60,618
"2659",1,0.20565123,61,643
"2660",1,0.20565123,62,626
"2661",1,0.20565123,63,605
"2662",1,0.20565123,64,604
"2663",1,0.20565123,65,623
"2664",1,0.20565123,66,603
"2665",1,0.20565123,67,609
"2666",1,0.20565123,68,625
"2667",1,0.20565123,69,630
"2668",1,0.20565123,7,609
"2669",1,0.20565123,70,631
"2670",1,0.20565123,71,669
"2671",1,0.20565123,72,641
"2672",1,0.20565123,73,544
"2673",1,0.20565123,74,604
"2674",1,0.20565123,75,607
"2675",1,0.20565123,76,614
"2676",1,0.20565123,77,598
"2677",1,0.20565123,78,598
"2678",1,0.20565123,79,633
"2679",1,0.20565123,8,633
"2680",1,0.20565123,80,629
"2681",1,0.20565123,81,622
"2682",1,0.20565123,82,565
"2683",1,0.20565123,83,579
"2684",1,0.20565123,84,554
"2685",1,0.20565123,85,578
"2686",1,0.20565123,86,634
"2687",1,0.20565123,87,629
"2688",1,0.20565123,88,614
"2689",1,0.20565123,89,643
"2690",1,0.20565123,9,606
"2691",1,0.20565123,90,599
"2692",1,0.20565123,91,650
"2693",1,0.20565123,92,619
"2694",1,0.20565123,93,623
"2695",1,0.20565123,94,586
"2696",1,0.20565123,95,618
"2697",1,0.20565123,96,639
"2698",1,0.20565123,97,604
"2699",1,0.20565123,98,621
"2700",1,0.20565123,99,606
"2701",1,0.23101297,1,685
"2702",1,0.23101297,10,742
"2703",1,0.23101297,100,704
"2704",1,0.23101297,11,688
"2705",1,0.23101297,12,676
"2706",1,0.23101297,13,661
"2707",1,0.23101297,14,695
"2708",1,0.23101297,15,664
"2709",1,0.23101297,16,708
"2710",1,0.23101297,17,722
"2711",1,0.23101297,18,738
"2712",1,0.23101297,19,675
"2713",1,0.23101297,2,680
"2714",1,0.23101297,20,683
"2715",1,0.23101297,21,707
"2716",1,0.23101297,22,698
"2717",1,0.23101297,23,728
"2718",1,0.23101297,24,710
"2719",1,0.23101297,25,730
"2720",1,0.23101297,26,702
"2721",1,0.23101297,27,724
"2722",1,0.23101297,28,670
"2723",1,0.23101297,29,719
"2724",1,0.23101297,3,715
"2725",1,0.23101297,30,702
"2726",1,0.23101297,31,714
"2727",1,0.23101297,32,693
"2728",1,0.23101297,33,664
"2729",1,0.23101297,34,715
"2730",1,0.23101297,35,636
"2731",1,0.23101297,36,686
"2732",1,0.23101297,37,644
"2733",1,0.23101297,38,702
"2734",1,0.23101297,39,695
"2735",1,0.23101297,4,674
"2736",1,0.23101297,40,695
"2737",1,0.23101297,41,678
"2738",1,0.23101297,42,766
"2739",1,0.23101297,43,699
"2740",1,0.23101297,44,685
"2741",1,0.23101297,45,676
"2742",1,0.23101297,46,664
"2743",1,0.23101297,47,680
"2744",1,0.23101297,48,634
"2745",1,0.23101297,49,678
"2746",1,0.23101297,5,685
"2747",1,0.23101297,50,688
"2748",1,0.23101297,51,742
"2749",1,0.23101297,52,691
"2750",1,0.23101297,53,708
"2751",1,0.23101297,54,691
"2752",1,0.23101297,55,705
"2753",1,0.23101297,56,703
"2754",1,0.23101297,57,716
"2755",1,0.23101297,58,639
"2756",1,0.23101297,59,687
"2757",1,0.23101297,6,653
"2758",1,0.23101297,60,729
"2759",1,0.23101297,61,677
"2760",1,0.23101297,62,660
"2761",1,0.23101297,63,754
"2762",1,0.23101297,64,692
"2763",1,0.23101297,65,663
"2764",1,0.23101297,66,712
"2765",1,0.23101297,67,681
"2766",1,0.23101297,68,640
"2767",1,0.23101297,69,698
"2768",1,0.23101297,7,682
"2769",1,0.23101297,70,706
"2770",1,0.23101297,71,694
"2771",1,0.23101297,72,652
"2772",1,0.23101297,73,665
"2773",1,0.23101297,74,673
"2774",1,0.23101297,75,681
"2775",1,0.23101297,76,723
"2776",1,0.23101297,77,629
"2777",1,0.23101297,78,746
"2778",1,0.23101297,79,666
"2779",1,0.23101297,8,701
"2780",1,0.23101297,80,694
"2781",1,0.23101297,81,690
"2782",1,0.23101297,82,696
"2783",1,0.23101297,83,684
"2784",1,0.23101297,84,717
"2785",1,0.23101297,85,727
"2786",1,0.23101297,86,700
"2787",1,0.23101297,87,709
"2788",1,0.23101297,88,698
"2789",1,0.23101297,89,661
"2790",1,0.23101297,9,697
"2791",1,0.23101297,90,687
"2792",1,0.23101297,91,741
"2793",1,0.23101297,92,693
"2794",1,0.23101297,93,672
"2795",1,0.23101297,94,738
"2796",1,0.23101297,95,650
"2797",1,0.23101297,96,735
"2798",1,0.23101297,97,720
"2799",1,0.23101297,98,684
"2800",1,0.23101297,99,699
"2801",1,0.25950242,1,757
"2802",1,0.25950242,10,738
"2803",1,0.25950242,100,793
"2804",1,0.25950242,11,813
"2805",1,0.25950242,12,762
"2806",1,0.25950242,13,793
"2807",1,0.25950242,14,758
"2808",1,0.25950242,15,771
"2809",1,0.25950242,16,821
"2810",1,0.25950242,17,779
"2811",1,0.25950242,18,792
"2812",1,0.25950242,19,770
"2813",1,0.25950242,2,756
"2814",1,0.25950242,20,776
"2815",1,0.25950242,21,811
"2816",1,0.25950242,22,830
"2817",1,0.25950242,23,773
"2818",1,0.25950242,24,784
"2819",1,0.25950242,25,791
"2820",1,0.25950242,26,816
"2821",1,0.25950242,27,784
"2822",1,0.25950242,28,810
"2823",1,0.25950242,29,743
"2824",1,0.25950242,3,734
"2825",1,0.25950242,30,817
"2826",1,0.25950242,31,742
"2827",1,0.25950242,32,792
"2828",1,0.25950242,33,760
"2829",1,0.25950242,34,840
"2830",1,0.25950242,35,772
"2831",1,0.25950242,36,788
"2832",1,0.25950242,37,774
"2833",1,0.25950242,38,735
"2834",1,0.25950242,39,781
"2835",1,0.25950242,4,746
"2836",1,0.25950242,40,732
"2837",1,0.25950242,41,788
"2838",1,0.25950242,42,784
"2839",1,0.25950242,43,765
"2840",1,0.25950242,44,751
"2841",1,0.25950242,45,793
"2842",1,0.25950242,46,806
"2843",1,0.25950242,47,752
"2844",1,0.25950242,48,757
"2845",1,0.25950242,49,770
"2846",1,0.25950242,5,766
"2847",1,0.25950242,50,766
"2848",1,0.25950242,51,812
"2849",1,0.25950242,52,747
"2850",1,0.25950242,53,734
"2851",1,0.25950242,54,735
"2852",1,0.25950242,55,758
"2853",1,0.25950242,56,753
"2854",1,0.25950242,57,777
"2855",1,0.25950242,58,828
"2856",1,0.25950242,59,772
"2857",1,0.25950242,6,802
"2858",1,0.25950242,60,754
"2859",1,0.25950242,61,795
"2860",1,0.25950242,62,786
"2861",1,0.25950242,63,768
"2862",1,0.25950242,64,709
"2863",1,0.25950242,65,764
"2864",1,0.25950242,66,827
"2865",1,0.25950242,67,770
"2866",1,0.25950242,68,771
"2867",1,0.25950242,69,755
"2868",1,0.25950242,7,791
"2869",1,0.25950242,70,788
"2870",1,0.25950242,71,780
"2871",1,0.25950242,72,747
"2872",1,0.25950242,73,768
"2873",1,0.25950242,74,784
"2874",1,0.25950242,75,748
"2875",1,0.25950242,76,788
"2876",1,0.25950242,77,736
"2877",1,0.25950242,78,692
"2878",1,0.25950242,79,784
"2879",1,0.25950242,8,804
"2880",1,0.25950242,80,737
"2881",1,0.25950242,81,802
"2882",1,0.25950242,82,843
"2883",1,0.25950242,83,766
"2884",1,0.25950242,84,803
"2885",1,0.25950242,85,841
"2886",1,0.25950242,86,816
"2887",1,0.25950242,87,768
"2888",1,0.25950242,88,736
"2889",1,0.25950242,89,793
"2890",1,0.25950242,9,811
"2891",1,0.25950242,90,798
"2892",1,0.25950242,91,770
"2893",1,0.25950242,92,781
"2894",1,0.25950242,93,821
"2895",1,0.25950242,94,769
"2896",1,0.25950242,95,806
"2897",1,0.25950242,96,759
"2898",1,0.25950242,97,764
"2899",1,0.25950242,98,763
"2900",1,0.25950242,99,772
"2901",1,0.29150531,1,895
"2902",1,0.29150531,10,871
"2903",1,0.29150531,100,899
"2904",1,0.29150531,11,858
"2905",1,0.29150531,12,910
"2906",1,0.29150531,13,852
"2907",1,0.29150531,14,867
"2908",1,0.29150531,15,875
"2909",1,0.29150531,16,868
"2910",1,0.29150531,17,892
"2911",1,0.29150531,18,894
"2912",1,0.29150531,19,870
"2913",1,0.29150531,2,871
"2914",1,0.29150531,20,861
"2915",1,0.29150531,21,888
"2916",1,0.29150531,22,898
"2917",1,0.29150531,23,853
"2918",1,0.29150531,24,887
"2919",1,0.29150531,25,850
"2920",1,0.29150531,26,879
"2921",1,0.29150531,27,877
"2922",1,0.29150531,28,874
"2923",1,0.29150531,29,860
"2924",1,0.29150531,3,911
"2925",1,0.29150531,30,858
"2926",1,0.29150531,31,907
"2927",1,0.29150531,32,873
"2928",1,0.29150531,33,916
"2929",1,0.29150531,34,856
"2930",1,0.29150531,35,850
"2931",1,0.29150531,36,862
"2932",1,0.29150531,37,876
"2933",1,0.29150531,38,842
"2934",1,0.29150531,39,867
"2935",1,0.29150531,4,862
"2936",1,0.29150531,40,863
"2937",1,0.29150531,41,896
"2938",1,0.29150531,42,825
"2939",1,0.29150531,43,848
"2940",1,0.29150531,44,815
"2941",1,0.29150531,45,806
"2942",1,0.29150531,46,859
"2943",1,0.29150531,47,854
"2944",1,0.29150531,48,880
"2945",1,0.29150531,49,878
"2946",1,0.29150531,5,916
"2947",1,0.29150531,50,863
"2948",1,0.29150531,51,892
"2949",1,0.29150531,52,858
"2950",1,0.29150531,53,884
"2951",1,0.29150531,54,931
"2952",1,0.29150531,55,910
"2953",1,0.29150531,56,886
"2954",1,0.29150531,57,911
"2955",1,0.29150531,58,870
"2956",1,0.29150531,59,839
"2957",1,0.29150531,6,873
"2958",1,0.29150531,60,916
"2959",1,0.29150531,61,871
"2960",1,0.29150531,62,872
"2961",1,0.29150531,63,854
"2962",1,0.29150531,64,785
"2963",1,0.29150531,65,933
"2964",1,0.29150531,66,867
"2965",1,0.29150531,67,892
"2966",1,0.29150531,68,899
"2967",1,0.29150531,69,831
"2968",1,0.29150531,7,907
"2969",1,0.29150531,70,800
"2970",1,0.29150531,71,930
"2971",1,0.29150531,72,953
"2972",1,0.29150531,73,868
"2973",1,0.29150531,74,865
"2974",1,0.29150531,75,859
"2975",1,0.29150531,76,857
"2976",1,0.29150531,77,889
"2977",1,0.29150531,78,857
"2978",1,0.29150531,79,913
"2979",1,0.29150531,8,829
"2980",1,0.29150531,80,867
"2981",1,0.29150531,81,888
"2982",1,0.29150531,82,846
"2983",1,0.29150531,83,943
"2984",1,0.29150531,84,891
"2985",1,0.29150531,85,847
"2986",1,0.29150531,86,851
"2987",1,0.29150531,87,872
"2988",1,0.29150531,88,868
"2989",1,0.29150531,89,840
"2990",1,0.29150531,9,904
"2991",1,0.29150531,90,862
"2992",1,0.29150531,91,830
"2993",1,0.29150531,92,838
"2994",1,0.29150531,93,943
"2995",1,0.29150531,94,870
"2996",1,0.29150531,95,862
"2997",1,0.29150531,96,837
"2998",1,0.29150531,97,875
"2999",1,0.29150531,98,816
"3000",1,0.29150531,99,878
"3001",1,0.32745492,1,1011
"3002",1,0.32745492,10,995
"3003",1,0.32745492,100,978
"3004",1,0.32745492,11,941
"3005",1,0.32745492,12,981
"3006",1,0.32745492,13,967
"3007",1,0.32745492,14,918
"3008",1,0.32745492,15,943
"3009",1,0.32745492,16,953
"3010",1,0.32745492,17,1025
"3011",1,0.32745492,18,989
"3012",1,0.32745492,19,924
"3013",1,0.32745492,2,1005
"3014",1,0.32745492,20,985
"3015",1,0.32745492,21,999
"3016",1,0.32745492,22,948
"3017",1,0.32745492,23,961
"3018",1,0.32745492,24,1006
"3019",1,0.32745492,25,945
"3020",1,0.32745492,26,961
"3021",1,0.32745492,27,991
"3022",1,0.32745492,28,966
"3023",1,0.32745492,29,956
"3024",1,0.32745492,3,971
"3025",1,0.32745492,30,1003
"3026",1,0.32745492,31,934
"3027",1,0.32745492,32,992
"3028",1,0.32745492,33,989
"3029",1,0.32745492,34,1011
"3030",1,0.32745492,35,948
"3031",1,0.32745492,36,979
"3032",1,0.32745492,37,1024
"3033",1,0.32745492,38,972
"3034",1,0.32745492,39,1008
"3035",1,0.32745492,4,960
"3036",1,0.32745492,40,996
"3037",1,0.32745492,41,998
"3038",1,0.32745492,42,1015
"3039",1,0.32745492,43,952
"3040",1,0.32745492,44,970
"3041",1,0.32745492,45,937
"3042",1,0.32745492,46,977
"3043",1,0.32745492,47,1005
"3044",1,0.32745492,48,991
"3045",1,0.32745492,49,994
"3046",1,0.32745492,5,1003
"3047",1,0.32745492,50,1006
"3048",1,0.32745492,51,1021
"3049",1,0.32745492,52,1002
"3050",1,0.32745492,53,1002
"3051",1,0.32745492,54,955
"3052",1,0.32745492,55,986
"3053",1,0.32745492,56,984
"3054",1,0.32745492,57,1026
"3055",1,0.32745492,58,976
"3056",1,0.32745492,59,990
"3057",1,0.32745492,6,980
"3058",1,0.32745492,60,986
"3059",1,0.32745492,61,950
"3060",1,0.32745492,62,937
"3061",1,0.32745492,63,1060
"3062",1,0.32745492,64,976
"3063",1,0.32745492,65,952
"3064",1,0.32745492,66,999
"3065",1,0.32745492,67,975
"3066",1,0.32745492,68,1004
"3067",1,0.32745492,69,1014
"3068",1,0.32745492,7,954
"3069",1,0.32745492,70,949
"3070",1,0.32745492,71,996
"3071",1,0.32745492,72,999
"3072",1,0.32745492,73,998
"3073",1,0.32745492,74,957
"3074",1,0.32745492,75,986
"3075",1,0.32745492,76,990
"3076",1,0.32745492,77,966
"3077",1,0.32745492,78,953
"3078",1,0.32745492,79,944
"3079",1,0.32745492,8,994
"3080",1,0.32745492,80,1083
"3081",1,0.32745492,81,1002
"3082",1,0.32745492,82,949
"3083",1,0.32745492,83,961
"3084",1,0.32745492,84,957
"3085",1,0.32745492,85,979
"3086",1,0.32745492,86,978
"3087",1,0.32745492,87,994
"3088",1,0.32745492,88,996
"3089",1,0.32745492,89,1008
"3090",1,0.32745492,9,987
"3091",1,0.32745492,90,1006
"3092",1,0.32745492,91,988
"3093",1,0.32745492,92,923
"3094",1,0.32745492,93,970
"3095",1,0.32745492,94,952
"3096",1,0.32745492,95,976
"3097",1,0.32745492,96,957
"3098",1,0.32745492,97,966
"3099",1,0.32745492,98,944
"3100",1,0.32745492,99,967
"3101",1,0.36783798,1,1139
"3102",1,0.36783798,10,1103
"3103",1,0.36783798,100,1151
"3104",1,0.36783798,11,1164
"3105",1,0.36783798,12,1098
"3106",1,0.36783798,13,1083
"3107",1,0.36783798,14,1091
"3108",1,0.36783798,15,1094
"3109",1,0.36783798,16,1070
"3110",1,0.36783798,17,1057
"3111",1,0.36783798,18,1022
"3112",1,0.36783798,19,1112
"3113",1,0.36783798,2,1095
"3114",1,0.36783798,20,1079
"3115",1,0.36783798,21,1120
"3116",1,0.36783798,22,1102
"3117",1,0.36783798,23,1202
"3118",1,0.36783798,24,1101
"3119",1,0.36783798,25,1095
"3120",1,0.36783798,26,1185
"3121",1,0.36783798,27,1053
"3122",1,0.36783798,28,1082
"3123",1,0.36783798,29,1057
"3124",1,0.36783798,3,1101
"3125",1,0.36783798,30,1079
"3126",1,0.36783798,31,1058
"3127",1,0.36783798,32,1139
"3128",1,0.36783798,33,1064
"3129",1,0.36783798,34,1123
"3130",1,0.36783798,35,1060
"3131",1,0.36783798,36,1137
"3132",1,0.36783798,37,1149
"3133",1,0.36783798,38,1097
"3134",1,0.36783798,39,1081
"3135",1,0.36783798,4,1123
"3136",1,0.36783798,40,1151
"3137",1,0.36783798,41,1094
"3138",1,0.36783798,42,1075
"3139",1,0.36783798,43,1142
"3140",1,0.36783798,44,1137
"3141",1,0.36783798,45,1089
"3142",1,0.36783798,46,1027
"3143",1,0.36783798,47,1122
"3144",1,0.36783798,48,1122
"3145",1,0.36783798,49,1118
"3146",1,0.36783798,5,1194
"3147",1,0.36783798,50,1053
"3148",1,0.36783798,51,1080
"3149",1,0.36783798,52,1031
"3150",1,0.36783798,53,1127
"3151",1,0.36783798,54,1111
"3152",1,0.36783798,55,1082
"3153",1,0.36783798,56,1121
"3154",1,0.36783798,57,1132
"3155",1,0.36783798,58,1116
"3156",1,0.36783798,59,1086
"3157",1,0.36783798,6,1157
"3158",1,0.36783798,60,1071
"3159",1,0.36783798,61,1087
"3160",1,0.36783798,62,1072
"3161",1,0.36783798,63,1049
"3162",1,0.36783798,64,1115
"3163",1,0.36783798,65,1112
"3164",1,0.36783798,66,1084
"3165",1,0.36783798,67,1077
"3166",1,0.36783798,68,1126
"3167",1,0.36783798,69,1114
"3168",1,0.36783798,7,1118
"3169",1,0.36783798,70,1114
"3170",1,0.36783798,71,1120
"3171",1,0.36783798,72,1159
"3172",1,0.36783798,73,1100
"3173",1,0.36783798,74,1078
"3174",1,0.36783798,75,1065
"3175",1,0.36783798,76,1040
"3176",1,0.36783798,77,1092
"3177",1,0.36783798,78,1107
"3178",1,0.36783798,79,1112
"3179",1,0.36783798,8,1045
"3180",1,0.36783798,80,1129
"3181",1,0.36783798,81,1097
"3182",1,0.36783798,82,1071
"3183",1,0.36783798,83,1101
"3184",1,0.36783798,84,1086
"3185",1,0.36783798,85,1125
"3186",1,0.36783798,86,1051
"3187",1,0.36783798,87,1140
"3188",1,0.36783798,88,1066
"3189",1,0.36783798,89,1121
"3190",1,0.36783798,9,1015
"3191",1,0.36783798,90,1064
"3192",1,0.36783798,91,1169
"3193",1,0.36783798,92,1110
"3194",1,0.36783798,93,1113
"3195",1,0.36783798,94,1149
"3196",1,0.36783798,95,1109
"3197",1,0.36783798,96,1113
"3198",1,0.36783798,97,1079
"3199",1,0.36783798,98,1076
"3200",1,0.36783798,99,1111
"3201",1,0.41320124,1,1300
"3202",1,0.41320124,10,1263
"3203",1,0.41320124,100,1208
"3204",1,0.41320124,11,1293
"3205",1,0.41320124,12,1252
"3206",1,0.41320124,13,1221
"3207",1,0.41320124,14,1225
"3208",1,0.41320124,15,1185
"3209",1,0.41320124,16,1247
"3210",1,0.41320124,17,1279
"3211",1,0.41320124,18,1232
"3212",1,0.41320124,19,1235
"3213",1,0.41320124,2,1230
"3214",1,0.41320124,20,1250
"3215",1,0.41320124,21,1239
"3216",1,0.41320124,22,1236
"3217",1,0.41320124,23,1305
"3218",1,0.41320124,24,1265
"3219",1,0.41320124,25,1220
"3220",1,0.41320124,26,1274
"3221",1,0.41320124,27,1218
"3222",1,0.41320124,28,1165
"3223",1,0.41320124,29,1292
"3224",1,0.41320124,3,1269
"3225",1,0.41320124,30,1218
"3226",1,0.41320124,31,1159
"3227",1,0.41320124,32,1235
"3228",1,0.41320124,33,1235
"3229",1,0.41320124,34,1213
"3230",1,0.41320124,35,1311
"3231",1,0.41320124,36,1234
"3232",1,0.41320124,37,1255
"3233",1,0.41320124,38,1221
"3234",1,0.41320124,39,1244
"3235",1,0.41320124,4,1228
"3236",1,0.41320124,40,1230
"3237",1,0.41320124,41,1263
"3238",1,0.41320124,42,1256
"3239",1,0.41320124,43,1288
"3240",1,0.41320124,44,1172
"3241",1,0.41320124,45,1225
"3242",1,0.41320124,46,1197
"3243",1,0.41320124,47,1268
"3244",1,0.41320124,48,1234
"3245",1,0.41320124,49,1248
"3246",1,0.41320124,5,1259
"3247",1,0.41320124,50,1307
"3248",1,0.41320124,51,1228
"3249",1,0.41320124,52,1196
"3250",1,0.41320124,53,1247
"3251",1,0.41320124,54,1184
"3252",1,0.41320124,55,1226
"3253",1,0.41320124,56,1326
"3254",1,0.41320124,57,1323
"3255",1,0.41320124,58,1231
"3256",1,0.41320124,59,1261
"3257",1,0.41320124,6,1253
"3258",1,0.41320124,60,1255
"3259",1,0.41320124,61,1204
"3260",1,0.41320124,62,1257
"3261",1,0.41320124,63,1234
"3262",1,0.41320124,64,1194
"3263",1,0.41320124,65,1237
"3264",1,0.41320124,66,1200
"3265",1,0.41320124,67,1266
"3266",1,0.41320124,68,1226
"3267",1,0.41320124,69,1233
"3268",1,0.41320124,7,1209
"3269",1,0.41320124,70,1239
"3270",1,0.41320124,71,1267
"3271",1,0.41320124,72,1220
"3272",1,0.41320124,73,1206
"3273",1,0.41320124,74,1231
"3274",1,0.41320124,75,1237
"3275",1,0.41320124,76,1248
"3276",1,0.41320124,77,1257
"3277",1,0.41320124,78,1220
"3278",1,0.41320124,79,1263
"3279",1,0.41320124,8,1224
"3280",1,0.41320124,80,1251
"3281",1,0.41320124,81,1285
"3282",1,0.41320124,82,1345
"3283",1,0.41320124,83,1209
"3284",1,0.41320124,84,1268
"3285",1,0.41320124,85,1294
"3286",1,0.41320124,86,1238
"3287",1,0.41320124,87,1262
"3288",1,0.41320124,88,1228
"3289",1,0.41320124,89,1237
"3290",1,0.41320124,9,1167
"3291",1,0.41320124,90,1178
"3292",1,0.41320124,91,1281
"3293",1,0.41320124,92,1202
"3294",1,0.41320124,93,1236
"3295",1,0.41320124,94,1200
"3296",1,0.41320124,95,1257
"3297",1,0.41320124,96,1253
"3298",1,0.41320124,97,1271
"3299",1,0.41320124,98,1203
"3300",1,0.41320124,99,1194
"3301",1,0.46415888,1,1480
"3302",1,0.46415888,10,1409
"3303",1,0.46415888,100,1371
"3304",1,0.46415888,11,1373
"3305",1,0.46415888,12,1353
"3306",1,0.46415888,13,1404
"3307",1,0.46415888,14,1384
"3308",1,0.46415888,15,1413
"3309",1,0.46415888,16,1392
"3310",1,0.46415888,17,1368
"3311",1,0.46415888,18,1392
"3312",1,0.46415888,19,1424
"3313",1,0.46415888,2,1439
"3314",1,0.46415888,20,1418
"3315",1,0.46415888,21,1388
"3316",1,0.46415888,22,1419
"3317",1,0.46415888,23,1345
"3318",1,0.46415888,24,1487
"3319",1,0.46415888,25,1376
"3320",1,0.46415888,26,1292
"3321",1,0.46415888,27,1427
"3322",1,0.46415888,28,1426
"3323",1,0.46415888,29,1424
"3324",1,0.46415888,3,1352
"3325",1,0.46415888,30,1413
"3326",1,0.46415888,31,1343
"3327",1,0.46415888,32,1441
"3328",1,0.46415888,33,1308
"3329",1,0.46415888,34,1349
"3330",1,0.46415888,35,1382
"3331",1,0.46415888,36,1381
"3332",1,0.46415888,37,1443
"3333",1,0.46415888,38,1383
"3334",1,0.46415888,39,1330
"3335",1,0.46415888,4,1401
"3336",1,0.46415888,40,1411
"3337",1,0.46415888,41,1422
"3338",1,0.46415888,42,1338
"3339",1,0.46415888,43,1383
"3340",1,0.46415888,44,1412
"3341",1,0.46415888,45,1410
"3342",1,0.46415888,46,1413
"3343",1,0.46415888,47,1357
"3344",1,0.46415888,48,1470
"3345",1,0.46415888,49,1366
"3346",1,0.46415888,5,1419
"3347",1,0.46415888,50,1373
"3348",1,0.46415888,51,1368
"3349",1,0.46415888,52,1391
"3350",1,0.46415888,53,1412
"3351",1,0.46415888,54,1361
"3352",1,0.46415888,55,1349
"3353",1,0.46415888,56,1395
"3354",1,0.46415888,57,1410
"3355",1,0.46415888,58,1367
"3356",1,0.46415888,59,1312
"3357",1,0.46415888,6,1377
"3358",1,0.46415888,60,1351
"3359",1,0.46415888,61,1333
"3360",1,0.46415888,62,1354
"3361",1,0.46415888,63,1381
"3362",1,0.46415888,64,1364
"3363",1,0.46415888,65,1395
"3364",1,0.46415888,66,1319
"3365",1,0.46415888,67,1329
"3366",1,0.46415888,68,1336
"3367",1,0.46415888,69,1327
"3368",1,0.46415888,7,1423
"3369",1,0.46415888,70,1383
"3370",1,0.46415888,71,1374
"3371",1,0.46415888,72,1368
"3372",1,0.46415888,73,1306
"3373",1,0.46415888,74,1373
"3374",1,0.46415888,75,1378
"3375",1,0.46415888,76,1399
"3376",1,0.46415888,77,1322
"3377",1,0.46415888,78,1360
"3378",1,0.46415888,79,1399
"3379",1,0.46415888,8,1407
"3380",1,0.46415888,80,1362
"3381",1,0.46415888,81,1468
"3382",1,0.46415888,82,1365
"3383",1,0.46415888,83,1389
"3384",1,0.46415888,84,1395
"3385",1,0.46415888,85,1410
"3386",1,0.46415888,86,1400
"3387",1,0.46415888,87,1347
"3388",1,0.46415888,88,1452
"3389",1,0.46415888,89,1438
"3390",1,0.46415888,9,1425
"3391",1,0.46415888,90,1392
"3392",1,0.46415888,91,1333
"3393",1,0.46415888,92,1296
"3394",1,0.46415888,93,1390
"3395",1,0.46415888,94,1439
"3396",1,0.46415888,95,1410
"3397",1,0.46415888,96,1390
"3398",1,0.46415888,97,1458
"3399",1,0.46415888,98,1396
"3400",1,0.46415888,99,1314
"3401",1,0.52140083,1,1568
"3402",1,0.52140083,10,1603
"3403",1,0.52140083,100,1498
"3404",1,0.52140083,11,1557
"3405",1,0.52140083,12,1635
"3406",1,0.52140083,13,1548
"3407",1,0.52140083,14,1511
"3408",1,0.52140083,15,1593
"3409",1,0.52140083,16,1625
"3410",1,0.52140083,17,1516
"3411",1,0.52140083,18,1503
"3412",1,0.52140083,19,1553
"3413",1,0.52140083,2,1607
"3414",1,0.52140083,20,1564
"3415",1,0.52140083,21,1533
"3416",1,0.52140083,22,1599
"3417",1,0.52140083,23,1572
"3418",1,0.52140083,24,1529
"3419",1,0.52140083,25,1563
"3420",1,0.52140083,26,1570
"3421",1,0.52140083,27,1580
"3422",1,0.52140083,28,1494
"3423",1,0.52140083,29,1599
"3424",1,0.52140083,3,1587
"3425",1,0.52140083,30,1620
"3426",1,0.52140083,31,1568
"3427",1,0.52140083,32,1525
"3428",1,0.52140083,33,1515
"3429",1,0.52140083,34,1566
"3430",1,0.52140083,35,1515
"3431",1,0.52140083,36,1575
"3432",1,0.52140083,37,1561
"3433",1,0.52140083,38,1588
"3434",1,0.52140083,39,1634
"3435",1,0.52140083,4,1461
"3436",1,0.52140083,40,1629
"3437",1,0.52140083,41,1548
"3438",1,0.52140083,42,1502
"3439",1,0.52140083,43,1572
"3440",1,0.52140083,44,1548
"3441",1,0.52140083,45,1541
"3442",1,0.52140083,46,1616
"3443",1,0.52140083,47,1558
"3444",1,0.52140083,48,1533
"3445",1,0.52140083,49,1640
"3446",1,0.52140083,5,1535
"3447",1,0.52140083,50,1540
"3448",1,0.52140083,51,1535
"3449",1,0.52140083,52,1461
"3450",1,0.52140083,53,1584
"3451",1,0.52140083,54,1500
"3452",1,0.52140083,55,1591
"3453",1,0.52140083,56,1553
"3454",1,0.52140083,57,1579
"3455",1,0.52140083,58,1489
"3456",1,0.52140083,59,1590
"3457",1,0.52140083,6,1486
"3458",1,0.52140083,60,1558
"3459",1,0.52140083,61,1547
"3460",1,0.52140083,62,1557
"3461",1,0.52140083,63,1603
"3462",1,0.52140083,64,1545
"3463",1,0.52140083,65,1579
"3464",1,0.52140083,66,1570
"3465",1,0.52140083,67,1535
"3466",1,0.52140083,68,1596
"3467",1,0.52140083,69,1598
"3468",1,0.52140083,7,1527
"3469",1,0.52140083,70,1596
"3470",1,0.52140083,71,1569
"3471",1,0.52140083,72,1510
"3472",1,0.52140083,73,1546
"3473",1,0.52140083,74,1552
"3474",1,0.52140083,75,1543
"3475",1,0.52140083,76,1534
"3476",1,0.52140083,77,1515
"3477",1,0.52140083,78,1600
"3478",1,0.52140083,79,1569
"3479",1,0.52140083,8,1517
"3480",1,0.52140083,80,1567
"3481",1,0.52140083,81,1538
"3482",1,0.52140083,82,1519
"3483",1,0.52140083,83,1585
"3484",1,0.52140083,84,1637
"3485",1,0.52140083,85,1484
"3486",1,0.52140083,86,1519
"3487",1,0.52140083,87,1483
"3488",1,0.52140083,88,1572
"3489",1,0.52140083,89,1504
"3490",1,0.52140083,9,1520
"3491",1,0.52140083,90,1580
"3492",1,0.52140083,91,1634
"3493",1,0.52140083,92,1510
"3494",1,0.52140083,93,1614
"3495",1,0.52140083,94,1640
"3496",1,0.52140083,95,1594
"3497",1,0.52140083,96,1566
"3498",1,0.52140083,97,1554
"3499",1,0.52140083,98,1573
"3500",1,0.52140083,99,1495
"3501",1,0.58570208,1,1850
"3502",1,0.58570208,10,1793
"3503",1,0.58570208,100,1771
"3504",1,0.58570208,11,1794
"3505",1,0.58570208,12,1704
"3506",1,0.58570208,13,1729
"3507",1,0.58570208,14,1705
"3508",1,0.58570208,15,1668
"3509",1,0.58570208,16,1654
"3510",1,0.58570208,17,1813
"3511",1,0.58570208,18,1762
"3512",1,0.58570208,19,1743
"3513",1,0.58570208,2,1752
"3514",1,0.58570208,20,1795
"3515",1,0.58570208,21,1723
"3516",1,0.58570208,22,1749
"3517",1,0.58570208,23,1767
"3518",1,0.58570208,24,1745
"3519",1,0.58570208,25,1778
"3520",1,0.58570208,26,1706
"3521",1,0.58570208,27,1758
"3522",1,0.58570208,28,1663
"3523",1,0.58570208,29,1719
"3524",1,0.58570208,3,1714
"3525",1,0.58570208,30,1748
"3526",1,0.58570208,31,1708
"3527",1,0.58570208,32,1710
"3528",1,0.58570208,33,1755
"3529",1,0.58570208,34,1819
"3530",1,0.58570208,35,1767
"3531",1,0.58570208,36,1806
"3532",1,0.58570208,37,1711
"3533",1,0.58570208,38,1763
"3534",1,0.58570208,39,1743
"3535",1,0.58570208,4,1773
"3536",1,0.58570208,40,1752
"3537",1,0.58570208,41,1732
"3538",1,0.58570208,42,1783
"3539",1,0.58570208,43,1819
"3540",1,0.58570208,44,1807
"3541",1,0.58570208,45,1699
"3542",1,0.58570208,46,1813
"3543",1,0.58570208,47,1657
"3544",1,0.58570208,48,1766
"3545",1,0.58570208,49,1737
"3546",1,0.58570208,5,1774
"3547",1,0.58570208,50,1793
"3548",1,0.58570208,51,1762
"3549",1,0.58570208,52,1749
"3550",1,0.58570208,53,1752
"3551",1,0.58570208,54,1802
"3552",1,0.58570208,55,1735
"3553",1,0.58570208,56,1812
"3554",1,0.58570208,57,1798
"3555",1,0.58570208,58,1731
"3556",1,0.58570208,59,1740
"3557",1,0.58570208,6,1798
"3558",1,0.58570208,60,1651
"3559",1,0.58570208,61,1707
"3560",1,0.58570208,62,1701
"3561",1,0.58570208,63,1776
"3562",1,0.58570208,64,1740
"3563",1,0.58570208,65,1672
"3564",1,0.58570208,66,1667
"3565",1,0.58570208,67,1694
"3566",1,0.58570208,68,1799
"3567",1,0.58570208,69,1708
"3568",1,0.58570208,7,1741
"3569",1,0.58570208,70,1789
"3570",1,0.58570208,71,1779
"3571",1,0.58570208,72,1697
"3572",1,0.58570208,73,1798
"3573",1,0.58570208,74,1851
"3574",1,0.58570208,75,1830
"3575",1,0.58570208,76,1793
"3576",1,0.58570208,77,1731
"3577",1,0.58570208,78,1636
"3578",1,0.58570208,79,1791
"3579",1,0.58570208,8,1707
"3580",1,0.58570208,80,1774
"3581",1,0.58570208,81,1791
"3582",1,0.58570208,82,1766
"3583",1,0.58570208,83,1732
"3584",1,0.58570208,84,1741
"3585",1,0.58570208,85,1745
"3586",1,0.58570208,86,1780
"3587",1,0.58570208,87,1777
"3588",1,0.58570208,88,1826
"3589",1,0.58570208,89,1842
"3590",1,0.58570208,9,1791
"3591",1,0.58570208,90,1810
"3592",1,0.58570208,91,1749
"3593",1,0.58570208,92,1779
"3594",1,0.58570208,93,1722
"3595",1,0.58570208,94,1805
"3596",1,0.58570208,95,1777
"3597",1,0.58570208,96,1762
"3598",1,0.58570208,97,1763
"3599",1,0.58570208,98,1716
"3600",1,0.58570208,99,1789
"3601",1,0.65793322,1,1954
"3602",1,0.65793322,10,2018
"3603",1,0.65793322,100,1915
"3604",1,0.65793322,11,1899
"3605",1,0.65793322,12,1986
"3606",1,0.65793322,13,1942
"3607",1,0.65793322,14,2002
"3608",1,0.65793322,15,1951
"3609",1,0.65793322,16,2033
"3610",1,0.65793322,17,1914
"3611",1,0.65793322,18,1867
"3612",1,0.65793322,19,1940
"3613",1,0.65793322,2,1986
"3614",1,0.65793322,20,1938
"3615",1,0.65793322,21,1988
"3616",1,0.65793322,22,1936
"3617",1,0.65793322,23,1871
"3618",1,0.65793322,24,1968
"3619",1,0.65793322,25,1962
"3620",1,0.65793322,26,1998
"3621",1,0.65793322,27,1933
"3622",1,0.65793322,28,1949
"3623",1,0.65793322,29,2002
"3624",1,0.65793322,3,1903
"3625",1,0.65793322,30,1876
"3626",1,0.65793322,31,1871
"3627",1,0.65793322,32,1956
"3628",1,0.65793322,33,2009
"3629",1,0.65793322,34,2002
"3630",1,0.65793322,35,1925
"3631",1,0.65793322,36,1953
"3632",1,0.65793322,37,2027
"3633",1,0.65793322,38,2006
"3634",1,0.65793322,39,1950
"3635",1,0.65793322,4,2057
"3636",1,0.65793322,40,1971
"3637",1,0.65793322,41,2009
"3638",1,0.65793322,42,1932
"3639",1,0.65793322,43,1986
"3640",1,0.65793322,44,1952
"3641",1,0.65793322,45,1982
"3642",1,0.65793322,46,2009
"3643",1,0.65793322,47,1990
"3644",1,0.65793322,48,1971
"3645",1,0.65793322,49,2083
"3646",1,0.65793322,5,2034
"3647",1,0.65793322,50,1927
"3648",1,0.65793322,51,1959
"3649",1,0.65793322,52,1972
"3650",1,0.65793322,53,1896
"3651",1,0.65793322,54,2018
"3652",1,0.65793322,55,1945
"3653",1,0.65793322,56,1967
"3654",1,0.65793322,57,1964
"3655",1,0.65793322,58,1994
"3656",1,0.65793322,59,1981
"3657",1,0.65793322,6,1903
"3658",1,0.65793322,60,1936
"3659",1,0.65793322,61,1974
"3660",1,0.65793322,62,1999
"3661",1,0.65793322,63,1928
"3662",1,0.65793322,64,1996
"3663",1,0.65793322,65,2016
"3664",1,0.65793322,66,2014
"3665",1,0.65793322,67,1956
"3666",1,0.65793322,68,1993
"3667",1,0.65793322,69,2043
"3668",1,0.65793322,7,1991
"3669",1,0.65793322,70,1924
"3670",1,0.65793322,71,1954
"3671",1,0.65793322,72,1972
"3672",1,0.65793322,73,2048
"3673",1,0.65793322,74,1904
"3674",1,0.65793322,75,1969
"3675",1,0.65793322,76,2074
"3676",1,0.65793322,77,1913
"3677",1,0.65793322,78,1949
"3678",1,0.65793322,79,2003
"3679",1,0.65793322,8,1975
"3680",1,0.65793322,80,2000
"3681",1,0.65793322,81,2019
"3682",1,0.65793322,82,1934
"3683",1,0.65793322,83,1923
"3684",1,0.65793322,84,1959
"3685",1,0.65793322,85,1910
"3686",1,0.65793322,86,1986
"3687",1,0.65793322,87,1989
"3688",1,0.65793322,88,2008
"3689",1,0.65793322,89,2027
"3690",1,0.65793322,9,2006
"3691",1,0.65793322,90,1962
"3692",1,0.65793322,91,2012
"3693",1,0.65793322,92,2001
"3694",1,0.65793322,93,2016
"3695",1,0.65793322,94,2023
"3696",1,0.65793322,95,1990
"3697",1,0.65793322,96,1997
"3698",1,0.65793322,97,1911
"3699",1,0.65793322,98,1938
"3700",1,0.65793322,99,1891
"3701",1,0.7390722,1,2231
"3702",1,0.7390722,10,2189
"3703",1,0.7390722,100,2179
"3704",1,0.7390722,11,2266
"3705",1,0.7390722,12,2239
"3706",1,0.7390722,13,2254
"3707",1,0.7390722,14,2203
"3708",1,0.7390722,15,2252
"3709",1,0.7390722,16,2192
"3710",1,0.7390722,17,2260
"3711",1,0.7390722,18,2149
"3712",1,0.7390722,19,2148
"3713",1,0.7390722,2,2157
"3714",1,0.7390722,20,2289
"3715",1,0.7390722,21,2345
"3716",1,0.7390722,22,2148
"3717",1,0.7390722,23,2229
"3718",1,0.7390722,24,2130
"3719",1,0.7390722,25,2272
"3720",1,0.7390722,26,2282
"3721",1,0.7390722,27,2208
"3722",1,0.7390722,28,2182
"3723",1,0.7390722,29,2228
"3724",1,0.7390722,3,2278
"3725",1,0.7390722,30,2257
"3726",1,0.7390722,31,2211
"3727",1,0.7390722,32,2255
"3728",1,0.7390722,33,2206
"3729",1,0.7390722,34,2216
"3730",1,0.7390722,35,2194
"3731",1,0.7390722,36,2250
"3732",1,0.7390722,37,2234
"3733",1,0.7390722,38,2252
"3734",1,0.7390722,39,2121
"3735",1,0.7390722,4,2201
"3736",1,0.7390722,40,2135
"3737",1,0.7390722,41,2126
"3738",1,0.7390722,42,2268
"3739",1,0.7390722,43,2164
"3740",1,0.7390722,44,2221
"3741",1,0.7390722,45,2271
"3742",1,0.7390722,46,2242
"3743",1,0.7390722,47,2135
"3744",1,0.7390722,48,2250
"3745",1,0.7390722,49,2231
"3746",1,0.7390722,5,2210
"3747",1,0.7390722,50,2198
"3748",1,0.7390722,51,2253
"3749",1,0.7390722,52,2213
"3750",1,0.7390722,53,2221
"3751",1,0.7390722,54,2198
"3752",1,0.7390722,55,2228
"3753",1,0.7390722,56,2104
"3754",1,0.7390722,57,2348
"3755",1,0.7390722,58,2157
"3756",1,0.7390722,59,2239
"3757",1,0.7390722,6,2137
"3758",1,0.7390722,60,2212
"3759",1,0.7390722,61,2200
"3760",1,0.7390722,62,2158
"3761",1,0.7390722,63,2189
"3762",1,0.7390722,64,2161
"3763",1,0.7390722,65,2245
"3764",1,0.7390722,66,2165
"3765",1,0.7390722,67,2241
"3766",1,0.7390722,68,2207
"3767",1,0.7390722,69,2178
"3768",1,0.7390722,7,2203
"3769",1,0.7390722,70,2144
"3770",1,0.7390722,71,2197
"3771",1,0.7390722,72,2173
"3772",1,0.7390722,73,2159
"3773",1,0.7390722,74,2178
"3774",1,0.7390722,75,2212
"3775",1,0.7390722,76,2173
"3776",1,0.7390722,77,2213
"3777",1,0.7390722,78,2269
"3778",1,0.7390722,79,2237
"3779",1,0.7390722,8,2158
"3780",1,0.7390722,80,2225
"3781",1,0.7390722,81,2217
"3782",1,0.7390722,82,2189
"3783",1,0.7390722,83,2255
"3784",1,0.7390722,84,2256
"3785",1,0.7390722,85,2244
"3786",1,0.7390722,86,2169
"3787",1,0.7390722,87,2133
"3788",1,0.7390722,88,2257
"3789",1,0.7390722,89,2170
"3790",1,0.7390722,9,2137
"3791",1,0.7390722,90,2127
"3792",1,0.7390722,91,2141
"3793",1,0.7390722,92,2231
"3794",1,0.7390722,93,2296
"3795",1,0.7390722,94,2299
"3796",1,0.7390722,95,2217
"3797",1,0.7390722,96,2260
"3798",1,0.7390722,97,2250
"3799",1,0.7390722,98,2270
"3800",1,0.7390722,99,2161
"3801",1,0.83021757,1,2475
"3802",1,0.83021757,10,2454
"3803",1,0.83021757,100,2457
"3804",1,0.83021757,11,2492
"3805",1,0.83021757,12,2588
"3806",1,0.83021757,13,2495
"3807",1,0.83021757,14,2509
"3808",1,0.83021757,15,2444
"3809",1,0.83021757,16,2501
"3810",1,0.83021757,17,2400
"3811",1,0.83021757,18,2480
"3812",1,0.83021757,19,2412
"3813",1,0.83021757,2,2399
"3814",1,0.83021757,20,2498
"3815",1,0.83021757,21,2494
"3816",1,0.83021757,22,2530
"3817",1,0.83021757,23,2471
"3818",1,0.83021757,24,2529
"3819",1,0.83021757,25,2502
"3820",1,0.83021757,26,2505
"3821",1,0.83021757,27,2419
"3822",1,0.83021757,28,2450
"3823",1,0.83021757,29,2562
"3824",1,0.83021757,3,2435
"3825",1,0.83021757,30,2539
"3826",1,0.83021757,31,2455
"3827",1,0.83021757,32,2456
"3828",1,0.83021757,33,2489
"3829",1,0.83021757,34,2476
"3830",1,0.83021757,35,2508
"3831",1,0.83021757,36,2517
"3832",1,0.83021757,37,2430
"3833",1,0.83021757,38,2461
"3834",1,0.83021757,39,2456
"3835",1,0.83021757,4,2391
"3836",1,0.83021757,40,2408
"3837",1,0.83021757,41,2497
"3838",1,0.83021757,42,2436
"3839",1,0.83021757,43,2421
"3840",1,0.83021757,44,2560
"3841",1,0.83021757,45,2478
"3842",1,0.83021757,46,2413
"3843",1,0.83021757,47,2547
"3844",1,0.83021757,48,2505
"3845",1,0.83021757,49,2520
"3846",1,0.83021757,5,2486
"3847",1,0.83021757,50,2563
"3848",1,0.83021757,51,2546
"3849",1,0.83021757,52,2457
"3850",1,0.83021757,53,2473
"3851",1,0.83021757,54,2488
"3852",1,0.83021757,55,2452
"3853",1,0.83021757,56,2447
"3854",1,0.83021757,57,2438
"3855",1,0.83021757,58,2483
"3856",1,0.83021757,59,2492
"3857",1,0.83021757,6,2438
"3858",1,0.83021757,60,2440
"3859",1,0.83021757,61,2478
"3860",1,0.83021757,62,2473
"3861",1,0.83021757,63,2496
"3862",1,0.83021757,64,2553
"3863",1,0.83021757,65,2531
"3864",1,0.83021757,66,2579
"3865",1,0.83021757,67,2519
"3866",1,0.83021757,68,2580
"3867",1,0.83021757,69,2432
"3868",1,0.83021757,7,2520
"3869",1,0.83021757,70,2507
"3870",1,0.83021757,71,2446
"3871",1,0.83021757,72,2437
"3872",1,0.83021757,73,2445
"3873",1,0.83021757,74,2470
"3874",1,0.83021757,75,2517
"3875",1,0.83021757,76,2437
"3876",1,0.83021757,77,2460
"3877",1,0.83021757,78,2428
"3878",1,0.83021757,79,2518
"3879",1,0.83021757,8,2522
"3880",1,0.83021757,80,2495
"3881",1,0.83021757,81,2487
"3882",1,0.83021757,82,2377
"3883",1,0.83021757,83,2445
"3884",1,0.83021757,84,2385
"3885",1,0.83021757,85,2553
"3886",1,0.83021757,86,2400
"3887",1,0.83021757,87,2507
"3888",1,0.83021757,88,2454
"3889",1,0.83021757,89,2482
"3890",1,0.83021757,9,2407
"3891",1,0.83021757,90,2457
"3892",1,0.83021757,91,2523
"3893",1,0.83021757,92,2440
"3894",1,0.83021757,93,2460
"3895",1,0.83021757,94,2528
"3896",1,0.83021757,95,2475
"3897",1,0.83021757,96,2483
"3898",1,0.83021757,97,2472
"3899",1,0.83021757,98,2480
"3900",1,0.83021757,99,2543
"3901",1,0.93260335,1,2776
"3902",1,0.93260335,10,2856
"3903",1,0.93260335,100,2836
"3904",1,0.93260335,11,2750
"3905",1,0.93260335,12,2833
"3906",1,0.93260335,13,2754
"3907",1,0.93260335,14,2748
"3908",1,0.93260335,15,2812
"3909",1,0.93260335,16,2802
"3910",1,0.93260335,17,2699
"3911",1,0.93260335,18,2809
"3912",1,0.93260335,19,2860
"3913",1,0.93260335,2,2799
"3914",1,0.93260335,20,2886
"3915",1,0.93260335,21,2836
"3916",1,0.93260335,22,2649
"3917",1,0.93260335,23,2731
"3918",1,0.93260335,24,2720
"3919",1,0.93260335,25,2761
"3920",1,0.93260335,26,2632
"3921",1,0.93260335,27,2879
"3922",1,0.93260335,28,2850
"3923",1,0.93260335,29,2911
"3924",1,0.93260335,3,2770
"3925",1,0.93260335,30,2840
"3926",1,0.93260335,31,2859
"3927",1,0.93260335,32,2791
"3928",1,0.93260335,33,2836
"3929",1,0.93260335,34,2758
"3930",1,0.93260335,35,2799
"3931",1,0.93260335,36,2888
"3932",1,0.93260335,37,2760
"3933",1,0.93260335,38,2688
"3934",1,0.93260335,39,2877
"3935",1,0.93260335,4,2870
"3936",1,0.93260335,40,2833
"3937",1,0.93260335,41,2773
"3938",1,0.93260335,42,2798
"3939",1,0.93260335,43,2766
"3940",1,0.93260335,44,2879
"3941",1,0.93260335,45,2836
"3942",1,0.93260335,46,2847
"3943",1,0.93260335,47,2804
"3944",1,0.93260335,48,2824
"3945",1,0.93260335,49,2774
"3946",1,0.93260335,5,2690
"3947",1,0.93260335,50,2776
"3948",1,0.93260335,51,2747
"3949",1,0.93260335,52,2779
"3950",1,0.93260335,53,2777
"3951",1,0.93260335,54,2817
"3952",1,0.93260335,55,2869
"3953",1,0.93260335,56,2885
"3954",1,0.93260335,57,2812
"3955",1,0.93260335,58,2738
"3956",1,0.93260335,59,2828
"3957",1,0.93260335,6,2751
"3958",1,0.93260335,60,2772
"3959",1,0.93260335,61,2812
"3960",1,0.93260335,62,2832
"3961",1,0.93260335,63,2797
"3962",1,0.93260335,64,2687
"3963",1,0.93260335,65,2828
"3964",1,0.93260335,66,2796
"3965",1,0.93260335,67,2808
"3966",1,0.93260335,68,2759
"3967",1,0.93260335,69,2912
"3968",1,0.93260335,7,2794
"3969",1,0.93260335,70,2852
"3970",1,0.93260335,71,2779
"3971",1,0.93260335,72,2764
"3972",1,0.93260335,73,2877
"3973",1,0.93260335,74,2756
"3974",1,0.93260335,75,2756
"3975",1,0.93260335,76,2743
"3976",1,0.93260335,77,2892
"3977",1,0.93260335,78,2738
"3978",1,0.93260335,79,2756
"3979",1,0.93260335,8,2767
"3980",1,0.93260335,80,2791
"3981",1,0.93260335,81,2834
"3982",1,0.93260335,82,2709
"3983",1,0.93260335,83,2811
"3984",1,0.93260335,84,2837
"3985",1,0.93260335,85,2928
"3986",1,0.93260335,86,2882
"3987",1,0.93260335,87,2818
"3988",1,0.93260335,88,2880
"3989",1,0.93260335,89,2834
"3990",1,0.93260335,9,2870
"3991",1,0.93260335,90,2736
"3992",1,0.93260335,91,2709
"3993",1,0.93260335,92,2821
"3994",1,0.93260335,93,2779
"3995",1,0.93260335,94,2835
"3996",1,0.93260335,95,2852
"3997",1,0.93260335,96,2791
"3998",1,0.93260335,97,2766
"3999",1,0.93260335,98,2822
"4000",1,0.93260335,99,2842
"4001",1,1.04761575,1,3109
"4002",1,1.04761575,10,3220
"4003",1,1.04761575,100,3116
"4004",1,1.04761575,11,3073
"4005",1,1.04761575,12,3106
"4006",1,1.04761575,13,3119
"4007",1,1.04761575,14,3047
"4008",1,1.04761575,15,3014
"4009",1,1.04761575,16,3094
"4010",1,1.04761575,17,3088
"4011",1,1.04761575,18,3195
"4012",1,1.04761575,19,3119
"4013",1,1.04761575,2,3086
"4014",1,1.04761575,20,3086
"4015",1,1.04761575,21,3081
"4016",1,1.04761575,22,3124
"4017",1,1.04761575,23,3134
"4018",1,1.04761575,24,3188
"4019",1,1.04761575,25,3153
"4020",1,1.04761575,26,3125
"4021",1,1.04761575,27,3111
"4022",1,1.04761575,28,3192
"4023",1,1.04761575,29,3114
"4024",1,1.04761575,3,3023
"4025",1,1.04761575,30,3153
"4026",1,1.04761575,31,3135
"4027",1,1.04761575,32,3063
"4028",1,1.04761575,33,3134
"4029",1,1.04761575,34,3118
"4030",1,1.04761575,35,3115
"4031",1,1.04761575,36,3181
"4032",1,1.04761575,37,3169
"4033",1,1.04761575,38,3103
"4034",1,1.04761575,39,3093
"4035",1,1.04761575,4,3041
"4036",1,1.04761575,40,3194
"4037",1,1.04761575,41,3140
"4038",1,1.04761575,42,3041
"4039",1,1.04761575,43,3138
"4040",1,1.04761575,44,3060
"4041",1,1.04761575,45,3091
"4042",1,1.04761575,46,3120
"4043",1,1.04761575,47,3097
"4044",1,1.04761575,48,3159
"4045",1,1.04761575,49,3107
"4046",1,1.04761575,5,2993
"4047",1,1.04761575,50,3116
"4048",1,1.04761575,51,3087
"4049",1,1.04761575,52,3158
"4050",1,1.04761575,53,3174
"4051",1,1.04761575,54,3274
"4052",1,1.04761575,55,3133
"4053",1,1.04761575,56,2990
"4054",1,1.04761575,57,3188
"4055",1,1.04761575,58,3150
"4056",1,1.04761575,59,3178
"4057",1,1.04761575,6,3192
"4058",1,1.04761575,60,3176
"4059",1,1.04761575,61,3138
"4060",1,1.04761575,62,3137
"4061",1,1.04761575,63,3060
"4062",1,1.04761575,64,3071
"4063",1,1.04761575,65,3053
"4064",1,1.04761575,66,3179
"4065",1,1.04761575,67,3239
"4066",1,1.04761575,68,3168
"4067",1,1.04761575,69,3211
"4068",1,1.04761575,7,3081
"4069",1,1.04761575,70,3144
"4070",1,1.04761575,71,3099
"4071",1,1.04761575,72,3234
"4072",1,1.04761575,73,3109
"4073",1,1.04761575,74,3244
"4074",1,1.04761575,75,3045
"4075",1,1.04761575,76,3072
"4076",1,1.04761575,77,3186
"4077",1,1.04761575,78,3282
"4078",1,1.04761575,79,3087
"4079",1,1.04761575,8,3063
"4080",1,1.04761575,80,3115
"4081",1,1.04761575,81,3055
"4082",1,1.04761575,82,3010
"4083",1,1.04761575,83,3197
"4084",1,1.04761575,84,3060
"4085",1,1.04761575,85,3174
"4086",1,1.04761575,86,3206
"4087",1,1.04761575,87,3115
"4088",1,1.04761575,88,3160
"4089",1,1.04761575,89,3186
"4090",1,1.04761575,9,3184
"4091",1,1.04761575,90,3131
"4092",1,1.04761575,91,3188
"4093",1,1.04761575,92,3127
"4094",1,1.04761575,93,3148
"4095",1,1.04761575,94,3071
"4096",1,1.04761575,95,3245
"4097",1,1.04761575,96,3226
"4098",1,1.04761575,97,3084
"4099",1,1.04761575,98,3039
"4100",1,1.04761575,99,3196
"4101",1,1.17681195,1,3567
"4102",1,1.17681195,10,3533
"4103",1,1.17681195,100,3577
"4104",1,1.17681195,11,3467
"4105",1,1.17681195,12,3475
"4106",1,1.17681195,13,3489
"4107",1,1.17681195,14,3424
"4108",1,1.17681195,15,3467
"4109",1,1.17681195,16,3507
"4110",1,1.17681195,17,3485
"4111",1,1.17681195,18,3574
"4112",1,1.17681195,19,3426
"4113",1,1.17681195,2,3448
"4114",1,1.17681195,20,3626
"4115",1,1.17681195,21,3491
"4116",1,1.17681195,22,3506
"4117",1,1.17681195,23,3494
"4118",1,1.17681195,24,3462
"4119",1,1.17681195,25,3590
"4120",1,1.17681195,26,3498
"4121",1,1.17681195,27,3666
"4122",1,1.17681195,28,3483
"4123",1,1.17681195,29,3617
"4124",1,1.17681195,3,3569
"4125",1,1.17681195,30,3502
"4126",1,1.17681195,31,3517
"4127",1,1.17681195,32,3474
"4128",1,1.17681195,33,3556
"4129",1,1.17681195,34,3538
"4130",1,1.17681195,35,3405
"4131",1,1.17681195,36,3541
"4132",1,1.17681195,37,3564
"4133",1,1.17681195,38,3514
"4134",1,1.17681195,39,3545
"4135",1,1.17681195,4,3473
"4136",1,1.17681195,40,3564
"4137",1,1.17681195,41,3484
"4138",1,1.17681195,42,3488
"4139",1,1.17681195,43,3532
"4140",1,1.17681195,44,3545
"4141",1,1.17681195,45,3593
"4142",1,1.17681195,46,3550
"4143",1,1.17681195,47,3508
"4144",1,1.17681195,48,3596
"4145",1,1.17681195,49,3529
"4146",1,1.17681195,5,3557
"4147",1,1.17681195,50,3582
"4148",1,1.17681195,51,3528
"4149",1,1.17681195,52,3555
"4150",1,1.17681195,53,3413
"4151",1,1.17681195,54,3665
"4152",1,1.17681195,55,3388
"4153",1,1.17681195,56,3533
"4154",1,1.17681195,57,3493
"4155",1,1.17681195,58,3475
"4156",1,1.17681195,59,3589
"4157",1,1.17681195,6,3511
"4158",1,1.17681195,60,3647
"4159",1,1.17681195,61,3530
"4160",1,1.17681195,62,3603
"4161",1,1.17681195,63,3512
"4162",1,1.17681195,64,3409
"4163",1,1.17681195,65,3498
"4164",1,1.17681195,66,3506
"4165",1,1.17681195,67,3369
"4166",1,1.17681195,68,3491
"4167",1,1.17681195,69,3573
"4168",1,1.17681195,7,3447
"4169",1,1.17681195,70,3526
"4170",1,1.17681195,71,3524
"4171",1,1.17681195,72,3519
"4172",1,1.17681195,73,3500
"4173",1,1.17681195,74,3540
"4174",1,1.17681195,75,3557
"4175",1,1.17681195,76,3560
"4176",1,1.17681195,77,3581
"4177",1,1.17681195,78,3442
"4178",1,1.17681195,79,3558
"4179",1,1.17681195,8,3501
"4180",1,1.17681195,80,3555
"4181",1,1.17681195,81,3487
"4182",1,1.17681195,82,3504
"4183",1,1.17681195,83,3476
"4184",1,1.17681195,84,3555
"4185",1,1.17681195,85,3485
"4186",1,1.17681195,86,3453
"4187",1,1.17681195,87,3546
"4188",1,1.17681195,88,3574
"4189",1,1.17681195,89,3469
"4190",1,1.17681195,9,3454
"4191",1,1.17681195,90,3558
"4192",1,1.17681195,91,3579
"4193",1,1.17681195,92,3527
"4194",1,1.17681195,93,3406
"4195",1,1.17681195,94,3595
"4196",1,1.17681195,95,3532
"4197",1,1.17681195,96,3486
"4198",1,1.17681195,97,3549
"4199",1,1.17681195,98,3456
"4200",1,1.17681195,99,3508
"4201",1,1.32194115,1,3931
"4202",1,1.32194115,10,3956
"4203",1,1.32194115,100,3961
"4204",1,1.32194115,11,4029
"4205",1,1.32194115,12,4038
"4206",1,1.32194115,13,3916
"4207",1,1.32194115,14,3960
"4208",1,1.32194115,15,3935
"4209",1,1.32194115,16,3933
"4210",1,1.32194115,17,4007
"4211",1,1.32194115,18,3994
"4212",1,1.32194115,19,3967
"4213",1,1.32194115,2,3970
"4214",1,1.32194115,20,3965
"4215",1,1.32194115,21,3864
"4216",1,1.32194115,22,3893
"4217",1,1.32194115,23,4034
"4218",1,1.32194115,24,4033
"4219",1,1.32194115,25,3899
"4220",1,1.32194115,26,3942
"4221",1,1.32194115,27,3955
"4222",1,1.32194115,28,3985
"4223",1,1.32194115,29,3906
"4224",1,1.32194115,3,4006
"4225",1,1.32194115,30,3878
"4226",1,1.32194115,31,4037
"4227",1,1.32194115,32,4047
"4228",1,1.32194115,33,4130
"4229",1,1.32194115,34,3942
"4230",1,1.32194115,35,4058
"4231",1,1.32194115,36,3989
"4232",1,1.32194115,37,3927
"4233",1,1.32194115,38,3876
"4234",1,1.32194115,39,3939
"4235",1,1.32194115,4,3916
"4236",1,1.32194115,40,4014
"4237",1,1.32194115,41,3943
"4238",1,1.32194115,42,3956
"4239",1,1.32194115,43,3893
"4240",1,1.32194115,44,3927
"4241",1,1.32194115,45,3982
"4242",1,1.32194115,46,4016
"4243",1,1.32194115,47,3924
"4244",1,1.32194115,48,4016
"4245",1,1.32194115,49,3930
"4246",1,1.32194115,5,3850
"4247",1,1.32194115,50,3990
"4248",1,1.32194115,51,4005
"4249",1,1.32194115,52,3936
"4250",1,1.32194115,53,3963
"4251",1,1.32194115,54,3951
"4252",1,1.32194115,55,3994
"4253",1,1.32194115,56,3896
"4254",1,1.32194115,57,3993
"4255",1,1.32194115,58,3930
"4256",1,1.32194115,59,4085
"4257",1,1.32194115,6,4051
"4258",1,1.32194115,60,3991
"4259",1,1.32194115,61,4056
"4260",1,1.32194115,62,4027
"4261",1,1.32194115,63,3986
"4262",1,1.32194115,64,3938
"4263",1,1.32194115,65,3871
"4264",1,1.32194115,66,3956
"4265",1,1.32194115,67,3937
"4266",1,1.32194115,68,4024
"4267",1,1.32194115,69,3938
"4268",1,1.32194115,7,3921
"4269",1,1.32194115,70,3935
"4270",1,1.32194115,71,3931
"4271",1,1.32194115,72,4027
"4272",1,1.32194115,73,3977
"4273",1,1.32194115,74,3891
"4274",1,1.32194115,75,3985
"4275",1,1.32194115,76,3822
"4276",1,1.32194115,77,3915
"4277",1,1.32194115,78,4149
"4278",1,1.32194115,79,3957
"4279",1,1.32194115,8,4003
"4280",1,1.32194115,80,3847
"4281",1,1.32194115,81,4066
"4282",1,1.32194115,82,3871
"4283",1,1.32194115,83,4012
"4284",1,1.32194115,84,3942
"4285",1,1.32194115,85,3998
"4286",1,1.32194115,86,3999
"4287",1,1.32194115,87,3990
"4288",1,1.32194115,88,3985
"4289",1,1.32194115,89,3946
"4290",1,1.32194115,9,3985
"4291",1,1.32194115,90,3961
"4292",1,1.32194115,91,3947
"4293",1,1.32194115,92,3914
"4294",1,1.32194115,93,3946
"4295",1,1.32194115,94,3979
"4296",1,1.32194115,95,3950
"4297",1,1.32194115,96,3994
"4298",1,1.32194115,97,3840
"4299",1,1.32194115,98,3957
"4300",1,1.32194115,99,4042
"4301",1,1.48496826,1,4452
"4302",1,1.48496826,10,4413
"4303",1,1.48496826,100,4416
"4304",1,1.48496826,11,4502
"4305",1,1.48496826,12,4530
"4306",1,1.48496826,13,4427
"4307",1,1.48496826,14,4470
"4308",1,1.48496826,15,4447
"4309",1,1.48496826,16,4541
"4310",1,1.48496826,17,4436
"4311",1,1.48496826,18,4360
"4312",1,1.48496826,19,4568
"4313",1,1.48496826,2,4228
"4314",1,1.48496826,20,4448
"4315",1,1.48496826,21,4603
"4316",1,1.48496826,22,4463
"4317",1,1.48496826,23,4390
"4318",1,1.48496826,24,4557
"4319",1,1.48496826,25,4425
"4320",1,1.48496826,26,4455
"4321",1,1.48496826,27,4481
"4322",1,1.48496826,28,4328
"4323",1,1.48496826,29,4442
"4324",1,1.48496826,3,4383
"4325",1,1.48496826,30,4500
"4326",1,1.48496826,31,4470
"4327",1,1.48496826,32,4387
"4328",1,1.48496826,33,4472
"4329",1,1.48496826,34,4551
"4330",1,1.48496826,35,4482
"4331",1,1.48496826,36,4519
"4332",1,1.48496826,37,4496
"4333",1,1.48496826,38,4415
"4334",1,1.48496826,39,4441
"4335",1,1.48496826,4,4467
"4336",1,1.48496826,40,4460
"4337",1,1.48496826,41,4359
"4338",1,1.48496826,42,4397
"4339",1,1.48496826,43,4501
"4340",1,1.48496826,44,4424
"4341",1,1.48496826,45,4462
"4342",1,1.48496826,46,4457
"4343",1,1.48496826,47,4411
"4344",1,1.48496826,48,4393
"4345",1,1.48496826,49,4414
"4346",1,1.48496826,5,4543
"4347",1,1.48496826,50,4469
"4348",1,1.48496826,51,4445
"4349",1,1.48496826,52,4406
"4350",1,1.48496826,53,4460
"4351",1,1.48496826,54,4394
"4352",1,1.48496826,55,4410
"4353",1,1.48496826,56,4390
"4354",1,1.48496826,57,4498
"4355",1,1.48496826,58,4394
"4356",1,1.48496826,59,4366
"4357",1,1.48496826,6,4488
"4358",1,1.48496826,60,4361
"4359",1,1.48496826,61,4403
"4360",1,1.48496826,62,4427
"4361",1,1.48496826,63,4463
"4362",1,1.48496826,64,4384
"4363",1,1.48496826,65,4520
"4364",1,1.48496826,66,4363
"4365",1,1.48496826,67,4436
"4366",1,1.48496826,68,4546
"4367",1,1.48496826,69,4409
"4368",1,1.48496826,7,4315
"4369",1,1.48496826,70,4386
"4370",1,1.48496826,71,4459
"4371",1,1.48496826,72,4408
"4372",1,1.48496826,73,4429
"4373",1,1.48496826,74,4390
"4374",1,1.48496826,75,4350
"4375",1,1.48496826,76,4464
"4376",1,1.48496826,77,4514
"4377",1,1.48496826,78,4301
"4378",1,1.48496826,79,4521
"4379",1,1.48496826,8,4441
"4380",1,1.48496826,80,4379
"4381",1,1.48496826,81,4256
"4382",1,1.48496826,82,4360
"4383",1,1.48496826,83,4478
"4384",1,1.48496826,84,4419
"4385",1,1.48496826,85,4412
"4386",1,1.48496826,86,4376
"4387",1,1.48496826,87,4541
"4388",1,1.48496826,88,4503
"4389",1,1.48496826,89,4418
"4390",1,1.48496826,9,4479
"4391",1,1.48496826,90,4531
"4392",1,1.48496826,91,4488
"4393",1,1.48496826,92,4355
"4394",1,1.48496826,93,4408
"4395",1,1.48496826,94,4402
"4396",1,1.48496826,95,4400
"4397",1,1.48496826,96,4373
"4398",1,1.48496826,97,4422
"4399",1,1.48496826,98,4394
"4400",1,1.48496826,99,4457
"4401",1,1.66810054,1,5025
"4402",1,1.66810054,10,4874
"4403",1,1.66810054,100,4953
"4404",1,1.66810054,11,5024
"4405",1,1.66810054,12,5023
"4406",1,1.66810054,13,4927
"4407",1,1.66810054,14,4942
"4408",1,1.66810054,15,4981
"4409",1,1.66810054,16,4818
"4410",1,1.66810054,17,4793
"4411",1,1.66810054,18,4964
"4412",1,1.66810054,19,5081
"4413",1,1.66810054,2,5110
"4414",1,1.66810054,20,5041
"4415",1,1.66810054,21,5029
"4416",1,1.66810054,22,4959
"4417",1,1.66810054,23,5036
"4418",1,1.66810054,24,5041
"4419",1,1.66810054,25,4973
"4420",1,1.66810054,26,4965
"4421",1,1.66810054,27,5117
"4422",1,1.66810054,28,4998
"4423",1,1.66810054,29,4929
"4424",1,1.66810054,3,4875
"4425",1,1.66810054,30,5011
"4426",1,1.66810054,31,5032
"4427",1,1.66810054,32,5002
"4428",1,1.66810054,33,5077
"4429",1,1.66810054,34,4887
"4430",1,1.66810054,35,5128
"4431",1,1.66810054,36,4999
"4432",1,1.66810054,37,5003
"4433",1,1.66810054,38,5017
"4434",1,1.66810054,39,4847
"4435",1,1.66810054,4,5077
"4436",1,1.66810054,40,5057
"4437",1,1.66810054,41,4986
"4438",1,1.66810054,42,4959
"4439",1,1.66810054,43,4945
"4440",1,1.66810054,44,5053
"4441",1,1.66810054,45,4991
"4442",1,1.66810054,46,5117
"4443",1,1.66810054,47,4966
"4444",1,1.66810054,48,4999
"4445",1,1.66810054,49,4947
"4446",1,1.66810054,5,5108
"4447",1,1.66810054,50,5047
"4448",1,1.66810054,51,4978
"4449",1,1.66810054,52,4899
"4450",1,1.66810054,53,5004
"4451",1,1.66810054,54,4953
"4452",1,1.66810054,55,5087
"4453",1,1.66810054,56,5015
"4454",1,1.66810054,57,4925
"4455",1,1.66810054,58,4969
"4456",1,1.66810054,59,4847
"4457",1,1.66810054,6,5016
"4458",1,1.66810054,60,5041
"4459",1,1.66810054,61,4916
"4460",1,1.66810054,62,5021
"4461",1,1.66810054,63,4981
"4462",1,1.66810054,64,5012
"4463",1,1.66810054,65,4992
"4464",1,1.66810054,66,4930
"4465",1,1.66810054,67,5035
"4466",1,1.66810054,68,4883
"4467",1,1.66810054,69,4993
"4468",1,1.66810054,7,5025
"4469",1,1.66810054,70,4946
"4470",1,1.66810054,71,5077
"4471",1,1.66810054,72,4874
"4472",1,1.66810054,73,5001
"4473",1,1.66810054,74,4935
"4474",1,1.66810054,75,4939
"4475",1,1.66810054,76,5054
"4476",1,1.66810054,77,4875
"4477",1,1.66810054,78,4956
"4478",1,1.66810054,79,5043
"4479",1,1.66810054,8,4966
"4480",1,1.66810054,80,5083
"4481",1,1.66810054,81,4936
"4482",1,1.66810054,82,4947
"4483",1,1.66810054,83,4903
"4484",1,1.66810054,84,4995
"4485",1,1.66810054,85,4944
"4486",1,1.66810054,86,5013
"4487",1,1.66810054,87,4997
"4488",1,1.66810054,88,4835
"4489",1,1.66810054,89,4900
"4490",1,1.66810054,9,4927
"4491",1,1.66810054,90,4952
"4492",1,1.66810054,91,5054
"4493",1,1.66810054,92,5113
"4494",1,1.66810054,93,5031
"4495",1,1.66810054,94,5070
"4496",1,1.66810054,95,5086
"4497",1,1.66810054,96,5057
"4498",1,1.66810054,97,5029
"4499",1,1.66810054,98,4949
"4500",1,1.66810054,99,4965
"4501",1,1.87381742,1,5588
"4502",1,1.87381742,10,5691
"4503",1,1.87381742,100,5509
"4504",1,1.87381742,11,5620
"4505",1,1.87381742,12,5656
"4506",1,1.87381742,13,5596
"4507",1,1.87381742,14,5513
"4508",1,1.87381742,15,5648
"4509",1,1.87381742,16,5639
"4510",1,1.87381742,17,5622
"4511",1,1.87381742,18,5565
"4512",1,1.87381742,19,5849
"4513",1,1.87381742,2,5632
"4514",1,1.87381742,20,5706
"4515",1,1.87381742,21,5629
"4516",1,1.87381742,22,5585
"4517",1,1.87381742,23,5538
"4518",1,1.87381742,24,5544
"4519",1,1.87381742,25,5589
"4520",1,1.87381742,26,5549
"4521",1,1.87381742,27,5598
"4522",1,1.87381742,28,5581
"4523",1,1.87381742,29,5615
"4524",1,1.87381742,3,5706
"4525",1,1.87381742,30,5549
"4526",1,1.87381742,31,5547
"4527",1,1.87381742,32,5560
"4528",1,1.87381742,33,5627
"4529",1,1.87381742,34,5559
"4530",1,1.87381742,35,5612
"4531",1,1.87381742,36,5656
"4532",1,1.87381742,37,5616
"4533",1,1.87381742,38,5563
"4534",1,1.87381742,39,5652
"4535",1,1.87381742,4,5554
"4536",1,1.87381742,40,5630
"4537",1,1.87381742,41,5548
"4538",1,1.87381742,42,5628
"4539",1,1.87381742,43,5579
"4540",1,1.87381742,44,5822
"4541",1,1.87381742,45,5555
"4542",1,1.87381742,46,5449
"4543",1,1.87381742,47,5470
"4544",1,1.87381742,48,5724
"4545",1,1.87381742,49,5501
"4546",1,1.87381742,5,5655
"4547",1,1.87381742,50,5607
"4548",1,1.87381742,51,5546
"4549",1,1.87381742,52,5666
"4550",1,1.87381742,53,5504
"4551",1,1.87381742,54,5534
"4552",1,1.87381742,55,5617
"4553",1,1.87381742,56,5626
"4554",1,1.87381742,57,5657
"4555",1,1.87381742,58,5706
"4556",1,1.87381742,59,5624
"4557",1,1.87381742,6,5561
"4558",1,1.87381742,60,5630
"4559",1,1.87381742,61,5615
"4560",1,1.87381742,62,5614
"4561",1,1.87381742,63,5718
"4562",1,1.87381742,64,5540
"4563",1,1.87381742,65,5635
"4564",1,1.87381742,66,5762
"4565",1,1.87381742,67,5775
"4566",1,1.87381742,68,5691
"4567",1,1.87381742,69,5509
"4568",1,1.87381742,7,5574
"4569",1,1.87381742,70,5723
"4570",1,1.87381742,71,5674
"4571",1,1.87381742,72,5580
"4572",1,1.87381742,73,5567
"4573",1,1.87381742,74,5749
"4574",1,1.87381742,75,5634
"4575",1,1.87381742,76,5577
"4576",1,1.87381742,77,5601
"4577",1,1.87381742,78,5459
"4578",1,1.87381742,79,5548
"4579",1,1.87381742,8,5567
"4580",1,1.87381742,80,5596
"4581",1,1.87381742,81,5552
"4582",1,1.87381742,82,5642
"4583",1,1.87381742,83,5594
"4584",1,1.87381742,84,5477
"4585",1,1.87381742,85,5616
"4586",1,1.87381742,86,5591
"4587",1,1.87381742,87,5649
"4588",1,1.87381742,88,5601
"4589",1,1.87381742,89,5554
"4590",1,1.87381742,9,5408
"4591",1,1.87381742,90,5714
"4592",1,1.87381742,91,5753
"4593",1,1.87381742,92,5607
"4594",1,1.87381742,93,5417
"4595",1,1.87381742,94,5748
"4596",1,1.87381742,95,5514
"4597",1,1.87381742,96,5584
"4598",1,1.87381742,97,5648
"4599",1,1.87381742,98,5589
"4600",1,1.87381742,99,5668
"4601",1,10.72267222,1,32242
"4602",1,10.72267222,10,32064
"4603",1,10.72267222,100,32005
"4604",1,10.72267222,11,32135
"4605",1,10.72267222,12,32206
"4606",1,10.72267222,13,31997
"4607",1,10.72267222,14,32151
"4608",1,10.72267222,15,31880
"4609",1,10.72267222,16,31671
"4610",1,10.72267222,17,31969
"4611",1,10.72267222,18,32338
"4612",1,10.72267222,19,31940
"4613",1,10.72267222,2,31991
"4614",1,10.72267222,20,32004
"4615",1,10.72267222,21,32067
"4616",1,10.72267222,22,32231
"4617",1,10.72267222,23,32160
"4618",1,10.72267222,24,31813
"4619",1,10.72267222,25,32290
"4620",1,10.72267222,26,32096
"4621",1,10.72267222,27,31855
"4622",1,10.72267222,28,32420
"4623",1,10.72267222,29,31931
"4624",1,10.72267222,3,32067
"4625",1,10.72267222,30,32328
"4626",1,10.72267222,31,31810
"4627",1,10.72267222,32,32446
"4628",1,10.72267222,33,31924
"4629",1,10.72267222,34,31846
"4630",1,10.72267222,35,32118
"4631",1,10.72267222,36,32223
"4632",1,10.72267222,37,32364
"4633",1,10.72267222,38,31869
"4634",1,10.72267222,39,31988
"4635",1,10.72267222,4,32006
"4636",1,10.72267222,40,32324
"4637",1,10.72267222,41,32072
"4638",1,10.72267222,42,32276
"4639",1,10.72267222,43,31958
"4640",1,10.72267222,44,32024
"4641",1,10.72267222,45,31992
"4642",1,10.72267222,46,32020
"4643",1,10.72267222,47,31964
"4644",1,10.72267222,48,32520
"4645",1,10.72267222,49,32319
"4646",1,10.72267222,5,31974
"4647",1,10.72267222,50,32090
"4648",1,10.72267222,51,31950
"4649",1,10.72267222,52,32176
"4650",1,10.72267222,53,32003
"4651",1,10.72267222,54,31913
"4652",1,10.72267222,55,31861
"4653",1,10.72267222,56,31810
"4654",1,10.72267222,57,31891
"4655",1,10.72267222,58,32089
"4656",1,10.72267222,59,32094
"4657",1,10.72267222,6,32309
"4658",1,10.72267222,60,32034
"4659",1,10.72267222,61,31670
"4660",1,10.72267222,62,32466
"4661",1,10.72267222,63,31962
"4662",1,10.72267222,64,31646
"4663",1,10.72267222,65,32140
"4664",1,10.72267222,66,32315
"4665",1,10.72267222,67,32226
"4666",1,10.72267222,68,32129
"4667",1,10.72267222,69,32248
"4668",1,10.72267222,7,32093
"4669",1,10.72267222,70,32190
"4670",1,10.72267222,71,31918
"4671",1,10.72267222,72,32269
"4672",1,10.72267222,73,32159
"4673",1,10.72267222,74,32122
"4674",1,10.72267222,75,32085
"4675",1,10.72267222,76,32172
"4676",1,10.72267222,77,31924
"4677",1,10.72267222,78,32347
"4678",1,10.72267222,79,32254
"4679",1,10.72267222,8,32068
"4680",1,10.72267222,80,32056
"4681",1,10.72267222,81,31990
"4682",1,10.72267222,82,31725
"4683",1,10.72267222,83,32148
"4684",1,10.72267222,84,31900
"4685",1,10.72267222,85,32187
"4686",1,10.72267222,86,31924
"4687",1,10.72267222,87,32111
"4688",1,10.72267222,88,31826
"4689",1,10.72267222,89,32107
"4690",1,10.72267222,9,32426
"4691",1,10.72267222,90,31965
"4692",1,10.72267222,91,31832
"4693",1,10.72267222,92,32504
"4694",1,10.72267222,93,32066
"4695",1,10.72267222,94,32244
"4696",1,10.72267222,95,32051
"4697",1,10.72267222,96,32178
"4698",1,10.72267222,97,31990
"4699",1,10.72267222,98,31964
"4700",1,10.72267222,99,31784
"4701",1,1000,1,2992363
"4702",1,1000,10,2993485
"4703",1,1000,100,2989581
"4704",1,1000,11,2992534
"4705",1,1000,12,2993531
"4706",1,1000,13,2994727
"4707",1,1000,14,2992934
"4708",1,1000,15,2992892
"4709",1,1000,16,2990927
"4710",1,1000,17,2989451
"4711",1,1000,18,2990136
"4712",1,1000,19,2991646
"4713",1,1000,2,2990892
"4714",1,1000,20,2994814
"4715",1,1000,21,2991568
"4716",1,1000,22,2992044
"4717",1,1000,23,2991033
"4718",1,1000,24,2990651
"4719",1,1000,25,2992183
"4720",1,1000,26,2990398
"4721",1,1000,27,2991286
"4722",1,1000,28,2987910
"4723",1,1000,29,2992570
"4724",1,1000,3,2994308
"4725",1,1000,30,2991264
"4726",1,1000,31,2992925
"4727",1,1000,32,2990138
"4728",1,1000,33,2987742
"4729",1,1000,34,2989425
"4730",1,1000,35,2991370
"4731",1,1000,36,2992016
"4732",1,1000,37,2989920
"4733",1,1000,38,2992320
"4734",1,1000,39,2990021
"4735",1,1000,4,2992504
"4736",1,1000,40,2991301
"4737",1,1000,41,2990254
"4738",1,1000,42,2991379
"4739",1,1000,43,2990742
"4740",1,1000,44,2989287
"4741",1,1000,45,2987859
"4742",1,1000,46,2989167
"4743",1,1000,47,2989895
"4744",1,1000,48,2996922
"4745",1,1000,49,2991030
"4746",1,1000,5,2990870
"4747",1,1000,50,2992025
"4748",1,1000,51,2994740
"4749",1,1000,52,2990256
"4750",1,1000,53,2990924
"4751",1,1000,54,2989082
"4752",1,1000,55,2988748
"4753",1,1000,56,2991781
"4754",1,1000,57,2993013
"4755",1,1000,58,2991234
"4756",1,1000,59,2987373
"4757",1,1000,6,2991446
"4758",1,1000,60,2992859
"4759",1,1000,61,2992813
"4760",1,1000,62,2990442
"4761",1,1000,63,2994591
"4762",1,1000,64,2993815
"4763",1,1000,65,2992041
"4764",1,1000,66,2991769
"4765",1,1000,67,2990979
"4766",1,1000,68,2992408
"4767",1,1000,69,2988185
"4768",1,1000,7,2990886
"4769",1,1000,70,2992638
"4770",1,1000,71,2994161
"4771",1,1000,72,2990667
"4772",1,1000,73,2995377
"4773",1,1000,74,2991603
"4774",1,1000,75,2989586
"4775",1,1000,76,2992782
"4776",1,1000,77,2993221
"4777",1,1000,78,2990495
"4778",1,1000,79,2992081
"4779",1,1000,8,2991445
"4780",1,1000,80,2989922
"4781",1,1000,81,2993622
"4782",1,1000,82,2992600
"4783",1,1000,83,2993406
"4784",1,1000,84,2992325
"4785",1,1000,85,2991222
"4786",1,1000,86,2992048
"4787",1,1000,87,2989421
"4788",1,1000,88,2990133
"4789",1,1000,89,2990220
"4790",1,1000,9,2989837
"4791",1,1000,90,2987373
"4792",1,1000,91,2990934
"4793",1,1000,92,2987613
"4794",1,1000,93,2990436
"4795",1,1000,94,2992183
"4796",1,1000,95,2990845
"4797",1,1000,96,2991737
"4798",1,1000,97,2987812
"4799",1,1000,98,2990226
"4800",1,1000,99,2994420
"4801",1,109.74987655,1,328384
"4802",1,109.74987655,10,327905
"4803",1,109.74987655,100,328057
"4804",1,109.74987655,11,328510
"4805",1,109.74987655,12,328722
"4806",1,109.74987655,13,329203
"4807",1,109.74987655,14,327877
"4808",1,109.74987655,15,328296
"4809",1,109.74987655,16,328563
"4810",1,109.74987655,17,328506
"4811",1,109.74987655,18,328754
"4812",1,109.74987655,19,328296
"4813",1,109.74987655,2,327349
"4814",1,109.74987655,20,328133
"4815",1,109.74987655,21,327428
"4816",1,109.74987655,22,328165
"4817",1,109.74987655,23,328578
"4818",1,109.74987655,24,328249
"4819",1,109.74987655,25,328531
"4820",1,109.74987655,26,328122
"4821",1,109.74987655,27,328497
"4822",1,109.74987655,28,328252
"4823",1,109.74987655,29,327887
"4824",1,109.74987655,3,327398
"4825",1,109.74987655,30,328009
"4826",1,109.74987655,31,327806
"4827",1,109.74987655,32,328905
"4828",1,109.74987655,33,328812
"4829",1,109.74987655,34,327554
"4830",1,109.74987655,35,328214
"4831",1,109.74987655,36,327785
"4832",1,109.74987655,37,328541
"4833",1,109.74987655,38,328363
"4834",1,109.74987655,39,327715
"4835",1,109.74987655,4,329220
"4836",1,109.74987655,40,327838
"4837",1,109.74987655,41,326792
"4838",1,109.74987655,42,329114
"4839",1,109.74987655,43,328422
"4840",1,109.74987655,44,328161
"4841",1,109.74987655,45,327925
"4842",1,109.74987655,46,328181
"4843",1,109.74987655,47,327610
"4844",1,109.74987655,48,328266
"4845",1,109.74987655,49,328370
"4846",1,109.74987655,5,327848
"4847",1,109.74987655,50,327643
"4848",1,109.74987655,51,327323
"4849",1,109.74987655,52,327660
"4850",1,109.74987655,53,327793
"4851",1,109.74987655,54,328692
"4852",1,109.74987655,55,328345
"4853",1,109.74987655,56,328129
"4854",1,109.74987655,57,327548
"4855",1,109.74987655,58,328348
"4856",1,109.74987655,59,328312
"4857",1,109.74987655,6,327528
"4858",1,109.74987655,60,326778
"4859",1,109.74987655,61,328525
"4860",1,109.74987655,62,328871
"4861",1,109.74987655,63,327548
"4862",1,109.74987655,64,329136
"4863",1,109.74987655,65,327898
"4864",1,109.74987655,66,327665
"4865",1,109.74987655,67,328359
"4866",1,109.74987655,68,327535
"4867",1,109.74987655,69,328372
"4868",1,109.74987655,7,328578
"4869",1,109.74987655,70,327748
"4870",1,109.74987655,71,329165
"4871",1,109.74987655,72,328178
"4872",1,109.74987655,73,327409
"4873",1,109.74987655,74,328287
"4874",1,109.74987655,75,327625
"4875",1,109.74987655,76,328127
"4876",1,109.74987655,77,327494
"4877",1,109.74987655,78,327815
"4878",1,109.74987655,79,328380
"4879",1,109.74987655,8,328966
"4880",1,109.74987655,80,327985
"4881",1,109.74987655,81,327659
"4882",1,109.74987655,82,329081
"4883",1,109.74987655,83,328528
"4884",1,109.74987655,84,328081
"4885",1,109.74987655,85,328506
"4886",1,109.74987655,86,328625
"4887",1,109.74987655,87,327864
"4888",1,109.74987655,88,328540
"4889",1,109.74987655,89,328073
"4890",1,109.74987655,9,328663
"4891",1,109.74987655,90,328367
"4892",1,109.74987655,91,328602
"4893",1,109.74987655,92,328089
"4894",1,109.74987655,93,329158
"4895",1,109.74987655,94,328653
"4896",1,109.74987655,95,327403
"4897",1,109.74987655,96,329036
"4898",1,109.74987655,97,328040
"4899",1,109.74987655,98,329149
"4900",1,109.74987655,99,328092
"4901",1,12.0450354,1,36035
"4902",1,12.0450354,10,36167
"4903",1,12.0450354,100,35898
"4904",1,12.0450354,11,35777
"4905",1,12.0450354,12,35787
"4906",1,12.0450354,13,36181
"4907",1,12.0450354,14,35905
"4908",1,12.0450354,15,36008
"4909",1,12.0450354,16,35966
"4910",1,12.0450354,17,35934
"4911",1,12.0450354,18,35747
"4912",1,12.0450354,19,36214
"4913",1,12.0450354,2,36184
"4914",1,12.0450354,20,35850
"4915",1,12.0450354,21,36030
"4916",1,12.0450354,22,36207
"4917",1,12.0450354,23,35957
"4918",1,12.0450354,24,35824
"4919",1,12.0450354,25,36077
"4920",1,12.0450354,26,35904
"4921",1,12.0450354,27,36022
"4922",1,12.0450354,28,35819
"4923",1,12.0450354,29,35844
"4924",1,12.0450354,3,35823
"4925",1,12.0450354,30,36198
"4926",1,12.0450354,31,36237
"4927",1,12.0450354,32,36226
"4928",1,12.0450354,33,36202
"4929",1,12.0450354,34,36014
"4930",1,12.0450354,35,35946
"4931",1,12.0450354,36,36029
"4932",1,12.0450354,37,36103
"4933",1,12.0450354,38,36018
"4934",1,12.0450354,39,36036
"4935",1,12.0450354,4,35626
"4936",1,12.0450354,40,36075
"4937",1,12.0450354,41,36042
"4938",1,12.0450354,42,36224
"4939",1,12.0450354,43,36032
"4940",1,12.0450354,44,36092
"4941",1,12.0450354,45,36176
"4942",1,12.0450354,46,36333
"4943",1,12.0450354,47,36179
"4944",1,12.0450354,48,35905
"4945",1,12.0450354,49,35941
"4946",1,12.0450354,5,35879
"4947",1,12.0450354,50,35902
"4948",1,12.0450354,51,35786
"4949",1,12.0450354,52,36314
"4950",1,12.0450354,53,36156
"4951",1,12.0450354,54,35610
"4952",1,12.0450354,55,35806
"4953",1,12.0450354,56,35994
"4954",1,12.0450354,57,36028
"4955",1,12.0450354,58,36121
"4956",1,12.0450354,59,36291
"4957",1,12.0450354,6,36140
"4958",1,12.0450354,60,35893
"4959",1,12.0450354,61,35998
"4960",1,12.0450354,62,36251
"4961",1,12.0450354,63,36421
"4962",1,12.0450354,64,35599
"4963",1,12.0450354,65,35833
"4964",1,12.0450354,66,36097
"4965",1,12.0450354,67,36049
"4966",1,12.0450354,68,35890
"4967",1,12.0450354,69,35993
"4968",1,12.0450354,7,35911
"4969",1,12.0450354,70,35798
"4970",1,12.0450354,71,36116
"4971",1,12.0450354,72,36106
"4972",1,12.0450354,73,35951
"4973",1,12.0450354,74,36055
"4974",1,12.0450354,75,36026
"4975",1,12.0450354,76,36107
"4976",1,12.0450354,77,36070
"4977",1,12.0450354,78,35976
"4978",1,12.0450354,79,36266
"4979",1,12.0450354,8,36347
"4980",1,12.0450354,80,35963
"4981",1,12.0450354,81,35977
"4982",1,12.0450354,82,36052
"4983",1,12.0450354,83,36051
"4984",1,12.0450354,84,35759
"4985",1,12.0450354,85,35871
"4986",1,12.0450354,86,35966
"4987",1,12.0450354,87,36260
"4988",1,12.0450354,88,36008
"4989",1,12.0450354,89,36050
"4990",1,12.0450354,9,35810
"4991",1,12.0450354,90,35892
"4992",1,12.0450354,91,35816
"4993",1,12.0450354,92,35820
"4994",1,12.0450354,93,36113
"4995",1,12.0450354,94,36104
"4996",1,12.0450354,95,35990
"4997",1,12.0450354,96,36257
"4998",1,12.0450354,97,35947
"4999",1,12.0450354,98,36141
"5000",1,12.0450354,99,36113
"5001",1,123.28467394,1,367555
"5002",1,123.28467394,10,369627
"5003",1,123.28467394,100,368441
"5004",1,123.28467394,11,367920
"5005",1,123.28467394,12,368835
"5006",1,123.28467394,13,368515
"5007",1,123.28467394,14,369653
"5008",1,123.28467394,15,367984
"5009",1,123.28467394,16,369136
"5010",1,123.28467394,17,369021
"5011",1,123.28467394,18,369038
"5012",1,123.28467394,19,368581
"5013",1,123.28467394,2,369470
"5014",1,123.28467394,20,368457
"5015",1,123.28467394,21,369852
"5016",1,123.28467394,22,368111
"5017",1,123.28467394,23,369076
"5018",1,123.28467394,24,369470
"5019",1,123.28467394,25,368637
"5020",1,123.28467394,26,368807
"5021",1,123.28467394,27,369124
"5022",1,123.28467394,28,369398
"5023",1,123.28467394,29,368153
"5024",1,123.28467394,3,368187
"5025",1,123.28467394,30,368470
"5026",1,123.28467394,31,369967
"5027",1,123.28467394,32,369641
"5028",1,123.28467394,33,368917
"5029",1,123.28467394,34,368627
"5030",1,123.28467394,35,369717
"5031",1,123.28467394,36,368783
"5032",1,123.28467394,37,369469
"5033",1,123.28467394,38,367401
"5034",1,123.28467394,39,368643
"5035",1,123.28467394,4,368667
"5036",1,123.28467394,40,369510
"5037",1,123.28467394,41,368936
"5038",1,123.28467394,42,368910
"5039",1,123.28467394,43,367905
"5040",1,123.28467394,44,368625
"5041",1,123.28467394,45,369579
"5042",1,123.28467394,46,368037
"5043",1,123.28467394,47,369120
"5044",1,123.28467394,48,368667
"5045",1,123.28467394,49,369099
"5046",1,123.28467394,5,368371
"5047",1,123.28467394,50,368253
"5048",1,123.28467394,51,368051
"5049",1,123.28467394,52,368715
"5050",1,123.28467394,53,368906
"5051",1,123.28467394,54,368781
"5052",1,123.28467394,55,368463
"5053",1,123.28467394,56,369465
"5054",1,123.28467394,57,368295
"5055",1,123.28467394,58,369515
"5056",1,123.28467394,59,368742
"5057",1,123.28467394,6,368593
"5058",1,123.28467394,60,369569
"5059",1,123.28467394,61,368422
"5060",1,123.28467394,62,369275
"5061",1,123.28467394,63,369147
"5062",1,123.28467394,64,368124
"5063",1,123.28467394,65,368839
"5064",1,123.28467394,66,368717
"5065",1,123.28467394,67,368539
"5066",1,123.28467394,68,368597
"5067",1,123.28467394,69,368931
"5068",1,123.28467394,7,369572
"5069",1,123.28467394,70,369221
"5070",1,123.28467394,71,369387
"5071",1,123.28467394,72,369243
"5072",1,123.28467394,73,368599
"5073",1,123.28467394,74,368327
"5074",1,123.28467394,75,369276
"5075",1,123.28467394,76,367773
"5076",1,123.28467394,77,368943
"5077",1,123.28467394,78,369225
"5078",1,123.28467394,79,368451
"5079",1,123.28467394,8,369148
"5080",1,123.28467394,80,368629
"5081",1,123.28467394,81,368409
"5082",1,123.28467394,82,368818
"5083",1,123.28467394,83,368957
"5084",1,123.28467394,84,368121
"5085",1,123.28467394,85,369036
"5086",1,123.28467394,86,369379
"5087",1,123.28467394,87,368502
"5088",1,123.28467394,88,368535
"5089",1,123.28467394,89,369668
"5090",1,123.28467394,9,369257
"5091",1,123.28467394,90,368335
"5092",1,123.28467394,91,368744
"5093",1,123.28467394,92,369726
"5094",1,123.28467394,93,369245
"5095",1,123.28467394,94,368837
"5096",1,123.28467394,95,369587
"5097",1,123.28467394,96,368046
"5098",1,123.28467394,97,369279
"5099",1,123.28467394,98,367706
"5100",1,123.28467394,99,369262
"5101",1,13.53047775,1,40604
"5102",1,13.53047775,10,40512
"5103",1,13.53047775,100,40468
"5104",1,13.53047775,11,40361
"5105",1,13.53047775,12,40283
"5106",1,13.53047775,13,40529
"5107",1,13.53047775,14,40870
"5108",1,13.53047775,15,40437
"5109",1,13.53047775,16,40589
"5110",1,13.53047775,17,40568
"5111",1,13.53047775,18,40751
"5112",1,13.53047775,19,40480
"5113",1,13.53047775,2,40675
"5114",1,13.53047775,20,40517
"5115",1,13.53047775,21,40901
"5116",1,13.53047775,22,40469
"5117",1,13.53047775,23,40179
"5118",1,13.53047775,24,40378
"5119",1,13.53047775,25,40224
"5120",1,13.53047775,26,40310
"5121",1,13.53047775,27,40261
"5122",1,13.53047775,28,40205
"5123",1,13.53047775,29,40660
"5124",1,13.53047775,3,40363
"5125",1,13.53047775,30,40485
"5126",1,13.53047775,31,40690
"5127",1,13.53047775,32,40329
"5128",1,13.53047775,33,40359
"5129",1,13.53047775,34,40586
"5130",1,13.53047775,35,40487
"5131",1,13.53047775,36,40745
"5132",1,13.53047775,37,40370
"5133",1,13.53047775,38,40232
"5134",1,13.53047775,39,40126
"5135",1,13.53047775,4,40522
"5136",1,13.53047775,40,40470
"5137",1,13.53047775,41,40576
"5138",1,13.53047775,42,40544
"5139",1,13.53047775,43,40661
"5140",1,13.53047775,44,40301
"5141",1,13.53047775,45,40441
"5142",1,13.53047775,46,40792
"5143",1,13.53047775,47,40534
"5144",1,13.53047775,48,40830
"5145",1,13.53047775,49,40474
"5146",1,13.53047775,5,40571
"5147",1,13.53047775,50,40691
"5148",1,13.53047775,51,40487
"5149",1,13.53047775,52,40374
"5150",1,13.53047775,53,40501
"5151",1,13.53047775,54,40687
"5152",1,13.53047775,55,40653
"5153",1,13.53047775,56,40640
"5154",1,13.53047775,57,40534
"5155",1,13.53047775,58,40301
"5156",1,13.53047775,59,40551
"5157",1,13.53047775,6,40705
"5158",1,13.53047775,60,40661
"5159",1,13.53047775,61,40283
"5160",1,13.53047775,62,40405
"5161",1,13.53047775,63,40603
"5162",1,13.53047775,64,40340
"5163",1,13.53047775,65,40635
"5164",1,13.53047775,66,40456
"5165",1,13.53047775,67,40256
"5166",1,13.53047775,68,40206
"5167",1,13.53047775,69,40316
"5168",1,13.53047775,7,40492
"5169",1,13.53047775,70,40508
"5170",1,13.53047775,71,40740
"5171",1,13.53047775,72,40422
"5172",1,13.53047775,73,40574
"5173",1,13.53047775,74,40749
"5174",1,13.53047775,75,40831
"5175",1,13.53047775,76,40507
"5176",1,13.53047775,77,40330
"5177",1,13.53047775,78,40533
"5178",1,13.53047775,79,40411
"5179",1,13.53047775,8,40182
"5180",1,13.53047775,80,40517
"5181",1,13.53047775,81,40480
"5182",1,13.53047775,82,40272
"5183",1,13.53047775,83,40749
"5184",1,13.53047775,84,40350
"5185",1,13.53047775,85,40340
"5186",1,13.53047775,86,40512
"5187",1,13.53047775,87,40361
"5188",1,13.53047775,88,40399
"5189",1,13.53047775,89,40599
"5190",1,13.53047775,9,40396
"5191",1,13.53047775,90,40565
"5192",1,13.53047775,91,39998
"5193",1,13.53047775,92,40497
"5194",1,13.53047775,93,40120
"5195",1,13.53047775,94,40477
"5196",1,13.53047775,95,40633
"5197",1,13.53047775,96,40403
"5198",1,13.53047775,97,40689
"5199",1,13.53047775,98,40440
"5200",1,13.53047775,99,40581
"5201",1,138.48863714,1,414160
"5202",1,138.48863714,10,415080
"5203",1,138.48863714,100,413731
"5204",1,138.48863714,11,413702
"5205",1,138.48863714,12,413876
"5206",1,138.48863714,13,414486
"5207",1,138.48863714,14,414139
"5208",1,138.48863714,15,414876
"5209",1,138.48863714,16,414154
"5210",1,138.48863714,17,414763
"5211",1,138.48863714,18,414724
"5212",1,138.48863714,19,414379
"5213",1,138.48863714,2,413584
"5214",1,138.48863714,20,414612
"5215",1,138.48863714,21,413781
"5216",1,138.48863714,22,414179
"5217",1,138.48863714,23,414986
"5218",1,138.48863714,24,414798
"5219",1,138.48863714,25,413652
"5220",1,138.48863714,26,413630
"5221",1,138.48863714,27,413549
"5222",1,138.48863714,28,414410
"5223",1,138.48863714,29,413981
"5224",1,138.48863714,3,412602
"5225",1,138.48863714,30,413794
"5226",1,138.48863714,31,413016
"5227",1,138.48863714,32,414611
"5228",1,138.48863714,33,415329
"5229",1,138.48863714,34,414341
"5230",1,138.48863714,35,413284
"5231",1,138.48863714,36,415043
"5232",1,138.48863714,37,415241
"5233",1,138.48863714,38,414057
"5234",1,138.48863714,39,414610
"5235",1,138.48863714,4,413804
"5236",1,138.48863714,40,414450
"5237",1,138.48863714,41,413676
"5238",1,138.48863714,42,413732
"5239",1,138.48863714,43,414433
"5240",1,138.48863714,44,414751
"5241",1,138.48863714,45,415037
"5242",1,138.48863714,46,414095
"5243",1,138.48863714,47,414764
"5244",1,138.48863714,48,414019
"5245",1,138.48863714,49,414352
"5246",1,138.48863714,5,413910
"5247",1,138.48863714,50,415311
"5248",1,138.48863714,51,414825
"5249",1,138.48863714,52,413643
"5250",1,138.48863714,53,414177
"5251",1,138.48863714,54,412692
"5252",1,138.48863714,55,413648
"5253",1,138.48863714,56,414252
"5254",1,138.48863714,57,414875
"5255",1,138.48863714,58,414715
"5256",1,138.48863714,59,414233
"5257",1,138.48863714,6,414348
"5258",1,138.48863714,60,414837
"5259",1,138.48863714,61,413781
"5260",1,138.48863714,62,413682
"5261",1,138.48863714,63,414846
"5262",1,138.48863714,64,413952
"5263",1,138.48863714,65,412552
"5264",1,138.48863714,66,415143
"5265",1,138.48863714,67,415056
"5266",1,138.48863714,68,413990
"5267",1,138.48863714,69,414397
"5268",1,138.48863714,7,413463
"5269",1,138.48863714,70,414715
"5270",1,138.48863714,71,414555
"5271",1,138.48863714,72,413735
"5272",1,138.48863714,73,415104
"5273",1,138.48863714,74,414616
"5274",1,138.48863714,75,414011
"5275",1,138.48863714,76,414377
"5276",1,138.48863714,77,414202
"5277",1,138.48863714,78,413987
"5278",1,138.48863714,79,414807
"5279",1,138.48863714,8,414342
"5280",1,138.48863714,80,414608
"5281",1,138.48863714,81,414738
"5282",1,138.48863714,82,414139
"5283",1,138.48863714,83,414410
"5284",1,138.48863714,84,415134
"5285",1,138.48863714,85,414166
"5286",1,138.48863714,86,415534
"5287",1,138.48863714,87,414128
"5288",1,138.48863714,88,414254
"5289",1,138.48863714,89,414764
"5290",1,138.48863714,9,414996
"5291",1,138.48863714,90,413173
"5292",1,138.48863714,91,415715
"5293",1,138.48863714,92,413389
"5294",1,138.48863714,93,414268
"5295",1,138.48863714,94,414428
"5296",1,138.48863714,95,414537
"5297",1,138.48863714,96,414094
"5298",1,138.48863714,97,414466
"5299",1,138.48863714,98,414578
"5300",1,138.48863714,99,413312
"5301",1,15.19911083,1,45267
"5302",1,15.19911083,10,45521
"5303",1,15.19911083,100,45528
"5304",1,15.19911083,11,45498
"5305",1,15.19911083,12,45351
"5306",1,15.19911083,13,45561
"5307",1,15.19911083,14,45538
"5308",1,15.19911083,15,45572
"5309",1,15.19911083,16,45373
"5310",1,15.19911083,17,45456
"5311",1,15.19911083,18,45528
"5312",1,15.19911083,19,45634
"5313",1,15.19911083,2,45549
"5314",1,15.19911083,20,45757
"5315",1,15.19911083,21,45264
"5316",1,15.19911083,22,45684
"5317",1,15.19911083,23,45668
"5318",1,15.19911083,24,45704
"5319",1,15.19911083,25,44877
"5320",1,15.19911083,26,45171
"5321",1,15.19911083,27,45839
"5322",1,15.19911083,28,45178
"5323",1,15.19911083,29,45428
"5324",1,15.19911083,3,45323
"5325",1,15.19911083,30,45526
"5326",1,15.19911083,31,45232
"5327",1,15.19911083,32,46011
"5328",1,15.19911083,33,45392
"5329",1,15.19911083,34,45501
"5330",1,15.19911083,35,45691
"5331",1,15.19911083,36,45387
"5332",1,15.19911083,37,45197
"5333",1,15.19911083,38,45334
"5334",1,15.19911083,39,45502
"5335",1,15.19911083,4,45329
"5336",1,15.19911083,40,45490
"5337",1,15.19911083,41,45499
"5338",1,15.19911083,42,45242
"5339",1,15.19911083,43,45779
"5340",1,15.19911083,44,45356
"5341",1,15.19911083,45,45055
"5342",1,15.19911083,46,45405
"5343",1,15.19911083,47,45358
"5344",1,15.19911083,48,45537
"5345",1,15.19911083,49,45321
"5346",1,15.19911083,5,45730
"5347",1,15.19911083,50,45251
"5348",1,15.19911083,51,45266
"5349",1,15.19911083,52,45627
"5350",1,15.19911083,53,45467
"5351",1,15.19911083,54,45761
"5352",1,15.19911083,55,45323
"5353",1,15.19911083,56,45293
"5354",1,15.19911083,57,45101
"5355",1,15.19911083,58,45267
"5356",1,15.19911083,59,45236
"5357",1,15.19911083,6,45597
"5358",1,15.19911083,60,45680
"5359",1,15.19911083,61,45722
"5360",1,15.19911083,62,45464
"5361",1,15.19911083,63,45473
"5362",1,15.19911083,64,45498
"5363",1,15.19911083,65,45149
"5364",1,15.19911083,66,45228
"5365",1,15.19911083,67,45505
"5366",1,15.19911083,68,45675
"5367",1,15.19911083,69,44945
"5368",1,15.19911083,7,45891
"5369",1,15.19911083,70,45646
"5370",1,15.19911083,71,45475
"5371",1,15.19911083,72,45190
"5372",1,15.19911083,73,45507
"5373",1,15.19911083,74,45507
"5374",1,15.19911083,75,45282
"5375",1,15.19911083,76,45371
"5376",1,15.19911083,77,45443
"5377",1,15.19911083,78,45458
"5378",1,15.19911083,79,45597
"5379",1,15.19911083,8,45548
"5380",1,15.19911083,80,45534
"5381",1,15.19911083,81,45477
"5382",1,15.19911083,82,45740
"5383",1,15.19911083,83,45827
"5384",1,15.19911083,84,45758
"5385",1,15.19911083,85,45709
"5386",1,15.19911083,86,45305
"5387",1,15.19911083,87,45459
"5388",1,15.19911083,88,45543
"5389",1,15.19911083,89,45494
"5390",1,15.19911083,9,45309
"5391",1,15.19911083,90,45336
"5392",1,15.19911083,91,45528
"5393",1,15.19911083,92,45112
"5394",1,15.19911083,93,45137
"5395",1,15.19911083,94,45499
"5396",1,15.19911083,95,45947
"5397",1,15.19911083,96,45380
"5398",1,15.19911083,97,45475
"5399",1,15.19911083,98,45635
"5400",1,15.19911083,99,45425
"5401",1,155.56761439,1,465168
"5402",1,155.56761439,10,464932
"5403",1,155.56761439,100,466066
"5404",1,155.56761439,11,464528
"5405",1,155.56761439,12,465320
"5406",1,155.56761439,13,465880
"5407",1,155.56761439,14,464494
"5408",1,155.56761439,15,464919
"5409",1,155.56761439,16,465957
"5410",1,155.56761439,17,464616
"5411",1,155.56761439,18,464582
"5412",1,155.56761439,19,465962
"5413",1,155.56761439,2,464144
"5414",1,155.56761439,20,466480
"5415",1,155.56761439,21,464749
"5416",1,155.56761439,22,465564
"5417",1,155.56761439,23,465339
"5418",1,155.56761439,24,465932
"5419",1,155.56761439,25,465723
"5420",1,155.56761439,26,465298
"5421",1,155.56761439,27,465319
"5422",1,155.56761439,28,464857
"5423",1,155.56761439,29,465165
"5424",1,155.56761439,3,465732
"5425",1,155.56761439,30,464620
"5426",1,155.56761439,31,465613
"5427",1,155.56761439,32,465235
"5428",1,155.56761439,33,465203
"5429",1,155.56761439,34,465034
"5430",1,155.56761439,35,464508
"5431",1,155.56761439,36,465004
"5432",1,155.56761439,37,465436
"5433",1,155.56761439,38,466908
"5434",1,155.56761439,39,465392
"5435",1,155.56761439,4,464579
"5436",1,155.56761439,40,465802
"5437",1,155.56761439,41,464283
"5438",1,155.56761439,42,465932
"5439",1,155.56761439,43,464668
"5440",1,155.56761439,44,464715
"5441",1,155.56761439,45,466642
"5442",1,155.56761439,46,465687
"5443",1,155.56761439,47,464630
"5444",1,155.56761439,48,465952
"5445",1,155.56761439,49,464645
"5446",1,155.56761439,5,466398
"5447",1,155.56761439,50,465751
"5448",1,155.56761439,51,465350
"5449",1,155.56761439,52,465077
"5450",1,155.56761439,53,465902
"5451",1,155.56761439,54,464847
"5452",1,155.56761439,55,465447
"5453",1,155.56761439,56,465630
"5454",1,155.56761439,57,464515
"5455",1,155.56761439,58,465068
"5456",1,155.56761439,59,464536
"5457",1,155.56761439,6,465919
"5458",1,155.56761439,60,464932
"5459",1,155.56761439,61,465740
"5460",1,155.56761439,62,465545
"5461",1,155.56761439,63,466604
"5462",1,155.56761439,64,465648
"5463",1,155.56761439,65,465539
"5464",1,155.56761439,66,466060
"5465",1,155.56761439,67,465734
"5466",1,155.56761439,68,464938
"5467",1,155.56761439,69,464043
"5468",1,155.56761439,7,464744
"5469",1,155.56761439,70,464866
"5470",1,155.56761439,71,464615
"5471",1,155.56761439,72,466177
"5472",1,155.56761439,73,465765
"5473",1,155.56761439,74,465399
"5474",1,155.56761439,75,464051
"5475",1,155.56761439,76,465533
"5476",1,155.56761439,77,464409
"5477",1,155.56761439,78,465290
"5478",1,155.56761439,79,465445
"5479",1,155.56761439,8,464730
"5480",1,155.56761439,80,465598
"5481",1,155.56761439,81,464978
"5482",1,155.56761439,82,465080
"5483",1,155.56761439,83,466241
"5484",1,155.56761439,84,464834
"5485",1,155.56761439,85,464244
"5486",1,155.56761439,86,466234
"5487",1,155.56761439,87,465493
"5488",1,155.56761439,88,466090
"5489",1,155.56761439,89,466325
"5490",1,155.56761439,9,465472
"5491",1,155.56761439,90,466181
"5492",1,155.56761439,91,464242
"5493",1,155.56761439,92,464177
"5494",1,155.56761439,93,464845
"5495",1,155.56761439,94,465667
"5496",1,155.56761439,95,465226
"5497",1,155.56761439,96,466011
"5498",1,155.56761439,97,464173
"5499",1,155.56761439,98,465784
"5500",1,155.56761439,99,465903
"5501",1,17.07352647,1,50863
"5502",1,17.07352647,10,50852
"5503",1,17.07352647,100,51158
"5504",1,17.07352647,11,51200
"5505",1,17.07352647,12,51009
"5506",1,17.07352647,13,51277
"5507",1,17.07352647,14,51182
"5508",1,17.07352647,15,51140
"5509",1,17.07352647,16,51233
"5510",1,17.07352647,17,50946
"5511",1,17.07352647,18,50879
"5512",1,17.07352647,19,50985
"5513",1,17.07352647,2,51082
"5514",1,17.07352647,20,50836
"5515",1,17.07352647,21,51151
"5516",1,17.07352647,22,51129
"5517",1,17.07352647,23,50974
"5518",1,17.07352647,24,51003
"5519",1,17.07352647,25,51456
"5520",1,17.07352647,26,51326
"5521",1,17.07352647,27,51057
"5522",1,17.07352647,28,51328
"5523",1,17.07352647,29,51185
"5524",1,17.07352647,3,50956
"5525",1,17.07352647,30,51722
"5526",1,17.07352647,31,50933
"5527",1,17.07352647,32,51337
"5528",1,17.07352647,33,51001
"5529",1,17.07352647,34,51046
"5530",1,17.07352647,35,51219
"5531",1,17.07352647,36,51169
"5532",1,17.07352647,37,51244
"5533",1,17.07352647,38,51120
"5534",1,17.07352647,39,51081
"5535",1,17.07352647,4,51423
"5536",1,17.07352647,40,50606
"5537",1,17.07352647,41,50620
"5538",1,17.07352647,42,51381
"5539",1,17.07352647,43,50966
"5540",1,17.07352647,44,50871
"5541",1,17.07352647,45,50673
"5542",1,17.07352647,46,51224
"5543",1,17.07352647,47,50780
"5544",1,17.07352647,48,50814
"5545",1,17.07352647,49,50972
"5546",1,17.07352647,5,50826
"5547",1,17.07352647,50,50926
"5548",1,17.07352647,51,50540
"5549",1,17.07352647,52,50938
"5550",1,17.07352647,53,51093
"5551",1,17.07352647,54,50694
"5552",1,17.07352647,55,51080
"5553",1,17.07352647,56,50949
"5554",1,17.07352647,57,51126
"5555",1,17.07352647,58,50951
"5556",1,17.07352647,59,51061
"5557",1,17.07352647,6,51166
"5558",1,17.07352647,60,51200
"5559",1,17.07352647,61,50914
"5560",1,17.07352647,62,50831
"5561",1,17.07352647,63,51081
"5562",1,17.07352647,64,50866
"5563",1,17.07352647,65,50913
"5564",1,17.07352647,66,50818
"5565",1,17.07352647,67,51359
"5566",1,17.07352647,68,51095
"5567",1,17.07352647,69,51040
"5568",1,17.07352647,7,51128
"5569",1,17.07352647,70,51293
"5570",1,17.07352647,71,50995
"5571",1,17.07352647,72,51209
"5572",1,17.07352647,73,50993
"5573",1,17.07352647,74,51322
"5574",1,17.07352647,75,50884
"5575",1,17.07352647,76,50876
"5576",1,17.07352647,77,51250
"5577",1,17.07352647,78,50703
"5578",1,17.07352647,79,50916
"5579",1,17.07352647,8,50434
"5580",1,17.07352647,80,50713
"5581",1,17.07352647,81,50755
"5582",1,17.07352647,82,50584
"5583",1,17.07352647,83,51163
"5584",1,17.07352647,84,51380
"5585",1,17.07352647,85,50867
"5586",1,17.07352647,86,51171
"5587",1,17.07352647,87,51124
"5588",1,17.07352647,88,51511
"5589",1,17.07352647,89,50905
"5590",1,17.07352647,9,51377
"5591",1,17.07352647,90,51339
"5592",1,17.07352647,91,51280
"5593",1,17.07352647,92,51200
"5594",1,17.07352647,93,50921
"5595",1,17.07352647,94,50890
"5596",1,17.07352647,95,50937
"5597",1,17.07352647,96,50999
"5598",1,17.07352647,97,51202
"5599",1,17.07352647,98,50824
"5600",1,17.07352647,99,51079
"5601",1,174.75284,1,523011
"5602",1,174.75284,10,523462
"5603",1,174.75284,100,522619
"5604",1,174.75284,11,522429
"5605",1,174.75284,12,521996
"5606",1,174.75284,13,523072
"5607",1,174.75284,14,522472
"5608",1,174.75284,15,523264
"5609",1,174.75284,16,523857
"5610",1,174.75284,17,522039
"5611",1,174.75284,18,522636
"5612",1,174.75284,19,523469
"5613",1,174.75284,2,522699
"5614",1,174.75284,20,521931
"5615",1,174.75284,21,522541
"5616",1,174.75284,22,521729
"5617",1,174.75284,23,522564
"5618",1,174.75284,24,522690
"5619",1,174.75284,25,522708
"5620",1,174.75284,26,523610
"5621",1,174.75284,27,522808
"5622",1,174.75284,28,523004
"5623",1,174.75284,29,523741
"5624",1,174.75284,3,522526
"5625",1,174.75284,30,522846
"5626",1,174.75284,31,523080
"5627",1,174.75284,32,523218
"5628",1,174.75284,33,522689
"5629",1,174.75284,34,522465
"5630",1,174.75284,35,523689
"5631",1,174.75284,36,523511
"5632",1,174.75284,37,524722
"5633",1,174.75284,38,523726
"5634",1,174.75284,39,522772
"5635",1,174.75284,4,523175
"5636",1,174.75284,40,522729
"5637",1,174.75284,41,522861
"5638",1,174.75284,42,522641
"5639",1,174.75284,43,522910
"5640",1,174.75284,44,522701
"5641",1,174.75284,45,522791
"5642",1,174.75284,46,523684
"5643",1,174.75284,47,523520
"5644",1,174.75284,48,522293
"5645",1,174.75284,49,523850
"5646",1,174.75284,5,522461
"5647",1,174.75284,50,524243
"5648",1,174.75284,51,523909
"5649",1,174.75284,52,523218
"5650",1,174.75284,53,521959
"5651",1,174.75284,54,523936
"5652",1,174.75284,55,522584
"5653",1,174.75284,56,523685
"5654",1,174.75284,57,522198
"5655",1,174.75284,58,523373
"5656",1,174.75284,59,521851
"5657",1,174.75284,6,521918
"5658",1,174.75284,60,522005
"5659",1,174.75284,61,521621
"5660",1,174.75284,62,522585
"5661",1,174.75284,63,522442
"5662",1,174.75284,64,523409
"5663",1,174.75284,65,523396
"5664",1,174.75284,66,523651
"5665",1,174.75284,67,522164
"5666",1,174.75284,68,522986
"5667",1,174.75284,69,521978
"5668",1,174.75284,7,521831
"5669",1,174.75284,70,521340
"5670",1,174.75284,71,522245
"5671",1,174.75284,72,523086
"5672",1,174.75284,73,522424
"5673",1,174.75284,74,523582
"5674",1,174.75284,75,522956
"5675",1,174.75284,76,522706
"5676",1,174.75284,77,522357
"5677",1,174.75284,78,524064
"5678",1,174.75284,79,522023
"5679",1,174.75284,8,522864
"5680",1,174.75284,80,522992
"5681",1,174.75284,81,522579
"5682",1,174.75284,82,522572
"5683",1,174.75284,83,522029
"5684",1,174.75284,84,522330
"5685",1,174.75284,85,521698
"5686",1,174.75284,86,521761
"5687",1,174.75284,87,522229
"5688",1,174.75284,88,523727
"5689",1,174.75284,89,522705
"5690",1,174.75284,9,523921
"5691",1,174.75284,90,522376
"5692",1,174.75284,91,523072
"5693",1,174.75284,92,523594
"5694",1,174.75284,93,522601
"5695",1,174.75284,94,522511
"5696",1,174.75284,95,522467
"5697",1,174.75284,96,523068
"5698",1,174.75284,97,521575
"5699",1,174.75284,98,523243
"5700",1,174.75284,99,523458
"5701",1,19.17910262,1,57416
"5702",1,19.17910262,10,57485
"5703",1,19.17910262,100,57396
"5704",1,19.17910262,11,57429
"5705",1,19.17910262,12,57173
"5706",1,19.17910262,13,57487
"5707",1,19.17910262,14,57648
"5708",1,19.17910262,15,57527
"5709",1,19.17910262,16,57510
"5710",1,19.17910262,17,57422
"5711",1,19.17910262,18,57358
"5712",1,19.17910262,19,57581
"5713",1,19.17910262,2,57373
"5714",1,19.17910262,20,57555
"5715",1,19.17910262,21,57372
"5716",1,19.17910262,22,57918
"5717",1,19.17910262,23,57622
"5718",1,19.17910262,24,57349
"5719",1,19.17910262,25,57068
"5720",1,19.17910262,26,57321
"5721",1,19.17910262,27,57273
"5722",1,19.17910262,28,57503
"5723",1,19.17910262,29,57444
"5724",1,19.17910262,3,57284
"5725",1,19.17910262,30,57078
"5726",1,19.17910262,31,57460
"5727",1,19.17910262,32,57372
"5728",1,19.17910262,33,57380
"5729",1,19.17910262,34,57347
"5730",1,19.17910262,35,57290
"5731",1,19.17910262,36,57460
"5732",1,19.17910262,37,57430
"5733",1,19.17910262,38,57630
"5734",1,19.17910262,39,57186
"5735",1,19.17910262,4,57583
"5736",1,19.17910262,40,57471
"5737",1,19.17910262,41,57571
"5738",1,19.17910262,42,56979
"5739",1,19.17910262,43,57405
"5740",1,19.17910262,44,57775
"5741",1,19.17910262,45,57870
"5742",1,19.17910262,46,57166
"5743",1,19.17910262,47,57346
"5744",1,19.17910262,48,57300
"5745",1,19.17910262,49,57779
"5746",1,19.17910262,5,56913
"5747",1,19.17910262,50,57385
"5748",1,19.17910262,51,57290
"5749",1,19.17910262,52,57624
"5750",1,19.17910262,53,57439
"5751",1,19.17910262,54,57578
"5752",1,19.17910262,55,57403
"5753",1,19.17910262,56,57438
"5754",1,19.17910262,57,57361
"5755",1,19.17910262,58,57450
"5756",1,19.17910262,59,56733
"5757",1,19.17910262,6,57490
"5758",1,19.17910262,60,57028
"5759",1,19.17910262,61,57326
"5760",1,19.17910262,62,57574
"5761",1,19.17910262,63,57397
"5762",1,19.17910262,64,57568
"5763",1,19.17910262,65,57426
"5764",1,19.17910262,66,57237
"5765",1,19.17910262,67,57703
"5766",1,19.17910262,68,57418
"5767",1,19.17910262,69,57240
"5768",1,19.17910262,7,57506
"5769",1,19.17910262,70,57453
"5770",1,19.17910262,71,57327
"5771",1,19.17910262,72,57288
"5772",1,19.17910262,73,57617
"5773",1,19.17910262,74,57605
"5774",1,19.17910262,75,57426
"5775",1,19.17910262,76,57107
"5776",1,19.17910262,77,57820
"5777",1,19.17910262,78,57469
"5778",1,19.17910262,79,56751
"5779",1,19.17910262,8,57257
"5780",1,19.17910262,80,57194
"5781",1,19.17910262,81,57444
"5782",1,19.17910262,82,57088
"5783",1,19.17910262,83,57333
"5784",1,19.17910262,84,57007
"5785",1,19.17910262,85,57236
"5786",1,19.17910262,86,57522
"5787",1,19.17910262,87,57317
"5788",1,19.17910262,88,57062
"5789",1,19.17910262,89,57394
"5790",1,19.17910262,9,57393
"5791",1,19.17910262,90,57071
"5792",1,19.17910262,91,57328
"5793",1,19.17910262,92,57391
"5794",1,19.17910262,93,57187
"5795",1,19.17910262,94,57796
"5796",1,19.17910262,95,57802
"5797",1,19.17910262,96,57225
"5798",1,19.17910262,97,57473
"5799",1,19.17910262,98,57161
"5800",1,19.17910262,99,57721
"5801",1,196.304065,1,586868
"5802",1,196.304065,10,589132
"5803",1,196.304065,100,586806
"5804",1,196.304065,11,586940
"5805",1,196.304065,12,587730
"5806",1,196.304065,13,587866
"5807",1,196.304065,14,586885
"5808",1,196.304065,15,587563
"5809",1,196.304065,16,587746
"5810",1,196.304065,17,586823
"5811",1,196.304065,18,587970
"5812",1,196.304065,19,587905
"5813",1,196.304065,2,586482
"5814",1,196.304065,20,585943
"5815",1,196.304065,21,587352
"5816",1,196.304065,22,586869
"5817",1,196.304065,23,586661
"5818",1,196.304065,24,586844
"5819",1,196.304065,25,586946
"5820",1,196.304065,26,589286
"5821",1,196.304065,27,587931
"5822",1,196.304065,28,587612
"5823",1,196.304065,29,586521
"5824",1,196.304065,3,586239
"5825",1,196.304065,30,587938
"5826",1,196.304065,31,586611
"5827",1,196.304065,32,587423
"5828",1,196.304065,33,586272
"5829",1,196.304065,34,586428
"5830",1,196.304065,35,587975
"5831",1,196.304065,36,587500
"5832",1,196.304065,37,587303
"5833",1,196.304065,38,586802
"5834",1,196.304065,39,586912
"5835",1,196.304065,4,586911
"5836",1,196.304065,40,587067
"5837",1,196.304065,41,586079
"5838",1,196.304065,42,586978
"5839",1,196.304065,43,586007
"5840",1,196.304065,44,586395
"5841",1,196.304065,45,587685
"5842",1,196.304065,46,585552
"5843",1,196.304065,47,586697
"5844",1,196.304065,48,586567
"5845",1,196.304065,49,587225
"5846",1,196.304065,5,587468
"5847",1,196.304065,50,587583
"5848",1,196.304065,51,587380
"5849",1,196.304065,52,587621
"5850",1,196.304065,53,587773
"5851",1,196.304065,54,587610
"5852",1,196.304065,55,587342
"5853",1,196.304065,56,586220
"5854",1,196.304065,57,586939
"5855",1,196.304065,58,586462
"5856",1,196.304065,59,587811
"5857",1,196.304065,6,586990
"5858",1,196.304065,60,588010
"5859",1,196.304065,61,588291
"5860",1,196.304065,62,587247
"5861",1,196.304065,63,587819
"5862",1,196.304065,64,585855
"5863",1,196.304065,65,586887
"5864",1,196.304065,66,585991
"5865",1,196.304065,67,586176
"5866",1,196.304065,68,587777
"5867",1,196.304065,69,588024
"5868",1,196.304065,7,586400
"5869",1,196.304065,70,586079
"5870",1,196.304065,71,586320
"5871",1,196.304065,72,587249
"5872",1,196.304065,73,588166
"5873",1,196.304065,74,587180
"5874",1,196.304065,75,587022
"5875",1,196.304065,76,586202
"5876",1,196.304065,77,587305
"5877",1,196.304065,78,588253
"5878",1,196.304065,79,588502
"5879",1,196.304065,8,587988
"5880",1,196.304065,80,587057
"5881",1,196.304065,81,587898
"5882",1,196.304065,82,588150
"5883",1,196.304065,83,587578
"5884",1,196.304065,84,586857
"5885",1,196.304065,85,586365
"5886",1,196.304065,86,587677
"5887",1,196.304065,87,587320
"5888",1,196.304065,88,587080
"5889",1,196.304065,89,587172
"5890",1,196.304065,9,587243
"5891",1,196.304065,90,587364
"5892",1,196.304065,91,587743
"5893",1,196.304065,92,588088
"5894",1,196.304065,93,587758
"5895",1,196.304065,94,587814
"5896",1,196.304065,95,587655
"5897",1,196.304065,96,586331
"5898",1,196.304065,97,587460
"5899",1,196.304065,98,586622
"5900",1,196.304065,99,587364
"5901",1,2.10490414,1,6375
"5902",1,2.10490414,10,6130
"5903",1,2.10490414,100,6151
"5904",1,2.10490414,11,6129
"5905",1,2.10490414,12,6193
"5906",1,2.10490414,13,6389
"5907",1,2.10490414,14,6348
"5908",1,2.10490414,15,6269
"5909",1,2.10490414,16,6207
"5910",1,2.10490414,17,6276
"5911",1,2.10490414,18,6286
"5912",1,2.10490414,19,6412
"5913",1,2.10490414,2,6329
"5914",1,2.10490414,20,6293
"5915",1,2.10490414,21,6303
"5916",1,2.10490414,22,6234
"5917",1,2.10490414,23,6280
"5918",1,2.10490414,24,6259
"5919",1,2.10490414,25,6257
"5920",1,2.10490414,26,6195
"5921",1,2.10490414,27,6244
"5922",1,2.10490414,28,6335
"5923",1,2.10490414,29,6342
"5924",1,2.10490414,3,6262
"5925",1,2.10490414,30,6368
"5926",1,2.10490414,31,6157
"5927",1,2.10490414,32,6087
"5928",1,2.10490414,33,6184
"5929",1,2.10490414,34,6269
"5930",1,2.10490414,35,6379
"5931",1,2.10490414,36,6349
"5932",1,2.10490414,37,6275
"5933",1,2.10490414,38,6306
"5934",1,2.10490414,39,6314
"5935",1,2.10490414,4,6337
"5936",1,2.10490414,40,6317
"5937",1,2.10490414,41,6372
"5938",1,2.10490414,42,6333
"5939",1,2.10490414,43,6366
"5940",1,2.10490414,44,6282
"5941",1,2.10490414,45,6360
"5942",1,2.10490414,46,6295
"5943",1,2.10490414,47,6276
"5944",1,2.10490414,48,6235
"5945",1,2.10490414,49,6190
"5946",1,2.10490414,5,6392
"5947",1,2.10490414,50,6303
"5948",1,2.10490414,51,6318
"5949",1,2.10490414,52,6311
"5950",1,2.10490414,53,6283
"5951",1,2.10490414,54,6244
"5952",1,2.10490414,55,6308
"5953",1,2.10490414,56,6289
"5954",1,2.10490414,57,6249
"5955",1,2.10490414,58,6277
"5956",1,2.10490414,59,6146
"5957",1,2.10490414,6,6401
"5958",1,2.10490414,60,6193
"5959",1,2.10490414,61,6361
"5960",1,2.10490414,62,6370
"5961",1,2.10490414,63,6360
"5962",1,2.10490414,64,6331
"5963",1,2.10490414,65,6427
"5964",1,2.10490414,66,6331
"5965",1,2.10490414,67,6316
"5966",1,2.10490414,68,6395
"5967",1,2.10490414,69,6364
"5968",1,2.10490414,7,6354
"5969",1,2.10490414,70,6170
"5970",1,2.10490414,71,6314
"5971",1,2.10490414,72,6161
"5972",1,2.10490414,73,6140
"5973",1,2.10490414,74,6265
"5974",1,2.10490414,75,6177
"5975",1,2.10490414,76,6238
"5976",1,2.10490414,77,6315
"5977",1,2.10490414,78,6212
"5978",1,2.10490414,79,6175
"5979",1,2.10490414,8,6369
"5980",1,2.10490414,80,6174
"5981",1,2.10490414,81,6414
"5982",1,2.10490414,82,6405
"5983",1,2.10490414,83,6327
"5984",1,2.10490414,84,6190
"5985",1,2.10490414,85,6206
"5986",1,2.10490414,86,6359
"5987",1,2.10490414,87,6367
"5988",1,2.10490414,88,6336
"5989",1,2.10490414,89,6351
"5990",1,2.10490414,9,6316
"5991",1,2.10490414,90,6338
"5992",1,2.10490414,91,6327
"5993",1,2.10490414,92,6334
"5994",1,2.10490414,93,6278
"5995",1,2.10490414,94,6372
"5996",1,2.10490414,95,6451
"5997",1,2.10490414,96,6237
"5998",1,2.10490414,97,6171
"5999",1,2.10490414,98,6288
"6000",1,2.10490414,99,6427
"6001",1,2.36448941,1,7130
"6002",1,2.36448941,10,7002
"6003",1,2.36448941,100,6922
"6004",1,2.36448941,11,6981
"6005",1,2.36448941,12,7084
"6006",1,2.36448941,13,7028
"6007",1,2.36448941,14,7065
"6008",1,2.36448941,15,7101
"6009",1,2.36448941,16,7070
"6010",1,2.36448941,17,7162
"6011",1,2.36448941,18,7049
"6012",1,2.36448941,19,7122
"6013",1,2.36448941,2,7134
"6014",1,2.36448941,20,7119
"6015",1,2.36448941,21,6988
"6016",1,2.36448941,22,7050
"6017",1,2.36448941,23,6973
"6018",1,2.36448941,24,7114
"6019",1,2.36448941,25,7112
"6020",1,2.36448941,26,7106
"6021",1,2.36448941,27,7012
"6022",1,2.36448941,28,7195
"6023",1,2.36448941,29,7060
"6024",1,2.36448941,3,7188
"6025",1,2.36448941,30,7155
"6026",1,2.36448941,31,6931
"6027",1,2.36448941,32,7168
"6028",1,2.36448941,33,7097
"6029",1,2.36448941,34,6953
"6030",1,2.36448941,35,6967
"6031",1,2.36448941,36,7148
"6032",1,2.36448941,37,7216
"6033",1,2.36448941,38,7108
"6034",1,2.36448941,39,7121
"6035",1,2.36448941,4,6938
"6036",1,2.36448941,40,6965
"6037",1,2.36448941,41,7019
"6038",1,2.36448941,42,6904
"6039",1,2.36448941,43,7094
"6040",1,2.36448941,44,7037
"6041",1,2.36448941,45,7081
"6042",1,2.36448941,46,7027
"6043",1,2.36448941,47,6939
"6044",1,2.36448941,48,7046
"6045",1,2.36448941,49,6984
"6046",1,2.36448941,5,6996
"6047",1,2.36448941,50,7152
"6048",1,2.36448941,51,7188
"6049",1,2.36448941,52,7067
"6050",1,2.36448941,53,7021
"6051",1,2.36448941,54,7100
"6052",1,2.36448941,55,7058
"6053",1,2.36448941,56,7145
"6054",1,2.36448941,57,7053
"6055",1,2.36448941,58,7092
"6056",1,2.36448941,59,7201
"6057",1,2.36448941,6,7033
"6058",1,2.36448941,60,7027
"6059",1,2.36448941,61,7050
"6060",1,2.36448941,62,7062
"6061",1,2.36448941,63,7058
"6062",1,2.36448941,64,7280
"6063",1,2.36448941,65,7161
"6064",1,2.36448941,66,7153
"6065",1,2.36448941,67,7135
"6066",1,2.36448941,68,7041
"6067",1,2.36448941,69,7013
"6068",1,2.36448941,7,7065
"6069",1,2.36448941,70,7032
"6070",1,2.36448941,71,7160
"6071",1,2.36448941,72,7120
"6072",1,2.36448941,73,7053
"6073",1,2.36448941,74,7142
"6074",1,2.36448941,75,7111
"6075",1,2.36448941,76,7095
"6076",1,2.36448941,77,7166
"6077",1,2.36448941,78,7286
"6078",1,2.36448941,79,7011
"6079",1,2.36448941,8,7091
"6080",1,2.36448941,80,7013
"6081",1,2.36448941,81,7082
"6082",1,2.36448941,82,7121
"6083",1,2.36448941,83,7137
"6084",1,2.36448941,84,7075
"6085",1,2.36448941,85,7138
"6086",1,2.36448941,86,6910
"6087",1,2.36448941,87,7044
"6088",1,2.36448941,88,7074
"6089",1,2.36448941,89,7144
"6090",1,2.36448941,9,7028
"6091",1,2.36448941,90,7068
"6092",1,2.36448941,91,7210
"6093",1,2.36448941,92,7275
"6094",1,2.36448941,93,7172
"6095",1,2.36448941,94,7075
"6096",1,2.36448941,95,7160
"6097",1,2.36448941,96,6955
"6098",1,2.36448941,97,6998
"6099",1,2.36448941,98,6991
"6100",1,2.36448941,99,7136
"6101",1,2.65608778,1,7856
"6102",1,2.65608778,10,7986
"6103",1,2.65608778,100,7974
"6104",1,2.65608778,11,7913
"6105",1,2.65608778,12,7909
"6106",1,2.65608778,13,7844
"6107",1,2.65608778,14,7889
"6108",1,2.65608778,15,8034
"6109",1,2.65608778,16,7899
"6110",1,2.65608778,17,7843
"6111",1,2.65608778,18,8087
"6112",1,2.65608778,19,8007
"6113",1,2.65608778,2,7941
"6114",1,2.65608778,20,7847
"6115",1,2.65608778,21,7918
"6116",1,2.65608778,22,7962
"6117",1,2.65608778,23,8019
"6118",1,2.65608778,24,7921
"6119",1,2.65608778,25,8115
"6120",1,2.65608778,26,7945
"6121",1,2.65608778,27,8024
"6122",1,2.65608778,28,7979
"6123",1,2.65608778,29,8161
"6124",1,2.65608778,3,7998
"6125",1,2.65608778,30,8118
"6126",1,2.65608778,31,7993
"6127",1,2.65608778,32,7969
"6128",1,2.65608778,33,7827
"6129",1,2.65608778,34,7793
"6130",1,2.65608778,35,7798
"6131",1,2.65608778,36,7986
"6132",1,2.65608778,37,8036
"6133",1,2.65608778,38,7743
"6134",1,2.65608778,39,8129
"6135",1,2.65608778,4,7965
"6136",1,2.65608778,40,7979
"6137",1,2.65608778,41,7997
"6138",1,2.65608778,42,7925
"6139",1,2.65608778,43,7957
"6140",1,2.65608778,44,8058
"6141",1,2.65608778,45,8046
"6142",1,2.65608778,46,7910
"6143",1,2.65608778,47,7725
"6144",1,2.65608778,48,7980
"6145",1,2.65608778,49,7915
"6146",1,2.65608778,5,7940
"6147",1,2.65608778,50,7900
"6148",1,2.65608778,51,7870
"6149",1,2.65608778,52,7983
"6150",1,2.65608778,53,7719
"6151",1,2.65608778,54,7895
"6152",1,2.65608778,55,7955
"6153",1,2.65608778,56,7913
"6154",1,2.65608778,57,7975
"6155",1,2.65608778,58,7873
"6156",1,2.65608778,59,7983
"6157",1,2.65608778,6,7906
"6158",1,2.65608778,60,8010
"6159",1,2.65608778,61,8092
"6160",1,2.65608778,62,7832
"6161",1,2.65608778,63,7830
"6162",1,2.65608778,64,7890
"6163",1,2.65608778,65,7991
"6164",1,2.65608778,66,7819
"6165",1,2.65608778,67,7974
"6166",1,2.65608778,68,7999
"6167",1,2.65608778,69,7985
"6168",1,2.65608778,7,8023
"6169",1,2.65608778,70,7999
"6170",1,2.65608778,71,8022
"6171",1,2.65608778,72,7902
"6172",1,2.65608778,73,7930
"6173",1,2.65608778,74,7881
"6174",1,2.65608778,75,7793
"6175",1,2.65608778,76,7938
"6176",1,2.65608778,77,7976
"6177",1,2.65608778,78,8112
"6178",1,2.65608778,79,8036
"6179",1,2.65608778,8,8037
"6180",1,2.65608778,80,7915
"6181",1,2.65608778,81,7938
"6182",1,2.65608778,82,8027
"6183",1,2.65608778,83,7861
"6184",1,2.65608778,84,7859
"6185",1,2.65608778,85,8048
"6186",1,2.65608778,86,8023
"6187",1,2.65608778,87,7958
"6188",1,2.65608778,88,8038
"6189",1,2.65608778,89,8074
"6190",1,2.65608778,9,7999
"6191",1,2.65608778,90,8134
"6192",1,2.65608778,91,8054
"6193",1,2.65608778,92,7979
"6194",1,2.65608778,93,8000
"6195",1,2.65608778,94,8169
"6196",1,2.65608778,95,8037
"6197",1,2.65608778,96,7911
"6198",1,2.65608778,97,7886
"6199",1,2.65608778,98,7918
"6200",1,2.65608778,99,7931
"6201",1,2.98364724,1,9091
"6202",1,2.98364724,10,8726
"6203",1,2.98364724,100,8907
"6204",1,2.98364724,11,9054
"6205",1,2.98364724,12,8934
"6206",1,2.98364724,13,8975
"6207",1,2.98364724,14,8944
"6208",1,2.98364724,15,8945
"6209",1,2.98364724,16,9005
"6210",1,2.98364724,17,9043
"6211",1,2.98364724,18,8876
"6212",1,2.98364724,19,9004
"6213",1,2.98364724,2,9008
"6214",1,2.98364724,20,8998
"6215",1,2.98364724,21,8783
"6216",1,2.98364724,22,9047
"6217",1,2.98364724,23,8935
"6218",1,2.98364724,24,8969
"6219",1,2.98364724,25,8999
"6220",1,2.98364724,26,9002
"6221",1,2.98364724,27,8820
"6222",1,2.98364724,28,9072
"6223",1,2.98364724,29,8820
"6224",1,2.98364724,3,9003
"6225",1,2.98364724,30,8966
"6226",1,2.98364724,31,9018
"6227",1,2.98364724,32,8890
"6228",1,2.98364724,33,8896
"6229",1,2.98364724,34,8897
"6230",1,2.98364724,35,8853
"6231",1,2.98364724,36,9055
"6232",1,2.98364724,37,9105
"6233",1,2.98364724,38,8826
"6234",1,2.98364724,39,8833
"6235",1,2.98364724,4,8800
"6236",1,2.98364724,40,8862
"6237",1,2.98364724,41,8861
"6238",1,2.98364724,42,8922
"6239",1,2.98364724,43,9019
"6240",1,2.98364724,44,8878
"6241",1,2.98364724,45,9060
"6242",1,2.98364724,46,8936
"6243",1,2.98364724,47,8769
"6244",1,2.98364724,48,9061
"6245",1,2.98364724,49,8915
"6246",1,2.98364724,5,8986
"6247",1,2.98364724,50,8998
"6248",1,2.98364724,51,9082
"6249",1,2.98364724,52,8976
"6250",1,2.98364724,53,8908
"6251",1,2.98364724,54,8888
"6252",1,2.98364724,55,8907
"6253",1,2.98364724,56,8978
"6254",1,2.98364724,57,9004
"6255",1,2.98364724,58,8861
"6256",1,2.98364724,59,8820
"6257",1,2.98364724,6,9071
"6258",1,2.98364724,60,8976
"6259",1,2.98364724,61,8945
"6260",1,2.98364724,62,8914
"6261",1,2.98364724,63,8777
"6262",1,2.98364724,64,8898
"6263",1,2.98364724,65,8736
"6264",1,2.98364724,66,9036
"6265",1,2.98364724,67,8874
"6266",1,2.98364724,68,8947
"6267",1,2.98364724,69,8775
"6268",1,2.98364724,7,8846
"6269",1,2.98364724,70,8940
"6270",1,2.98364724,71,8906
"6271",1,2.98364724,72,9117
"6272",1,2.98364724,73,8968
"6273",1,2.98364724,74,9005
"6274",1,2.98364724,75,8946
"6275",1,2.98364724,76,8990
"6276",1,2.98364724,77,8891
"6277",1,2.98364724,78,8839
"6278",1,2.98364724,79,9101
"6279",1,2.98364724,8,8862
"6280",1,2.98364724,80,9001
"6281",1,2.98364724,81,9052
"6282",1,2.98364724,82,9033
"6283",1,2.98364724,83,8824
"6284",1,2.98364724,84,8829
"6285",1,2.98364724,85,8781
"6286",1,2.98364724,86,9045
"6287",1,2.98364724,87,8934
"6288",1,2.98364724,88,8917
"6289",1,2.98364724,89,9081
"6290",1,2.98364724,9,8971
"6291",1,2.98364724,90,9078
"6292",1,2.98364724,91,8869
"6293",1,2.98364724,92,8960
"6294",1,2.98364724,93,8977
"6295",1,2.98364724,94,8873
"6296",1,2.98364724,95,8786
"6297",1,2.98364724,96,8836
"6298",1,2.98364724,97,8945
"6299",1,2.98364724,98,8918
"6300",1,2.98364724,99,8986
"6301",1,21.5443469,1,64232
"6302",1,21.5443469,10,64086
"6303",1,21.5443469,100,64545
"6304",1,21.5443469,11,64272
"6305",1,21.5443469,12,64572
"6306",1,21.5443469,13,64439
"6307",1,21.5443469,14,64405
"6308",1,21.5443469,15,64567
"6309",1,21.5443469,16,64467
"6310",1,21.5443469,17,64361
"6311",1,21.5443469,18,64890
"6312",1,21.5443469,19,64273
"6313",1,21.5443469,2,64208
"6314",1,21.5443469,20,64627
"6315",1,21.5443469,21,64333
"6316",1,21.5443469,22,64530
"6317",1,21.5443469,23,64167
"6318",1,21.5443469,24,64071
"6319",1,21.5443469,25,64196
"6320",1,21.5443469,26,64056
"6321",1,21.5443469,27,64265
"6322",1,21.5443469,28,64496
"6323",1,21.5443469,29,64496
"6324",1,21.5443469,3,64426
"6325",1,21.5443469,30,64024
"6326",1,21.5443469,31,64624
"6327",1,21.5443469,32,64338
"6328",1,21.5443469,33,64681
"6329",1,21.5443469,34,64651
"6330",1,21.5443469,35,64067
"6331",1,21.5443469,36,64059
"6332",1,21.5443469,37,64212
"6333",1,21.5443469,38,64561
"6334",1,21.5443469,39,64264
"6335",1,21.5443469,4,64549
"6336",1,21.5443469,40,64237
"6337",1,21.5443469,41,64561
"6338",1,21.5443469,42,64363
"6339",1,21.5443469,43,64143
"6340",1,21.5443469,44,64252
"6341",1,21.5443469,45,64436
"6342",1,21.5443469,46,64188
"6343",1,21.5443469,47,64482
"6344",1,21.5443469,48,64221
"6345",1,21.5443469,49,64309
"6346",1,21.5443469,5,63782
"6347",1,21.5443469,50,64231
"6348",1,21.5443469,51,64603
"6349",1,21.5443469,52,64026
"6350",1,21.5443469,53,64873
"6351",1,21.5443469,54,63987
"6352",1,21.5443469,55,63809
"6353",1,21.5443469,56,64347
"6354",1,21.5443469,57,64541
"6355",1,21.5443469,58,64693
"6356",1,21.5443469,59,64003
"6357",1,21.5443469,6,64409
"6358",1,21.5443469,60,64394
"6359",1,21.5443469,61,64637
"6360",1,21.5443469,62,64446
"6361",1,21.5443469,63,63829
"6362",1,21.5443469,64,64554
"6363",1,21.5443469,65,64493
"6364",1,21.5443469,66,64142
"6365",1,21.5443469,67,64430
"6366",1,21.5443469,68,64339
"6367",1,21.5443469,69,64181
"6368",1,21.5443469,7,64319
"6369",1,21.5443469,70,64608
"6370",1,21.5443469,71,64443
"6371",1,21.5443469,72,64254
"6372",1,21.5443469,73,64539
"6373",1,21.5443469,74,64347
"6374",1,21.5443469,75,64017
"6375",1,21.5443469,76,64556
"6376",1,21.5443469,77,64504
"6377",1,21.5443469,78,64417
"6378",1,21.5443469,79,63913
"6379",1,21.5443469,8,64981
"6380",1,21.5443469,80,65045
"6381",1,21.5443469,81,64287
"6382",1,21.5443469,82,64089
"6383",1,21.5443469,83,64208
"6384",1,21.5443469,84,64568
"6385",1,21.5443469,85,64954
"6386",1,21.5443469,86,64804
"6387",1,21.5443469,87,64468
"6388",1,21.5443469,88,64687
"6389",1,21.5443469,89,64552
"6390",1,21.5443469,9,64288
"6391",1,21.5443469,90,64211
"6392",1,21.5443469,91,64449
"6393",1,21.5443469,92,64326
"6394",1,21.5443469,93,64739
"6395",1,21.5443469,94,64450
"6396",1,21.5443469,95,64553
"6397",1,21.5443469,96,64959
"6398",1,21.5443469,97,64393
"6399",1,21.5443469,98,64640
"6400",1,21.5443469,99,64533
"6401",1,220.51307399,1,660138
"6402",1,220.51307399,10,660486
"6403",1,220.51307399,100,660983
"6404",1,220.51307399,11,660306
"6405",1,220.51307399,12,659742
"6406",1,220.51307399,13,659137
"6407",1,220.51307399,14,660285
"6408",1,220.51307399,15,659644
"6409",1,220.51307399,16,659031
"6410",1,220.51307399,17,658692
"6411",1,220.51307399,18,658327
"6412",1,220.51307399,19,659326
"6413",1,220.51307399,2,658138
"6414",1,220.51307399,20,659749
"6415",1,220.51307399,21,660094
"6416",1,220.51307399,22,660676
"6417",1,220.51307399,23,660217
"6418",1,220.51307399,24,660791
"6419",1,220.51307399,25,658864
"6420",1,220.51307399,26,660201
"6421",1,220.51307399,27,659340
"6422",1,220.51307399,28,658760
"6423",1,220.51307399,29,659112
"6424",1,220.51307399,3,658916
"6425",1,220.51307399,30,659634
"6426",1,220.51307399,31,659121
"6427",1,220.51307399,32,660396
"6428",1,220.51307399,33,660047
"6429",1,220.51307399,34,660358
"6430",1,220.51307399,35,659993
"6431",1,220.51307399,36,659378
"6432",1,220.51307399,37,659965
"6433",1,220.51307399,38,661098
"6434",1,220.51307399,39,659935
"6435",1,220.51307399,4,660447
"6436",1,220.51307399,40,658760
"6437",1,220.51307399,41,661105
"6438",1,220.51307399,42,658523
"6439",1,220.51307399,43,659076
"6440",1,220.51307399,44,659578
"6441",1,220.51307399,45,660339
"6442",1,220.51307399,46,658606
"6443",1,220.51307399,47,658581
"6444",1,220.51307399,48,660980
"6445",1,220.51307399,49,661006
"6446",1,220.51307399,5,660498
"6447",1,220.51307399,50,658902
"6448",1,220.51307399,51,659911
"6449",1,220.51307399,52,660919
"6450",1,220.51307399,53,661026
"6451",1,220.51307399,54,659688
"6452",1,220.51307399,55,658235
"6453",1,220.51307399,56,658963
"6454",1,220.51307399,57,659818
"6455",1,220.51307399,58,660264
"6456",1,220.51307399,59,658283
"6457",1,220.51307399,6,661329
"6458",1,220.51307399,60,659134
"6459",1,220.51307399,61,660810
"6460",1,220.51307399,62,660390
"6461",1,220.51307399,63,660519
"6462",1,220.51307399,64,659612
"6463",1,220.51307399,65,660014
"6464",1,220.51307399,66,659165
"6465",1,220.51307399,67,659773
"6466",1,220.51307399,68,660638
"6467",1,220.51307399,69,661382
"6468",1,220.51307399,7,659912
"6469",1,220.51307399,70,660298
"6470",1,220.51307399,71,658030
"6471",1,220.51307399,72,659353
"6472",1,220.51307399,73,659068
"6473",1,220.51307399,74,660053
"6474",1,220.51307399,75,658849
"6475",1,220.51307399,76,658926
"6476",1,220.51307399,77,659376
"6477",1,220.51307399,78,660280
"6478",1,220.51307399,79,659557
"6479",1,220.51307399,8,660185
"6480",1,220.51307399,80,660506
"6481",1,220.51307399,81,659103
"6482",1,220.51307399,82,661057
"6483",1,220.51307399,83,659600
"6484",1,220.51307399,84,659116
"6485",1,220.51307399,85,658689
"6486",1,220.51307399,86,660406
"6487",1,220.51307399,87,659640
"6488",1,220.51307399,88,658998
"6489",1,220.51307399,89,661332
"6490",1,220.51307399,9,660036
"6491",1,220.51307399,90,660878
"6492",1,220.51307399,91,660501
"6493",1,220.51307399,92,660886
"6494",1,220.51307399,93,659136
"6495",1,220.51307399,94,660236
"6496",1,220.51307399,95,659662
"6497",1,220.51307399,96,660487
"6498",1,220.51307399,97,657760
"6499",1,220.51307399,98,659404
"6500",1,220.51307399,99,658782
"6501",1,24.20128265,1,72362
"6502",1,24.20128265,10,72868
"6503",1,24.20128265,100,72172
"6504",1,24.20128265,11,72403
"6505",1,24.20128265,12,72435
"6506",1,24.20128265,13,71750
"6507",1,24.20128265,14,72081
"6508",1,24.20128265,15,72543
"6509",1,24.20128265,16,72769
"6510",1,24.20128265,17,72986
"6511",1,24.20128265,18,72741
"6512",1,24.20128265,19,72544
"6513",1,24.20128265,2,72119
"6514",1,24.20128265,20,71991
"6515",1,24.20128265,21,72856
"6516",1,24.20128265,22,72810
"6517",1,24.20128265,23,72380
"6518",1,24.20128265,24,72306
"6519",1,24.20128265,25,72698
"6520",1,24.20128265,26,72421
"6521",1,24.20128265,27,72394
"6522",1,24.20128265,28,72239
"6523",1,24.20128265,29,72162
"6524",1,24.20128265,3,72495
"6525",1,24.20128265,30,72723
"6526",1,24.20128265,31,72314
"6527",1,24.20128265,32,72777
"6528",1,24.20128265,33,72523
"6529",1,24.20128265,34,72748
"6530",1,24.20128265,35,72645
"6531",1,24.20128265,36,72279
"6532",1,24.20128265,37,72088
"6533",1,24.20128265,38,72299
"6534",1,24.20128265,39,72311
"6535",1,24.20128265,4,71963
"6536",1,24.20128265,40,72727
"6537",1,24.20128265,41,71998
"6538",1,24.20128265,42,72707
"6539",1,24.20128265,43,72751
"6540",1,24.20128265,44,72513
"6541",1,24.20128265,45,72422
"6542",1,24.20128265,46,72601
"6543",1,24.20128265,47,71962
"6544",1,24.20128265,48,72214
"6545",1,24.20128265,49,72355
"6546",1,24.20128265,5,72495
"6547",1,24.20128265,50,72093
"6548",1,24.20128265,51,72871
"6549",1,24.20128265,52,72475
"6550",1,24.20128265,53,72302
"6551",1,24.20128265,54,71993
"6552",1,24.20128265,55,72848
"6553",1,24.20128265,56,72929
"6554",1,24.20128265,57,72603
"6555",1,24.20128265,58,72645
"6556",1,24.20128265,59,72660
"6557",1,24.20128265,6,72091
"6558",1,24.20128265,60,72301
"6559",1,24.20128265,61,72926
"6560",1,24.20128265,62,72428
"6561",1,24.20128265,63,72943
"6562",1,24.20128265,64,72857
"6563",1,24.20128265,65,72773
"6564",1,24.20128265,66,71728
"6565",1,24.20128265,67,71917
"6566",1,24.20128265,68,72298
"6567",1,24.20128265,69,72250
"6568",1,24.20128265,7,71903
"6569",1,24.20128265,70,72552
"6570",1,24.20128265,71,72380
"6571",1,24.20128265,72,72952
"6572",1,24.20128265,73,72254
"6573",1,24.20128265,74,72780
"6574",1,24.20128265,75,72309
"6575",1,24.20128265,76,72215
"6576",1,24.20128265,77,72304
"6577",1,24.20128265,78,72595
"6578",1,24.20128265,79,72503
"6579",1,24.20128265,8,72241
"6580",1,24.20128265,80,72629
"6581",1,24.20128265,81,72523
"6582",1,24.20128265,82,72610
"6583",1,24.20128265,83,71831
"6584",1,24.20128265,84,72775
"6585",1,24.20128265,85,72099
"6586",1,24.20128265,86,72209
"6587",1,24.20128265,87,72743
"6588",1,24.20128265,88,72598
"6589",1,24.20128265,89,72599
"6590",1,24.20128265,9,72494
"6591",1,24.20128265,90,71807
"6592",1,24.20128265,91,72316
"6593",1,24.20128265,92,73045
"6594",1,24.20128265,93,72319
"6595",1,24.20128265,94,72535
"6596",1,24.20128265,95,72376
"6597",1,24.20128265,96,72198
"6598",1,24.20128265,97,72584
"6599",1,24.20128265,98,72083
"6600",1,24.20128265,99,72577
"6601",1,247.7076356,1,740691
"6602",1,247.7076356,10,740620
"6603",1,247.7076356,100,741274
"6604",1,247.7076356,11,741547
"6605",1,247.7076356,12,740417
"6606",1,247.7076356,13,740353
"6607",1,247.7076356,14,740937
"6608",1,247.7076356,15,740760
"6609",1,247.7076356,16,741504
"6610",1,247.7076356,17,740127
"6611",1,247.7076356,18,742005
"6612",1,247.7076356,19,741988
"6613",1,247.7076356,2,741775
"6614",1,247.7076356,20,741600
"6615",1,247.7076356,21,742015
"6616",1,247.7076356,22,740262
"6617",1,247.7076356,23,741237
"6618",1,247.7076356,24,741769
"6619",1,247.7076356,25,740659
"6620",1,247.7076356,26,741503
"6621",1,247.7076356,27,741612
"6622",1,247.7076356,28,740364
"6623",1,247.7076356,29,739435
"6624",1,247.7076356,3,739445
"6625",1,247.7076356,30,739927
"6626",1,247.7076356,31,741943
"6627",1,247.7076356,32,741092
"6628",1,247.7076356,33,741978
"6629",1,247.7076356,34,740552
"6630",1,247.7076356,35,741826
"6631",1,247.7076356,36,739539
"6632",1,247.7076356,37,741166
"6633",1,247.7076356,38,741562
"6634",1,247.7076356,39,740867
"6635",1,247.7076356,4,740659
"6636",1,247.7076356,40,739546
"6637",1,247.7076356,41,740245
"6638",1,247.7076356,42,741872
"6639",1,247.7076356,43,740882
"6640",1,247.7076356,44,741335
"6641",1,247.7076356,45,741708
"6642",1,247.7076356,46,742252
"6643",1,247.7076356,47,741051
"6644",1,247.7076356,48,740949
"6645",1,247.7076356,49,739073
"6646",1,247.7076356,5,741943
"6647",1,247.7076356,50,740989
"6648",1,247.7076356,51,740838
"6649",1,247.7076356,52,742400
"6650",1,247.7076356,53,741224
"6651",1,247.7076356,54,740822
"6652",1,247.7076356,55,740921
"6653",1,247.7076356,56,740932
"6654",1,247.7076356,57,741256
"6655",1,247.7076356,58,740396
"6656",1,247.7076356,59,740131
"6657",1,247.7076356,6,740985
"6658",1,247.7076356,60,739956
"6659",1,247.7076356,61,741209
"6660",1,247.7076356,62,742108
"6661",1,247.7076356,63,740669
"6662",1,247.7076356,64,741088
"6663",1,247.7076356,65,740881
"6664",1,247.7076356,66,741356
"6665",1,247.7076356,67,738439
"6666",1,247.7076356,68,740248
"6667",1,247.7076356,69,739314
"6668",1,247.7076356,7,741810
"6669",1,247.7076356,70,740668
"6670",1,247.7076356,71,741676
"6671",1,247.7076356,72,741617
"6672",1,247.7076356,73,741610
"6673",1,247.7076356,74,740316
"6674",1,247.7076356,75,739283
"6675",1,247.7076356,76,740255
"6676",1,247.7076356,77,739712
"6677",1,247.7076356,78,741289
"6678",1,247.7076356,79,741995
"6679",1,247.7076356,8,740638
"6680",1,247.7076356,80,741800
"6681",1,247.7076356,81,739075
"6682",1,247.7076356,82,741225
"6683",1,247.7076356,83,741028
"6684",1,247.7076356,84,742314
"6685",1,247.7076356,85,741108
"6686",1,247.7076356,86,741043
"6687",1,247.7076356,87,738672
"6688",1,247.7076356,88,741829
"6689",1,247.7076356,89,740831
"6690",1,247.7076356,9,739673
"6691",1,247.7076356,90,742268
"6692",1,247.7076356,91,740326
"6693",1,247.7076356,92,740182
"6694",1,247.7076356,93,741243
"6695",1,247.7076356,94,741084
"6696",1,247.7076356,95,741279
"6697",1,247.7076356,96,742377
"6698",1,247.7076356,97,739624
"6699",1,247.7076356,98,741256
"6700",1,247.7076356,99,740738
"6701",1,27.18588243,1,81174
"6702",1,27.18588243,10,81244
"6703",1,27.18588243,100,80985
"6704",1,27.18588243,11,81515
"6705",1,27.18588243,12,81653
"6706",1,27.18588243,13,81026
"6707",1,27.18588243,14,81432
"6708",1,27.18588243,15,81486
"6709",1,27.18588243,16,81316
"6710",1,27.18588243,17,81456
"6711",1,27.18588243,18,81084
"6712",1,27.18588243,19,81283
"6713",1,27.18588243,2,81201
"6714",1,27.18588243,20,81304
"6715",1,27.18588243,21,81292
"6716",1,27.18588243,22,81470
"6717",1,27.18588243,23,81095
"6718",1,27.18588243,24,81332
"6719",1,27.18588243,25,81799
"6720",1,27.18588243,26,80710
"6721",1,27.18588243,27,81524
"6722",1,27.18588243,28,81591
"6723",1,27.18588243,29,80986
"6724",1,27.18588243,3,81017
"6725",1,27.18588243,30,81514
"6726",1,27.18588243,31,81161
"6727",1,27.18588243,32,81179
"6728",1,27.18588243,33,80979
"6729",1,27.18588243,34,81329
"6730",1,27.18588243,35,81178
"6731",1,27.18588243,36,81607
"6732",1,27.18588243,37,80741
"6733",1,27.18588243,38,80794
"6734",1,27.18588243,39,81342
"6735",1,27.18588243,4,81127
"6736",1,27.18588243,40,81394
"6737",1,27.18588243,41,81839
"6738",1,27.18588243,42,81686
"6739",1,27.18588243,43,81740
"6740",1,27.18588243,44,81802
"6741",1,27.18588243,45,81221
"6742",1,27.18588243,46,81515
"6743",1,27.18588243,47,81243
"6744",1,27.18588243,48,81220
"6745",1,27.18588243,49,81438
"6746",1,27.18588243,5,81257
"6747",1,27.18588243,50,81400
"6748",1,27.18588243,51,82077
"6749",1,27.18588243,52,81677
"6750",1,27.18588243,53,80925
"6751",1,27.18588243,54,81077
"6752",1,27.18588243,55,81772
"6753",1,27.18588243,56,81660
"6754",1,27.18588243,57,81157
"6755",1,27.18588243,58,81195
"6756",1,27.18588243,59,81519
"6757",1,27.18588243,6,81027
"6758",1,27.18588243,60,81137
"6759",1,27.18588243,61,81572
"6760",1,27.18588243,62,81528
"6761",1,27.18588243,63,81621
"6762",1,27.18588243,64,80960
"6763",1,27.18588243,65,80983
"6764",1,27.18588243,66,81537
"6765",1,27.18588243,67,81390
"6766",1,27.18588243,68,81509
"6767",1,27.18588243,69,81227
"6768",1,27.18588243,7,81713
"6769",1,27.18588243,70,81143
"6770",1,27.18588243,71,80804
"6771",1,27.18588243,72,81522
"6772",1,27.18588243,73,81441
"6773",1,27.18588243,74,81084
"6774",1,27.18588243,75,81535
"6775",1,27.18588243,76,81095
"6776",1,27.18588243,77,81603
"6777",1,27.18588243,78,81339
"6778",1,27.18588243,79,81138
"6779",1,27.18588243,8,80789
"6780",1,27.18588243,80,81369
"6781",1,27.18588243,81,81267
"6782",1,27.18588243,82,81008
"6783",1,27.18588243,83,81549
"6784",1,27.18588243,84,81398
"6785",1,27.18588243,85,81410
"6786",1,27.18588243,86,81342
"6787",1,27.18588243,87,81454
"6788",1,27.18588243,88,80680
"6789",1,27.18588243,89,81451
"6790",1,27.18588243,9,81266
"6791",1,27.18588243,90,81042
"6792",1,27.18588243,91,81449
"6793",1,27.18588243,92,81435
"6794",1,27.18588243,93,81369
"6795",1,27.18588243,94,80726
"6796",1,27.18588243,95,81246
"6797",1,27.18588243,96,81747
"6798",1,27.18588243,97,81470
"6799",1,27.18588243,98,81199
"6800",1,27.18588243,99,81129
"6801",1,278.25594022,1,832307
"6802",1,278.25594022,10,833795
"6803",1,278.25594022,100,831393
"6804",1,278.25594022,11,832561
"6805",1,278.25594022,12,832796
"6806",1,278.25594022,13,832216
"6807",1,278.25594022,14,832700
"6808",1,278.25594022,15,832162
"6809",1,278.25594022,16,831950
"6810",1,278.25594022,17,832407
"6811",1,278.25594022,18,831944
"6812",1,278.25594022,19,834156
"6813",1,278.25594022,2,832323
"6814",1,278.25594022,20,832322
"6815",1,278.25594022,21,830707
"6816",1,278.25594022,22,830534
"6817",1,278.25594022,23,830904
"6818",1,278.25594022,24,831928
"6819",1,278.25594022,25,833278
"6820",1,278.25594022,26,831240
"6821",1,278.25594022,27,832304
"6822",1,278.25594022,28,833832
"6823",1,278.25594022,29,831377
"6824",1,278.25594022,3,831422
"6825",1,278.25594022,30,832261
"6826",1,278.25594022,31,831924
"6827",1,278.25594022,32,833008
"6828",1,278.25594022,33,831299
"6829",1,278.25594022,34,831521
"6830",1,278.25594022,35,832795
"6831",1,278.25594022,36,833673
"6832",1,278.25594022,37,832833
"6833",1,278.25594022,38,832328
"6834",1,278.25594022,39,833153
"6835",1,278.25594022,4,832598
"6836",1,278.25594022,40,832214
"6837",1,278.25594022,41,832778
"6838",1,278.25594022,42,832247
"6839",1,278.25594022,43,831921
"6840",1,278.25594022,44,829994
"6841",1,278.25594022,45,834617
"6842",1,278.25594022,46,832056
"6843",1,278.25594022,47,832552
"6844",1,278.25594022,48,830122
"6845",1,278.25594022,49,834168
"6846",1,278.25594022,5,831960
"6847",1,278.25594022,50,832092
"6848",1,278.25594022,51,832340
"6849",1,278.25594022,52,831774
"6850",1,278.25594022,53,831786
"6851",1,278.25594022,54,833686
"6852",1,278.25594022,55,831557
"6853",1,278.25594022,56,830875
"6854",1,278.25594022,57,831925
"6855",1,278.25594022,58,831989
"6856",1,278.25594022,59,833508
"6857",1,278.25594022,6,831510
"6858",1,278.25594022,60,832270
"6859",1,278.25594022,61,832015
"6860",1,278.25594022,62,832491
"6861",1,278.25594022,63,832504
"6862",1,278.25594022,64,832279
"6863",1,278.25594022,65,831075
"6864",1,278.25594022,66,832104
"6865",1,278.25594022,67,832460
"6866",1,278.25594022,68,830004
"6867",1,278.25594022,69,832267
"6868",1,278.25594022,7,830674
"6869",1,278.25594022,70,832644
"6870",1,278.25594022,71,832986
"6871",1,278.25594022,72,833121
"6872",1,278.25594022,73,832547
"6873",1,278.25594022,74,831823
"6874",1,278.25594022,75,831861
"6875",1,278.25594022,76,832763
"6876",1,278.25594022,77,832243
"6877",1,278.25594022,78,832464
"6878",1,278.25594022,79,832115
"6879",1,278.25594022,8,832554
"6880",1,278.25594022,80,831648
"6881",1,278.25594022,81,832157
"6882",1,278.25594022,82,832969
"6883",1,278.25594022,83,832550
"6884",1,278.25594022,84,832694
"6885",1,278.25594022,85,832874
"6886",1,278.25594022,86,832566
"6887",1,278.25594022,87,832117
"6888",1,278.25594022,88,832641
"6889",1,278.25594022,89,832869
"6890",1,278.25594022,9,834663
"6891",1,278.25594022,90,831837
"6892",1,278.25594022,91,831937
"6893",1,278.25594022,92,831146
"6894",1,278.25594022,93,833230
"6895",1,278.25594022,94,833237
"6896",1,278.25594022,95,832732
"6897",1,278.25594022,96,832401
"6898",1,278.25594022,97,832321
"6899",1,278.25594022,98,831778
"6900",1,278.25594022,99,833618
"6901",1,3.35160265,1,9948
"6902",1,3.35160265,10,10177
"6903",1,3.35160265,100,9994
"6904",1,3.35160265,11,10055
"6905",1,3.35160265,12,10032
"6906",1,3.35160265,13,9924
"6907",1,3.35160265,14,10126
"6908",1,3.35160265,15,10011
"6909",1,3.35160265,16,10173
"6910",1,3.35160265,17,9943
"6911",1,3.35160265,18,10088
"6912",1,3.35160265,19,10133
"6913",1,3.35160265,2,10097
"6914",1,3.35160265,20,10026
"6915",1,3.35160265,21,9928
"6916",1,3.35160265,22,9997
"6917",1,3.35160265,23,10136
"6918",1,3.35160265,24,10077
"6919",1,3.35160265,25,10074
"6920",1,3.35160265,26,9977
"6921",1,3.35160265,27,9946
"6922",1,3.35160265,28,9944
"6923",1,3.35160265,29,10049
"6924",1,3.35160265,3,10077
"6925",1,3.35160265,30,9776
"6926",1,3.35160265,31,9900
"6927",1,3.35160265,32,10033
"6928",1,3.35160265,33,10244
"6929",1,3.35160265,34,9975
"6930",1,3.35160265,35,10084
"6931",1,3.35160265,36,10055
"6932",1,3.35160265,37,10068
"6933",1,3.35160265,38,9937
"6934",1,3.35160265,39,10085
"6935",1,3.35160265,4,10022
"6936",1,3.35160265,40,10192
"6937",1,3.35160265,41,9990
"6938",1,3.35160265,42,9956
"6939",1,3.35160265,43,9785
"6940",1,3.35160265,44,9905
"6941",1,3.35160265,45,9941
"6942",1,3.35160265,46,9811
"6943",1,3.35160265,47,9984
"6944",1,3.35160265,48,9833
"6945",1,3.35160265,49,9984
"6946",1,3.35160265,5,10119
"6947",1,3.35160265,50,9980
"6948",1,3.35160265,51,9880
"6949",1,3.35160265,52,9981
"6950",1,3.35160265,53,10005
"6951",1,3.35160265,54,9976
"6952",1,3.35160265,55,9963
"6953",1,3.35160265,56,10164
"6954",1,3.35160265,57,10018
"6955",1,3.35160265,58,9917
"6956",1,3.35160265,59,10024
"6957",1,3.35160265,6,10047
"6958",1,3.35160265,60,10114
"6959",1,3.35160265,61,10029
"6960",1,3.35160265,62,9962
"6961",1,3.35160265,63,10114
"6962",1,3.35160265,64,10096
"6963",1,3.35160265,65,10085
"6964",1,3.35160265,66,9868
"6965",1,3.35160265,67,9778
"6966",1,3.35160265,68,10103
"6967",1,3.35160265,69,10043
"6968",1,3.35160265,7,9998
"6969",1,3.35160265,70,10111
"6970",1,3.35160265,71,10162
"6971",1,3.35160265,72,10115
"6972",1,3.35160265,73,9896
"6973",1,3.35160265,74,10059
"6974",1,3.35160265,75,10006
"6975",1,3.35160265,76,9891
"6976",1,3.35160265,77,10196
"6977",1,3.35160265,78,10069
"6978",1,3.35160265,79,10102
"6979",1,3.35160265,8,10134
"6980",1,3.35160265,80,10022
"6981",1,3.35160265,81,9959
"6982",1,3.35160265,82,10040
"6983",1,3.35160265,83,10033
"6984",1,3.35160265,84,10064
"6985",1,3.35160265,85,10072
"6986",1,3.35160265,86,10086
"6987",1,3.35160265,87,10102
"6988",1,3.35160265,88,10038
"6989",1,3.35160265,89,9997
"6990",1,3.35160265,9,10004
"6991",1,3.35160265,90,10087
"6992",1,3.35160265,91,9999
"6993",1,3.35160265,92,9995
"6994",1,3.35160265,93,10067
"6995",1,3.35160265,94,9953
"6996",1,3.35160265,95,9936
"6997",1,3.35160265,96,10164
"6998",1,3.35160265,97,9817
"6999",1,3.35160265,98,9881
"7000",1,3.35160265,99,10198
"7001",1,3.76493581,1,11172
"7002",1,3.76493581,10,11305
"7003",1,3.76493581,100,11284
"7004",1,3.76493581,11,11364
"7005",1,3.76493581,12,11256
"7006",1,3.76493581,13,11225
"7007",1,3.76493581,14,11208
"7008",1,3.76493581,15,11418
"7009",1,3.76493581,16,11339
"7010",1,3.76493581,17,11483
"7011",1,3.76493581,18,11330
"7012",1,3.76493581,19,11201
"7013",1,3.76493581,2,11281
"7014",1,3.76493581,20,11276
"7015",1,3.76493581,21,11030
"7016",1,3.76493581,22,11315
"7017",1,3.76493581,23,11305
"7018",1,3.76493581,24,11363
"7019",1,3.76493581,25,11300
"7020",1,3.76493581,26,11259
"7021",1,3.76493581,27,11362
"7022",1,3.76493581,28,11378
"7023",1,3.76493581,29,11396
"7024",1,3.76493581,3,11300
"7025",1,3.76493581,30,11209
"7026",1,3.76493581,31,11460
"7027",1,3.76493581,32,11194
"7028",1,3.76493581,33,11131
"7029",1,3.76493581,34,11366
"7030",1,3.76493581,35,11169
"7031",1,3.76493581,36,11164
"7032",1,3.76493581,37,11277
"7033",1,3.76493581,38,11337
"7034",1,3.76493581,39,11154
"7035",1,3.76493581,4,11296
"7036",1,3.76493581,40,11356
"7037",1,3.76493581,41,11111
"7038",1,3.76493581,42,11097
"7039",1,3.76493581,43,11268
"7040",1,3.76493581,44,11386
"7041",1,3.76493581,45,11417
"7042",1,3.76493581,46,11169
"7043",1,3.76493581,47,11170
"7044",1,3.76493581,48,11269
"7045",1,3.76493581,49,11345
"7046",1,3.76493581,5,11302
"7047",1,3.76493581,50,11244
"7048",1,3.76493581,51,11226
"7049",1,3.76493581,52,11137
"7050",1,3.76493581,53,11298
"7051",1,3.76493581,54,11333
"7052",1,3.76493581,55,11278
"7053",1,3.76493581,56,11082
"7054",1,3.76493581,57,11314
"7055",1,3.76493581,58,11223
"7056",1,3.76493581,59,11062
"7057",1,3.76493581,6,11444
"7058",1,3.76493581,60,11240
"7059",1,3.76493581,61,11365
"7060",1,3.76493581,62,11391
"7061",1,3.76493581,63,10977
"7062",1,3.76493581,64,11194
"7063",1,3.76493581,65,11387
"7064",1,3.76493581,66,11356
"7065",1,3.76493581,67,11136
"7066",1,3.76493581,68,11171
"7067",1,3.76493581,69,11134
"7068",1,3.76493581,7,11492
"7069",1,3.76493581,70,11175
"7070",1,3.76493581,71,11198
"7071",1,3.76493581,72,11373
"7072",1,3.76493581,73,11280
"7073",1,3.76493581,74,11164
"7074",1,3.76493581,75,11047
"7075",1,3.76493581,76,11186
"7076",1,3.76493581,77,11241
"7077",1,3.76493581,78,11158
"7078",1,3.76493581,79,11451
"7079",1,3.76493581,8,11219
"7080",1,3.76493581,80,11207
"7081",1,3.76493581,81,11380
"7082",1,3.76493581,82,11433
"7083",1,3.76493581,83,11209
"7084",1,3.76493581,84,11272
"7085",1,3.76493581,85,11405
"7086",1,3.76493581,86,11237
"7087",1,3.76493581,87,11498
"7088",1,3.76493581,88,11189
"7089",1,3.76493581,89,11189
"7090",1,3.76493581,9,11215
"7091",1,3.76493581,90,11238
"7092",1,3.76493581,91,11394
"7093",1,3.76493581,92,11151
"7094",1,3.76493581,93,11533
"7095",1,3.76493581,94,11135
"7096",1,3.76493581,95,11328
"7097",1,3.76493581,96,11320
"7098",1,3.76493581,97,11306
"7099",1,3.76493581,98,11146
"7100",1,3.76493581,99,11356
"7101",1,30.53855509,1,91312
"7102",1,30.53855509,10,91635
"7103",1,30.53855509,100,91437
"7104",1,30.53855509,11,91162
"7105",1,30.53855509,12,91581
"7106",1,30.53855509,13,91438
"7107",1,30.53855509,14,91114
"7108",1,30.53855509,15,91770
"7109",1,30.53855509,16,91065
"7110",1,30.53855509,17,91193
"7111",1,30.53855509,18,91214
"7112",1,30.53855509,19,91558
"7113",1,30.53855509,2,91704
"7114",1,30.53855509,20,91804
"7115",1,30.53855509,21,91527
"7116",1,30.53855509,22,90846
"7117",1,30.53855509,23,91280
"7118",1,30.53855509,24,91412
"7119",1,30.53855509,25,91650
"7120",1,30.53855509,26,91700
"7121",1,30.53855509,27,91470
"7122",1,30.53855509,28,91398
"7123",1,30.53855509,29,91463
"7124",1,30.53855509,3,91148
"7125",1,30.53855509,30,91364
"7126",1,30.53855509,31,90940
"7127",1,30.53855509,32,91047
"7128",1,30.53855509,33,91594
"7129",1,30.53855509,34,91031
"7130",1,30.53855509,35,91569
"7131",1,30.53855509,36,91448
"7132",1,30.53855509,37,91281
"7133",1,30.53855509,38,91210
"7134",1,30.53855509,39,91320
"7135",1,30.53855509,4,91599
"7136",1,30.53855509,40,91478
"7137",1,30.53855509,41,91363
"7138",1,30.53855509,42,91437
"7139",1,30.53855509,43,91197
"7140",1,30.53855509,44,91484
"7141",1,30.53855509,45,91757
"7142",1,30.53855509,46,91468
"7143",1,30.53855509,47,91300
"7144",1,30.53855509,48,91441
"7145",1,30.53855509,49,91547
"7146",1,30.53855509,5,91687
"7147",1,30.53855509,50,91481
"7148",1,30.53855509,51,91466
"7149",1,30.53855509,52,91747
"7150",1,30.53855509,53,91404
"7151",1,30.53855509,54,91186
"7152",1,30.53855509,55,91925
"7153",1,30.53855509,56,91324
"7154",1,30.53855509,57,91549
"7155",1,30.53855509,58,91068
"7156",1,30.53855509,59,91645
"7157",1,30.53855509,6,91387
"7158",1,30.53855509,60,91670
"7159",1,30.53855509,61,92040
"7160",1,30.53855509,62,91667
"7161",1,30.53855509,63,91789
"7162",1,30.53855509,64,90934
"7163",1,30.53855509,65,91751
"7164",1,30.53855509,66,91845
"7165",1,30.53855509,67,90583
"7166",1,30.53855509,68,91525
"7167",1,30.53855509,69,91974
"7168",1,30.53855509,7,90902
"7169",1,30.53855509,70,91880
"7170",1,30.53855509,71,91113
"7171",1,30.53855509,72,90600
"7172",1,30.53855509,73,91429
"7173",1,30.53855509,74,91260
"7174",1,30.53855509,75,91751
"7175",1,30.53855509,76,91503
"7176",1,30.53855509,77,91376
"7177",1,30.53855509,78,91437
"7178",1,30.53855509,79,91446
"7179",1,30.53855509,8,91807
"7180",1,30.53855509,80,91555
"7181",1,30.53855509,81,91815
"7182",1,30.53855509,82,91675
"7183",1,30.53855509,83,91135
"7184",1,30.53855509,84,91300
"7185",1,30.53855509,85,91397
"7186",1,30.53855509,86,91214
"7187",1,30.53855509,87,91448
"7188",1,30.53855509,88,91453
"7189",1,30.53855509,89,91509
"7190",1,30.53855509,9,91549
"7191",1,30.53855509,90,92049
"7192",1,30.53855509,91,91746
"7193",1,30.53855509,92,91173
"7194",1,30.53855509,93,91746
"7195",1,30.53855509,94,91362
"7196",1,30.53855509,95,91466
"7197",1,30.53855509,96,91349
"7198",1,30.53855509,97,91237
"7199",1,30.53855509,98,91638
"7200",1,30.53855509,99,91077
"7201",1,312.57158497,1,933709
"7202",1,312.57158497,10,936576
"7203",1,312.57158497,100,934855
"7204",1,312.57158497,11,935174
"7205",1,312.57158497,12,934583
"7206",1,312.57158497,13,936392
"7207",1,312.57158497,14,935477
"7208",1,312.57158497,15,935881
"7209",1,312.57158497,16,936235
"7210",1,312.57158497,17,934376
"7211",1,312.57158497,18,933607
"7212",1,312.57158497,19,933820
"7213",1,312.57158497,2,935209
"7214",1,312.57158497,20,933228
"7215",1,312.57158497,21,934419
"7216",1,312.57158497,22,934474
"7217",1,312.57158497,23,933680
"7218",1,312.57158497,24,935230
"7219",1,312.57158497,25,935558
"7220",1,312.57158497,26,934803
"7221",1,312.57158497,27,936759
"7222",1,312.57158497,28,934085
"7223",1,312.57158497,29,935624
"7224",1,312.57158497,3,935491
"7225",1,312.57158497,30,934336
"7226",1,312.57158497,31,935385
"7227",1,312.57158497,32,933559
"7228",1,312.57158497,33,933249
"7229",1,312.57158497,34,935839
"7230",1,312.57158497,35,934307
"7231",1,312.57158497,36,936543
"7232",1,312.57158497,37,933948
"7233",1,312.57158497,38,935852
"7234",1,312.57158497,39,934442
"7235",1,312.57158497,4,934556
"7236",1,312.57158497,40,934551
"7237",1,312.57158497,41,934766
"7238",1,312.57158497,42,932570
"7239",1,312.57158497,43,935010
"7240",1,312.57158497,44,935100
"7241",1,312.57158497,45,934704
"7242",1,312.57158497,46,935718
"7243",1,312.57158497,47,934425
"7244",1,312.57158497,48,935185
"7245",1,312.57158497,49,934421
"7246",1,312.57158497,5,934096
"7247",1,312.57158497,50,936130
"7248",1,312.57158497,51,934476
"7249",1,312.57158497,52,934127
"7250",1,312.57158497,53,934353
"7251",1,312.57158497,54,934409
"7252",1,312.57158497,55,934965
"7253",1,312.57158497,56,933804
"7254",1,312.57158497,57,935434
"7255",1,312.57158497,58,934399
"7256",1,312.57158497,59,935209
"7257",1,312.57158497,6,937385
"7258",1,312.57158497,60,935110
"7259",1,312.57158497,61,935562
"7260",1,312.57158497,62,934506
"7261",1,312.57158497,63,934832
"7262",1,312.57158497,64,936060
"7263",1,312.57158497,65,933407
"7264",1,312.57158497,66,936767
"7265",1,312.57158497,67,935315
"7266",1,312.57158497,68,933478
"7267",1,312.57158497,69,935741
"7268",1,312.57158497,7,935943
"7269",1,312.57158497,70,935145
"7270",1,312.57158497,71,935496
"7271",1,312.57158497,72,935871
"7272",1,312.57158497,73,935756
"7273",1,312.57158497,74,936040
"7274",1,312.57158497,75,934821
"7275",1,312.57158497,76,935903
"7276",1,312.57158497,77,936032
"7277",1,312.57158497,78,935017
"7278",1,312.57158497,79,935003
"7279",1,312.57158497,8,934879
"7280",1,312.57158497,80,934599
"7281",1,312.57158497,81,935601
"7282",1,312.57158497,82,934885
"7283",1,312.57158497,83,935039
"7284",1,312.57158497,84,937014
"7285",1,312.57158497,85,934424
"7286",1,312.57158497,86,934645
"7287",1,312.57158497,87,934884
"7288",1,312.57158497,88,934281
"7289",1,312.57158497,89,934381
"7290",1,312.57158497,9,936110
"7291",1,312.57158497,90,934892
"7292",1,312.57158497,91,934342
"7293",1,312.57158497,92,934646
"7294",1,312.57158497,93,934217
"7295",1,312.57158497,94,935068
"7296",1,312.57158497,95,934739
"7297",1,312.57158497,96,936094
"7298",1,312.57158497,97,936043
"7299",1,312.57158497,98,935051
"7300",1,312.57158497,99,935306
"7301",1,34.30469286,1,102853
"7302",1,34.30469286,10,102910
"7303",1,34.30469286,100,102482
"7304",1,34.30469286,11,102803
"7305",1,34.30469286,12,102113
"7306",1,34.30469286,13,101924
"7307",1,34.30469286,14,103110
"7308",1,34.30469286,15,102412
"7309",1,34.30469286,16,102565
"7310",1,34.30469286,17,103010
"7311",1,34.30469286,18,102737
"7312",1,34.30469286,19,101962
"7313",1,34.30469286,2,103074
"7314",1,34.30469286,20,102412
"7315",1,34.30469286,21,102609
"7316",1,34.30469286,22,102695
"7317",1,34.30469286,23,102759
"7318",1,34.30469286,24,102988
"7319",1,34.30469286,25,102739
"7320",1,34.30469286,26,102790
"7321",1,34.30469286,27,102229
"7322",1,34.30469286,28,102876
"7323",1,34.30469286,29,102343
"7324",1,34.30469286,3,102533
"7325",1,34.30469286,30,102486
"7326",1,34.30469286,31,103250
"7327",1,34.30469286,32,102919
"7328",1,34.30469286,33,102652
"7329",1,34.30469286,34,102597
"7330",1,34.30469286,35,102412
"7331",1,34.30469286,36,102854
"7332",1,34.30469286,37,102496
"7333",1,34.30469286,38,102908
"7334",1,34.30469286,39,101849
"7335",1,34.30469286,4,102341
"7336",1,34.30469286,40,102785
"7337",1,34.30469286,41,102556
"7338",1,34.30469286,42,102221
"7339",1,34.30469286,43,102307
"7340",1,34.30469286,44,102129
"7341",1,34.30469286,45,102928
"7342",1,34.30469286,46,102790
"7343",1,34.30469286,47,102863
"7344",1,34.30469286,48,102223
"7345",1,34.30469286,49,102816
"7346",1,34.30469286,5,102368
"7347",1,34.30469286,50,102981
"7348",1,34.30469286,51,102988
"7349",1,34.30469286,52,102353
"7350",1,34.30469286,53,103031
"7351",1,34.30469286,54,102478
"7352",1,34.30469286,55,102795
"7353",1,34.30469286,56,102709
"7354",1,34.30469286,57,102634
"7355",1,34.30469286,58,102792
"7356",1,34.30469286,59,102191
"7357",1,34.30469286,6,102790
"7358",1,34.30469286,60,102545
"7359",1,34.30469286,61,102525
"7360",1,34.30469286,62,103303
"7361",1,34.30469286,63,102454
"7362",1,34.30469286,64,102788
"7363",1,34.30469286,65,102372
"7364",1,34.30469286,66,102255
"7365",1,34.30469286,67,102492
"7366",1,34.30469286,68,102505
"7367",1,34.30469286,69,102707
"7368",1,34.30469286,7,102755
"7369",1,34.30469286,70,101978
"7370",1,34.30469286,71,102903
"7371",1,34.30469286,72,102630
"7372",1,34.30469286,73,102718
"7373",1,34.30469286,74,102672
"7374",1,34.30469286,75,102203
"7375",1,34.30469286,76,102136
"7376",1,34.30469286,77,102469
"7377",1,34.30469286,78,102212
"7378",1,34.30469286,79,102537
"7379",1,34.30469286,8,102669
"7380",1,34.30469286,80,102212
"7381",1,34.30469286,81,102356
"7382",1,34.30469286,82,102347
"7383",1,34.30469286,83,102559
"7384",1,34.30469286,84,103122
"7385",1,34.30469286,85,102360
"7386",1,34.30469286,86,102240
"7387",1,34.30469286,87,102908
"7388",1,34.30469286,88,102404
"7389",1,34.30469286,89,102503
"7390",1,34.30469286,9,102981
"7391",1,34.30469286,90,102002
"7392",1,34.30469286,91,102567
"7393",1,34.30469286,92,102757
"7394",1,34.30469286,93,103207
"7395",1,34.30469286,94,102944
"7396",1,34.30469286,95,102410
"7397",1,34.30469286,96,102662
"7398",1,34.30469286,97,102911
"7399",1,34.30469286,98,102784
"7400",1,34.30469286,99,102034
"7401",1,351.11917342,1,1048180
"7402",1,351.11917342,10,1049763
"7403",1,351.11917342,100,1051369
"7404",1,351.11917342,11,1050400
"7405",1,351.11917342,12,1049911
"7406",1,351.11917342,13,1050043
"7407",1,351.11917342,14,1050615
"7408",1,351.11917342,15,1049531
"7409",1,351.11917342,16,1049823
"7410",1,351.11917342,17,1051726
"7411",1,351.11917342,18,1051182
"7412",1,351.11917342,19,1052199
"7413",1,351.11917342,2,1050819
"7414",1,351.11917342,20,1052446
"7415",1,351.11917342,21,1051441
"7416",1,351.11917342,22,1050108
"7417",1,351.11917342,23,1049673
"7418",1,351.11917342,24,1049927
"7419",1,351.11917342,25,1050888
"7420",1,351.11917342,26,1050751
"7421",1,351.11917342,27,1050975
"7422",1,351.11917342,28,1051381
"7423",1,351.11917342,29,1050793
"7424",1,351.11917342,3,1050727
"7425",1,351.11917342,30,1049541
"7426",1,351.11917342,31,1051974
"7427",1,351.11917342,32,1050564
"7428",1,351.11917342,33,1049457
"7429",1,351.11917342,34,1050231
"7430",1,351.11917342,35,1051466
"7431",1,351.11917342,36,1051683
"7432",1,351.11917342,37,1050856
"7433",1,351.11917342,38,1050750
"7434",1,351.11917342,39,1049637
"7435",1,351.11917342,4,1048337
"7436",1,351.11917342,40,1050734
"7437",1,351.11917342,41,1047962
"7438",1,351.11917342,42,1050114
"7439",1,351.11917342,43,1050501
"7440",1,351.11917342,44,1049163
"7441",1,351.11917342,45,1051273
"7442",1,351.11917342,46,1052808
"7443",1,351.11917342,47,1048927
"7444",1,351.11917342,48,1049983
"7445",1,351.11917342,49,1049261
"7446",1,351.11917342,5,1051301
"7447",1,351.11917342,50,1050071
"7448",1,351.11917342,51,1049488
"7449",1,351.11917342,52,1050366
"7450",1,351.11917342,53,1049668
"7451",1,351.11917342,54,1049467
"7452",1,351.11917342,55,1050702
"7453",1,351.11917342,56,1048569
"7454",1,351.11917342,57,1050502
"7455",1,351.11917342,58,1051426
"7456",1,351.11917342,59,1049892
"7457",1,351.11917342,6,1049697
"7458",1,351.11917342,60,1051663
"7459",1,351.11917342,61,1049888
"7460",1,351.11917342,62,1050071
"7461",1,351.11917342,63,1049790
"7462",1,351.11917342,64,1048612
"7463",1,351.11917342,65,1049906
"7464",1,351.11917342,66,1049415
"7465",1,351.11917342,67,1050269
"7466",1,351.11917342,68,1052300
"7467",1,351.11917342,69,1049953
"7468",1,351.11917342,7,1050615
"7469",1,351.11917342,70,1049808
"7470",1,351.11917342,71,1051180
"7471",1,351.11917342,72,1050014
"7472",1,351.11917342,73,1052171
"7473",1,351.11917342,74,1050065
"7474",1,351.11917342,75,1050907
"7475",1,351.11917342,76,1050135
"7476",1,351.11917342,77,1050385
"7477",1,351.11917342,78,1049901
"7478",1,351.11917342,79,1052639
"7479",1,351.11917342,8,1048401
"7480",1,351.11917342,80,1050949
"7481",1,351.11917342,81,1050815
"7482",1,351.11917342,82,1049236
"7483",1,351.11917342,83,1051224
"7484",1,351.11917342,84,1049124
"7485",1,351.11917342,85,1050926
"7486",1,351.11917342,86,1050565
"7487",1,351.11917342,87,1050668
"7488",1,351.11917342,88,1049608
"7489",1,351.11917342,89,1052311
"7490",1,351.11917342,9,1050344
"7491",1,351.11917342,90,1051690
"7492",1,351.11917342,91,1051184
"7493",1,351.11917342,92,1050790
"7494",1,351.11917342,93,1050084
"7495",1,351.11917342,94,1049176
"7496",1,351.11917342,95,1051329
"7497",1,351.11917342,96,1051928
"7498",1,351.11917342,97,1049683
"7499",1,351.11917342,98,1050132
"7500",1,351.11917342,99,1051469
"7501",1,38.53528594,1,115327
"7502",1,38.53528594,10,115180
"7503",1,38.53528594,100,115680
"7504",1,38.53528594,11,115607
"7505",1,38.53528594,12,114209
"7506",1,38.53528594,13,115681
"7507",1,38.53528594,14,115364
"7508",1,38.53528594,15,114775
"7509",1,38.53528594,16,115446
"7510",1,38.53528594,17,115384
"7511",1,38.53528594,18,115275
"7512",1,38.53528594,19,115372
"7513",1,38.53528594,2,115596
"7514",1,38.53528594,20,115532
"7515",1,38.53528594,21,115210
"7516",1,38.53528594,22,115081
"7517",1,38.53528594,23,115236
"7518",1,38.53528594,24,114756
"7519",1,38.53528594,25,115134
"7520",1,38.53528594,26,114950
"7521",1,38.53528594,27,115626
"7522",1,38.53528594,28,115470
"7523",1,38.53528594,29,114711
"7524",1,38.53528594,3,115668
"7525",1,38.53528594,30,115608
"7526",1,38.53528594,31,115287
"7527",1,38.53528594,32,115606
"7528",1,38.53528594,33,114647
"7529",1,38.53528594,34,115079
"7530",1,38.53528594,35,115012
"7531",1,38.53528594,36,115346
"7532",1,38.53528594,37,114844
"7533",1,38.53528594,38,115151
"7534",1,38.53528594,39,115846
"7535",1,38.53528594,4,114964
"7536",1,38.53528594,40,114872
"7537",1,38.53528594,41,115002
"7538",1,38.53528594,42,115171
"7539",1,38.53528594,43,115512
"7540",1,38.53528594,44,114988
"7541",1,38.53528594,45,115083
"7542",1,38.53528594,46,115404
"7543",1,38.53528594,47,115264
"7544",1,38.53528594,48,115435
"7545",1,38.53528594,49,114810
"7546",1,38.53528594,5,115487
"7547",1,38.53528594,50,115705
"7548",1,38.53528594,51,115310
"7549",1,38.53528594,52,115453
"7550",1,38.53528594,53,115052
"7551",1,38.53528594,54,115284
"7552",1,38.53528594,55,115087
"7553",1,38.53528594,56,114982
"7554",1,38.53528594,57,115082
"7555",1,38.53528594,58,114944
"7556",1,38.53528594,59,115938
"7557",1,38.53528594,6,115931
"7558",1,38.53528594,60,115168
"7559",1,38.53528594,61,115623
"7560",1,38.53528594,62,115123
"7561",1,38.53528594,63,115446
"7562",1,38.53528594,64,115118
"7563",1,38.53528594,65,115362
"7564",1,38.53528594,66,115545
"7565",1,38.53528594,67,115480
"7566",1,38.53528594,68,115496
"7567",1,38.53528594,69,115327
"7568",1,38.53528594,7,115569
"7569",1,38.53528594,70,115428
"7570",1,38.53528594,71,114987
"7571",1,38.53528594,72,115145
"7572",1,38.53528594,73,114859
"7573",1,38.53528594,74,115746
"7574",1,38.53528594,75,115710
"7575",1,38.53528594,76,114902
"7576",1,38.53528594,77,114637
"7577",1,38.53528594,78,115496
"7578",1,38.53528594,79,115572
"7579",1,38.53528594,8,115173
"7580",1,38.53528594,80,115500
"7581",1,38.53528594,81,115447
"7582",1,38.53528594,82,114777
"7583",1,38.53528594,83,115390
"7584",1,38.53528594,84,115268
"7585",1,38.53528594,85,115234
"7586",1,38.53528594,86,114944
"7587",1,38.53528594,87,115264
"7588",1,38.53528594,88,115114
"7589",1,38.53528594,89,114935
"7590",1,38.53528594,9,115753
"7591",1,38.53528594,90,115337
"7592",1,38.53528594,91,115692
"7593",1,38.53528594,92,115793
"7594",1,38.53528594,93,114797
"7595",1,38.53528594,94,115274
"7596",1,38.53528594,95,115285
"7597",1,38.53528594,96,115462
"7598",1,38.53528594,97,114880
"7599",1,38.53528594,98,115529
"7600",1,38.53528594,99,114949
"7601",1,394.42060594,1,1178686
"7602",1,394.42060594,10,1179870
"7603",1,394.42060594,100,1180026
"7604",1,394.42060594,11,1178015
"7605",1,394.42060594,12,1180401
"7606",1,394.42060594,13,1178046
"7607",1,394.42060594,14,1182261
"7608",1,394.42060594,15,1178915
"7609",1,394.42060594,16,1178358
"7610",1,394.42060594,17,1177988
"7611",1,394.42060594,18,1178943
"7612",1,394.42060594,19,1180732
"7613",1,394.42060594,2,1179455
"7614",1,394.42060594,20,1179455
"7615",1,394.42060594,21,1180013
"7616",1,394.42060594,22,1179974
"7617",1,394.42060594,23,1180693
"7618",1,394.42060594,24,1180470
"7619",1,394.42060594,25,1180102
"7620",1,394.42060594,26,1181150
"7621",1,394.42060594,27,1180842
"7622",1,394.42060594,28,1180101
"7623",1,394.42060594,29,1180867
"7624",1,394.42060594,3,1179478
"7625",1,394.42060594,30,1180446
"7626",1,394.42060594,31,1179098
"7627",1,394.42060594,32,1178737
"7628",1,394.42060594,33,1180296
"7629",1,394.42060594,34,1180438
"7630",1,394.42060594,35,1180302
"7631",1,394.42060594,36,1179144
"7632",1,394.42060594,37,1180249
"7633",1,394.42060594,38,1179430
"7634",1,394.42060594,39,1180265
"7635",1,394.42060594,4,1181897
"7636",1,394.42060594,40,1180365
"7637",1,394.42060594,41,1179534
"7638",1,394.42060594,42,1180623
"7639",1,394.42060594,43,1179996
"7640",1,394.42060594,44,1180673
"7641",1,394.42060594,45,1181733
"7642",1,394.42060594,46,1178762
"7643",1,394.42060594,47,1178654
"7644",1,394.42060594,48,1177343
"7645",1,394.42060594,49,1181085
"7646",1,394.42060594,5,1180326
"7647",1,394.42060594,50,1181264
"7648",1,394.42060594,51,1179084
"7649",1,394.42060594,52,1179065
"7650",1,394.42060594,53,1179465
"7651",1,394.42060594,54,1180972
"7652",1,394.42060594,55,1180190
"7653",1,394.42060594,56,1177877
"7654",1,394.42060594,57,1178478
"7655",1,394.42060594,58,1180215
"7656",1,394.42060594,59,1179509
"7657",1,394.42060594,6,1180181
"7658",1,394.42060594,60,1180650
"7659",1,394.42060594,61,1180974
"7660",1,394.42060594,62,1178737
"7661",1,394.42060594,63,1179491
"7662",1,394.42060594,64,1179546
"7663",1,394.42060594,65,1178608
"7664",1,394.42060594,66,1181280
"7665",1,394.42060594,67,1180636
"7666",1,394.42060594,68,1180666
"7667",1,394.42060594,69,1179745
"7668",1,394.42060594,7,1180720
"7669",1,394.42060594,70,1181389
"7670",1,394.42060594,71,1178549
"7671",1,394.42060594,72,1181094
"7672",1,394.42060594,73,1179697
"7673",1,394.42060594,74,1181242
"7674",1,394.42060594,75,1178467
"7675",1,394.42060594,76,1179871
"7676",1,394.42060594,77,1180431
"7677",1,394.42060594,78,1181009
"7678",1,394.42060594,79,1179193
"7679",1,394.42060594,8,1177997
"7680",1,394.42060594,80,1178721
"7681",1,394.42060594,81,1178453
"7682",1,394.42060594,82,1177919
"7683",1,394.42060594,83,1179259
"7684",1,394.42060594,84,1180240
"7685",1,394.42060594,85,1180374
"7686",1,394.42060594,86,1177306
"7687",1,394.42060594,87,1180935
"7688",1,394.42060594,88,1179540
"7689",1,394.42060594,89,1180531
"7690",1,394.42060594,9,1179577
"7691",1,394.42060594,90,1179653
"7692",1,394.42060594,91,1180020
"7693",1,394.42060594,92,1181419
"7694",1,394.42060594,93,1179516
"7695",1,394.42060594,94,1179412
"7696",1,394.42060594,95,1179932
"7697",1,394.42060594,96,1180365
"7698",1,394.42060594,97,1181137
"7699",1,394.42060594,98,1179627
"7700",1,394.42060594,99,1178794
"7701",1,4.22924287,1,12586
"7702",1,4.22924287,10,12545
"7703",1,4.22924287,100,12736
"7704",1,4.22924287,11,12840
"7705",1,4.22924287,12,12843
"7706",1,4.22924287,13,12947
"7707",1,4.22924287,14,12668
"7708",1,4.22924287,15,12698
"7709",1,4.22924287,16,12802
"7710",1,4.22924287,17,12698
"7711",1,4.22924287,18,12957
"7712",1,4.22924287,19,12573
"7713",1,4.22924287,2,12772
"7714",1,4.22924287,20,12675
"7715",1,4.22924287,21,12698
"7716",1,4.22924287,22,12719
"7717",1,4.22924287,23,12478
"7718",1,4.22924287,24,12393
"7719",1,4.22924287,25,12566
"7720",1,4.22924287,26,12603
"7721",1,4.22924287,27,12722
"7722",1,4.22924287,28,12829
"7723",1,4.22924287,29,12613
"7724",1,4.22924287,3,12551
"7725",1,4.22924287,30,12670
"7726",1,4.22924287,31,12690
"7727",1,4.22924287,32,12753
"7728",1,4.22924287,33,12539
"7729",1,4.22924287,34,12389
"7730",1,4.22924287,35,12615
"7731",1,4.22924287,36,12772
"7732",1,4.22924287,37,12480
"7733",1,4.22924287,38,12530
"7734",1,4.22924287,39,12672
"7735",1,4.22924287,4,12580
"7736",1,4.22924287,40,12554
"7737",1,4.22924287,41,12757
"7738",1,4.22924287,42,12609
"7739",1,4.22924287,43,12692
"7740",1,4.22924287,44,12533
"7741",1,4.22924287,45,12604
"7742",1,4.22924287,46,12784
"7743",1,4.22924287,47,12457
"7744",1,4.22924287,48,12556
"7745",1,4.22924287,49,12520
"7746",1,4.22924287,5,12749
"7747",1,4.22924287,50,12533
"7748",1,4.22924287,51,12565
"7749",1,4.22924287,52,12506
"7750",1,4.22924287,53,12710
"7751",1,4.22924287,54,12342
"7752",1,4.22924287,55,12657
"7753",1,4.22924287,56,12536
"7754",1,4.22924287,57,12608
"7755",1,4.22924287,58,12516
"7756",1,4.22924287,59,12506
"7757",1,4.22924287,6,12695
"7758",1,4.22924287,60,12740
"7759",1,4.22924287,61,12763
"7760",1,4.22924287,62,12685
"7761",1,4.22924287,63,12758
"7762",1,4.22924287,64,12815
"7763",1,4.22924287,65,12481
"7764",1,4.22924287,66,12653
"7765",1,4.22924287,67,12700
"7766",1,4.22924287,68,12653
"7767",1,4.22924287,69,12631
"7768",1,4.22924287,7,12631
"7769",1,4.22924287,70,12641
"7770",1,4.22924287,71,12674
"7771",1,4.22924287,72,12781
"7772",1,4.22924287,73,12674
"7773",1,4.22924287,74,12529
"7774",1,4.22924287,75,12690
"7775",1,4.22924287,76,12547
"7776",1,4.22924287,77,12669
"7777",1,4.22924287,78,12484
"7778",1,4.22924287,79,12607
"7779",1,4.22924287,8,12590
"7780",1,4.22924287,80,12816
"7781",1,4.22924287,81,12679
"7782",1,4.22924287,82,12759
"7783",1,4.22924287,83,12608
"7784",1,4.22924287,84,12758
"7785",1,4.22924287,85,12822
"7786",1,4.22924287,86,12568
"7787",1,4.22924287,87,12687
"7788",1,4.22924287,88,12752
"7789",1,4.22924287,89,12480
"7790",1,4.22924287,9,12619
"7791",1,4.22924287,90,12629
"7792",1,4.22924287,91,12522
"7793",1,4.22924287,92,12637
"7794",1,4.22924287,93,12655
"7795",1,4.22924287,94,12645
"7796",1,4.22924287,95,12637
"7797",1,4.22924287,96,12764
"7798",1,4.22924287,97,12646
"7799",1,4.22924287,98,12357
"7800",1,4.22924287,99,12717
"7801",1,4.75081016,1,14184
"7802",1,4.75081016,10,14202
"7803",1,4.75081016,100,14053
"7804",1,4.75081016,11,14282
"7805",1,4.75081016,12,14059
"7806",1,4.75081016,13,14143
"7807",1,4.75081016,14,14102
"7808",1,4.75081016,15,14384
"7809",1,4.75081016,16,14127
"7810",1,4.75081016,17,14424
"7811",1,4.75081016,18,14123
"7812",1,4.75081016,19,14232
"7813",1,4.75081016,2,14387
"7814",1,4.75081016,20,14077
"7815",1,4.75081016,21,14046
"7816",1,4.75081016,22,14451
"7817",1,4.75081016,23,14304
"7818",1,4.75081016,24,14218
"7819",1,4.75081016,25,14367
"7820",1,4.75081016,26,14273
"7821",1,4.75081016,27,13956
"7822",1,4.75081016,28,14354
"7823",1,4.75081016,29,14210
"7824",1,4.75081016,3,14369
"7825",1,4.75081016,30,14276
"7826",1,4.75081016,31,14153
"7827",1,4.75081016,32,14247
"7828",1,4.75081016,33,14275
"7829",1,4.75081016,34,14027
"7830",1,4.75081016,35,14223
"7831",1,4.75081016,36,14221
"7832",1,4.75081016,37,13961
"7833",1,4.75081016,38,14295
"7834",1,4.75081016,39,14245
"7835",1,4.75081016,4,14064
"7836",1,4.75081016,40,14297
"7837",1,4.75081016,41,14436
"7838",1,4.75081016,42,14046
"7839",1,4.75081016,43,13860
"7840",1,4.75081016,44,14401
"7841",1,4.75081016,45,14355
"7842",1,4.75081016,46,14056
"7843",1,4.75081016,47,14083
"7844",1,4.75081016,48,14182
"7845",1,4.75081016,49,14254
"7846",1,4.75081016,5,14178
"7847",1,4.75081016,50,14285
"7848",1,4.75081016,51,14296
"7849",1,4.75081016,52,14244
"7850",1,4.75081016,53,14404
"7851",1,4.75081016,54,14289
"7852",1,4.75081016,55,14362
"7853",1,4.75081016,56,14378
"7854",1,4.75081016,57,14129
"7855",1,4.75081016,58,14141
"7856",1,4.75081016,59,14302
"7857",1,4.75081016,6,14304
"7858",1,4.75081016,60,14107
"7859",1,4.75081016,61,14144
"7860",1,4.75081016,62,14358
"7861",1,4.75081016,63,14293
"7862",1,4.75081016,64,14408
"7863",1,4.75081016,65,14360
"7864",1,4.75081016,66,14102
"7865",1,4.75081016,67,14104
"7866",1,4.75081016,68,13962
"7867",1,4.75081016,69,14267
"7868",1,4.75081016,7,13982
"7869",1,4.75081016,70,14250
"7870",1,4.75081016,71,14357
"7871",1,4.75081016,72,14126
"7872",1,4.75081016,73,13948
"7873",1,4.75081016,74,14340
"7874",1,4.75081016,75,14212
"7875",1,4.75081016,76,14300
"7876",1,4.75081016,77,14259
"7877",1,4.75081016,78,14266
"7878",1,4.75081016,79,14063
"7879",1,4.75081016,8,14418
"7880",1,4.75081016,80,14170
"7881",1,4.75081016,81,14232
"7882",1,4.75081016,82,13993
"7883",1,4.75081016,83,14113
"7884",1,4.75081016,84,14206
"7885",1,4.75081016,85,14628
"7886",1,4.75081016,86,14200
"7887",1,4.75081016,87,14278
"7888",1,4.75081016,88,14253
"7889",1,4.75081016,89,14079
"7890",1,4.75081016,9,14223
"7891",1,4.75081016,90,14022
"7892",1,4.75081016,91,14195
"7893",1,4.75081016,92,14344
"7894",1,4.75081016,93,14127
"7895",1,4.75081016,94,14077
"7896",1,4.75081016,95,14396
"7897",1,4.75081016,96,14030
"7898",1,4.75081016,97,14306
"7899",1,4.75081016,98,14112
"7900",1,4.75081016,99,14146
"7901",1,43.28761281,1,129140
"7902",1,43.28761281,10,130214
"7903",1,43.28761281,100,129712
"7904",1,43.28761281,11,129859
"7905",1,43.28761281,12,129432
"7906",1,43.28761281,13,129276
"7907",1,43.28761281,14,128861
"7908",1,43.28761281,15,130064
"7909",1,43.28761281,16,129788
"7910",1,43.28761281,17,128978
"7911",1,43.28761281,18,129985
"7912",1,43.28761281,19,129510
"7913",1,43.28761281,2,129662
"7914",1,43.28761281,20,129818
"7915",1,43.28761281,21,130323
"7916",1,43.28761281,22,129807
"7917",1,43.28761281,23,128955
"7918",1,43.28761281,24,129149
"7919",1,43.28761281,25,129701
"7920",1,43.28761281,26,129852
"7921",1,43.28761281,27,129485
"7922",1,43.28761281,28,130299
"7923",1,43.28761281,29,129975
"7924",1,43.28761281,3,129876
"7925",1,43.28761281,30,129257
"7926",1,43.28761281,31,129741
"7927",1,43.28761281,32,129281
"7928",1,43.28761281,33,129359
"7929",1,43.28761281,34,129192
"7930",1,43.28761281,35,128761
"7931",1,43.28761281,36,129398
"7932",1,43.28761281,37,129479
"7933",1,43.28761281,38,129606
"7934",1,43.28761281,39,128858
"7935",1,43.28761281,4,128685
"7936",1,43.28761281,40,129681
"7937",1,43.28761281,41,129638
"7938",1,43.28761281,42,129656
"7939",1,43.28761281,43,130054
"7940",1,43.28761281,44,129479
"7941",1,43.28761281,45,129439
"7942",1,43.28761281,46,129148
"7943",1,43.28761281,47,128965
"7944",1,43.28761281,48,129083
"7945",1,43.28761281,49,129361
"7946",1,43.28761281,5,129378
"7947",1,43.28761281,50,129039
"7948",1,43.28761281,51,129908
"7949",1,43.28761281,52,129669
"7950",1,43.28761281,53,128919
"7951",1,43.28761281,54,129681
"7952",1,43.28761281,55,130150
"7953",1,43.28761281,56,129419
"7954",1,43.28761281,57,129382
"7955",1,43.28761281,58,128499
"7956",1,43.28761281,59,129447
"7957",1,43.28761281,6,129204
"7958",1,43.28761281,60,129770
"7959",1,43.28761281,61,129923
"7960",1,43.28761281,62,129713
"7961",1,43.28761281,63,129772
"7962",1,43.28761281,64,129827
"7963",1,43.28761281,65,129592
"7964",1,43.28761281,66,129727
"7965",1,43.28761281,67,129750
"7966",1,43.28761281,68,130082
"7967",1,43.28761281,69,128846
"7968",1,43.28761281,7,129142
"7969",1,43.28761281,70,129458
"7970",1,43.28761281,71,129120
"7971",1,43.28761281,72,129359
"7972",1,43.28761281,73,129260
"7973",1,43.28761281,74,129952
"7974",1,43.28761281,75,129314
"7975",1,43.28761281,76,129738
"7976",1,43.28761281,77,129345
"7977",1,43.28761281,78,130032
"7978",1,43.28761281,79,129464
"7979",1,43.28761281,8,129048
"7980",1,43.28761281,80,129412
"7981",1,43.28761281,81,129975
"7982",1,43.28761281,82,129943
"7983",1,43.28761281,83,129118
"7984",1,43.28761281,84,129159
"7985",1,43.28761281,85,130105
"7986",1,43.28761281,86,128744
"7987",1,43.28761281,87,128755
"7988",1,43.28761281,88,130209
"7989",1,43.28761281,89,129952
"7990",1,43.28761281,9,130121
"7991",1,43.28761281,90,129408
"7992",1,43.28761281,91,129532
"7993",1,43.28761281,92,129513
"7994",1,43.28761281,93,129418
"7995",1,43.28761281,94,129393
"7996",1,43.28761281,95,129518
"7997",1,43.28761281,96,129522
"7998",1,43.28761281,97,129495
"7999",1,43.28761281,98,128982
"8000",1,43.28761281,99,129606
"8001",1,443.06214576,1,1326463
"8002",1,443.06214576,10,1323307
"8003",1,443.06214576,100,1326133
"8004",1,443.06214576,11,1326979
"8005",1,443.06214576,12,1325667
"8006",1,443.06214576,13,1322775
"8007",1,443.06214576,14,1322821
"8008",1,443.06214576,15,1326018
"8009",1,443.06214576,16,1325920
"8010",1,443.06214576,17,1325966
"8011",1,443.06214576,18,1325750
"8012",1,443.06214576,19,1325176
"8013",1,443.06214576,2,1326215
"8014",1,443.06214576,20,1324845
"8015",1,443.06214576,21,1327390
"8016",1,443.06214576,22,1325326
"8017",1,443.06214576,23,1324092
"8018",1,443.06214576,24,1324793
"8019",1,443.06214576,25,1323969
"8020",1,443.06214576,26,1325390
"8021",1,443.06214576,27,1325743
"8022",1,443.06214576,28,1325078
"8023",1,443.06214576,29,1325407
"8024",1,443.06214576,3,1325364
"8025",1,443.06214576,30,1324897
"8026",1,443.06214576,31,1324819
"8027",1,443.06214576,32,1324015
"8028",1,443.06214576,33,1325866
"8029",1,443.06214576,34,1326059
"8030",1,443.06214576,35,1325277
"8031",1,443.06214576,36,1325998
"8032",1,443.06214576,37,1325363
"8033",1,443.06214576,38,1327551
"8034",1,443.06214576,39,1323346
"8035",1,443.06214576,4,1322121
"8036",1,443.06214576,40,1326206
"8037",1,443.06214576,41,1324912
"8038",1,443.06214576,42,1325042
"8039",1,443.06214576,43,1325455
"8040",1,443.06214576,44,1324641
"8041",1,443.06214576,45,1326143
"8042",1,443.06214576,46,1323997
"8043",1,443.06214576,47,1327309
"8044",1,443.06214576,48,1325323
"8045",1,443.06214576,49,1324778
"8046",1,443.06214576,5,1325202
"8047",1,443.06214576,50,1324644
"8048",1,443.06214576,51,1327188
"8049",1,443.06214576,52,1324602
"8050",1,443.06214576,53,1326933
"8051",1,443.06214576,54,1324950
"8052",1,443.06214576,55,1323833
"8053",1,443.06214576,56,1324101
"8054",1,443.06214576,57,1325319
"8055",1,443.06214576,58,1325543
"8056",1,443.06214576,59,1326336
"8057",1,443.06214576,6,1326172
"8058",1,443.06214576,60,1324711
"8059",1,443.06214576,61,1325154
"8060",1,443.06214576,62,1324310
"8061",1,443.06214576,63,1326175
"8062",1,443.06214576,64,1326523
"8063",1,443.06214576,65,1324814
"8064",1,443.06214576,66,1325641
"8065",1,443.06214576,67,1327790
"8066",1,443.06214576,68,1326544
"8067",1,443.06214576,69,1322851
"8068",1,443.06214576,7,1325484
"8069",1,443.06214576,70,1325587
"8070",1,443.06214576,71,1323660
"8071",1,443.06214576,72,1325282
"8072",1,443.06214576,73,1323409
"8073",1,443.06214576,74,1323843
"8074",1,443.06214576,75,1325679
"8075",1,443.06214576,76,1322898
"8076",1,443.06214576,77,1325843
"8077",1,443.06214576,78,1326704
"8078",1,443.06214576,79,1326457
"8079",1,443.06214576,8,1324805
"8080",1,443.06214576,80,1325973
"8081",1,443.06214576,81,1328460
"8082",1,443.06214576,82,1325970
"8083",1,443.06214576,83,1325183
"8084",1,443.06214576,84,1324331
"8085",1,443.06214576,85,1325171
"8086",1,443.06214576,86,1324308
"8087",1,443.06214576,87,1327234
"8088",1,443.06214576,88,1325724
"8089",1,443.06214576,89,1325147
"8090",1,443.06214576,9,1322289
"8091",1,443.06214576,90,1326293
"8092",1,443.06214576,91,1326839
"8093",1,443.06214576,92,1324185
"8094",1,443.06214576,93,1326762
"8095",1,443.06214576,94,1323457
"8096",1,443.06214576,95,1328105
"8097",1,443.06214576,96,1324600
"8098",1,443.06214576,97,1323894
"8099",1,443.06214576,98,1326391
"8100",1,443.06214576,99,1325407
"8101",1,48.6260158,1,145322
"8102",1,48.6260158,10,144756
"8103",1,48.6260158,100,144852
"8104",1,48.6260158,11,144756
"8105",1,48.6260158,12,145435
"8106",1,48.6260158,13,145019
"8107",1,48.6260158,14,145140
"8108",1,48.6260158,15,145390
"8109",1,48.6260158,16,145950
"8110",1,48.6260158,17,144884
"8111",1,48.6260158,18,145837
"8112",1,48.6260158,19,144829
"8113",1,48.6260158,2,144520
"8114",1,48.6260158,20,145457
"8115",1,48.6260158,21,145961
"8116",1,48.6260158,22,144970
"8117",1,48.6260158,23,144702
"8118",1,48.6260158,24,146130
"8119",1,48.6260158,25,145093
"8120",1,48.6260158,26,144992
"8121",1,48.6260158,27,145244
"8122",1,48.6260158,28,145544
"8123",1,48.6260158,29,145942
"8124",1,48.6260158,3,145999
"8125",1,48.6260158,30,144920
"8126",1,48.6260158,31,144667
"8127",1,48.6260158,32,145627
"8128",1,48.6260158,33,145930
"8129",1,48.6260158,34,145064
"8130",1,48.6260158,35,145858
"8131",1,48.6260158,36,145690
"8132",1,48.6260158,37,145470
"8133",1,48.6260158,38,145536
"8134",1,48.6260158,39,145483
"8135",1,48.6260158,4,144657
"8136",1,48.6260158,40,145045
"8137",1,48.6260158,41,145529
"8138",1,48.6260158,42,145554
"8139",1,48.6260158,43,145295
"8140",1,48.6260158,44,145630
"8141",1,48.6260158,45,145303
"8142",1,48.6260158,46,145408
"8143",1,48.6260158,47,145401
"8144",1,48.6260158,48,145961
"8145",1,48.6260158,49,145423
"8146",1,48.6260158,5,145852
"8147",1,48.6260158,50,144883
"8148",1,48.6260158,51,145442
"8149",1,48.6260158,52,145430
"8150",1,48.6260158,53,144638
"8151",1,48.6260158,54,144874
"8152",1,48.6260158,55,145295
"8153",1,48.6260158,56,145967
"8154",1,48.6260158,57,145013
"8155",1,48.6260158,58,144869
"8156",1,48.6260158,59,145364
"8157",1,48.6260158,6,145502
"8158",1,48.6260158,60,145308
"8159",1,48.6260158,61,145674
"8160",1,48.6260158,62,144883
"8161",1,48.6260158,63,145919
"8162",1,48.6260158,64,145724
"8163",1,48.6260158,65,145961
"8164",1,48.6260158,66,145502
"8165",1,48.6260158,67,144824
"8166",1,48.6260158,68,144740
"8167",1,48.6260158,69,144625
"8168",1,48.6260158,7,145972
"8169",1,48.6260158,70,144906
"8170",1,48.6260158,71,145285
"8171",1,48.6260158,72,145293
"8172",1,48.6260158,73,145903
"8173",1,48.6260158,74,146541
"8174",1,48.6260158,75,145481
"8175",1,48.6260158,76,145449
"8176",1,48.6260158,77,145367
"8177",1,48.6260158,78,145336
"8178",1,48.6260158,79,145664
"8179",1,48.6260158,8,145031
"8180",1,48.6260158,80,145027
"8181",1,48.6260158,81,145732
"8182",1,48.6260158,82,145531
"8183",1,48.6260158,83,145997
"8184",1,48.6260158,84,145539
"8185",1,48.6260158,85,145156
"8186",1,48.6260158,86,145440
"8187",1,48.6260158,87,145208
"8188",1,48.6260158,88,145204
"8189",1,48.6260158,89,145543
"8190",1,48.6260158,9,145345
"8191",1,48.6260158,90,145635
"8192",1,48.6260158,91,145951
"8193",1,48.6260158,92,145287
"8194",1,48.6260158,93,145656
"8195",1,48.6260158,94,144345
"8196",1,48.6260158,95,144573
"8197",1,48.6260158,96,145834
"8198",1,48.6260158,97,145731
"8199",1,48.6260158,98,145903
"8200",1,48.6260158,99,144950
"8201",1,497.70235643,1,1488020
"8202",1,497.70235643,10,1487668
"8203",1,497.70235643,100,1487606
"8204",1,497.70235643,11,1488952
"8205",1,497.70235643,12,1488918
"8206",1,497.70235643,13,1489975
"8207",1,497.70235643,14,1487580
"8208",1,497.70235643,15,1489923
"8209",1,497.70235643,16,1489767
"8210",1,497.70235643,17,1489525
"8211",1,497.70235643,18,1489107
"8212",1,497.70235643,19,1488925
"8213",1,497.70235643,2,1488733
"8214",1,497.70235643,20,1489130
"8215",1,497.70235643,21,1489045
"8216",1,497.70235643,22,1488686
"8217",1,497.70235643,23,1489027
"8218",1,497.70235643,24,1490949
"8219",1,497.70235643,25,1488844
"8220",1,497.70235643,26,1488782
"8221",1,497.70235643,27,1488450
"8222",1,497.70235643,28,1489565
"8223",1,497.70235643,29,1488586
"8224",1,497.70235643,3,1488573
"8225",1,497.70235643,30,1488322
"8226",1,497.70235643,31,1489659
"8227",1,497.70235643,32,1490464
"8228",1,497.70235643,33,1487908
"8229",1,497.70235643,34,1488609
"8230",1,497.70235643,35,1488201
"8231",1,497.70235643,36,1490209
"8232",1,497.70235643,37,1487848
"8233",1,497.70235643,38,1489038
"8234",1,497.70235643,39,1490056
"8235",1,497.70235643,4,1489805
"8236",1,497.70235643,40,1489982
"8237",1,497.70235643,41,1487807
"8238",1,497.70235643,42,1490032
"8239",1,497.70235643,43,1486378
"8240",1,497.70235643,44,1488167
"8241",1,497.70235643,45,1489491
"8242",1,497.70235643,46,1486986
"8243",1,497.70235643,47,1489363
"8244",1,497.70235643,48,1490044
"8245",1,497.70235643,49,1488381
"8246",1,497.70235643,5,1489407
"8247",1,497.70235643,50,1489150
"8248",1,497.70235643,51,1486026
"8249",1,497.70235643,52,1487376
"8250",1,497.70235643,53,1489683
"8251",1,497.70235643,54,1489043
"8252",1,497.70235643,55,1488142
"8253",1,497.70235643,56,1489470
"8254",1,497.70235643,57,1487958
"8255",1,497.70235643,58,1487510
"8256",1,497.70235643,59,1491056
"8257",1,497.70235643,6,1487317
"8258",1,497.70235643,60,1487817
"8259",1,497.70235643,61,1487697
"8260",1,497.70235643,62,1487005
"8261",1,497.70235643,63,1489430
"8262",1,497.70235643,64,1490047
"8263",1,497.70235643,65,1487430
"8264",1,497.70235643,66,1489584
"8265",1,497.70235643,67,1488420
"8266",1,497.70235643,68,1488374
"8267",1,497.70235643,69,1488612
"8268",1,497.70235643,7,1490464
"8269",1,497.70235643,70,1490540
"8270",1,497.70235643,71,1489201
"8271",1,497.70235643,72,1488473
"8272",1,497.70235643,73,1489235
"8273",1,497.70235643,74,1490329
"8274",1,497.70235643,75,1488246
"8275",1,497.70235643,76,1488035
"8276",1,497.70235643,77,1488689
"8277",1,497.70235643,78,1488991
"8278",1,497.70235643,79,1486385
"8279",1,497.70235643,8,1488587
"8280",1,497.70235643,80,1487329
"8281",1,497.70235643,81,1490216
"8282",1,497.70235643,82,1487035
"8283",1,497.70235643,83,1487127
"8284",1,497.70235643,84,1489387
"8285",1,497.70235643,85,1487738
"8286",1,497.70235643,86,1490460
"8287",1,497.70235643,87,1490219
"8288",1,497.70235643,88,1490518
"8289",1,497.70235643,89,1487675
"8290",1,497.70235643,9,1487209
"8291",1,497.70235643,90,1489624
"8292",1,497.70235643,91,1487840
"8293",1,497.70235643,92,1489394
"8294",1,497.70235643,93,1489013
"8295",1,497.70235643,94,1490144
"8296",1,497.70235643,95,1488496
"8297",1,497.70235643,96,1489785
"8298",1,497.70235643,97,1488121
"8299",1,497.70235643,98,1488513
"8300",1,497.70235643,99,1487775
"8301",1,5.33669923,1,15853
"8302",1,5.33669923,10,16022
"8303",1,5.33669923,100,16099
"8304",1,5.33669923,11,16041
"8305",1,5.33669923,12,16023
"8306",1,5.33669923,13,15865
"8307",1,5.33669923,14,15858
"8308",1,5.33669923,15,15744
"8309",1,5.33669923,16,15854
"8310",1,5.33669923,17,15764
"8311",1,5.33669923,18,15872
"8312",1,5.33669923,19,15723
"8313",1,5.33669923,2,15835
"8314",1,5.33669923,20,16050
"8315",1,5.33669923,21,16016
"8316",1,5.33669923,22,15861
"8317",1,5.33669923,23,16122
"8318",1,5.33669923,24,15979
"8319",1,5.33669923,25,16202
"8320",1,5.33669923,26,15841
"8321",1,5.33669923,27,16017
"8322",1,5.33669923,28,15764
"8323",1,5.33669923,29,15844
"8324",1,5.33669923,3,15953
"8325",1,5.33669923,30,15932
"8326",1,5.33669923,31,15923
"8327",1,5.33669923,32,16081
"8328",1,5.33669923,33,15985
"8329",1,5.33669923,34,15946
"8330",1,5.33669923,35,16102
"8331",1,5.33669923,36,15853
"8332",1,5.33669923,37,15857
"8333",1,5.33669923,38,15965
"8334",1,5.33669923,39,15828
"8335",1,5.33669923,4,16130
"8336",1,5.33669923,40,15999
"8337",1,5.33669923,41,16025
"8338",1,5.33669923,42,15576
"8339",1,5.33669923,43,15888
"8340",1,5.33669923,44,15855
"8341",1,5.33669923,45,15805
"8342",1,5.33669923,46,16079
"8343",1,5.33669923,47,15960
"8344",1,5.33669923,48,16068
"8345",1,5.33669923,49,15963
"8346",1,5.33669923,5,15816
"8347",1,5.33669923,50,16092
"8348",1,5.33669923,51,15713
"8349",1,5.33669923,52,15804
"8350",1,5.33669923,53,15941
"8351",1,5.33669923,54,15949
"8352",1,5.33669923,55,15690
"8353",1,5.33669923,56,16092
"8354",1,5.33669923,57,15968
"8355",1,5.33669923,58,15953
"8356",1,5.33669923,59,16019
"8357",1,5.33669923,6,15978
"8358",1,5.33669923,60,15918
"8359",1,5.33669923,61,15964
"8360",1,5.33669923,62,15956
"8361",1,5.33669923,63,15930
"8362",1,5.33669923,64,16124
"8363",1,5.33669923,65,15759
"8364",1,5.33669923,66,16109
"8365",1,5.33669923,67,15956
"8366",1,5.33669923,68,15652
"8367",1,5.33669923,69,15963
"8368",1,5.33669923,7,15947
"8369",1,5.33669923,70,16006
"8370",1,5.33669923,71,15796
"8371",1,5.33669923,72,15989
"8372",1,5.33669923,73,15909
"8373",1,5.33669923,74,15862
"8374",1,5.33669923,75,15918
"8375",1,5.33669923,76,16220
"8376",1,5.33669923,77,16009
"8377",1,5.33669923,78,16024
"8378",1,5.33669923,79,16013
"8379",1,5.33669923,8,15720
"8380",1,5.33669923,80,15900
"8381",1,5.33669923,81,16095
"8382",1,5.33669923,82,15889
"8383",1,5.33669923,83,15943
"8384",1,5.33669923,84,15777
"8385",1,5.33669923,85,16017
"8386",1,5.33669923,86,16214
"8387",1,5.33669923,87,16100
"8388",1,5.33669923,88,15831
"8389",1,5.33669923,89,16133
"8390",1,5.33669923,9,16114
"8391",1,5.33669923,90,15886
"8392",1,5.33669923,91,16145
"8393",1,5.33669923,92,15935
"8394",1,5.33669923,93,16005
"8395",1,5.33669923,94,15989
"8396",1,5.33669923,95,15779
"8397",1,5.33669923,96,15723
"8398",1,5.33669923,97,15873
"8399",1,5.33669923,98,15969
"8400",1,5.33669923,99,15779
"8401",1,5.9948425,1,17885
"8402",1,5.9948425,10,17895
"8403",1,5.9948425,100,17737
"8404",1,5.9948425,11,17941
"8405",1,5.9948425,12,17943
"8406",1,5.9948425,13,18219
"8407",1,5.9948425,14,18113
"8408",1,5.9948425,15,18191
"8409",1,5.9948425,16,18078
"8410",1,5.9948425,17,18091
"8411",1,5.9948425,18,18025
"8412",1,5.9948425,19,17877
"8413",1,5.9948425,2,18081
"8414",1,5.9948425,20,17983
"8415",1,5.9948425,21,17743
"8416",1,5.9948425,22,17980
"8417",1,5.9948425,23,17921
"8418",1,5.9948425,24,17858
"8419",1,5.9948425,25,17904
"8420",1,5.9948425,26,17774
"8421",1,5.9948425,27,17778
"8422",1,5.9948425,28,17963
"8423",1,5.9948425,29,17942
"8424",1,5.9948425,3,17893
"8425",1,5.9948425,30,18090
"8426",1,5.9948425,31,18354
"8427",1,5.9948425,32,17927
"8428",1,5.9948425,33,18045
"8429",1,5.9948425,34,17969
"8430",1,5.9948425,35,17954
"8431",1,5.9948425,36,17824
"8432",1,5.9948425,37,17909
"8433",1,5.9948425,38,17744
"8434",1,5.9948425,39,18015
"8435",1,5.9948425,4,17912
"8436",1,5.9948425,40,17850
"8437",1,5.9948425,41,17958
"8438",1,5.9948425,42,17792
"8439",1,5.9948425,43,17703
"8440",1,5.9948425,44,17969
"8441",1,5.9948425,45,17797
"8442",1,5.9948425,46,18253
"8443",1,5.9948425,47,18334
"8444",1,5.9948425,48,18025
"8445",1,5.9948425,49,17916
"8446",1,5.9948425,5,17905
"8447",1,5.9948425,50,17777
"8448",1,5.9948425,51,17893
"8449",1,5.9948425,52,17936
"8450",1,5.9948425,53,17813
"8451",1,5.9948425,54,17649
"8452",1,5.9948425,55,18239
"8453",1,5.9948425,56,17954
"8454",1,5.9948425,57,17965
"8455",1,5.9948425,58,17969
"8456",1,5.9948425,59,17884
"8457",1,5.9948425,6,17877
"8458",1,5.9948425,60,17723
"8459",1,5.9948425,61,18063
"8460",1,5.9948425,62,17986
"8461",1,5.9948425,63,17853
"8462",1,5.9948425,64,17764
"8463",1,5.9948425,65,17821
"8464",1,5.9948425,66,17914
"8465",1,5.9948425,67,18091
"8466",1,5.9948425,68,17989
"8467",1,5.9948425,69,17997
"8468",1,5.9948425,7,18072
"8469",1,5.9948425,70,17968
"8470",1,5.9948425,71,18059
"8471",1,5.9948425,72,18018
"8472",1,5.9948425,73,17851
"8473",1,5.9948425,74,17938
"8474",1,5.9948425,75,17980
"8475",1,5.9948425,76,17860
"8476",1,5.9948425,77,17866
"8477",1,5.9948425,78,17919
"8478",1,5.9948425,79,17784
"8479",1,5.9948425,8,17899
"8480",1,5.9948425,80,18083
"8481",1,5.9948425,81,18155
"8482",1,5.9948425,82,17819
"8483",1,5.9948425,83,17992
"8484",1,5.9948425,84,17981
"8485",1,5.9948425,85,17942
"8486",1,5.9948425,86,17962
"8487",1,5.9948425,87,18047
"8488",1,5.9948425,88,18158
"8489",1,5.9948425,89,17725
"8490",1,5.9948425,9,17882
"8491",1,5.9948425,90,17880
"8492",1,5.9948425,91,17996
"8493",1,5.9948425,92,18023
"8494",1,5.9948425,93,18007
"8495",1,5.9948425,94,18137
"8496",1,5.9948425,95,17854
"8497",1,5.9948425,96,17857
"8498",1,5.9948425,97,18178
"8499",1,5.9948425,98,17984
"8500",1,5.9948425,99,17707
"8501",1,54.62277218,1,163539
"8502",1,54.62277218,10,163125
"8503",1,54.62277218,100,162878
"8504",1,54.62277218,11,163212
"8505",1,54.62277218,12,162918
"8506",1,54.62277218,13,163382
"8507",1,54.62277218,14,163476
"8508",1,54.62277218,15,163353
"8509",1,54.62277218,16,163298
"8510",1,54.62277218,17,163444
"8511",1,54.62277218,18,163331
"8512",1,54.62277218,19,163181
"8513",1,54.62277218,2,163727
"8514",1,54.62277218,20,162336
"8515",1,54.62277218,21,163038
"8516",1,54.62277218,22,163165
"8517",1,54.62277218,23,163442
"8518",1,54.62277218,24,163738
"8519",1,54.62277218,25,163656
"8520",1,54.62277218,26,163360
"8521",1,54.62277218,27,163632
"8522",1,54.62277218,28,163143
"8523",1,54.62277218,29,163333
"8524",1,54.62277218,3,163742
"8525",1,54.62277218,30,163426
"8526",1,54.62277218,31,163720
"8527",1,54.62277218,32,163583
"8528",1,54.62277218,33,163661
"8529",1,54.62277218,34,163251
"8530",1,54.62277218,35,163803
"8531",1,54.62277218,36,163623
"8532",1,54.62277218,37,162770
"8533",1,54.62277218,38,162581
"8534",1,54.62277218,39,163164
"8535",1,54.62277218,4,162868
"8536",1,54.62277218,40,163442
"8537",1,54.62277218,41,163108
"8538",1,54.62277218,42,163457
"8539",1,54.62277218,43,163349
"8540",1,54.62277218,44,162719
"8541",1,54.62277218,45,163328
"8542",1,54.62277218,46,163433
"8543",1,54.62277218,47,163537
"8544",1,54.62277218,48,162908
"8545",1,54.62277218,49,163450
"8546",1,54.62277218,5,163515
"8547",1,54.62277218,50,163336
"8548",1,54.62277218,51,163446
"8549",1,54.62277218,52,163331
"8550",1,54.62277218,53,162775
"8551",1,54.62277218,54,163882
"8552",1,54.62277218,55,163129
"8553",1,54.62277218,56,164425
"8554",1,54.62277218,57,162480
"8555",1,54.62277218,58,163677
"8556",1,54.62277218,59,163554
"8557",1,54.62277218,6,163555
"8558",1,54.62277218,60,163711
"8559",1,54.62277218,61,163481
"8560",1,54.62277218,62,163351
"8561",1,54.62277218,63,163265
"8562",1,54.62277218,64,162897
"8563",1,54.62277218,65,163129
"8564",1,54.62277218,66,163037
"8565",1,54.62277218,67,163415
"8566",1,54.62277218,68,163109
"8567",1,54.62277218,69,163836
"8568",1,54.62277218,7,163377
"8569",1,54.62277218,70,163544
"8570",1,54.62277218,71,163565
"8571",1,54.62277218,72,162964
"8572",1,54.62277218,73,163333
"8573",1,54.62277218,74,163705
"8574",1,54.62277218,75,163950
"8575",1,54.62277218,76,163673
"8576",1,54.62277218,77,163463
"8577",1,54.62277218,78,163530
"8578",1,54.62277218,79,163661
"8579",1,54.62277218,8,163919
"8580",1,54.62277218,80,163023
"8581",1,54.62277218,81,163779
"8582",1,54.62277218,82,163406
"8583",1,54.62277218,83,163520
"8584",1,54.62277218,84,163244
"8585",1,54.62277218,85,163207
"8586",1,54.62277218,86,163840
"8587",1,54.62277218,87,163380
"8588",1,54.62277218,88,163248
"8589",1,54.62277218,89,163525
"8590",1,54.62277218,9,163190
"8591",1,54.62277218,90,162777
"8592",1,54.62277218,91,163859
"8593",1,54.62277218,92,163007
"8594",1,54.62277218,93,163148
"8595",1,54.62277218,94,163493
"8596",1,54.62277218,95,163280
"8597",1,54.62277218,96,162960
"8598",1,54.62277218,97,162981
"8599",1,54.62277218,98,163137
"8600",1,54.62277218,99,163167
"8601",1,559.08101825,1,1672227
"8602",1,559.08101825,10,1670557
"8603",1,559.08101825,100,1672565
"8604",1,559.08101825,11,1672149
"8605",1,559.08101825,12,1674286
"8606",1,559.08101825,13,1673115
"8607",1,559.08101825,14,1672037
"8608",1,559.08101825,15,1672416
"8609",1,559.08101825,16,1674336
"8610",1,559.08101825,17,1675838
"8611",1,559.08101825,18,1670798
"8612",1,559.08101825,19,1674856
"8613",1,559.08101825,2,1671820
"8614",1,559.08101825,20,1673421
"8615",1,559.08101825,21,1672875
"8616",1,559.08101825,22,1669869
"8617",1,559.08101825,23,1671461
"8618",1,559.08101825,24,1672527
"8619",1,559.08101825,25,1674929
"8620",1,559.08101825,26,1669440
"8621",1,559.08101825,27,1670711
"8622",1,559.08101825,28,1673800
"8623",1,559.08101825,29,1672620
"8624",1,559.08101825,3,1670366
"8625",1,559.08101825,30,1671761
"8626",1,559.08101825,31,1671928
"8627",1,559.08101825,32,1671625
"8628",1,559.08101825,33,1671846
"8629",1,559.08101825,34,1674997
"8630",1,559.08101825,35,1673024
"8631",1,559.08101825,36,1672882
"8632",1,559.08101825,37,1672952
"8633",1,559.08101825,38,1671872
"8634",1,559.08101825,39,1674321
"8635",1,559.08101825,4,1671531
"8636",1,559.08101825,40,1671876
"8637",1,559.08101825,41,1672595
"8638",1,559.08101825,42,1673385
"8639",1,559.08101825,43,1672453
"8640",1,559.08101825,44,1669035
"8641",1,559.08101825,45,1672942
"8642",1,559.08101825,46,1671069
"8643",1,559.08101825,47,1673404
"8644",1,559.08101825,48,1674232
"8645",1,559.08101825,49,1671435
"8646",1,559.08101825,5,1671010
"8647",1,559.08101825,50,1674024
"8648",1,559.08101825,51,1674045
"8649",1,559.08101825,52,1670907
"8650",1,559.08101825,53,1673908
"8651",1,559.08101825,54,1670278
"8652",1,559.08101825,55,1670053
"8653",1,559.08101825,56,1672164
"8654",1,559.08101825,57,1672511
"8655",1,559.08101825,58,1669672
"8656",1,559.08101825,59,1671068
"8657",1,559.08101825,6,1671226
"8658",1,559.08101825,60,1672232
"8659",1,559.08101825,61,1670417
"8660",1,559.08101825,62,1669795
"8661",1,559.08101825,63,1675147
"8662",1,559.08101825,64,1673674
"8663",1,559.08101825,65,1673348
"8664",1,559.08101825,66,1672036
"8665",1,559.08101825,67,1674783
"8666",1,559.08101825,68,1671453
"8667",1,559.08101825,69,1672347
"8668",1,559.08101825,7,1673804
"8669",1,559.08101825,70,1671501
"8670",1,559.08101825,71,1671497
"8671",1,559.08101825,72,1673197
"8672",1,559.08101825,73,1670598
"8673",1,559.08101825,74,1671928
"8674",1,559.08101825,75,1672048
"8675",1,559.08101825,76,1672079
"8676",1,559.08101825,77,1674749
"8677",1,559.08101825,78,1672967
"8678",1,559.08101825,79,1670736
"8679",1,559.08101825,8,1671477
"8680",1,559.08101825,80,1673202
"8681",1,559.08101825,81,1672015
"8682",1,559.08101825,82,1672446
"8683",1,559.08101825,83,1674157
"8684",1,559.08101825,84,1673603
"8685",1,559.08101825,85,1672117
"8686",1,559.08101825,86,1674769
"8687",1,559.08101825,87,1671314
"8688",1,559.08101825,88,1674322
"8689",1,559.08101825,89,1671211
"8690",1,559.08101825,9,1673012
"8691",1,559.08101825,90,1671982
"8692",1,559.08101825,91,1673481
"8693",1,559.08101825,92,1671445
"8694",1,559.08101825,93,1672702
"8695",1,559.08101825,94,1672164
"8696",1,559.08101825,95,1674389
"8697",1,559.08101825,96,1669975
"8698",1,559.08101825,97,1672996
"8699",1,559.08101825,98,1671316
"8700",1,559.08101825,99,1672221
"8701",1,6.73415066,1,20230
"8702",1,6.73415066,10,20194
"8703",1,6.73415066,100,20259
"8704",1,6.73415066,11,20310
"8705",1,6.73415066,12,20056
"8706",1,6.73415066,13,19911
"8707",1,6.73415066,14,19776
"8708",1,6.73415066,15,20026
"8709",1,6.73415066,16,19820
"8710",1,6.73415066,17,20012
"8711",1,6.73415066,18,20083
"8712",1,6.73415066,19,20152
"8713",1,6.73415066,2,19788
"8714",1,6.73415066,20,19985
"8715",1,6.73415066,21,20245
"8716",1,6.73415066,22,20096
"8717",1,6.73415066,23,19984
"8718",1,6.73415066,24,20318
"8719",1,6.73415066,25,19944
"8720",1,6.73415066,26,20013
"8721",1,6.73415066,27,20116
"8722",1,6.73415066,28,19933
"8723",1,6.73415066,29,19977
"8724",1,6.73415066,3,20060
"8725",1,6.73415066,30,20456
"8726",1,6.73415066,31,20041
"8727",1,6.73415066,32,20218
"8728",1,6.73415066,33,20004
"8729",1,6.73415066,34,20005
"8730",1,6.73415066,35,20089
"8731",1,6.73415066,36,20193
"8732",1,6.73415066,37,20054
"8733",1,6.73415066,38,20217
"8734",1,6.73415066,39,20097
"8735",1,6.73415066,4,20178
"8736",1,6.73415066,40,19718
"8737",1,6.73415066,41,20267
"8738",1,6.73415066,42,20152
"8739",1,6.73415066,43,20031
"8740",1,6.73415066,44,20177
"8741",1,6.73415066,45,20337
"8742",1,6.73415066,46,20226
"8743",1,6.73415066,47,20286
"8744",1,6.73415066,48,19878
"8745",1,6.73415066,49,19919
"8746",1,6.73415066,5,20153
"8747",1,6.73415066,50,20290
"8748",1,6.73415066,51,20233
"8749",1,6.73415066,52,20116
"8750",1,6.73415066,53,20060
"8751",1,6.73415066,54,20109
"8752",1,6.73415066,55,20144
"8753",1,6.73415066,56,20151
"8754",1,6.73415066,57,20074
"8755",1,6.73415066,58,20181
"8756",1,6.73415066,59,20245
"8757",1,6.73415066,6,20280
"8758",1,6.73415066,60,20089
"8759",1,6.73415066,61,19954
"8760",1,6.73415066,62,20200
"8761",1,6.73415066,63,20252
"8762",1,6.73415066,64,19971
"8763",1,6.73415066,65,19965
"8764",1,6.73415066,66,20203
"8765",1,6.73415066,67,20239
"8766",1,6.73415066,68,20174
"8767",1,6.73415066,69,20112
"8768",1,6.73415066,7,20297
"8769",1,6.73415066,70,20332
"8770",1,6.73415066,71,20048
"8771",1,6.73415066,72,20155
"8772",1,6.73415066,73,20057
"8773",1,6.73415066,74,20181
"8774",1,6.73415066,75,20184
"8775",1,6.73415066,76,20066
"8776",1,6.73415066,77,20065
"8777",1,6.73415066,78,20244
"8778",1,6.73415066,79,20241
"8779",1,6.73415066,8,19982
"8780",1,6.73415066,80,20102
"8781",1,6.73415066,81,20236
"8782",1,6.73415066,82,19943
"8783",1,6.73415066,83,20290
"8784",1,6.73415066,84,20191
"8785",1,6.73415066,85,20111
"8786",1,6.73415066,86,19958
"8787",1,6.73415066,87,20007
"8788",1,6.73415066,88,20364
"8789",1,6.73415066,89,20321
"8790",1,6.73415066,9,20006
"8791",1,6.73415066,90,20211
"8792",1,6.73415066,91,20006
"8793",1,6.73415066,92,20017
"8794",1,6.73415066,93,20060
"8795",1,6.73415066,94,20089
"8796",1,6.73415066,95,20314
"8797",1,6.73415066,96,20288
"8798",1,6.73415066,97,20239
"8799",1,6.73415066,98,20157
"8800",1,6.73415066,99,20245
"8801",1,61.35907273,1,184017
"8802",1,61.35907273,10,183633
"8803",1,61.35907273,100,183342
"8804",1,61.35907273,11,183814
"8805",1,61.35907273,12,183810
"8806",1,61.35907273,13,183317
"8807",1,61.35907273,14,183448
"8808",1,61.35907273,15,183650
"8809",1,61.35907273,16,184170
"8810",1,61.35907273,17,182946
"8811",1,61.35907273,18,183908
"8812",1,61.35907273,19,183996
"8813",1,61.35907273,2,182808
"8814",1,61.35907273,20,183082
"8815",1,61.35907273,21,183154
"8816",1,61.35907273,22,183542
"8817",1,61.35907273,23,183396
"8818",1,61.35907273,24,184108
"8819",1,61.35907273,25,183867
"8820",1,61.35907273,26,183093
"8821",1,61.35907273,27,183262
"8822",1,61.35907273,28,183601
"8823",1,61.35907273,29,183508
"8824",1,61.35907273,3,183012
"8825",1,61.35907273,30,182892
"8826",1,61.35907273,31,183438
"8827",1,61.35907273,32,182529
"8828",1,61.35907273,33,183670
"8829",1,61.35907273,34,183486
"8830",1,61.35907273,35,183102
"8831",1,61.35907273,36,183809
"8832",1,61.35907273,37,183981
"8833",1,61.35907273,38,183607
"8834",1,61.35907273,39,184064
"8835",1,61.35907273,4,182899
"8836",1,61.35907273,40,183179
"8837",1,61.35907273,41,183222
"8838",1,61.35907273,42,183514
"8839",1,61.35907273,43,183612
"8840",1,61.35907273,44,183343
"8841",1,61.35907273,45,183549
"8842",1,61.35907273,46,183336
"8843",1,61.35907273,47,183684
"8844",1,61.35907273,48,183134
"8845",1,61.35907273,49,183603
"8846",1,61.35907273,5,183663
"8847",1,61.35907273,50,182877
"8848",1,61.35907273,51,183389
"8849",1,61.35907273,52,183380
"8850",1,61.35907273,53,183835
"8851",1,61.35907273,54,183145
"8852",1,61.35907273,55,183647
"8853",1,61.35907273,56,183776
"8854",1,61.35907273,57,183347
"8855",1,61.35907273,58,183362
"8856",1,61.35907273,59,183076
"8857",1,61.35907273,6,183557
"8858",1,61.35907273,60,183429
"8859",1,61.35907273,61,183596
"8860",1,61.35907273,62,183305
"8861",1,61.35907273,63,183555
"8862",1,61.35907273,64,183754
"8863",1,61.35907273,65,183501
"8864",1,61.35907273,66,182739
"8865",1,61.35907273,67,183488
"8866",1,61.35907273,68,183663
"8867",1,61.35907273,69,183326
"8868",1,61.35907273,7,183617
"8869",1,61.35907273,70,183734
"8870",1,61.35907273,71,184324
"8871",1,61.35907273,72,183870
"8872",1,61.35907273,73,183619
"8873",1,61.35907273,74,182970
"8874",1,61.35907273,75,183419
"8875",1,61.35907273,76,182736
"8876",1,61.35907273,77,183765
"8877",1,61.35907273,78,183718
"8878",1,61.35907273,79,183839
"8879",1,61.35907273,8,183363
"8880",1,61.35907273,80,183537
"8881",1,61.35907273,81,183161
"8882",1,61.35907273,82,183104
"8883",1,61.35907273,83,183498
"8884",1,61.35907273,84,182718
"8885",1,61.35907273,85,184074
"8886",1,61.35907273,86,184262
"8887",1,61.35907273,87,184074
"8888",1,61.35907273,88,183548
"8889",1,61.35907273,89,184443
"8890",1,61.35907273,9,182910
"8891",1,61.35907273,90,183895
"8892",1,61.35907273,91,183797
"8893",1,61.35907273,92,183274
"8894",1,61.35907273,93,183685
"8895",1,61.35907273,94,183784
"8896",1,61.35907273,95,183140
"8897",1,61.35907273,96,183869
"8898",1,61.35907273,97,182604
"8899",1,61.35907273,98,184393
"8900",1,61.35907273,99,183073
"8901",1,628.02914418,1,1876997
"8902",1,628.02914418,10,1879370
"8903",1,628.02914418,100,1878508
"8904",1,628.02914418,11,1879206
"8905",1,628.02914418,12,1876307
"8906",1,628.02914418,13,1878762
"8907",1,628.02914418,14,1879069
"8908",1,628.02914418,15,1876677
"8909",1,628.02914418,16,1878659
"8910",1,628.02914418,17,1879130
"8911",1,628.02914418,18,1877736
"8912",1,628.02914418,19,1877186
"8913",1,628.02914418,2,1877924
"8914",1,628.02914418,20,1880962
"8915",1,628.02914418,21,1879684
"8916",1,628.02914418,22,1879805
"8917",1,628.02914418,23,1880074
"8918",1,628.02914418,24,1878880
"8919",1,628.02914418,25,1877494
"8920",1,628.02914418,26,1875188
"8921",1,628.02914418,27,1879501
"8922",1,628.02914418,28,1880188
"8923",1,628.02914418,29,1879395
"8924",1,628.02914418,3,1878548
"8925",1,628.02914418,30,1880526
"8926",1,628.02914418,31,1879245
"8927",1,628.02914418,32,1879065
"8928",1,628.02914418,33,1879606
"8929",1,628.02914418,34,1878365
"8930",1,628.02914418,35,1878870
"8931",1,628.02914418,36,1878502
"8932",1,628.02914418,37,1879836
"8933",1,628.02914418,38,1879735
"8934",1,628.02914418,39,1877728
"8935",1,628.02914418,4,1878562
"8936",1,628.02914418,40,1876977
"8937",1,628.02914418,41,1879025
"8938",1,628.02914418,42,1878896
"8939",1,628.02914418,43,1878639
"8940",1,628.02914418,44,1878937
"8941",1,628.02914418,45,1879613
"8942",1,628.02914418,46,1880524
"8943",1,628.02914418,47,1879908
"8944",1,628.02914418,48,1880423
"8945",1,628.02914418,49,1877068
"8946",1,628.02914418,5,1875959
"8947",1,628.02914418,50,1876052
"8948",1,628.02914418,51,1882437
"8949",1,628.02914418,52,1878771
"8950",1,628.02914418,53,1876488
"8951",1,628.02914418,54,1880115
"8952",1,628.02914418,55,1876800
"8953",1,628.02914418,56,1876354
"8954",1,628.02914418,57,1878726
"8955",1,628.02914418,58,1878800
"8956",1,628.02914418,59,1879087
"8957",1,628.02914418,6,1878783
"8958",1,628.02914418,60,1879735
"8959",1,628.02914418,61,1880799
"8960",1,628.02914418,62,1877732
"8961",1,628.02914418,63,1879103
"8962",1,628.02914418,64,1881017
"8963",1,628.02914418,65,1879438
"8964",1,628.02914418,66,1878191
"8965",1,628.02914418,67,1879174
"8966",1,628.02914418,68,1878881
"8967",1,628.02914418,69,1879964
"8968",1,628.02914418,7,1878698
"8969",1,628.02914418,70,1877779
"8970",1,628.02914418,71,1879040
"8971",1,628.02914418,72,1879194
"8972",1,628.02914418,73,1878365
"8973",1,628.02914418,74,1880020
"8974",1,628.02914418,75,1879409
"8975",1,628.02914418,76,1879721
"8976",1,628.02914418,77,1877166
"8977",1,628.02914418,78,1878967
"8978",1,628.02914418,79,1877264
"8979",1,628.02914418,8,1878905
"8980",1,628.02914418,80,1879317
"8981",1,628.02914418,81,1879800
"8982",1,628.02914418,82,1878221
"8983",1,628.02914418,83,1878151
"8984",1,628.02914418,84,1880306
"8985",1,628.02914418,85,1878132
"8986",1,628.02914418,86,1879083
"8987",1,628.02914418,87,1879024
"8988",1,628.02914418,88,1877594
"8989",1,628.02914418,89,1879384
"8990",1,628.02914418,9,1877160
"8991",1,628.02914418,90,1880398
"8992",1,628.02914418,91,1876040
"8993",1,628.02914418,92,1879483
"8994",1,628.02914418,93,1877066
"8995",1,628.02914418,94,1879185
"8996",1,628.02914418,95,1875477
"8997",1,628.02914418,96,1878777
"8998",1,628.02914418,97,1878388
"8999",1,628.02914418,98,1878817
"9000",1,628.02914418,99,1878223
"9001",1,68.92612104,1,205752
"9002",1,68.92612104,10,205787
"9003",1,68.92612104,100,206340
"9004",1,68.92612104,11,206182
"9005",1,68.92612104,12,206773
"9006",1,68.92612104,13,206287
"9007",1,68.92612104,14,206463
"9008",1,68.92612104,15,205897
"9009",1,68.92612104,16,206135
"9010",1,68.92612104,17,206550
"9011",1,68.92612104,18,206123
"9012",1,68.92612104,19,206177
"9013",1,68.92612104,2,206658
"9014",1,68.92612104,20,205616
"9015",1,68.92612104,21,206792
"9016",1,68.92612104,22,205903
"9017",1,68.92612104,23,206730
"9018",1,68.92612104,24,206710
"9019",1,68.92612104,25,205913
"9020",1,68.92612104,26,205041
"9021",1,68.92612104,27,205748
"9022",1,68.92612104,28,206851
"9023",1,68.92612104,29,206008
"9024",1,68.92612104,3,205680
"9025",1,68.92612104,30,205251
"9026",1,68.92612104,31,205989
"9027",1,68.92612104,32,205817
"9028",1,68.92612104,33,206038
"9029",1,68.92612104,34,206993
"9030",1,68.92612104,35,206604
"9031",1,68.92612104,36,205731
"9032",1,68.92612104,37,205501
"9033",1,68.92612104,38,206353
"9034",1,68.92612104,39,206778
"9035",1,68.92612104,4,206191
"9036",1,68.92612104,40,206435
"9037",1,68.92612104,41,204819
"9038",1,68.92612104,42,205957
"9039",1,68.92612104,43,206065
"9040",1,68.92612104,44,206016
"9041",1,68.92612104,45,205527
"9042",1,68.92612104,46,206033
"9043",1,68.92612104,47,206592
"9044",1,68.92612104,48,205512
"9045",1,68.92612104,49,206642
"9046",1,68.92612104,5,206998
"9047",1,68.92612104,50,206636
"9048",1,68.92612104,51,205262
"9049",1,68.92612104,52,205835
"9050",1,68.92612104,53,205503
"9051",1,68.92612104,54,206257
"9052",1,68.92612104,55,206496
"9053",1,68.92612104,56,205224
"9054",1,68.92612104,57,205721
"9055",1,68.92612104,58,206661
"9056",1,68.92612104,59,206462
"9057",1,68.92612104,6,205910
"9058",1,68.92612104,60,205699
"9059",1,68.92612104,61,205510
"9060",1,68.92612104,62,206536
"9061",1,68.92612104,63,205953
"9062",1,68.92612104,64,205925
"9063",1,68.92612104,65,206148
"9064",1,68.92612104,66,206383
"9065",1,68.92612104,67,205887
"9066",1,68.92612104,68,205930
"9067",1,68.92612104,69,206620
"9068",1,68.92612104,7,206419
"9069",1,68.92612104,70,206109
"9070",1,68.92612104,71,206437
"9071",1,68.92612104,72,205794
"9072",1,68.92612104,73,205238
"9073",1,68.92612104,74,206365
"9074",1,68.92612104,75,206759
"9075",1,68.92612104,76,206642
"9076",1,68.92612104,77,206062
"9077",1,68.92612104,78,206410
"9078",1,68.92612104,79,206265
"9079",1,68.92612104,8,205943
"9080",1,68.92612104,80,206756
"9081",1,68.92612104,81,206441
"9082",1,68.92612104,82,206461
"9083",1,68.92612104,83,206310
"9084",1,68.92612104,84,206280
"9085",1,68.92612104,85,205702
"9086",1,68.92612104,86,206152
"9087",1,68.92612104,87,206645
"9088",1,68.92612104,88,206078
"9089",1,68.92612104,89,206053
"9090",1,68.92612104,9,206145
"9091",1,68.92612104,90,205928
"9092",1,68.92612104,91,206121
"9093",1,68.92612104,92,206058
"9094",1,68.92612104,93,206454
"9095",1,68.92612104,94,206204
"9096",1,68.92612104,95,206177
"9097",1,68.92612104,96,206187
"9098",1,68.92612104,97,205979
"9099",1,68.92612104,98,207133
"9100",1,68.92612104,99,206622
"9101",1,7.56463328,1,22766
"9102",1,7.56463328,10,22649
"9103",1,7.56463328,100,22581
"9104",1,7.56463328,11,22483
"9105",1,7.56463328,12,22577
"9106",1,7.56463328,13,22707
"9107",1,7.56463328,14,22597
"9108",1,7.56463328,15,22445
"9109",1,7.56463328,16,22703
"9110",1,7.56463328,17,22493
"9111",1,7.56463328,18,22416
"9112",1,7.56463328,19,22607
"9113",1,7.56463328,2,22531
"9114",1,7.56463328,20,22619
"9115",1,7.56463328,21,22645
"9116",1,7.56463328,22,22628
"9117",1,7.56463328,23,22960
"9118",1,7.56463328,24,22763
"9119",1,7.56463328,25,22846
"9120",1,7.56463328,26,22589
"9121",1,7.56463328,27,22681
"9122",1,7.56463328,28,22707
"9123",1,7.56463328,29,22735
"9124",1,7.56463328,3,22526
"9125",1,7.56463328,30,22483
"9126",1,7.56463328,31,22793
"9127",1,7.56463328,32,22516
"9128",1,7.56463328,33,22564
"9129",1,7.56463328,34,22489
"9130",1,7.56463328,35,22719
"9131",1,7.56463328,36,22268
"9132",1,7.56463328,37,22422
"9133",1,7.56463328,38,22683
"9134",1,7.56463328,39,22817
"9135",1,7.56463328,4,22592
"9136",1,7.56463328,40,22626
"9137",1,7.56463328,41,22686
"9138",1,7.56463328,42,22579
"9139",1,7.56463328,43,22549
"9140",1,7.56463328,44,22735
"9141",1,7.56463328,45,22578
"9142",1,7.56463328,46,22339
"9143",1,7.56463328,47,22638
"9144",1,7.56463328,48,22508
"9145",1,7.56463328,49,22528
"9146",1,7.56463328,5,22542
"9147",1,7.56463328,50,22749
"9148",1,7.56463328,51,22402
"9149",1,7.56463328,52,22854
"9150",1,7.56463328,53,22520
"9151",1,7.56463328,54,22581
"9152",1,7.56463328,55,22547
"9153",1,7.56463328,56,22627
"9154",1,7.56463328,57,22726
"9155",1,7.56463328,58,22399
"9156",1,7.56463328,59,22905
"9157",1,7.56463328,6,22493
"9158",1,7.56463328,60,22452
"9159",1,7.56463328,61,22542
"9160",1,7.56463328,62,22783
"9161",1,7.56463328,63,22629
"9162",1,7.56463328,64,22870
"9163",1,7.56463328,65,22388
"9164",1,7.56463328,66,22825
"9165",1,7.56463328,67,22507
"9166",1,7.56463328,68,22658
"9167",1,7.56463328,69,22517
"9168",1,7.56463328,7,22552
"9169",1,7.56463328,70,22810
"9170",1,7.56463328,71,22574
"9171",1,7.56463328,72,22650
"9172",1,7.56463328,73,22864
"9173",1,7.56463328,74,22833
"9174",1,7.56463328,75,22563
"9175",1,7.56463328,76,22355
"9176",1,7.56463328,77,22841
"9177",1,7.56463328,78,22659
"9178",1,7.56463328,79,22591
"9179",1,7.56463328,8,22382
"9180",1,7.56463328,80,22717
"9181",1,7.56463328,81,22721
"9182",1,7.56463328,82,22598
"9183",1,7.56463328,83,22559
"9184",1,7.56463328,84,22594
"9185",1,7.56463328,85,22718
"9186",1,7.56463328,86,22471
"9187",1,7.56463328,87,22489
"9188",1,7.56463328,88,22544
"9189",1,7.56463328,89,22640
"9190",1,7.56463328,9,22665
"9191",1,7.56463328,90,22767
"9192",1,7.56463328,91,22465
"9193",1,7.56463328,92,22365
"9194",1,7.56463328,93,22635
"9195",1,7.56463328,94,22657
"9196",1,7.56463328,95,22464
"9197",1,7.56463328,96,22482
"9198",1,7.56463328,97,22659
"9199",1,7.56463328,98,22308
"9200",1,7.56463328,99,22714
"9201",1,705.48023107,1,2112483
"9202",1,705.48023107,10,2110610
"9203",1,705.48023107,100,2110911
"9204",1,705.48023107,11,2112016
"9205",1,705.48023107,12,2111859
"9206",1,705.48023107,13,2109833
"9207",1,705.48023107,14,2108583
"9208",1,705.48023107,15,2111388
"9209",1,705.48023107,16,2112464
"9210",1,705.48023107,17,2110334
"9211",1,705.48023107,18,2111009
"9212",1,705.48023107,19,2109106
"9213",1,705.48023107,2,2109338
"9214",1,705.48023107,20,2108432
"9215",1,705.48023107,21,2112084
"9216",1,705.48023107,22,2108762
"9217",1,705.48023107,23,2109315
"9218",1,705.48023107,24,2109715
"9219",1,705.48023107,25,2110827
"9220",1,705.48023107,26,2110937
"9221",1,705.48023107,27,2108433
"9222",1,705.48023107,28,2107866
"9223",1,705.48023107,29,2110715
"9224",1,705.48023107,3,2108451
"9225",1,705.48023107,30,2110364
"9226",1,705.48023107,31,2109110
"9227",1,705.48023107,32,2109181
"9228",1,705.48023107,33,2111946
"9229",1,705.48023107,34,2106906
"9230",1,705.48023107,35,2110781
"9231",1,705.48023107,36,2111349
"9232",1,705.48023107,37,2110675
"9233",1,705.48023107,38,2109806
"9234",1,705.48023107,39,2110983
"9235",1,705.48023107,4,2109417
"9236",1,705.48023107,40,2109233
"9237",1,705.48023107,41,2112125
"9238",1,705.48023107,42,2110338
"9239",1,705.48023107,43,2108518
"9240",1,705.48023107,44,2109336
"9241",1,705.48023107,45,2112092
"9242",1,705.48023107,46,2111061
"9243",1,705.48023107,47,2107461
"9244",1,705.48023107,48,2110357
"9245",1,705.48023107,49,2110188
"9246",1,705.48023107,5,2112596
"9247",1,705.48023107,50,2109050
"9248",1,705.48023107,51,2111746
"9249",1,705.48023107,52,2110980
"9250",1,705.48023107,53,2109799
"9251",1,705.48023107,54,2112112
"9252",1,705.48023107,55,2109660
"9253",1,705.48023107,56,2108360
"9254",1,705.48023107,57,2110275
"9255",1,705.48023107,58,2112938
"9256",1,705.48023107,59,2112357
"9257",1,705.48023107,6,2111487
"9258",1,705.48023107,60,2109753
"9259",1,705.48023107,61,2110988
"9260",1,705.48023107,62,2109328
"9261",1,705.48023107,63,2109986
"9262",1,705.48023107,64,2108530
"9263",1,705.48023107,65,2111887
"9264",1,705.48023107,66,2111165
"9265",1,705.48023107,67,2109221
"9266",1,705.48023107,68,2109048
"9267",1,705.48023107,69,2110579
"9268",1,705.48023107,7,2109383
"9269",1,705.48023107,70,2111419
"9270",1,705.48023107,71,2111621
"9271",1,705.48023107,72,2112273
"9272",1,705.48023107,73,2108457
"9273",1,705.48023107,74,2113704
"9274",1,705.48023107,75,2111611
"9275",1,705.48023107,76,2110249
"9276",1,705.48023107,77,2109503
"9277",1,705.48023107,78,2110519
"9278",1,705.48023107,79,2110394
"9279",1,705.48023107,8,2111198
"9280",1,705.48023107,80,2112307
"9281",1,705.48023107,81,2110299
"9282",1,705.48023107,82,2111932
"9283",1,705.48023107,83,2110820
"9284",1,705.48023107,84,2110160
"9285",1,705.48023107,85,2109450
"9286",1,705.48023107,86,2113314
"9287",1,705.48023107,87,2110347
"9288",1,705.48023107,88,2107437
"9289",1,705.48023107,89,2109624
"9290",1,705.48023107,9,2110327
"9291",1,705.48023107,90,2108562
"9292",1,705.48023107,91,2110565
"9293",1,705.48023107,92,2111919
"9294",1,705.48023107,93,2110383
"9295",1,705.48023107,94,2112140
"9296",1,705.48023107,95,2111918
"9297",1,705.48023107,96,2111855
"9298",1,705.48023107,97,2109688
"9299",1,705.48023107,98,2109923
"9300",1,705.48023107,99,2111453
"9301",1,77.42636827,1,232342
"9302",1,77.42636827,10,231737
"9303",1,77.42636827,100,231579
"9304",1,77.42636827,11,231002
"9305",1,77.42636827,12,231270
"9306",1,77.42636827,13,232195
"9307",1,77.42636827,14,232253
"9308",1,77.42636827,15,231200
"9309",1,77.42636827,16,231682
"9310",1,77.42636827,17,231641
"9311",1,77.42636827,18,231801
"9312",1,77.42636827,19,231732
"9313",1,77.42636827,2,231031
"9314",1,77.42636827,20,231139
"9315",1,77.42636827,21,231486
"9316",1,77.42636827,22,231792
"9317",1,77.42636827,23,231751
"9318",1,77.42636827,24,231772
"9319",1,77.42636827,25,232399
"9320",1,77.42636827,26,231778
"9321",1,77.42636827,27,231925
"9322",1,77.42636827,28,232222
"9323",1,77.42636827,29,231091
"9324",1,77.42636827,3,230956
"9325",1,77.42636827,30,231291
"9326",1,77.42636827,31,231242
"9327",1,77.42636827,32,231744
"9328",1,77.42636827,33,231896
"9329",1,77.42636827,34,230930
"9330",1,77.42636827,35,230801
"9331",1,77.42636827,36,230778
"9332",1,77.42636827,37,230911
"9333",1,77.42636827,38,231254
"9334",1,77.42636827,39,231129
"9335",1,77.42636827,4,231465
"9336",1,77.42636827,40,231751
"9337",1,77.42636827,41,231119
"9338",1,77.42636827,42,231259
"9339",1,77.42636827,43,231028
"9340",1,77.42636827,44,232171
"9341",1,77.42636827,45,231369
"9342",1,77.42636827,46,232092
"9343",1,77.42636827,47,231160
"9344",1,77.42636827,48,231729
"9345",1,77.42636827,49,231015
"9346",1,77.42636827,5,232269
"9347",1,77.42636827,50,231915
"9348",1,77.42636827,51,231868
"9349",1,77.42636827,52,231045
"9350",1,77.42636827,53,232791
"9351",1,77.42636827,54,231630
"9352",1,77.42636827,55,231729
"9353",1,77.42636827,56,231877
"9354",1,77.42636827,57,231680
"9355",1,77.42636827,58,230699
"9356",1,77.42636827,59,231447
"9357",1,77.42636827,6,231383
"9358",1,77.42636827,60,231464
"9359",1,77.42636827,61,231579
"9360",1,77.42636827,62,231356
"9361",1,77.42636827,63,231867
"9362",1,77.42636827,64,231858
"9363",1,77.42636827,65,231656
"9364",1,77.42636827,66,231700
"9365",1,77.42636827,67,231622
"9366",1,77.42636827,68,232134
"9367",1,77.42636827,69,231462
"9368",1,77.42636827,7,231996
"9369",1,77.42636827,70,231382
"9370",1,77.42636827,71,231616
"9371",1,77.42636827,72,230837
"9372",1,77.42636827,73,231437
"9373",1,77.42636827,74,231907
"9374",1,77.42636827,75,231385
"9375",1,77.42636827,76,231740
"9376",1,77.42636827,77,230685
"9377",1,77.42636827,78,230972
"9378",1,77.42636827,79,229495
"9379",1,77.42636827,8,231755
"9380",1,77.42636827,80,230827
"9381",1,77.42636827,81,230475
"9382",1,77.42636827,82,232520
"9383",1,77.42636827,83,231650
"9384",1,77.42636827,84,231362
"9385",1,77.42636827,85,231399
"9386",1,77.42636827,86,231531
"9387",1,77.42636827,87,231312
"9388",1,77.42636827,88,232041
"9389",1,77.42636827,89,230181
"9390",1,77.42636827,9,231726
"9391",1,77.42636827,90,231018
"9392",1,77.42636827,91,231625
"9393",1,77.42636827,92,232209
"9394",1,77.42636827,93,231905
"9395",1,77.42636827,94,231113
"9396",1,77.42636827,95,232304
"9397",1,77.42636827,96,231479
"9398",1,77.42636827,97,231634
"9399",1,77.42636827,98,230965
"9400",1,77.42636827,99,231528
"9401",1,792.48289835,1,2370169
"9402",1,792.48289835,10,2372349
"9403",1,792.48289835,100,2370174
"9404",1,792.48289835,11,2371049
"9405",1,792.48289835,12,2368035
"9406",1,792.48289835,13,2368656
"9407",1,792.48289835,14,2371774
"9408",1,792.48289835,15,2372375
"9409",1,792.48289835,16,2369276
"9410",1,792.48289835,17,2372463
"9411",1,792.48289835,18,2370952
"9412",1,792.48289835,19,2369757
"9413",1,792.48289835,2,2370454
"9414",1,792.48289835,20,2371914
"9415",1,792.48289835,21,2370712
"9416",1,792.48289835,22,2373117
"9417",1,792.48289835,23,2371793
"9418",1,792.48289835,24,2370737
"9419",1,792.48289835,25,2369961
"9420",1,792.48289835,26,2371047
"9421",1,792.48289835,27,2368850
"9422",1,792.48289835,28,2372045
"9423",1,792.48289835,29,2369895
"9424",1,792.48289835,3,2371447
"9425",1,792.48289835,30,2366485
"9426",1,792.48289835,31,2373826
"9427",1,792.48289835,32,2370186
"9428",1,792.48289835,33,2368674
"9429",1,792.48289835,34,2371614
"9430",1,792.48289835,35,2369506
"9431",1,792.48289835,36,2371888
"9432",1,792.48289835,37,2367804
"9433",1,792.48289835,38,2370206
"9434",1,792.48289835,39,2368076
"9435",1,792.48289835,4,2372157
"9436",1,792.48289835,40,2371937
"9437",1,792.48289835,41,2370447
"9438",1,792.48289835,42,2370756
"9439",1,792.48289835,43,2371495
"9440",1,792.48289835,44,2368965
"9441",1,792.48289835,45,2373650
"9442",1,792.48289835,46,2369393
"9443",1,792.48289835,47,2371392
"9444",1,792.48289835,48,2374557
"9445",1,792.48289835,49,2370566
"9446",1,792.48289835,5,2370974
"9447",1,792.48289835,50,2369273
"9448",1,792.48289835,51,2373833
"9449",1,792.48289835,52,2370383
"9450",1,792.48289835,53,2371911
"9451",1,792.48289835,54,2370083
"9452",1,792.48289835,55,2370514
"9453",1,792.48289835,56,2371594
"9454",1,792.48289835,57,2369478
"9455",1,792.48289835,58,2366523
"9456",1,792.48289835,59,2372877
"9457",1,792.48289835,6,2372303
"9458",1,792.48289835,60,2368614
"9459",1,792.48289835,61,2371182
"9460",1,792.48289835,62,2368252
"9461",1,792.48289835,63,2371458
"9462",1,792.48289835,64,2371321
"9463",1,792.48289835,65,2369415
"9464",1,792.48289835,66,2371654
"9465",1,792.48289835,67,2367726
"9466",1,792.48289835,68,2370447
"9467",1,792.48289835,69,2371137
"9468",1,792.48289835,7,2369816
"9469",1,792.48289835,70,2371484
"9470",1,792.48289835,71,2370237
"9471",1,792.48289835,72,2370718
"9472",1,792.48289835,73,2370208
"9473",1,792.48289835,74,2369200
"9474",1,792.48289835,75,2370330
"9475",1,792.48289835,76,2370366
"9476",1,792.48289835,77,2371874
"9477",1,792.48289835,78,2370964
"9478",1,792.48289835,79,2370752
"9479",1,792.48289835,8,2373603
"9480",1,792.48289835,80,2372178
"9481",1,792.48289835,81,2369759
"9482",1,792.48289835,82,2370561
"9483",1,792.48289835,83,2371340
"9484",1,792.48289835,84,2372457
"9485",1,792.48289835,85,2372340
"9486",1,792.48289835,86,2371333
"9487",1,792.48289835,87,2369590
"9488",1,792.48289835,88,2369417
"9489",1,792.48289835,89,2369547
"9490",1,792.48289835,9,2369200
"9491",1,792.48289835,90,2371328
"9492",1,792.48289835,91,2371294
"9493",1,792.48289835,92,2373022
"9494",1,792.48289835,93,2370103
"9495",1,792.48289835,94,2368120
"9496",1,792.48289835,95,2370459
"9497",1,792.48289835,96,2372140
"9498",1,792.48289835,97,2373887
"9499",1,792.48289835,98,2370065
"9500",1,792.48289835,99,2373358
"9501",1,8.49753436,1,25414
"9502",1,8.49753436,10,25139
"9503",1,8.49753436,100,25560
"9504",1,8.49753436,11,25526
"9505",1,8.49753436,12,25605
"9506",1,8.49753436,13,25296
"9507",1,8.49753436,14,25511
"9508",1,8.49753436,15,25598
"9509",1,8.49753436,16,25242
"9510",1,8.49753436,17,25554
"9511",1,8.49753436,18,25210
"9512",1,8.49753436,19,25202
"9513",1,8.49753436,2,25497
"9514",1,8.49753436,20,25537
"9515",1,8.49753436,21,25359
"9516",1,8.49753436,22,25399
"9517",1,8.49753436,23,25325
"9518",1,8.49753436,24,25524
"9519",1,8.49753436,25,25399
"9520",1,8.49753436,26,25427
"9521",1,8.49753436,27,25450
"9522",1,8.49753436,28,25727
"9523",1,8.49753436,29,25599
"9524",1,8.49753436,3,25394
"9525",1,8.49753436,30,25310
"9526",1,8.49753436,31,25289
"9527",1,8.49753436,32,25147
"9528",1,8.49753436,33,25106
"9529",1,8.49753436,34,25502
"9530",1,8.49753436,35,25180
"9531",1,8.49753436,36,25437
"9532",1,8.49753436,37,25130
"9533",1,8.49753436,38,25534
"9534",1,8.49753436,39,25386
"9535",1,8.49753436,4,25236
"9536",1,8.49753436,40,25447
"9537",1,8.49753436,41,25244
"9538",1,8.49753436,42,25433
"9539",1,8.49753436,43,25340
"9540",1,8.49753436,44,25638
"9541",1,8.49753436,45,25175
"9542",1,8.49753436,46,25343
"9543",1,8.49753436,47,25306
"9544",1,8.49753436,48,25781
"9545",1,8.49753436,49,25311
"9546",1,8.49753436,5,25455
"9547",1,8.49753436,50,25466
"9548",1,8.49753436,51,25290
"9549",1,8.49753436,52,25242
"9550",1,8.49753436,53,25039
"9551",1,8.49753436,54,25512
"9552",1,8.49753436,55,25593
"9553",1,8.49753436,56,25351
"9554",1,8.49753436,57,25143
"9555",1,8.49753436,58,25385
"9556",1,8.49753436,59,25590
"9557",1,8.49753436,6,25455
"9558",1,8.49753436,60,25121
"9559",1,8.49753436,61,25594
"9560",1,8.49753436,62,25272
"9561",1,8.49753436,63,25527
"9562",1,8.49753436,64,25386
"9563",1,8.49753436,65,25342
"9564",1,8.49753436,66,25682
"9565",1,8.49753436,67,25412
"9566",1,8.49753436,68,25256
"9567",1,8.49753436,69,25543
"9568",1,8.49753436,7,25840
"9569",1,8.49753436,70,25155
"9570",1,8.49753436,71,25443
"9571",1,8.49753436,72,25171
"9572",1,8.49753436,73,25242
"9573",1,8.49753436,74,25495
"9574",1,8.49753436,75,25159
"9575",1,8.49753436,76,25353
"9576",1,8.49753436,77,25388
"9577",1,8.49753436,78,25281
"9578",1,8.49753436,79,25186
"9579",1,8.49753436,8,25588
"9580",1,8.49753436,80,25397
"9581",1,8.49753436,81,25512
"9582",1,8.49753436,82,25433
"9583",1,8.49753436,83,25365
"9584",1,8.49753436,84,25601
"9585",1,8.49753436,85,25563
"9586",1,8.49753436,86,25104
"9587",1,8.49753436,87,25306
"9588",1,8.49753436,88,25237
"9589",1,8.49753436,89,25234
"9590",1,8.49753436,9,25331
"9591",1,8.49753436,90,25280
"9592",1,8.49753436,91,25233
"9593",1,8.49753436,92,25486
"9594",1,8.49753436,93,25610
"9595",1,8.49753436,94,25361
"9596",1,8.49753436,95,25418
"9597",1,8.49753436,96,25656
"9598",1,8.49753436,97,25574
"9599",1,8.49753436,98,25664
"9600",1,8.49753436,99,25288
"9601",1,86.97490026,1,259947
"9602",1,86.97490026,10,260200
"9603",1,86.97490026,100,260453
"9604",1,86.97490026,11,259943
"9605",1,86.97490026,12,259859
"9606",1,86.97490026,13,260396
"9607",1,86.97490026,14,259693
"9608",1,86.97490026,15,259878
"9609",1,86.97490026,16,259837
"9610",1,86.97490026,17,259957
"9611",1,86.97490026,18,259926
"9612",1,86.97490026,19,260043
"9613",1,86.97490026,2,259240
"9614",1,86.97490026,20,259513
"9615",1,86.97490026,21,260598
"9616",1,86.97490026,22,259886
"9617",1,86.97490026,23,260390
"9618",1,86.97490026,24,259517
"9619",1,86.97490026,25,259790
"9620",1,86.97490026,26,258871
"9621",1,86.97490026,27,259035
"9622",1,86.97490026,28,259744
"9623",1,86.97490026,29,260576
"9624",1,86.97490026,3,260059
"9625",1,86.97490026,30,259147
"9626",1,86.97490026,31,260080
"9627",1,86.97490026,32,260427
"9628",1,86.97490026,33,259996
"9629",1,86.97490026,34,260219
"9630",1,86.97490026,35,259445
"9631",1,86.97490026,36,260177
"9632",1,86.97490026,37,260180
"9633",1,86.97490026,38,259739
"9634",1,86.97490026,39,260639
"9635",1,86.97490026,4,260481
"9636",1,86.97490026,40,259643
"9637",1,86.97490026,41,260458
"9638",1,86.97490026,42,260679
"9639",1,86.97490026,43,260170
"9640",1,86.97490026,44,260781
"9641",1,86.97490026,45,259476
"9642",1,86.97490026,46,260200
"9643",1,86.97490026,47,260015
"9644",1,86.97490026,48,260095
"9645",1,86.97490026,49,260950
"9646",1,86.97490026,5,259223
"9647",1,86.97490026,50,260253
"9648",1,86.97490026,51,259880
"9649",1,86.97490026,52,259792
"9650",1,86.97490026,53,260738
"9651",1,86.97490026,54,259639
"9652",1,86.97490026,55,259700
"9653",1,86.97490026,56,259728
"9654",1,86.97490026,57,260218
"9655",1,86.97490026,58,260072
"9656",1,86.97490026,59,260896
"9657",1,86.97490026,6,260624
"9658",1,86.97490026,60,260319
"9659",1,86.97490026,61,260191
"9660",1,86.97490026,62,258968
"9661",1,86.97490026,63,259952
"9662",1,86.97490026,64,260260
"9663",1,86.97490026,65,259166
"9664",1,86.97490026,66,260467
"9665",1,86.97490026,67,259958
"9666",1,86.97490026,68,260355
"9667",1,86.97490026,69,260093
"9668",1,86.97490026,7,259932
"9669",1,86.97490026,70,260492
"9670",1,86.97490026,71,259734
"9671",1,86.97490026,72,260143
"9672",1,86.97490026,73,260936
"9673",1,86.97490026,74,260613
"9674",1,86.97490026,75,260763
"9675",1,86.97490026,76,260432
"9676",1,86.97490026,77,260189
"9677",1,86.97490026,78,260022
"9678",1,86.97490026,79,259659
"9679",1,86.97490026,8,259579
"9680",1,86.97490026,80,260303
"9681",1,86.97490026,81,260335
"9682",1,86.97490026,82,261010
"9683",1,86.97490026,83,260475
"9684",1,86.97490026,84,260725
"9685",1,86.97490026,85,260256
"9686",1,86.97490026,86,261002
"9687",1,86.97490026,87,260116
"9688",1,86.97490026,88,259986
"9689",1,86.97490026,89,260374
"9690",1,86.97490026,9,259846
"9691",1,86.97490026,90,259533
"9692",1,86.97490026,91,259749
"9693",1,86.97490026,92,260079
"9694",1,86.97490026,93,260228
"9695",1,86.97490026,94,259357
"9696",1,86.97490026,95,260872
"9697",1,86.97490026,96,260682
"9698",1,86.97490026,97,259359
"9699",1,86.97490026,98,259538
"9700",1,86.97490026,99,260046
"9701",1,890.21508545,1,2662359
"9702",1,890.21508545,10,2664078
"9703",1,890.21508545,100,2660440
"9704",1,890.21508545,11,2662649
"9705",1,890.21508545,12,2660599
"9706",1,890.21508545,13,2661868
"9707",1,890.21508545,14,2661593
"9708",1,890.21508545,15,2661040
"9709",1,890.21508545,16,2663932
"9710",1,890.21508545,17,2664348
"9711",1,890.21508545,18,2663419
"9712",1,890.21508545,19,2664349
"9713",1,890.21508545,2,2662623
"9714",1,890.21508545,20,2660823
"9715",1,890.21508545,21,2660080
"9716",1,890.21508545,22,2665429
"9717",1,890.21508545,23,2662317
"9718",1,890.21508545,24,2666967
"9719",1,890.21508545,25,2664414
"9720",1,890.21508545,26,2661022
"9721",1,890.21508545,27,2662968
"9722",1,890.21508545,28,2666131
"9723",1,890.21508545,29,2662396
"9724",1,890.21508545,3,2663361
"9725",1,890.21508545,30,2660916
"9726",1,890.21508545,31,2664104
"9727",1,890.21508545,32,2663242
"9728",1,890.21508545,33,2664971
"9729",1,890.21508545,34,2663274
"9730",1,890.21508545,35,2663398
"9731",1,890.21508545,36,2663168
"9732",1,890.21508545,37,2664033
"9733",1,890.21508545,38,2661697
"9734",1,890.21508545,39,2660440
"9735",1,890.21508545,4,2663189
"9736",1,890.21508545,40,2661431
"9737",1,890.21508545,41,2661335
"9738",1,890.21508545,42,2661294
"9739",1,890.21508545,43,2662773
"9740",1,890.21508545,44,2660851
"9741",1,890.21508545,45,2661712
"9742",1,890.21508545,46,2661854
"9743",1,890.21508545,47,2664334
"9744",1,890.21508545,48,2663017
"9745",1,890.21508545,49,2663700
"9746",1,890.21508545,5,2660830
"9747",1,890.21508545,50,2659786
"9748",1,890.21508545,51,2661454
"9749",1,890.21508545,52,2663925
"9750",1,890.21508545,53,2665955
"9751",1,890.21508545,54,2661330
"9752",1,890.21508545,55,2662357
"9753",1,890.21508545,56,2662532
"9754",1,890.21508545,57,2665841
"9755",1,890.21508545,58,2663399
"9756",1,890.21508545,59,2662158
"9757",1,890.21508545,6,2662585
"9758",1,890.21508545,60,2661502
"9759",1,890.21508545,61,2664155
"9760",1,890.21508545,62,2663046
"9761",1,890.21508545,63,2667381
"9762",1,890.21508545,64,2661980
"9763",1,890.21508545,65,2665001
"9764",1,890.21508545,66,2662666
"9765",1,890.21508545,67,2660916
"9766",1,890.21508545,68,2664464
"9767",1,890.21508545,69,2661270
"9768",1,890.21508545,7,2661839
"9769",1,890.21508545,70,2662753
"9770",1,890.21508545,71,2659350
"9771",1,890.21508545,72,2661653
"9772",1,890.21508545,73,2665659
"9773",1,890.21508545,74,2663150
"9774",1,890.21508545,75,2665569
"9775",1,890.21508545,76,2662254
"9776",1,890.21508545,77,2661689
"9777",1,890.21508545,78,2664417
"9778",1,890.21508545,79,2664398
"9779",1,890.21508545,8,2662567
"9780",1,890.21508545,80,2663379
"9781",1,890.21508545,81,2660319
"9782",1,890.21508545,82,2662429
"9783",1,890.21508545,83,2664696
"9784",1,890.21508545,84,2661486
"9785",1,890.21508545,85,2663235
"9786",1,890.21508545,86,2664825
"9787",1,890.21508545,87,2661333
"9788",1,890.21508545,88,2663885
"9789",1,890.21508545,89,2662748
"9790",1,890.21508545,9,2660260
"9791",1,890.21508545,90,2664682
"9792",1,890.21508545,91,2664511
"9793",1,890.21508545,92,2660954
"9794",1,890.21508545,93,2663547
"9795",1,890.21508545,94,2661748
"9796",1,890.21508545,95,2663534
"9797",1,890.21508545,96,2667052
"9798",1,890.21508545,97,2662646
"9799",1,890.21508545,98,2664397
"9800",1,890.21508545,99,2665171
"9801",1,9.54548457,1,28712
"9802",1,9.54548457,10,28498
"9803",1,9.54548457,100,28553
"9804",1,9.54548457,11,28780
"9805",1,9.54548457,12,28553
"9806",1,9.54548457,13,28670
"9807",1,9.54548457,14,28854
"9808",1,9.54548457,15,28432
"9809",1,9.54548457,16,28655
"9810",1,9.54548457,17,28808
"9811",1,9.54548457,18,28628
"9812",1,9.54548457,19,28538
"9813",1,9.54548457,2,28508
"9814",1,9.54548457,20,28568
"9815",1,9.54548457,21,28742
"9816",1,9.54548457,22,28736
"9817",1,9.54548457,23,28826
"9818",1,9.54548457,24,28651
"9819",1,9.54548457,25,28643
"9820",1,9.54548457,26,28470
"9821",1,9.54548457,27,28710
"9822",1,9.54548457,28,28638
"9823",1,9.54548457,29,28666
"9824",1,9.54548457,3,28728
"9825",1,9.54548457,30,29095
"9826",1,9.54548457,31,28337
"9827",1,9.54548457,32,28739
"9828",1,9.54548457,33,28357
"9829",1,9.54548457,34,28285
"9830",1,9.54548457,35,28478
"9831",1,9.54548457,36,28247
"9832",1,9.54548457,37,28248
"9833",1,9.54548457,38,28642
"9834",1,9.54548457,39,28826
"9835",1,9.54548457,4,28813
"9836",1,9.54548457,40,28544
"9837",1,9.54548457,41,28648
"9838",1,9.54548457,42,28735
"9839",1,9.54548457,43,28531
"9840",1,9.54548457,44,28346
"9841",1,9.54548457,45,28510
"9842",1,9.54548457,46,28764
"9843",1,9.54548457,47,28756
"9844",1,9.54548457,48,28363
"9845",1,9.54548457,49,28828
"9846",1,9.54548457,5,28461
"9847",1,9.54548457,50,28606
"9848",1,9.54548457,51,28731
"9849",1,9.54548457,52,28763
"9850",1,9.54548457,53,28453
"9851",1,9.54548457,54,28308
"9852",1,9.54548457,55,28332
"9853",1,9.54548457,56,28545
"9854",1,9.54548457,57,28594
"9855",1,9.54548457,58,28578
"9856",1,9.54548457,59,28594
"9857",1,9.54548457,6,28425
"9858",1,9.54548457,60,28632
"9859",1,9.54548457,61,28781
"9860",1,9.54548457,62,28363
"9861",1,9.54548457,63,28443
"9862",1,9.54548457,64,28550
"9863",1,9.54548457,65,28552
"9864",1,9.54548457,66,28636
"9865",1,9.54548457,67,28429
"9866",1,9.54548457,68,28300
"9867",1,9.54548457,69,28728
"9868",1,9.54548457,7,28340
"9869",1,9.54548457,70,28437
"9870",1,9.54548457,71,28451
"9871",1,9.54548457,72,28496
"9872",1,9.54548457,73,28443
"9873",1,9.54548457,74,28520
"9874",1,9.54548457,75,28395
"9875",1,9.54548457,76,28480
"9876",1,9.54548457,77,28555
"9877",1,9.54548457,78,28819
"9878",1,9.54548457,79,28413
"9879",1,9.54548457,8,28568
"9880",1,9.54548457,80,28466
"9881",1,9.54548457,81,28549
"9882",1,9.54548457,82,28661
"9883",1,9.54548457,83,28401
"9884",1,9.54548457,84,28664
"9885",1,9.54548457,85,28413
"9886",1,9.54548457,86,28657
"9887",1,9.54548457,87,28798
"9888",1,9.54548457,88,28822
"9889",1,9.54548457,89,28365
"9890",1,9.54548457,9,28502
"9891",1,9.54548457,90,28178
"9892",1,9.54548457,91,28738
"9893",1,9.54548457,92,28612
"9894",1,9.54548457,93,28755
"9895",1,9.54548457,94,28846
"9896",1,9.54548457,95,28411
"9897",1,9.54548457,96,28555
"9898",1,9.54548457,97,28467
"9899",1,9.54548457,98,28509
"9900",1,9.54548457,99,28679
"9901",1,97.70099573,1,292707
"9902",1,97.70099573,10,290352
"9903",1,97.70099573,100,291579
"9904",1,97.70099573,11,292527
"9905",1,97.70099573,12,292209
"9906",1,97.70099573,13,291665
"9907",1,97.70099573,14,292349
"9908",1,97.70099573,15,292682
"9909",1,97.70099573,16,292058
"9910",1,97.70099573,17,291442
"9911",1,97.70099573,18,292328
"9912",1,97.70099573,19,291994
"9913",1,97.70099573,2,291582
"9914",1,97.70099573,20,291820
"9915",1,97.70099573,21,292420
"9916",1,97.70099573,22,292265
"9917",1,97.70099573,23,291956
"9918",1,97.70099573,24,292373
"9919",1,97.70099573,25,291971
"9920",1,97.70099573,26,292123
"9921",1,97.70099573,27,292538
"9922",1,97.70099573,28,292031
"9923",1,97.70099573,29,291808
"9924",1,97.70099573,3,293082
"9925",1,97.70099573,30,292203
"9926",1,97.70099573,31,292763
"9927",1,97.70099573,32,292475
"9928",1,97.70099573,33,291881
"9929",1,97.70099573,34,292825
"9930",1,97.70099573,35,292372
"9931",1,97.70099573,36,292810
"9932",1,97.70099573,37,292441
"9933",1,97.70099573,38,291748
"9934",1,97.70099573,39,292215
"9935",1,97.70099573,4,293025
"9936",1,97.70099573,40,292673
"9937",1,97.70099573,41,292315
"9938",1,97.70099573,42,292279
"9939",1,97.70099573,43,291316
"9940",1,97.70099573,44,291687
"9941",1,97.70099573,45,291519
"9942",1,97.70099573,46,291568
"9943",1,97.70099573,47,291922
"9944",1,97.70099573,48,291732
"9945",1,97.70099573,49,292693
"9946",1,97.70099573,5,292970
"9947",1,97.70099573,50,292680
"9948",1,97.70099573,51,293131
"9949",1,97.70099573,52,292976
"9950",1,97.70099573,53,291560
"9951",1,97.70099573,54,291962
"9952",1,97.70099573,55,291707
"9953",1,97.70099573,56,292867
"9954",1,97.70099573,57,292500
"9955",1,97.70099573,58,291654
"9956",1,97.70099573,59,293381
"9957",1,97.70099573,6,292563
"9958",1,97.70099573,60,291217
"9959",1,97.70099573,61,291579
"9960",1,97.70099573,62,291707
"9961",1,97.70099573,63,291765
"9962",1,97.70099573,64,291597
"9963",1,97.70099573,65,291445
"9964",1,97.70099573,66,292107
"9965",1,97.70099573,67,291884
"9966",1,97.70099573,68,292529
"9967",1,97.70099573,69,291002
"9968",1,97.70099573,7,293109
"9969",1,97.70099573,70,293058
"9970",1,97.70099573,71,293043
"9971",1,97.70099573,72,292761
"9972",1,97.70099573,73,291160
"9973",1,97.70099573,74,292177
"9974",1,97.70099573,75,291562
"9975",1,97.70099573,76,292465
"9976",1,97.70099573,77,291298
"9977",1,97.70099573,78,291997
"9978",1,97.70099573,79,292218
"9979",1,97.70099573,8,291849
"9980",1,97.70099573,80,291749
"9981",1,97.70099573,81,291304
"9982",1,97.70099573,82,292533
"9983",1,97.70099573,83,292728
"9984",1,97.70099573,84,291248
"9985",1,97.70099573,85,292813
"9986",1,97.70099573,86,291932
"9987",1,97.70099573,87,292448
"9988",1,97.70099573,88,293002
"9989",1,97.70099573,89,292624
"9990",1,97.70099573,9,292644
"9991",1,97.70099573,90,291959
"9992",1,97.70099573,91,292251
"9993",1,97.70099573,92,292078
"9994",1,97.70099573,93,292526
"9995",1,97.70099573,94,291819
"9996",1,97.70099573,95,292660
"9997",1,97.70099573,96,291774
"9998",1,97.70099573,97,291300
"9999",1,97.70099573,98,292240
"10000",1,97.70099573,99,292116
