"","time","nu","id","tot_pfu"
"1",6,0.01592283,55,1
"2",6,0.03593814,67,1
"3",6,0.05722368,66,579721
"4",6,0.08111308,62,822746
"5",6,0.1023531,92,1038834
"6",6,0.1149757,85,1163818
"7",6,0.1149757,88,1165438
"8",6,0.12915497,39,1
"9",6,0.18307383,37,1859236
"10",6,0.18307383,59,1855253
"11",6,0.23101297,35,1
"12",6,0.23101297,62,2345060
"13",6,0.23101297,90,2344278
"14",6,0.25950242,73,2634067
"15",6,0.29150531,12,2961350
"16",6,0.29150531,21,2959886
"17",6,0.36783798,22,3734442
"18",6,0.36783798,57,1
"19",6,0.36783798,67,3735487
"20",6,0.36783798,79,1
"21",6,0.36783798,99,3732671
"22",6,0.41320124,11,1
"23",6,0.41320124,46,1
"24",6,0.41320124,48,4197493
"25",6,0.41320124,72,4198797
"26",6,0.41320124,80,4194766
"27",6,0.41320124,9,4198714
"28",6,0.46415888,41,4713504
"29",6,0.46415888,52,1
"30",6,0.46415888,61,4712930
"31",6,0.46415888,80,1
"32",6,0.58570208,4,5945376
"33",6,0.58570208,56,5949367
"34",6,0.58570208,7,5946253
"35",6,0.58570208,90,5950624
"36",6,0.58570208,92,5945995
"37",6,0.65793322,16,6688278
"38",6,0.65793322,29,6681144
"39",6,0.65793322,34,1
"40",6,0.65793322,54,6684550
"41",6,0.65793322,8,6685905
"42",6,0.7390722,1,7501592
"43",6,0.7390722,13,7506496
"44",6,0.7390722,18,1
"45",6,0.7390722,25,7502779
"46",6,0.7390722,30,7507288
"47",6,0.7390722,57,7500894
"48",6,0.7390722,62,1
"49",6,0.7390722,63,2
"50",6,0.7390722,65,7505698
"51",6,0.7390722,91,7501297
"52",6,0.83021757,13,8430102
"53",6,0.83021757,2,1
"54",6,0.83021757,3,8436743
"55",6,0.83021757,33,8432450
"56",6,0.83021757,84,8420346
"57",6,0.83021757,92,1
"58",6,0.83021757,95,8433511
"59",6,0.93260335,40,2
"60",6,1.04761575,14,10642561
"61",6,1.04761575,35,10641095
"62",6,1.04761575,36,10637970
"63",6,1.04761575,46,10634492
"64",6,1.04761575,57,1
"65",6,1.04761575,73,10640599
"66",6,1.04761575,94,10636520
"67",6,1.32194115,16,1
"68",6,1.32194115,29,13422355
"69",6,1.32194115,31,13422737
"70",6,1.32194115,33,13419218
"71",6,1.32194115,4,13421626
"72",6,1.32194115,42,13424653
"73",6,1.32194115,43,1
"74",6,1.32194115,46,13428454
"75",6,1.32194115,86,13427417
"76",6,1.48496826,19,15076682
"77",6,1.48496826,26,15085622
"78",6,1.48496826,38,15080643
"79",6,1.48496826,42,15076188
"80",6,1.48496826,63,1
"81",6,1.48496826,64,15083653
"82",6,1.48496826,65,15077446
"83",6,1.48496826,68,15084167
"84",6,1.48496826,69,15081336
"85",6,1.48496826,86,15079456
"86",6,1.48496826,96,15072036
"87",6,1.87381742,16,1
"88",6,1.87381742,28,19032116
"89",6,1.87381742,5,19033530
"90",6,1.87381742,52,19034554
"91",6,1.87381742,62,19031590
"92",6,1.87381742,64,19026403
"93",6,1.87381742,86,1
"94",6,1.87381742,90,1
"95",6,1.87381742,95,19031193
"96",6,1.87381742,97,19027887
"97",6,10.72267222,1,108912250
"98",6,10.72267222,12,108903150
"99",6,10.72267222,14,108893022
"100",6,10.72267222,15,108903594
"101",6,10.72267222,16,108918734
"102",6,10.72267222,18,108903321
"103",6,10.72267222,19,1
"104",6,10.72267222,2,108904688
"105",6,10.72267222,21,108893525
"106",6,10.72267222,22,108909395
"107",6,10.72267222,23,108904112
"108",6,10.72267222,24,108891388
"109",6,10.72267222,25,108906491
"110",6,10.72267222,26,108896995
"111",6,10.72267222,28,108894478
"112",6,10.72267222,29,1
"113",6,10.72267222,3,108906232
"114",6,10.72267222,30,108895384
"115",6,10.72267222,31,108924378
"116",6,10.72267222,34,1
"117",6,10.72267222,35,108887437
"118",6,10.72267222,36,108905254
"119",6,10.72267222,37,108896197
"120",6,10.72267222,38,108911097
"121",6,10.72267222,39,108906345
"122",6,10.72267222,40,108894906
"123",6,10.72267222,41,45307
"124",6,10.72267222,43,108897496
"125",6,10.72267222,44,108923975
"126",6,10.72267222,45,108900790
"127",6,10.72267222,46,108924079
"128",6,10.72267222,47,108936170
"129",6,10.72267222,48,108902662
"130",6,10.72267222,49,108940010
"131",6,10.72267222,5,108922430
"132",6,10.72267222,51,108901675
"133",6,10.72267222,52,108910449
"134",6,10.72267222,55,108888308
"135",6,10.72267222,57,108909617
"136",6,10.72267222,59,108904303
"137",6,10.72267222,62,108884218
"138",6,10.72267222,67,1
"139",6,10.72267222,68,108897280
"140",6,10.72267222,69,108921409
"141",6,10.72267222,7,1
"142",6,10.72267222,70,1
"143",6,10.72267222,72,108907755
"144",6,10.72267222,74,108914047
"145",6,10.72267222,75,108928426
"146",6,10.72267222,77,108897634
"147",6,10.72267222,78,108907562
"148",6,10.72267222,79,108918093
"149",6,10.72267222,80,108902402
"150",6,10.72267222,83,1
"151",6,10.72267222,86,108887271
"152",6,10.72267222,87,108908868
"153",6,10.72267222,88,1
"154",6,10.72267222,90,1
"155",6,10.72267222,91,108909911
"156",6,10.72267222,95,108915551
"157",6,10.72267222,96,108900505
"158",6,10.72267222,97,108884499
"159",6,10.72267222,99,108907186
"160",6,1000,1,10156618601
"161",6,1000,10,10156843608
"162",6,1000,100,10156612633
"163",6,1000,11,10156751411
"164",6,1000,12,10156957727
"165",6,1000,13,10156656423
"166",6,1000,14,10156792489
"167",6,1000,15,10156788930
"168",6,1000,16,10156875563
"169",6,1000,17,10156930451
"170",6,1000,18,10156806757
"171",6,1000,19,10156715255
"172",6,1000,2,10156878345
"173",6,1000,20,10156813699
"174",6,1000,21,10156608814
"175",6,1000,22,10156838384
"176",6,1000,23,10156876582
"177",6,1000,24,10156744330
"178",6,1000,25,10156814821
"179",6,1000,26,10157029680
"180",6,1000,27,10156730314
"181",6,1000,28,10156596944
"182",6,1000,29,10156699835
"183",6,1000,3,10156747057
"184",6,1000,30,10156801267
"185",6,1000,31,10156867757
"186",6,1000,32,10156628543
"187",6,1000,33,10156762631
"188",6,1000,34,10156856291
"189",6,1000,35,10156693671
"190",6,1000,36,10156622616
"191",6,1000,37,10156983628
"192",6,1000,38,10156848984
"193",6,1000,39,10156566731
"194",6,1000,4,10156725774
"195",6,1000,40,10156646253
"196",6,1000,41,10156716976
"197",6,1000,42,10156976197
"198",6,1000,43,10156673703
"199",6,1000,44,10156830390
"200",6,1000,45,10156634928
"201",6,1000,46,10156894997
"202",6,1000,47,10156499713
"203",6,1000,48,10156773898
"204",6,1000,49,10156625835
"205",6,1000,5,10156756504
"206",6,1000,50,10156700177
"207",6,1000,51,10156646158
"208",6,1000,52,10156811460
"209",6,1000,53,10156574359
"210",6,1000,54,10156583407
"211",6,1000,55,10156777176
"212",6,1000,56,10156658839
"213",6,1000,57,10156714148
"214",6,1000,58,10156612725
"215",6,1000,59,10156863231
"216",6,1000,6,10156969644
"217",6,1000,60,10156727845
"218",6,1000,61,10156545804
"219",6,1000,62,10156710142
"220",6,1000,63,10156634196
"221",6,1000,64,10156928655
"222",6,1000,65,10156753704
"223",6,1000,66,10156758504
"224",6,1000,67,10156796197
"225",6,1000,68,10156957763
"226",6,1000,69,10156691595
"227",6,1000,7,10157022697
"228",6,1000,70,10156730034
"229",6,1000,71,10156693244
"230",6,1000,72,10156776318
"231",6,1000,73,10156706033
"232",6,1000,74,10156605568
"233",6,1000,75,10156828822
"234",6,1000,76,10156911817
"235",6,1000,77,10156519775
"236",6,1000,78,10156786297
"237",6,1000,79,10156607403
"238",6,1000,8,10156791924
"239",6,1000,80,10156905925
"240",6,1000,81,10156707944
"241",6,1000,82,10156681424
"242",6,1000,83,10156763049
"243",6,1000,84,10156893578
"244",6,1000,85,10156790855
"245",6,1000,86,10156543292
"246",6,1000,87,10156671820
"247",6,1000,88,10156705221
"248",6,1000,89,10156969263
"249",6,1000,9,10156841173
"250",6,1000,90,10156863231
"251",6,1000,91,10156725261
"252",6,1000,92,10156754542
"253",6,1000,93,10156742383
"254",6,1000,94,10156814821
"255",6,1000,95,10156730714
"256",6,1000,96,10156811381
"257",6,1000,97,10156652596
"258",6,1000,98,10156614211
"259",6,1000,99,10156943710
"260",6,109.74987655,1,1114719736
"261",6,109.74987655,10,1114744777
"262",6,109.74987655,100,1114793351
"263",6,109.74987655,11,1114710471
"264",6,109.74987655,12,1114730508
"265",6,109.74987655,13,1114736679
"266",6,109.74987655,14,1114738960
"267",6,109.74987655,15,1114754972
"268",6,109.74987655,16,1114773116
"269",6,109.74987655,17,1114729300
"270",6,109.74987655,18,1114674992
"271",6,109.74987655,19,1114700094
"272",6,109.74987655,2,1114673396
"273",6,109.74987655,20,1114715514
"274",6,109.74987655,21,1114679810
"275",6,109.74987655,22,1114736633
"276",6,109.74987655,23,1114675629
"277",6,109.74987655,24,1114695198
"278",6,109.74987655,25,1114696753
"279",6,109.74987655,26,1114747559
"280",6,109.74987655,27,1114679458
"281",6,109.74987655,28,1114602116
"282",6,109.74987655,29,1114758387
"283",6,109.74987655,3,1114677901
"284",6,109.74987655,30,1114704292
"285",6,109.74987655,31,1114715793
"286",6,109.74987655,32,1114681670
"287",6,109.74987655,33,1114721452
"288",6,109.74987655,34,1114702049
"289",6,109.74987655,35,1114636213
"290",6,109.74987655,36,1114779470
"291",6,109.74987655,37,1114826062
"292",6,109.74987655,38,1114603756
"293",6,109.74987655,39,1114692065
"294",6,109.74987655,4,1114732475
"295",6,109.74987655,40,1114696974
"296",6,109.74987655,41,1114741920
"297",6,109.74987655,42,1114718728
"298",6,109.74987655,43,1114677488
"299",6,109.74987655,44,1114731477
"300",6,109.74987655,45,1114701653
"301",6,109.74987655,46,1114673740
"302",6,109.74987655,47,1114690189
"303",6,109.74987655,48,1114716292
"304",6,109.74987655,49,1114664452
"305",6,109.74987655,5,1114748677
"306",6,109.74987655,50,1114738045
"307",6,109.74987655,51,1114726206
"308",6,109.74987655,52,1114682715
"309",6,109.74987655,53,1114759175
"310",6,109.74987655,54,1114672099
"311",6,109.74987655,55,1114732899
"312",6,109.74987655,56,1114722627
"313",6,109.74987655,57,1114672408
"314",6,109.74987655,58,1114722118
"315",6,109.74987655,59,1114702572
"316",6,109.74987655,6,1114702865
"317",6,109.74987655,60,1114728113
"318",6,109.74987655,61,1114721329
"319",6,109.74987655,62,1114696403
"320",6,109.74987655,63,1114731881
"321",6,109.74987655,64,1114757696
"322",6,109.74987655,65,1114685255
"323",6,109.74987655,66,1114724438
"324",6,109.74987655,67,1114752810
"325",6,109.74987655,68,1114704008
"326",6,109.74987655,69,1114632909
"327",6,109.74987655,7,1114724400
"328",6,109.74987655,70,1114700855
"329",6,109.74987655,71,1114740111
"330",6,109.74987655,72,1114745346
"331",6,109.74987655,73,1114739151
"332",6,109.74987655,74,1114719952
"333",6,109.74987655,75,1114695314
"334",6,109.74987655,76,1114701988
"335",6,109.74987655,77,1114648626
"336",6,109.74987655,78,1114736272
"337",6,109.74987655,79,1114724897
"338",6,109.74987655,8,1114683129
"339",6,109.74987655,80,1114691906
"340",6,109.74987655,81,1114652997
"341",6,109.74987655,82,1114725395
"342",6,109.74987655,83,1114665889
"343",6,109.74987655,84,1114683944
"344",6,109.74987655,85,1114717395
"345",6,109.74987655,86,1114732856
"346",6,109.74987655,87,1114700636
"347",6,109.74987655,88,1114764370
"348",6,109.74987655,89,1114672755
"349",6,109.74987655,9,1114705207
"350",6,109.74987655,90,1114748724
"351",6,109.74987655,91,1114691066
"352",6,109.74987655,92,1114712556
"353",6,109.74987655,93,1114715462
"354",6,109.74987655,94,1114638212
"355",6,109.74987655,95,1114717333
"356",6,109.74987655,96,1114736955
"357",6,109.74987655,97,1114660188
"358",6,109.74987655,98,1114790204
"359",6,109.74987655,99,1114779906
"360",6,12.0450354,1,122328340
"361",6,12.0450354,10,122336971
"362",6,12.0450354,12,122344383
"363",6,12.0450354,14,122337513
"364",6,12.0450354,15,122326085
"365",6,12.0450354,16,122337628
"366",6,12.0450354,17,1
"367",6,12.0450354,18,122315151
"368",6,12.0450354,19,122332247
"369",6,12.0450354,20,122331173
"370",6,12.0450354,21,122354779
"371",6,12.0450354,24,122346339
"372",6,12.0450354,25,122329809
"373",6,12.0450354,27,122334289
"374",6,12.0450354,28,122339004
"375",6,12.0450354,29,1
"376",6,12.0450354,3,1
"377",6,12.0450354,30,122354301
"378",6,12.0450354,31,1
"379",6,12.0450354,33,1
"380",6,12.0450354,35,122340671
"381",6,12.0450354,38,122344248
"382",6,12.0450354,39,122334513
"383",6,12.0450354,40,122354603
"384",6,12.0450354,41,122324753
"385",6,12.0450354,42,122336591
"386",6,12.0450354,43,122331837
"387",6,12.0450354,45,122350183
"388",6,12.0450354,46,122342875
"389",6,12.0450354,47,122305338
"390",6,12.0450354,48,122346325
"391",6,12.0450354,49,1
"392",6,12.0450354,5,122331427
"393",6,12.0450354,50,122318834
"394",6,12.0450354,54,122335793
"395",6,12.0450354,55,122316450
"396",6,12.0450354,59,122349508
"397",6,12.0450354,6,122320993
"398",6,12.0450354,60,122354774
"399",6,12.0450354,61,122332593
"400",6,12.0450354,65,122338374
"401",6,12.0450354,66,122333064
"402",6,12.0450354,70,1
"403",6,12.0450354,71,122347898
"404",6,12.0450354,72,122341728
"405",6,12.0450354,73,122325062
"406",6,12.0450354,74,122336207
"407",6,12.0450354,75,122340245
"408",6,12.0450354,76,1
"409",6,12.0450354,77,122352977
"410",6,12.0450354,78,122360823
"411",6,12.0450354,79,122318361
"412",6,12.0450354,8,8478161
"413",6,12.0450354,80,122362203
"414",6,12.0450354,81,1
"415",6,12.0450354,82,122350252
"416",6,12.0450354,83,8928346
"417",6,12.0450354,84,122338841
"418",6,12.0450354,85,122341468
"419",6,12.0450354,86,122337956
"420",6,12.0450354,87,122325339
"421",6,12.0450354,88,122344894
"422",6,12.0450354,90,122336366
"423",6,12.0450354,91,122338476
"424",6,12.0450354,92,122343769
"425",6,12.0450354,94,122347199
"426",6,12.0450354,95,122348254
"427",6,12.0450354,96,122348765
"428",6,123.28467394,1,1252151732
"429",6,123.28467394,10,1252182789
"430",6,123.28467394,100,1252148150
"431",6,123.28467394,11,1252230176
"432",6,123.28467394,12,1252209321
"433",6,123.28467394,13,1252344688
"434",6,123.28467394,14,1252113476
"435",6,123.28467394,15,1252171944
"436",6,123.28467394,16,1252173538
"437",6,123.28467394,17,1252149504
"438",6,123.28467394,18,1252174946
"439",6,123.28467394,19,1252143840
"440",6,123.28467394,2,1252212998
"441",6,123.28467394,20,1252053864
"442",6,123.28467394,21,1252229192
"443",6,123.28467394,22,1252208878
"444",6,123.28467394,23,1252185999
"445",6,123.28467394,24,1252152957
"446",6,123.28467394,25,1252198074
"447",6,123.28467394,26,1252195794
"448",6,123.28467394,27,1252196894
"449",6,123.28467394,28,1252157380
"450",6,123.28467394,29,1252140838
"451",6,123.28467394,3,1252148218
"452",6,123.28467394,30,1252151015
"453",6,123.28467394,31,1252154137
"454",6,123.28467394,32,1252162950
"455",6,123.28467394,33,1252267090
"456",6,123.28467394,34,1252141952
"457",6,123.28467394,35,1252205895
"458",6,123.28467394,36,1252184481
"459",6,123.28467394,37,1252198468
"460",6,123.28467394,38,1252194344
"461",6,123.28467394,39,1252164519
"462",6,123.28467394,4,1252173869
"463",6,123.28467394,40,1252268886
"464",6,123.28467394,41,1252106073
"465",6,123.28467394,42,1252208520
"466",6,123.28467394,43,1252199094
"467",6,123.28467394,44,1252132071
"468",6,123.28467394,45,1252202702
"469",6,123.28467394,46,1252249337
"470",6,123.28467394,47,968982091
"471",6,123.28467394,48,1252182481
"472",6,123.28467394,49,1252249017
"473",6,123.28467394,5,1252250494
"474",6,123.28467394,50,1252138965
"475",6,123.28467394,51,1252186768
"476",6,123.28467394,52,1252250049
"477",6,123.28467394,53,1252330669
"478",6,123.28467394,54,1252166089
"479",6,123.28467394,55,1252134944
"480",6,123.28467394,56,1252233649
"481",6,123.28467394,57,1252250845
"482",6,123.28467394,58,1252191771
"483",6,123.28467394,59,1252186382
"484",6,123.28467394,6,1252174449
"485",6,123.28467394,60,1252193805
"486",6,123.28467394,61,1252115555
"487",6,123.28467394,62,1252183248
"488",6,123.28467394,63,1252101190
"489",6,123.28467394,64,1252183857
"490",6,123.28467394,65,1252266011
"491",6,123.28467394,66,1252175833
"492",6,123.28467394,67,1252183932
"493",6,123.28467394,68,1252140668
"494",6,123.28467394,69,1252152256
"495",6,123.28467394,7,1252197824
"496",6,123.28467394,70,1252195832
"497",6,123.28467394,71,1252267774
"498",6,123.28467394,72,1252150951
"499",6,123.28467394,73,1252311387
"500",6,123.28467394,74,1252281856
"501",6,123.28467394,75,1252125394
"502",6,123.28467394,76,1252251836
"503",6,123.28467394,77,1252191831
"504",6,123.28467394,78,1252108508
"505",6,123.28467394,79,1252161248
"506",6,123.28467394,8,1252232740
"507",6,123.28467394,80,1252218234
"508",6,123.28467394,81,1252143601
"509",6,123.28467394,82,1252253480
"510",6,123.28467394,83,1252162574
"511",6,123.28467394,84,1252150487
"512",6,123.28467394,85,1252106761
"513",6,123.28467394,86,1252153758
"514",6,123.28467394,87,1252211850
"515",6,123.28467394,88,1252258793
"516",6,123.28467394,89,1252262439
"517",6,123.28467394,9,1252239012
"518",6,123.28467394,90,1252183725
"519",6,123.28467394,91,1252134537
"520",6,123.28467394,92,1252110453
"521",6,123.28467394,93,1252212148
"522",6,123.28467394,94,1252201135
"523",6,123.28467394,95,1252132949
"524",6,123.28467394,96,1252305165
"525",6,123.28467394,97,1252220423
"526",6,123.28467394,98,1252289277
"527",6,123.28467394,99,1252250971
"528",6,13.53047775,1,137419699
"529",6,13.53047775,100,137398363
"530",6,13.53047775,12,137417133
"531",6,13.53047775,13,137423000
"532",6,13.53047775,14,2
"533",6,13.53047775,15,1
"534",6,13.53047775,17,1
"535",6,13.53047775,19,137455555
"536",6,13.53047775,20,137413468
"537",6,13.53047775,21,2
"538",6,13.53047775,22,137451595
"539",6,13.53047775,24,137438473
"540",6,13.53047775,27,137422108
"541",6,13.53047775,28,137405368
"542",6,13.53047775,29,137425871
"543",6,13.53047775,3,137457035
"544",6,13.53047775,30,1
"545",6,13.53047775,31,137389829
"546",6,13.53047775,32,137429669
"547",6,13.53047775,33,137418545
"548",6,13.53047775,34,1
"549",6,13.53047775,35,137434329
"550",6,13.53047775,36,137429493
"551",6,13.53047775,37,137420856
"552",6,13.53047775,38,137418323
"553",6,13.53047775,39,137415006
"554",6,13.53047775,41,137409092
"555",6,13.53047775,42,137423173
"556",6,13.53047775,45,137440676
"557",6,13.53047775,49,137430404
"558",6,13.53047775,5,137416865
"559",6,13.53047775,51,137426128
"560",6,13.53047775,52,137413295
"561",6,13.53047775,53,137434664
"562",6,13.53047775,54,137429813
"563",6,13.53047775,55,137438310
"564",6,13.53047775,56,1
"565",6,13.53047775,57,137427528
"566",6,13.53047775,58,137452867
"567",6,13.53047775,59,137433363
"568",6,13.53047775,6,137421231
"569",6,13.53047775,60,1
"570",6,13.53047775,61,137429417
"571",6,13.53047775,62,137425038
"572",6,13.53047775,64,137419111
"573",6,13.53047775,66,1
"574",6,13.53047775,68,137430098
"575",6,13.53047775,69,137418873
"576",6,13.53047775,70,137423271
"577",6,13.53047775,71,137413057
"578",6,13.53047775,73,137429675
"579",6,13.53047775,75,137432319
"580",6,13.53047775,76,137409904
"581",6,13.53047775,77,137423713
"582",6,13.53047775,78,137413838
"583",6,13.53047775,79,1
"584",6,13.53047775,8,137433026
"585",6,13.53047775,80,137434744
"586",6,13.53047775,81,137408570
"587",6,13.53047775,84,137388971
"588",6,13.53047775,85,137392242
"589",6,13.53047775,87,137439973
"590",6,13.53047775,88,137421133
"591",6,13.53047775,89,137428307
"592",6,13.53047775,9,137429299
"593",6,13.53047775,91,137438735
"594",6,13.53047775,92,137422476
"595",6,13.53047775,93,137421168
"596",6,13.53047775,95,1
"597",6,13.53047775,97,137421710
"598",6,13.53047775,99,1
"599",6,138.48863714,1,1406581404
"600",6,138.48863714,10,1406593805
"601",6,138.48863714,100,1406564734
"602",6,138.48863714,11,1406621512
"603",6,138.48863714,12,1406501577
"604",6,138.48863714,13,1406658550
"605",6,138.48863714,14,1406509097
"606",6,138.48863714,15,1406589503
"607",6,138.48863714,16,1406613020
"608",6,138.48863714,17,1406589516
"609",6,138.48863714,18,1406635558
"610",6,138.48863714,19,1406620581
"611",6,138.48863714,2,1406593341
"612",6,138.48863714,20,1406642144
"613",6,138.48863714,21,1406617401
"614",6,138.48863714,22,1406561602
"615",6,138.48863714,23,1406591004
"616",6,138.48863714,24,1406601622
"617",6,138.48863714,25,1406553735
"618",6,138.48863714,26,1406630965
"619",6,138.48863714,27,1406598435
"620",6,138.48863714,28,1406651804
"621",6,138.48863714,29,1406550934
"622",6,138.48863714,3,1406620794
"623",6,138.48863714,30,1406604844
"624",6,138.48863714,31,1406516255
"625",6,138.48863714,32,1406629417
"626",6,138.48863714,33,1406622621
"627",6,138.48863714,34,1406556927
"628",6,138.48863714,35,1406567370
"629",6,138.48863714,36,1406574665
"630",6,138.48863714,37,1406568293
"631",6,138.48863714,38,1406632867
"632",6,138.48863714,39,1406618015
"633",6,138.48863714,4,1406643327
"634",6,138.48863714,40,1406548585
"635",6,138.48863714,41,1406573833
"636",6,138.48863714,42,1406551437
"637",6,138.48863714,43,1406634517
"638",6,138.48863714,44,1406595607
"639",6,138.48863714,45,1406590917
"640",6,138.48863714,46,1406590446
"641",6,138.48863714,47,1406549080
"642",6,138.48863714,48,1406565331
"643",6,138.48863714,49,1406619578
"644",6,138.48863714,5,1406533434
"645",6,138.48863714,50,1406658539
"646",6,138.48863714,51,1406570138
"647",6,138.48863714,52,1406614554
"648",6,138.48863714,53,1406581688
"649",6,138.48863714,54,1406600040
"650",6,138.48863714,55,1406621020
"651",6,138.48863714,56,1406592123
"652",6,138.48863714,57,1406626919
"653",6,138.48863714,58,1406583570
"654",6,138.48863714,59,1406568867
"655",6,138.48863714,6,1406624378
"656",6,138.48863714,60,1406573857
"657",6,138.48863714,61,1406617401
"658",6,138.48863714,62,1406608692
"659",6,138.48863714,63,1406664751
"660",6,138.48863714,64,1406584160
"661",6,138.48863714,65,1406604195
"662",6,138.48863714,66,1406648086
"663",6,138.48863714,67,1406598040
"664",6,138.48863714,68,1406596558
"665",6,138.48863714,69,1406588917
"666",6,138.48863714,7,1406594492
"667",6,138.48863714,70,1406562378
"668",6,138.48863714,71,1406577606
"669",6,138.48863714,72,1406498763
"670",6,138.48863714,73,1406564361
"671",6,138.48863714,74,1406500858
"672",6,138.48863714,75,1406587279
"673",6,138.48863714,76,1406521858
"674",6,138.48863714,77,1406628212
"675",6,138.48863714,78,1406589313
"676",6,138.48863714,79,1406596933
"677",6,138.48863714,8,1406539367
"678",6,138.48863714,80,1406647183
"679",6,138.48863714,81,1406594662
"680",6,138.48863714,82,1406654018
"681",6,138.48863714,83,1406651804
"682",6,138.48863714,84,1406641542
"683",6,138.48863714,85,1406563315
"684",6,138.48863714,86,1406618009
"685",6,138.48863714,87,1406624111
"686",6,138.48863714,88,1406614120
"687",6,138.48863714,89,1406571886
"688",6,138.48863714,9,1406624537
"689",6,138.48863714,90,1406600701
"690",6,138.48863714,91,1406592924
"691",6,138.48863714,92,1406594058
"692",6,138.48863714,93,1406498344
"693",6,138.48863714,94,1406580763
"694",6,138.48863714,95,1406575582
"695",6,138.48863714,96,1406522081
"696",6,138.48863714,97,1406626903
"697",6,138.48863714,98,1406691093
"698",6,138.48863714,99,1406600928
"699",6,15.19911083,1,154396866
"700",6,15.19911083,10,154364875
"701",6,15.19911083,100,154400350
"702",6,15.19911083,11,154413758
"703",6,15.19911083,12,154372970
"704",6,15.19911083,15,154376953
"705",6,15.19911083,16,154366907
"706",6,15.19911083,17,154371156
"707",6,15.19911083,18,1
"708",6,15.19911083,19,154361129
"709",6,15.19911083,2,154368971
"710",6,15.19911083,21,1
"711",6,15.19911083,22,154363271
"712",6,15.19911083,24,154379771
"713",6,15.19911083,25,154374424
"714",6,15.19911083,26,1
"715",6,15.19911083,27,154394313
"716",6,15.19911083,28,154388282
"717",6,15.19911083,29,154360035
"718",6,15.19911083,3,154367234
"719",6,15.19911083,31,154383455
"720",6,15.19911083,34,154396667
"721",6,15.19911083,35,154362706
"722",6,15.19911083,36,154377069
"723",6,15.19911083,37,154355569
"724",6,15.19911083,38,154368036
"725",6,15.19911083,39,154385025
"726",6,15.19911083,40,154378336
"727",6,15.19911083,41,154366141
"728",6,15.19911083,43,154362296
"729",6,15.19911083,44,154389979
"730",6,15.19911083,48,154366247
"731",6,15.19911083,49,154353702
"732",6,15.19911083,50,154376957
"733",6,15.19911083,53,154381906
"734",6,15.19911083,54,154380294
"735",6,15.19911083,55,154393458
"736",6,15.19911083,57,154384843
"737",6,15.19911083,59,154365126
"738",6,15.19911083,6,154368326
"739",6,15.19911083,60,154371056
"740",6,15.19911083,62,154365548
"741",6,15.19911083,63,1
"742",6,15.19911083,64,154366254
"743",6,15.19911083,65,154379107
"744",6,15.19911083,68,154374329
"745",6,15.19911083,69,154359929
"746",6,15.19911083,7,154383141
"747",6,15.19911083,70,154354692
"748",6,15.19911083,71,154356440
"749",6,15.19911083,72,154349845
"750",6,15.19911083,73,1
"751",6,15.19911083,75,154378073
"752",6,15.19911083,76,154368389
"753",6,15.19911083,77,154352689
"754",6,15.19911083,78,154372034
"755",6,15.19911083,8,154381607
"756",6,15.19911083,81,1
"757",6,15.19911083,83,154384501
"758",6,15.19911083,84,1
"759",6,15.19911083,85,154359716
"760",6,15.19911083,87,154376699
"761",6,15.19911083,88,1
"762",6,15.19911083,89,154396727
"763",6,15.19911083,9,1
"764",6,15.19911083,90,154384455
"765",6,15.19911083,92,154388672
"766",6,15.19911083,93,1
"767",6,15.19911083,94,1
"768",6,15.19911083,96,154382145
"769",6,15.19911083,98,154389298
"770",6,155.56761439,1,1580057256
"771",6,155.56761439,10,1580067253
"772",6,155.56761439,100,1580045676
"773",6,155.56761439,11,1580074066
"774",6,155.56761439,12,1580043472
"775",6,155.56761439,13,1580020644
"776",6,155.56761439,14,1580025510
"777",6,155.56761439,15,1580102962
"778",6,155.56761439,16,1580075660
"779",6,155.56761439,17,1580048589
"780",6,155.56761439,18,1580062876
"781",6,155.56761439,19,1580060892
"782",6,155.56761439,2,1580134926
"783",6,155.56761439,20,1580050185
"784",6,155.56761439,21,1580008490
"785",6,155.56761439,22,1580204633
"786",6,155.56761439,23,1580033501
"787",6,155.56761439,24,1580015485
"788",6,155.56761439,25,1580094316
"789",6,155.56761439,26,1580016843
"790",6,155.56761439,27,1580076405
"791",6,155.56761439,28,1580028093
"792",6,155.56761439,29,1580053119
"793",6,155.56761439,3,1580125702
"794",6,155.56761439,30,1580072372
"795",6,155.56761439,31,1580097698
"796",6,155.56761439,32,1580059614
"797",6,155.56761439,33,1580042262
"798",6,155.56761439,34,1580085915
"799",6,155.56761439,35,1580004796
"800",6,155.56761439,36,1580051613
"801",6,155.56761439,37,1580068897
"802",6,155.56761439,38,1580046680
"803",6,155.56761439,39,1580143519
"804",6,155.56761439,4,1580083630
"805",6,155.56761439,40,1579995796
"806",6,155.56761439,41,1580016048
"807",6,155.56761439,42,1580023780
"808",6,155.56761439,43,1580165125
"809",6,155.56761439,44,1580089155
"810",6,155.56761439,45,1580023679
"811",6,155.56761439,46,1580134843
"812",6,155.56761439,47,1580020797
"813",6,155.56761439,48,1580085720
"814",6,155.56761439,49,1579981167
"815",6,155.56761439,5,1580014488
"816",6,155.56761439,50,1580066093
"817",6,155.56761439,51,1580017414
"818",6,155.56761439,52,1580138746
"819",6,155.56761439,53,1580125606
"820",6,155.56761439,54,1580072877
"821",6,155.56761439,55,1580086161
"822",6,155.56761439,56,1580010560
"823",6,155.56761439,57,1580168034
"824",6,155.56761439,58,1580049865
"825",6,155.56761439,59,1580146116
"826",6,155.56761439,6,1580028933
"827",6,155.56761439,60,1580067253
"828",6,155.56761439,61,1580043837
"829",6,155.56761439,62,1580048244
"830",6,155.56761439,63,1579953472
"831",6,155.56761439,64,1579982558
"832",6,155.56761439,65,1579989605
"833",6,155.56761439,66,1580044684
"834",6,155.56761439,67,1580003469
"835",6,155.56761439,68,1580026909
"836",6,155.56761439,69,1580078126
"837",6,155.56761439,7,1580049535
"838",6,155.56761439,70,1580048131
"839",6,155.56761439,71,1580075683
"840",6,155.56761439,72,1580058670
"841",6,155.56761439,73,1580081601
"842",6,155.56761439,74,1580022754
"843",6,155.56761439,75,1580083926
"844",6,155.56761439,76,1580010051
"845",6,155.56761439,77,1579997770
"846",6,155.56761439,78,1580112803
"847",6,155.56761439,79,1580106474
"848",6,155.56761439,8,1580083742
"849",6,155.56761439,80,1580090547
"850",6,155.56761439,81,1580079932
"851",6,155.56761439,82,1580126387
"852",6,155.56761439,83,1580087051
"853",6,155.56761439,84,1580072966
"854",6,155.56761439,85,1580267560
"855",6,155.56761439,86,1580085055
"856",6,155.56761439,87,1580109988
"857",6,155.56761439,88,1579979072
"858",6,155.56761439,89,1580095954
"859",6,155.56761439,9,1580100991
"860",6,155.56761439,90,1580053320
"861",6,155.56761439,91,1580023185
"862",6,155.56761439,92,1580034392
"863",6,155.56761439,93,1580049231
"864",6,155.56761439,94,1580049237
"865",6,155.56761439,95,1580145470
"866",6,155.56761439,96,1580134143
"867",6,155.56761439,97,1580061445
"868",6,155.56761439,98,1580075909
"869",6,155.56761439,99,1580047663
"870",6,17.07352647,10,3
"871",6,17.07352647,100,173412508
"872",6,17.07352647,11,1
"873",6,17.07352647,13,1
"874",6,17.07352647,15,173385696
"875",6,17.07352647,16,173395562
"876",6,17.07352647,17,1
"877",6,17.07352647,18,1
"878",6,17.07352647,21,173403276
"879",6,17.07352647,23,1
"880",6,17.07352647,27,1
"881",6,17.07352647,28,173411407
"882",6,17.07352647,3,1
"883",6,17.07352647,32,2
"884",6,17.07352647,38,2
"885",6,17.07352647,40,173399100
"886",6,17.07352647,43,173405678
"887",6,17.07352647,45,2
"888",6,17.07352647,5,1
"889",6,17.07352647,50,173404426
"890",6,17.07352647,51,173392532
"891",6,17.07352647,57,1
"892",6,17.07352647,58,1
"893",6,17.07352647,59,1
"894",6,17.07352647,6,1
"895",6,17.07352647,62,173421910
"896",6,17.07352647,65,1
"897",6,17.07352647,66,173424245
"898",6,17.07352647,68,1
"899",6,17.07352647,69,173429190
"900",6,17.07352647,74,1
"901",6,17.07352647,76,173397823
"902",6,17.07352647,77,1
"903",6,17.07352647,79,173418939
"904",6,17.07352647,81,173427921
"905",6,17.07352647,84,173427662
"906",6,17.07352647,85,1
"907",6,17.07352647,86,1
"908",6,17.07352647,87,173435012
"909",6,17.07352647,89,1
"910",6,17.07352647,90,2
"911",6,17.07352647,91,1
"912",6,17.07352647,94,1
"913",6,17.07352647,95,173409489
"914",6,17.07352647,96,173412510
"915",6,17.07352647,98,173413357
"916",6,174.75284,1,1774937181
"917",6,174.75284,10,1774899955
"918",6,174.75284,100,1775003729
"919",6,174.75284,11,1774934977
"920",6,174.75284,12,1774973584
"921",6,174.75284,13,1774899565
"922",6,174.75284,14,1774929999
"923",6,174.75284,15,1774865196
"924",6,174.75284,16,1774928953
"925",6,174.75284,17,1774963307
"926",6,174.75284,18,1774973932
"927",6,174.75284,19,1774879355
"928",6,174.75284,2,1774842449
"929",6,174.75284,20,1774950341
"930",6,174.75284,21,1774864689
"931",6,174.75284,22,1774816109
"932",6,174.75284,23,1774923724
"933",6,174.75284,24,1774896879
"934",6,174.75284,25,1774946807
"935",6,174.75284,26,1775025786
"936",6,174.75284,27,1775044333
"937",6,174.75284,28,1774962708
"938",6,174.75284,29,1775004437
"939",6,174.75284,3,1774924459
"940",6,174.75284,30,1774974013
"941",6,174.75284,31,1774953055
"942",6,174.75284,32,1774863547
"943",6,174.75284,33,1774991271
"944",6,174.75284,34,1774991143
"945",6,174.75284,35,1774860224
"946",6,174.75284,36,1774955647
"947",6,174.75284,37,1774923854
"948",6,174.75284,38,1774953630
"949",6,174.75284,39,1775014359
"950",6,174.75284,4,1774979343
"951",6,174.75284,40,1774924741
"952",6,174.75284,41,1774819859
"953",6,174.75284,42,1774911234
"954",6,174.75284,43,1775004722
"955",6,174.75284,44,1774944694
"956",6,174.75284,45,1774860547
"957",6,174.75284,46,1774937376
"958",6,174.75284,47,1774923269
"959",6,174.75284,48,1774898057
"960",6,174.75284,49,1775005214
"961",6,174.75284,5,1774944039
"962",6,174.75284,50,1774867249
"963",6,174.75284,51,1774947422
"964",6,174.75284,52,1774987250
"965",6,174.75284,53,1774988021
"966",6,174.75284,54,1774965647
"967",6,174.75284,55,1774901687
"968",6,174.75284,56,1774971482
"969",6,174.75284,57,1774838253
"970",6,174.75284,58,1774965723
"971",6,174.75284,59,1775033832
"972",6,174.75284,6,1774948952
"973",6,174.75284,60,1774919102
"974",6,174.75284,61,1774902591
"975",6,174.75284,62,1774944493
"976",6,174.75284,63,1774949612
"977",6,174.75284,64,1775004903
"978",6,174.75284,65,1774924641
"979",6,174.75284,66,1774891388
"980",6,174.75284,67,1774910385
"981",6,174.75284,68,1774888834
"982",6,174.75284,69,1774946575
"983",6,174.75284,7,1774933967
"984",6,174.75284,70,1774987068
"985",6,174.75284,71,1774849369
"986",6,174.75284,72,1774919384
"987",6,174.75284,73,1774945212
"988",6,174.75284,74,1775033383
"989",6,174.75284,75,1774949373
"990",6,174.75284,76,1775002162
"991",6,174.75284,77,1774845805
"992",6,174.75284,78,1774845730
"993",6,174.75284,79,1774943094
"994",6,174.75284,8,1774875791
"995",6,174.75284,80,1774981342
"996",6,174.75284,81,1774916706
"997",6,174.75284,82,1774988751
"998",6,174.75284,83,1774981581
"999",6,174.75284,84,1774920329
"1000",6,174.75284,85,1774973204
"1001",6,174.75284,86,1774918542
"1002",6,174.75284,87,1774996843
"1003",6,174.75284,88,1774885276
"1004",6,174.75284,89,1774961741
"1005",6,174.75284,9,1774818846
"1006",6,174.75284,90,1774976699
"1007",6,174.75284,91,1774935727
"1008",6,174.75284,92,1774964916
"1009",6,174.75284,93,1774998459
"1010",6,174.75284,94,1774956504
"1011",6,174.75284,95,1774939389
"1012",6,174.75284,96,1774986527
"1013",6,174.75284,97,1774908165
"1014",6,174.75284,98,1774842311
"1015",6,174.75284,99,1774846993
"1016",6,19.17910262,10,194777577
"1017",6,19.17910262,100,194784433
"1018",6,19.17910262,11,194831143
"1019",6,19.17910262,12,194782085
"1020",6,19.17910262,14,194807886
"1021",6,19.17910262,15,194796147
"1022",6,19.17910262,16,1
"1023",6,19.17910262,17,194800141
"1024",6,19.17910262,18,194814963
"1025",6,19.17910262,19,194806785
"1026",6,19.17910262,2,194785828
"1027",6,19.17910262,22,194793732
"1028",6,19.17910262,23,194802104
"1029",6,19.17910262,24,194791644
"1030",6,19.17910262,25,194793851
"1031",6,19.17910262,26,1
"1032",6,19.17910262,27,1
"1033",6,19.17910262,28,194811398
"1034",6,19.17910262,29,194803596
"1035",6,19.17910262,3,194780532
"1036",6,19.17910262,30,194789305
"1037",6,19.17910262,31,194811427
"1038",6,19.17910262,32,194753150
"1039",6,19.17910262,33,194801600
"1040",6,19.17910262,34,194784904
"1041",6,19.17910262,35,194756442
"1042",6,19.17910262,36,1
"1043",6,19.17910262,37,194812010
"1044",6,19.17910262,38,194748807
"1045",6,19.17910262,4,194803267
"1046",6,19.17910262,40,194799167
"1047",6,19.17910262,41,194811291
"1048",6,19.17910262,43,194783257
"1049",6,19.17910262,44,194785357
"1050",6,19.17910262,45,194809168
"1051",6,19.17910262,47,194808203
"1052",6,19.17910262,48,194768731
"1053",6,19.17910262,50,194793595
"1054",6,19.17910262,51,194796813
"1055",6,19.17910262,52,194767820
"1056",6,19.17910262,53,194779779
"1057",6,19.17910262,54,194784074
"1058",6,19.17910262,55,194783808
"1059",6,19.17910262,56,1
"1060",6,19.17910262,57,194798583
"1061",6,19.17910262,58,194795689
"1062",6,19.17910262,59,194784605
"1063",6,19.17910262,6,194803959
"1064",6,19.17910262,61,194775522
"1065",6,19.17910262,62,194797167
"1066",6,19.17910262,63,194796564
"1067",6,19.17910262,64,194788691
"1068",6,19.17910262,65,194790596
"1069",6,19.17910262,66,194787086
"1070",6,19.17910262,67,1
"1071",6,19.17910262,68,194795863
"1072",6,19.17910262,69,194793413
"1073",6,19.17910262,7,194784448
"1074",6,19.17910262,71,194811495
"1075",6,19.17910262,73,194772103
"1076",6,19.17910262,75,194793007
"1077",6,19.17910262,76,194793147
"1078",6,19.17910262,77,194763332
"1079",6,19.17910262,78,194778264
"1080",6,19.17910262,79,194810856
"1081",6,19.17910262,8,194787542
"1082",6,19.17910262,80,194791676
"1083",6,19.17910262,81,194795213
"1084",6,19.17910262,82,194791920
"1085",6,19.17910262,83,194792139
"1086",6,19.17910262,84,194803358
"1087",6,19.17910262,85,194798966
"1088",6,19.17910262,86,1
"1089",6,19.17910262,87,194797748
"1090",6,19.17910262,89,194805211
"1091",6,19.17910262,9,194786650
"1092",6,19.17910262,90,194806911
"1093",6,19.17910262,91,194813396
"1094",6,19.17910262,92,194783111
"1095",6,19.17910262,93,194806055
"1096",6,19.17910262,95,194801001
"1097",6,19.17910262,96,2
"1098",6,19.17910262,97,194799030
"1099",6,19.17910262,98,194794494
"1100",6,196.304065,1,1993772554
"1101",6,196.304065,10,1993873872
"1102",6,196.304065,100,1993876861
"1103",6,196.304065,11,1993846208
"1104",6,196.304065,12,1993900930
"1105",6,196.304065,13,1993839920
"1106",6,196.304065,14,1993871012
"1107",6,196.304065,15,1993800292
"1108",6,196.304065,16,1993815694
"1109",6,196.304065,17,1993871991
"1110",6,196.304065,18,1993837389
"1111",6,196.304065,19,1993891363
"1112",6,196.304065,2,1993844713
"1113",6,196.304065,20,1993752918
"1114",6,196.304065,21,1993797079
"1115",6,196.304065,22,1993858252
"1116",6,196.304065,23,1993866835
"1117",6,196.304065,24,1993868163
"1118",6,196.304065,25,1993782946
"1119",6,196.304065,26,1993808641
"1120",6,196.304065,27,1993833849
"1121",6,196.304065,28,1993790182
"1122",6,196.304065,29,1993806258
"1123",6,196.304065,3,1993831172
"1124",6,196.304065,30,1993853255
"1125",6,196.304065,31,1993833616
"1126",6,196.304065,32,1993801402
"1127",6,196.304065,33,1993797662
"1128",6,196.304065,34,1993922439
"1129",6,196.304065,35,1993681400
"1130",6,196.304065,36,1993738754
"1131",6,196.304065,37,1993916180
"1132",6,196.304065,38,1993788980
"1133",6,196.304065,39,1993751054
"1134",6,196.304065,4,1993894598
"1135",6,196.304065,40,1993747823
"1136",6,196.304065,41,1993714840
"1137",6,196.304065,42,1993776435
"1138",6,196.304065,43,1993784744
"1139",6,196.304065,44,1993886990
"1140",6,196.304065,45,1993833517
"1141",6,196.304065,46,1993766574
"1142",6,196.304065,47,1993854932
"1143",6,196.304065,48,1993803923
"1144",6,196.304065,49,1993892622
"1145",6,196.304065,5,1993873720
"1146",6,196.304065,50,1993697303
"1147",6,196.304065,51,1993828852
"1148",6,196.304065,52,1993843813
"1149",6,196.304065,53,1993862543
"1150",6,196.304065,54,1993815771
"1151",6,196.304065,55,1993858904
"1152",6,196.304065,56,1993806804
"1153",6,196.304065,57,1993900939
"1154",6,196.304065,58,1993820741
"1155",6,196.304065,59,1993810030
"1156",6,196.304065,6,1993805546
"1157",6,196.304065,60,1993791726
"1158",6,196.304065,61,1993798349
"1159",6,196.304065,62,1993738335
"1160",6,196.304065,63,1993815108
"1161",6,196.304065,64,1993789935
"1162",6,196.304065,65,1993841144
"1163",6,196.304065,66,1993801526
"1164",6,196.304065,67,1993913865
"1165",6,196.304065,68,1993876258
"1166",6,196.304065,69,1993866448
"1167",6,196.304065,7,1993809782
"1168",6,196.304065,70,1993714840
"1169",6,196.304065,71,1993830688
"1170",6,196.304065,72,1993959898
"1171",6,196.304065,73,1993801407
"1172",6,196.304065,74,1993760893
"1173",6,196.304065,75,1993712440
"1174",6,196.304065,76,1993798413
"1175",6,196.304065,77,1993770808
"1176",6,196.304065,78,1993798993
"1177",6,196.304065,79,1993792053
"1178",6,196.304065,8,1993835261
"1179",6,196.304065,80,1993751528
"1180",6,196.304065,81,1993921068
"1181",6,196.304065,82,1993874088
"1182",6,196.304065,83,1993925294
"1183",6,196.304065,84,1993785308
"1184",6,196.304065,85,1993832029
"1185",6,196.304065,86,1993683658
"1186",6,196.304065,87,1993824871
"1187",6,196.304065,88,1993870784
"1188",6,196.304065,89,1993823656
"1189",6,196.304065,9,1993796642
"1190",6,196.304065,90,1993844608
"1191",6,196.304065,91,1993828064
"1192",6,196.304065,92,1993734363
"1193",6,196.304065,93,1993769454
"1194",6,196.304065,94,1993797484
"1195",6,196.304065,95,1993774712
"1196",6,196.304065,96,1993765665
"1197",6,196.304065,97,1993840174
"1198",6,196.304065,98,1993797976
"1199",6,196.304065,99,1994025734
"1200",6,2.10490414,27,21380447
"1201",6,2.10490414,28,2
"1202",6,2.10490414,3,21386124
"1203",6,2.10490414,34,21369617
"1204",6,2.10490414,4,1
"1205",6,2.10490414,46,1
"1206",6,2.10490414,50,21380734
"1207",6,2.10490414,57,21375571
"1208",6,2.10490414,59,21375648
"1209",6,2.10490414,69,1
"1210",6,2.10490414,70,1
"1211",6,2.10490414,71,21378439
"1212",6,2.10490414,79,21371397
"1213",6,2.10490414,83,21378584
"1214",6,2.10490414,86,21377508
"1215",6,2.10490414,93,21373897
"1216",6,2.10490414,95,21374271
"1217",6,2.36448941,13,24014038
"1218",6,2.36448941,15,24013862
"1219",6,2.36448941,32,1
"1220",6,2.36448941,63,24016036
"1221",6,2.36448941,65,24019209
"1222",6,2.36448941,71,24022341
"1223",6,2.36448941,76,24014272
"1224",6,2.36448941,84,24006343
"1225",6,2.36448941,87,24010299
"1226",6,2.36448941,91,24013360
"1227",6,2.36448941,93,1
"1228",6,2.65608778,1,26974716
"1229",6,2.65608778,21,26964786
"1230",6,2.65608778,23,1
"1231",6,2.65608778,25,1
"1232",6,2.65608778,3,26975936
"1233",6,2.65608778,33,26977432
"1234",6,2.65608778,48,26974212
"1235",6,2.65608778,51,26987110
"1236",6,2.65608778,54,26983689
"1237",6,2.65608778,59,26975132
"1238",6,2.65608778,64,26963619
"1239",6,2.65608778,7,26977315
"1240",6,2.65608778,72,26959655
"1241",6,2.65608778,78,26987992
"1242",6,2.65608778,80,26978681
"1243",6,2.65608778,85,2
"1244",6,2.65608778,89,26970306
"1245",6,2.65608778,95,26963960
"1246",6,2.65608778,99,1
"1247",6,2.98364724,10,30306549
"1248",6,2.98364724,100,30297743
"1249",6,2.98364724,12,1
"1250",6,2.98364724,13,30301160
"1251",6,2.98364724,26,30307788
"1252",6,2.98364724,31,1
"1253",6,2.98364724,39,30294776
"1254",6,2.98364724,40,30288133
"1255",6,2.98364724,43,30306087
"1256",6,2.98364724,44,30303884
"1257",6,2.98364724,45,30314134
"1258",6,2.98364724,48,30306823
"1259",6,2.98364724,54,1
"1260",6,2.98364724,55,1
"1261",6,2.98364724,58,30298454
"1262",6,2.98364724,6,30300991
"1263",6,2.98364724,60,30298115
"1264",6,2.98364724,61,30309161
"1265",6,2.98364724,64,1
"1266",6,2.98364724,66,30310845
"1267",6,2.98364724,67,1
"1268",6,2.98364724,76,30305098
"1269",6,2.98364724,8,30303523
"1270",6,2.98364724,85,30309329
"1271",6,2.98364724,89,30293922
"1272",6,2.98364724,92,30296685
"1273",6,2.98364724,93,30304355
"1274",6,2.98364724,94,30305731
"1275",6,2.98364724,98,30301005
"1276",6,21.5443469,1,218803308
"1277",6,21.5443469,10,218835643
"1278",6,21.5443469,11,218815948
"1279",6,21.5443469,12,218825101
"1280",6,21.5443469,14,218832278
"1281",6,21.5443469,15,218830887
"1282",6,21.5443469,16,218836120
"1283",6,21.5443469,17,218840750
"1284",6,21.5443469,18,218838068
"1285",6,21.5443469,19,2
"1286",6,21.5443469,2,218808557
"1287",6,21.5443469,21,218831483
"1288",6,21.5443469,23,218799864
"1289",6,21.5443469,24,218814090
"1290",6,21.5443469,25,218826520
"1291",6,21.5443469,27,218843777
"1292",6,21.5443469,28,218821190
"1293",6,21.5443469,29,218847683
"1294",6,21.5443469,30,218804715
"1295",6,21.5443469,31,218826782
"1296",6,21.5443469,32,218816513
"1297",6,21.5443469,33,218789289
"1298",6,21.5443469,34,218823235
"1299",6,21.5443469,35,218804441
"1300",6,21.5443469,36,218821241
"1301",6,21.5443469,37,218825518
"1302",6,21.5443469,38,218799736
"1303",6,21.5443469,39,218836422
"1304",6,21.5443469,4,218806258
"1305",6,21.5443469,40,218737903
"1306",6,21.5443469,41,218854013
"1307",6,21.5443469,44,218806000
"1308",6,21.5443469,45,218857910
"1309",6,21.5443469,46,218833076
"1310",6,21.5443469,47,218800738
"1311",6,21.5443469,48,218838120
"1312",6,21.5443469,49,218829332
"1313",6,21.5443469,5,218835835
"1314",6,21.5443469,50,218820053
"1315",6,21.5443469,51,218804690
"1316",6,21.5443469,52,218826132
"1317",6,21.5443469,53,218836375
"1318",6,21.5443469,54,218813554
"1319",6,21.5443469,56,218841362
"1320",6,21.5443469,57,218831905
"1321",6,21.5443469,58,218843610
"1322",6,21.5443469,59,218803627
"1323",6,21.5443469,6,218837039
"1324",6,21.5443469,60,218838058
"1325",6,21.5443469,61,218835838
"1326",6,21.5443469,63,218828615
"1327",6,21.5443469,64,218818882
"1328",6,21.5443469,65,218841604
"1329",6,21.5443469,66,218841132
"1330",6,21.5443469,67,218826313
"1331",6,21.5443469,69,218835149
"1332",6,21.5443469,7,218807678
"1333",6,21.5443469,70,218831421
"1334",6,21.5443469,72,218794509
"1335",6,21.5443469,73,218826969
"1336",6,21.5443469,74,218841202
"1337",6,21.5443469,75,218817416
"1338",6,21.5443469,77,218803783
"1339",6,21.5443469,78,218836871
"1340",6,21.5443469,79,218813640
"1341",6,21.5443469,8,218818909
"1342",6,21.5443469,80,218811056
"1343",6,21.5443469,81,218809252
"1344",6,21.5443469,82,218866955
"1345",6,21.5443469,85,218837331
"1346",6,21.5443469,87,218804597
"1347",6,21.5443469,88,218808742
"1348",6,21.5443469,89,218820153
"1349",6,21.5443469,9,218818617
"1350",6,21.5443469,90,218740694
"1351",6,21.5443469,91,218826357
"1352",6,21.5443469,92,218812792
"1353",6,21.5443469,93,218810835
"1354",6,21.5443469,94,218826217
"1355",6,21.5443469,95,218841840
"1356",6,21.5443469,96,1
"1357",6,21.5443469,97,1
"1358",6,21.5443469,98,1
"1359",6,21.5443469,99,218805593
"1360",6,220.51307399,1,2239639053
"1361",6,220.51307399,10,2239707401
"1362",6,220.51307399,100,2239746682
"1363",6,220.51307399,11,2239715435
"1364",6,220.51307399,12,2239746024
"1365",6,220.51307399,13,2239648271
"1366",6,220.51307399,14,2239645959
"1367",6,220.51307399,15,2239645030
"1368",6,220.51307399,16,2239732589
"1369",6,220.51307399,17,2239655920
"1370",6,220.51307399,18,2239623726
"1371",6,220.51307399,19,2239715267
"1372",6,220.51307399,2,2239759434
"1373",6,220.51307399,20,2239585760
"1374",6,220.51307399,21,2239600798
"1375",6,220.51307399,22,2239795883
"1376",6,220.51307399,23,2239644339
"1377",6,220.51307399,24,2239746049
"1378",6,220.51307399,25,2239763038
"1379",6,220.51307399,26,2239666050
"1380",6,220.51307399,27,2239634643
"1381",6,220.51307399,28,2239758739
"1382",6,220.51307399,29,2239731936
"1383",6,220.51307399,3,2239807765
"1384",6,220.51307399,30,2239615117
"1385",6,220.51307399,31,2239766072
"1386",6,220.51307399,32,2239773126
"1387",6,220.51307399,33,2239585445
"1388",6,220.51307399,34,2239778114
"1389",6,220.51307399,35,2239663733
"1390",6,220.51307399,36,2239725941
"1391",6,220.51307399,37,2239701859
"1392",6,220.51307399,38,2239768987
"1393",6,220.51307399,39,2239725438
"1394",6,220.51307399,4,2239660987
"1395",6,220.51307399,40,2239717735
"1396",6,220.51307399,41,2239773296
"1397",6,220.51307399,42,2239806373
"1398",6,220.51307399,43,2239818722
"1399",6,220.51307399,44,2239743785
"1400",6,220.51307399,45,2239723674
"1401",6,220.51307399,46,2239692532
"1402",6,220.51307399,47,2239701366
"1403",6,220.51307399,48,2239677224
"1404",6,220.51307399,49,2239704894
"1405",6,220.51307399,5,2239799010
"1406",6,220.51307399,50,2239609511
"1407",6,220.51307399,51,2239647579
"1408",6,220.51307399,52,2239716742
"1409",6,220.51307399,53,2239717005
"1410",6,220.51307399,54,2239618944
"1411",6,220.51307399,55,2239611350
"1412",6,220.51307399,56,2239725859
"1413",6,220.51307399,57,2239616967
"1414",6,220.51307399,58,2239741045
"1415",6,220.51307399,59,2239752470
"1416",6,220.51307399,6,2239724443
"1417",6,220.51307399,60,2239691052
"1418",6,220.51307399,61,2239619582
"1419",6,220.51307399,62,2239720465
"1420",6,220.51307399,63,2239731663
"1421",6,220.51307399,64,2239719750
"1422",6,220.51307399,65,2239785978
"1423",6,220.51307399,66,2239780065
"1424",6,220.51307399,67,2239727505
"1425",6,220.51307399,68,2239661933
"1426",6,220.51307399,69,2239800007
"1427",6,220.51307399,7,2239703683
"1428",6,220.51307399,70,2239662823
"1429",6,220.51307399,71,2239648888
"1430",6,220.51307399,72,2239744049
"1431",6,220.51307399,73,2239693553
"1432",6,220.51307399,74,2239699627
"1433",6,220.51307399,75,2239698914
"1434",6,220.51307399,76,2239675317
"1435",6,220.51307399,77,2239656282
"1436",6,220.51307399,78,2239614419
"1437",6,220.51307399,79,2239804136
"1438",6,220.51307399,8,2239609728
"1439",6,220.51307399,80,2239690148
"1440",6,220.51307399,81,2239646464
"1441",6,220.51307399,82,2239741785
"1442",6,220.51307399,83,2239726240
"1443",6,220.51307399,84,2239620204
"1444",6,220.51307399,85,2239620718
"1445",6,220.51307399,86,2239554268
"1446",6,220.51307399,87,2239698990
"1447",6,220.51307399,88,2239801611
"1448",6,220.51307399,89,2239687623
"1449",6,220.51307399,9,2239731239
"1450",6,220.51307399,90,2239659511
"1451",6,220.51307399,91,2239664633
"1452",6,220.51307399,92,2239804344
"1453",6,220.51307399,93,2239728099
"1454",6,220.51307399,94,2239766972
"1455",6,220.51307399,95,2239823422
"1456",6,220.51307399,96,2239826111
"1457",6,220.51307399,97,2239735450
"1458",6,220.51307399,98,2239674259
"1459",6,220.51307399,99,2239718050
"1460",6,24.20128265,1,245817574
"1461",6,24.20128265,10,245604199
"1462",6,24.20128265,100,1
"1463",6,24.20128265,12,245823674
"1464",6,24.20128265,13,245814061
"1465",6,24.20128265,14,245807233
"1466",6,24.20128265,15,245812679
"1467",6,24.20128265,16,245783582
"1468",6,24.20128265,17,245832790
"1469",6,24.20128265,18,245834004
"1470",6,24.20128265,19,245788802
"1471",6,24.20128265,2,245817380
"1472",6,24.20128265,20,245815125
"1473",6,24.20128265,21,245828805
"1474",6,24.20128265,22,245772859
"1475",6,24.20128265,23,245797285
"1476",6,24.20128265,25,245624559
"1477",6,24.20128265,27,245799058
"1478",6,24.20128265,28,245784801
"1479",6,24.20128265,29,245805714
"1480",6,24.20128265,3,245806481
"1481",6,24.20128265,30,245792313
"1482",6,24.20128265,31,245803604
"1483",6,24.20128265,32,245806833
"1484",6,24.20128265,33,245485993
"1485",6,24.20128265,34,245805670
"1486",6,24.20128265,35,245799947
"1487",6,24.20128265,37,245783734
"1488",6,24.20128265,38,245770676
"1489",6,24.20128265,39,245805688
"1490",6,24.20128265,40,245805398
"1491",6,24.20128265,41,245819149
"1492",6,24.20128265,42,245791951
"1493",6,24.20128265,43,245796039
"1494",6,24.20128265,44,245806942
"1495",6,24.20128265,45,245806969
"1496",6,24.20128265,46,245802015
"1497",6,24.20128265,47,245840655
"1498",6,24.20128265,48,245685047
"1499",6,24.20128265,49,245808351
"1500",6,24.20128265,5,245803325
"1501",6,24.20128265,50,245813121
"1502",6,24.20128265,51,245812307
"1503",6,24.20128265,52,245829415
"1504",6,24.20128265,53,245779180
"1505",6,24.20128265,54,245810707
"1506",6,24.20128265,55,245807926
"1507",6,24.20128265,56,245794860
"1508",6,24.20128265,57,245820308
"1509",6,24.20128265,58,245826183
"1510",6,24.20128265,59,1
"1511",6,24.20128265,6,2
"1512",6,24.20128265,60,245791720
"1513",6,24.20128265,61,245812413
"1514",6,24.20128265,62,245804955
"1515",6,24.20128265,63,245799665
"1516",6,24.20128265,64,245804670
"1517",6,24.20128265,65,245813571
"1518",6,24.20128265,66,245843515
"1519",6,24.20128265,67,2
"1520",6,24.20128265,68,245798087
"1521",6,24.20128265,69,245811906
"1522",6,24.20128265,7,245803621
"1523",6,24.20128265,71,245797285
"1524",6,24.20128265,72,245794691
"1525",6,24.20128265,75,245794365
"1526",6,24.20128265,76,245633112
"1527",6,24.20128265,77,245792466
"1528",6,24.20128265,78,245793146
"1529",6,24.20128265,79,245792997
"1530",6,24.20128265,8,245802365
"1531",6,24.20128265,80,245812665
"1532",6,24.20128265,81,245804389
"1533",6,24.20128265,82,245779423
"1534",6,24.20128265,83,245817295
"1535",6,24.20128265,84,245787849
"1536",6,24.20128265,85,245786703
"1537",6,24.20128265,87,245840919
"1538",6,24.20128265,89,245810135
"1539",6,24.20128265,90,245792967
"1540",6,24.20128265,91,245839085
"1541",6,24.20128265,92,245806927
"1542",6,24.20128265,93,245791559
"1543",6,24.20128265,94,245819085
"1544",6,24.20128265,95,245805328
"1545",6,24.20128265,96,245700847
"1546",6,24.20128265,97,245781375
"1547",6,24.20128265,98,245813965
"1548",6,24.20128265,99,245797293
"1549",6,247.7076356,1,2515847233
"1550",6,247.7076356,10,2515955580
"1551",6,247.7076356,100,2515890954
"1552",6,247.7076356,11,2516036776
"1553",6,247.7076356,12,2515891937
"1554",6,247.7076356,13,2516060920
"1555",6,247.7076356,14,2515964411
"1556",6,247.7076356,15,2515926609
"1557",6,247.7076356,16,2515913147
"1558",6,247.7076356,17,2515912281
"1559",6,247.7076356,18,2515939675
"1560",6,247.7076356,19,2515946936
"1561",6,247.7076356,2,2515929798
"1562",6,247.7076356,20,2515822318
"1563",6,247.7076356,21,2515986736
"1564",6,247.7076356,22,2515956423
"1565",6,247.7076356,23,2515952492
"1566",6,247.7076356,24,2515900344
"1567",6,247.7076356,25,2515917162
"1568",6,247.7076356,26,2515955291
"1569",6,247.7076356,27,2515917668
"1570",6,247.7076356,28,2515919049
"1571",6,247.7076356,29,2515966932
"1572",6,247.7076356,3,2515900413
"1573",6,247.7076356,30,2515973621
"1574",6,247.7076356,31,2515956909
"1575",6,247.7076356,32,2515917354
"1576",6,247.7076356,33,2515870269
"1577",6,247.7076356,34,2515881939
"1578",6,247.7076356,35,2515905735
"1579",6,247.7076356,36,2515958703
"1580",6,247.7076356,37,2515804510
"1581",6,247.7076356,38,2515855726
"1582",6,247.7076356,39,2515963096
"1583",6,247.7076356,4,2515917162
"1584",6,247.7076356,40,2515758128
"1585",6,247.7076356,41,2515938431
"1586",6,247.7076356,42,2515874262
"1587",6,247.7076356,43,2515962148
"1588",6,247.7076356,44,2516021857
"1589",6,247.7076356,45,2515932383
"1590",6,247.7076356,46,2515862724
"1591",6,247.7076356,47,2515876452
"1592",6,247.7076356,48,2515875779
"1593",6,247.7076356,49,2515784993
"1594",6,247.7076356,5,2515851753
"1595",6,247.7076356,50,2515845769
"1596",6,247.7076356,51,2515821667
"1597",6,247.7076356,52,2515779361
"1598",6,247.7076356,53,2515886781
"1599",6,247.7076356,54,2515831510
"1600",6,247.7076356,55,2515885013
"1601",6,247.7076356,56,2515821020
"1602",6,247.7076356,57,2515918932
"1603",6,247.7076356,58,2515877159
"1604",6,247.7076356,59,2515920322
"1605",6,247.7076356,6,2515895545
"1606",6,247.7076356,60,2515946248
"1607",6,247.7076356,61,2515977868
"1608",6,247.7076356,62,2515757705
"1609",6,247.7076356,63,2515974422
"1610",6,247.7076356,64,2515887839
"1611",6,247.7076356,65,2515963583
"1612",6,247.7076356,66,2515877565
"1613",6,247.7076356,67,2515852704
"1614",6,247.7076356,68,2515877211
"1615",6,247.7076356,69,2515932830
"1616",6,247.7076356,7,2515909357
"1617",6,247.7076356,70,2515931657
"1618",6,247.7076356,71,2515910435
"1619",6,247.7076356,72,2515845391
"1620",6,247.7076356,73,2515864214
"1621",6,247.7076356,74,2515923331
"1622",6,247.7076356,75,2515953001
"1623",6,247.7076356,76,2515922658
"1624",6,247.7076356,77,2515867243
"1625",6,247.7076356,78,2515922720
"1626",6,247.7076356,79,2515901817
"1627",6,247.7076356,8,2515919595
"1628",6,247.7076356,80,2515882801
"1629",6,247.7076356,81,2515998976
"1630",6,247.7076356,82,2515917354
"1631",6,247.7076356,83,2515797982
"1632",6,247.7076356,84,2515855494
"1633",6,247.7076356,85,2515862779
"1634",6,247.7076356,86,2515850198
"1635",6,247.7076356,87,2515834366
"1636",6,247.7076356,88,2515977292
"1637",6,247.7076356,89,2516029924
"1638",6,247.7076356,9,2515778142
"1639",6,247.7076356,90,2515914269
"1640",6,247.7076356,91,2515810500
"1641",6,247.7076356,92,2515823757
"1642",6,247.7076356,93,2515957682
"1643",6,247.7076356,94,2515832597
"1644",6,247.7076356,95,2515883512
"1645",6,247.7076356,96,2515877738
"1646",6,247.7076356,97,2515873257
"1647",6,247.7076356,98,2515925995
"1648",6,247.7076356,99,2515931846
"1649",6,27.18588243,1,276126395
"1650",6,27.18588243,10,276086045
"1651",6,27.18588243,100,276132568
"1652",6,27.18588243,11,276116594
"1653",6,27.18588243,12,276129210
"1654",6,27.18588243,13,276126780
"1655",6,27.18588243,15,276115284
"1656",6,27.18588243,17,276094184
"1657",6,27.18588243,18,276130801
"1658",6,27.18588243,19,276094867
"1659",6,27.18588243,2,276137850
"1660",6,27.18588243,20,276141875
"1661",6,27.18588243,21,276123823
"1662",6,27.18588243,22,276111654
"1663",6,27.18588243,23,276111560
"1664",6,27.18588243,24,276108321
"1665",6,27.18588243,25,276112373
"1666",6,27.18588243,26,276123359
"1667",6,27.18588243,27,276110423
"1668",6,27.18588243,28,276123584
"1669",6,27.18588243,29,276125307
"1670",6,27.18588243,3,276117831
"1671",6,27.18588243,30,276108982
"1672",6,27.18588243,31,276141103
"1673",6,27.18588243,32,276139854
"1674",6,27.18588243,33,276080512
"1675",6,27.18588243,34,276120741
"1676",6,27.18588243,35,276118192
"1677",6,27.18588243,36,276108349
"1678",6,27.18588243,38,1
"1679",6,27.18588243,39,276127245
"1680",6,27.18588243,4,276137415
"1681",6,27.18588243,40,276101773
"1682",6,27.18588243,41,275016162
"1683",6,27.18588243,43,276132429
"1684",6,27.18588243,44,276082206
"1685",6,27.18588243,45,276152973
"1686",6,27.18588243,46,276090259
"1687",6,27.18588243,47,276081703
"1688",6,27.18588243,48,276090816
"1689",6,27.18588243,5,276109124
"1690",6,27.18588243,50,276118932
"1691",6,27.18588243,51,276126211
"1692",6,27.18588243,52,276103381
"1693",6,27.18588243,53,1
"1694",6,27.18588243,54,276159752
"1695",6,27.18588243,55,276107078
"1696",6,27.18588243,56,276103932
"1697",6,27.18588243,58,276105059
"1698",6,27.18588243,59,276094561
"1699",6,27.18588243,6,276109903
"1700",6,27.18588243,60,276146472
"1701",6,27.18588243,61,276124340
"1702",6,27.18588243,62,276119210
"1703",6,27.18588243,63,276102469
"1704",6,27.18588243,64,276139133
"1705",6,27.18588243,65,276132908
"1706",6,27.18588243,66,276115871
"1707",6,27.18588243,67,276132296
"1708",6,27.18588243,68,276122031
"1709",6,27.18588243,69,276127034
"1710",6,27.18588243,7,276140247
"1711",6,27.18588243,70,276121803
"1712",6,27.18588243,71,276111675
"1713",6,27.18588243,72,276109617
"1714",6,27.18588243,73,276097368
"1715",6,27.18588243,75,276119802
"1716",6,27.18588243,76,276117946
"1717",6,27.18588243,77,275238777
"1718",6,27.18588243,78,276140893
"1719",6,27.18588243,79,276094552
"1720",6,27.18588243,8,276127340
"1721",6,27.18588243,80,276108486
"1722",6,27.18588243,81,276136499
"1723",6,27.18588243,82,276094793
"1724",6,27.18588243,84,276144869
"1725",6,27.18588243,85,276120953
"1726",6,27.18588243,86,276127245
"1727",6,27.18588243,87,276116015
"1728",6,27.18588243,88,276119972
"1729",6,27.18588243,89,276095270
"1730",6,27.18588243,9,1
"1731",6,27.18588243,90,276112411
"1732",6,27.18588243,91,276141910
"1733",6,27.18588243,92,276161716
"1734",6,27.18588243,93,276128059
"1735",6,27.18588243,95,276133768
"1736",6,27.18588243,96,276083889
"1737",6,27.18588243,97,276121943
"1738",6,27.18588243,98,276108524
"1739",6,27.18588243,99,276124670
"1740",6,278.25594022,1,2826237342
"1741",6,278.25594022,10,2826099125
"1742",6,278.25594022,100,2826242029
"1743",6,278.25594022,11,2826143730
"1744",6,278.25594022,12,2826170456
"1745",6,278.25594022,13,2826166653
"1746",6,278.25594022,14,2826206156
"1747",6,278.25594022,15,2826293366
"1748",6,278.25594022,16,2826158314
"1749",6,278.25594022,17,2826152946
"1750",6,278.25594022,18,2826174157
"1751",6,278.25594022,19,2826155745
"1752",6,278.25594022,2,2826238113
"1753",6,278.25594022,20,2826122300
"1754",6,278.25594022,21,2826152991
"1755",6,278.25594022,22,2826109210
"1756",6,278.25594022,23,2826220793
"1757",6,278.25594022,24,2826188625
"1758",6,278.25594022,25,2826112051
"1759",6,278.25594022,26,2826178228
"1760",6,278.25594022,27,2826141491
"1761",6,278.25594022,28,2826142279
"1762",6,278.25594022,29,2826189812
"1763",6,278.25594022,3,2826236686
"1764",6,278.25594022,30,2826180881
"1765",6,278.25594022,31,2826246594
"1766",6,278.25594022,32,2826287161
"1767",6,278.25594022,33,2826261333
"1768",6,278.25594022,34,2826114062
"1769",6,278.25594022,35,2826300434
"1770",6,278.25594022,36,2826101769
"1771",6,278.25594022,37,2826263729
"1772",6,278.25594022,38,2826183754
"1773",6,278.25594022,39,2826139008
"1774",6,278.25594022,4,2826133498
"1775",6,278.25594022,40,2826147696
"1776",6,278.25594022,41,2826198635
"1777",6,278.25594022,42,2826165442
"1778",6,278.25594022,43,2826214905
"1779",6,278.25594022,44,2826126678
"1780",6,278.25594022,45,2826153659
"1781",6,278.25594022,46,2826250737
"1782",6,278.25594022,47,2826164639
"1783",6,278.25594022,48,2826125417
"1784",6,278.25594022,49,2826198786
"1785",6,278.25594022,5,2826334369
"1786",6,278.25594022,50,2826176128
"1787",6,278.25594022,51,2826225367
"1788",6,278.25594022,52,2826250195
"1789",6,278.25594022,53,2826340793
"1790",6,278.25594022,54,2826140949
"1791",6,278.25594022,55,2826251404
"1792",6,278.25594022,56,2826108854
"1793",6,278.25594022,57,2826244763
"1794",6,278.25594022,58,2826263742
"1795",6,278.25594022,59,2826201525
"1796",6,278.25594022,6,2826249758
"1797",6,278.25594022,60,2826138344
"1798",6,278.25594022,61,2826219380
"1799",6,278.25594022,62,2826179699
"1800",6,278.25594022,63,2826001901
"1801",6,278.25594022,64,2826121048
"1802",6,278.25594022,65,2826073861
"1803",6,278.25594022,66,2826096217
"1804",6,278.25594022,67,2826215466
"1805",6,278.25594022,68,2826184743
"1806",6,278.25594022,69,2826178670
"1807",6,278.25594022,7,2826191979
"1808",6,278.25594022,70,2826218124
"1809",6,278.25594022,71,2826161518
"1810",6,278.25594022,72,2826235522
"1811",6,278.25594022,73,2826156057
"1812",6,278.25594022,74,2826206528
"1813",6,278.25594022,75,2826206443
"1814",6,278.25594022,76,2826160370
"1815",6,278.25594022,77,2826177902
"1816",6,278.25594022,78,2826151052
"1817",6,278.25594022,79,2826123060
"1818",6,278.25594022,8,2826193472
"1819",6,278.25594022,80,2826088712
"1820",6,278.25594022,81,2826189592
"1821",6,278.25594022,82,2826162993
"1822",6,278.25594022,83,2826200225
"1823",6,278.25594022,84,2826178330
"1824",6,278.25594022,85,2826103037
"1825",6,278.25594022,86,2826221903
"1826",6,278.25594022,87,2826239337
"1827",6,278.25594022,88,2826143125
"1828",6,278.25594022,89,2826135940
"1829",6,278.25594022,9,2826158319
"1830",6,278.25594022,90,2826133936
"1831",6,278.25594022,91,2826237940
"1832",6,278.25594022,92,2826326544
"1833",6,278.25594022,93,2826261682
"1834",6,278.25594022,94,2826278969
"1835",6,278.25594022,95,2826253875
"1836",6,278.25594022,96,2826226605
"1837",6,278.25594022,97,2826248308
"1838",6,278.25594022,98,2826144400
"1839",6,278.25594022,99,2826125781
"1840",6,3.35160265,1,34030830
"1841",6,3.35160265,10,34042331
"1842",6,3.35160265,100,34043052
"1843",6,3.35160265,22,34036851
"1844",6,3.35160265,23,2
"1845",6,3.35160265,3,34044101
"1846",6,3.35160265,34,34041700
"1847",6,3.35160265,41,34035195
"1848",6,3.35160265,42,34044680
"1849",6,3.35160265,43,34047705
"1850",6,3.35160265,5,34026323
"1851",6,3.35160265,51,1
"1852",6,3.35160265,56,1
"1853",6,3.35160265,57,34035225
"1854",6,3.35160265,67,34031967
"1855",6,3.35160265,68,34035521
"1856",6,3.35160265,74,34043228
"1857",6,3.35160265,75,34033471
"1858",6,3.35160265,76,34037225
"1859",6,3.35160265,77,34026090
"1860",6,3.35160265,78,34034804
"1861",6,3.35160265,85,1
"1862",6,3.35160265,87,34038080
"1863",6,3.35160265,92,1
"1864",6,3.35160265,95,34033315
"1865",6,3.35160265,96,1
"1866",6,3.76493581,1,38228750
"1867",6,3.76493581,100,38235556
"1868",6,3.76493581,12,38240995
"1869",6,3.76493581,20,1
"1870",6,3.76493581,21,1
"1871",6,3.76493581,23,1
"1872",6,3.76493581,27,1
"1873",6,3.76493581,28,38243771
"1874",6,3.76493581,34,38247863
"1875",6,3.76493581,37,1
"1876",6,3.76493581,41,38232951
"1877",6,3.76493581,43,38240101
"1878",6,3.76493581,44,38232919
"1879",6,3.76493581,49,38241908
"1880",6,3.76493581,52,38235271
"1881",6,3.76493581,53,38239388
"1882",6,3.76493581,60,38241891
"1883",6,3.76493581,61,1
"1884",6,3.76493581,63,38231993
"1885",6,3.76493581,64,38233547
"1886",6,3.76493581,65,38231285
"1887",6,3.76493581,74,38238252
"1888",6,3.76493581,76,38233191
"1889",6,3.76493581,77,38240274
"1890",6,3.76493581,83,1
"1891",6,3.76493581,92,1
"1892",6,3.76493581,93,38242539
"1893",6,3.76493581,94,38234104
"1894",6,30.53855509,1,310158271
"1895",6,30.53855509,10,310183569
"1896",6,30.53855509,100,310215383
"1897",6,30.53855509,12,310212250
"1898",6,30.53855509,13,310174447
"1899",6,30.53855509,14,310196001
"1900",6,30.53855509,15,310189612
"1901",6,30.53855509,16,308935735
"1902",6,30.53855509,17,310136933
"1903",6,30.53855509,18,310164806
"1904",6,30.53855509,19,310140177
"1905",6,30.53855509,2,310151830
"1906",6,30.53855509,20,310212109
"1907",6,30.53855509,21,310203929
"1908",6,30.53855509,22,310152708
"1909",6,30.53855509,23,310140831
"1910",6,30.53855509,24,310161752
"1911",6,30.53855509,25,310193083
"1912",6,30.53855509,26,310187961
"1913",6,30.53855509,27,1
"1914",6,30.53855509,28,310175965
"1915",6,30.53855509,29,310177095
"1916",6,30.53855509,3,310190219
"1917",6,30.53855509,30,310178613
"1918",6,30.53855509,31,310167725
"1919",6,30.53855509,32,310188937
"1920",6,30.53855509,33,310196275
"1921",6,30.53855509,34,310150533
"1922",6,30.53855509,35,310181892
"1923",6,30.53855509,36,1
"1924",6,30.53855509,37,310146903
"1925",6,30.53855509,38,310171404
"1926",6,30.53855509,39,310161934
"1927",6,30.53855509,4,310160847
"1928",6,30.53855509,40,310178216
"1929",6,30.53855509,41,310173125
"1930",6,30.53855509,42,310162164
"1931",6,30.53855509,43,310144899
"1932",6,30.53855509,44,310179450
"1933",6,30.53855509,45,310171202
"1934",6,30.53855509,46,310162551
"1935",6,30.53855509,47,310188464
"1936",6,30.53855509,48,310194437
"1937",6,30.53855509,49,310189297
"1938",6,30.53855509,5,310180519
"1939",6,30.53855509,50,310161993
"1940",6,30.53855509,51,1
"1941",6,30.53855509,52,310165790
"1942",6,30.53855509,53,310155213
"1943",6,30.53855509,54,310181052
"1944",6,30.53855509,55,310170687
"1945",6,30.53855509,56,1
"1946",6,30.53855509,57,310177373
"1947",6,30.53855509,58,310191593
"1948",6,30.53855509,59,310192015
"1949",6,30.53855509,6,310174637
"1950",6,30.53855509,60,310170075
"1951",6,30.53855509,61,310166534
"1952",6,30.53855509,63,310207111
"1953",6,30.53855509,64,3
"1954",6,30.53855509,65,310223486
"1955",6,30.53855509,66,310180736
"1956",6,30.53855509,67,310183249
"1957",6,30.53855509,68,310171248
"1958",6,30.53855509,69,310152508
"1959",6,30.53855509,7,310172488
"1960",6,30.53855509,70,310160037
"1961",6,30.53855509,71,310180120
"1962",6,30.53855509,72,310171031
"1963",6,30.53855509,73,2
"1964",6,30.53855509,74,7800596
"1965",6,30.53855509,75,2
"1966",6,30.53855509,76,310175081
"1967",6,30.53855509,77,1
"1968",6,30.53855509,78,310192118
"1969",6,30.53855509,79,310167763
"1970",6,30.53855509,8,310186347
"1971",6,30.53855509,80,310230805
"1972",6,30.53855509,81,310194436
"1973",6,30.53855509,83,310134278
"1974",6,30.53855509,84,310166179
"1975",6,30.53855509,85,310205296
"1976",6,30.53855509,86,310197043
"1977",6,30.53855509,88,310191627
"1978",6,30.53855509,89,310156140
"1979",6,30.53855509,9,310169844
"1980",6,30.53855509,90,310168029
"1981",6,30.53855509,92,310168539
"1982",6,30.53855509,94,310149273
"1983",6,30.53855509,95,310187142
"1984",6,30.53855509,96,310202717
"1985",6,30.53855509,97,310220853
"1986",6,30.53855509,98,308701919
"1987",6,30.53855509,99,310162549
"1988",6,312.57158497,1,3174673205
"1989",6,312.57158497,10,3174729660
"1990",6,312.57158497,100,3174711866
"1991",6,312.57158497,11,3174768218
"1992",6,312.57158497,12,3174677492
"1993",6,312.57158497,13,3174611775
"1994",6,312.57158497,14,3174817198
"1995",6,312.57158497,15,3174667453
"1996",6,312.57158497,16,3174680515
"1997",6,312.57158497,17,3174762116
"1998",6,312.57158497,18,3174674808
"1999",6,312.57158497,19,3174723306
"2000",6,312.57158497,2,3174666562
"2001",6,312.57158497,20,3174733533
"2002",6,312.57158497,21,3174730772
"2003",6,312.57158497,22,3174695593
"2004",6,312.57158497,23,3174778042
"2005",6,312.57158497,24,3174634981
"2006",6,312.57158497,25,3174643767
"2007",6,312.57158497,26,3174715972
"2008",6,312.57158497,27,3174681988
"2009",6,312.57158497,28,3174669949
"2010",6,312.57158497,29,3174734343
"2011",6,312.57158497,3,3174767876
"2012",6,312.57158497,30,3174713241
"2013",6,312.57158497,31,3174740236
"2014",6,312.57158497,32,3174789315
"2015",6,312.57158497,33,3174711892
"2016",6,312.57158497,34,3174769996
"2017",6,312.57158497,35,3174812709
"2018",6,312.57158497,36,3174728416
"2019",6,312.57158497,37,3174704137
"2020",6,312.57158497,38,3174737229
"2021",6,312.57158497,39,3174785961
"2022",6,312.57158497,4,3174683356
"2023",6,312.57158497,40,3174706039
"2024",6,312.57158497,41,3174710444
"2025",6,312.57158497,42,3174592143
"2026",6,312.57158497,43,3174774619
"2027",6,312.57158497,44,3174769018
"2028",6,312.57158497,45,3174727537
"2029",6,312.57158497,46,3174729337
"2030",6,312.57158497,47,3174704394
"2031",6,312.57158497,48,3174710481
"2032",6,312.57158497,49,3174755437
"2033",6,312.57158497,5,3174754243
"2034",6,312.57158497,50,3174703173
"2035",6,312.57158497,51,3174771985
"2036",6,312.57158497,52,3174701276
"2037",6,312.57158497,53,3174762270
"2038",6,312.57158497,54,3174809998
"2039",6,312.57158497,55,3174716950
"2040",6,312.57158497,56,3174652628
"2041",6,312.57158497,57,3174777437
"2042",6,312.57158497,58,3174661965
"2043",6,312.57158497,59,3174719034
"2044",6,312.57158497,6,3174818468
"2045",6,312.57158497,60,3174670696
"2046",6,312.57158497,61,3174610918
"2047",6,312.57158497,62,3174749552
"2048",6,312.57158497,63,3174805714
"2049",6,312.57158497,64,3174664113
"2050",6,312.57158497,65,3174675445
"2051",6,312.57158497,66,3174667119
"2052",6,312.57158497,67,3174664014
"2053",6,312.57158497,68,3174816382
"2054",6,312.57158497,69,3174601596
"2055",6,312.57158497,7,3174810936
"2056",6,312.57158497,70,3174716417
"2057",6,312.57158497,71,3174674752
"2058",6,312.57158497,72,3174655504
"2059",6,312.57158497,73,3174697623
"2060",6,312.57158497,74,3174698250
"2061",6,312.57158497,75,3174629823
"2062",6,312.57158497,76,3174760511
"2063",6,312.57158497,77,3174700116
"2064",6,312.57158497,78,3174770834
"2065",6,312.57158497,79,3174713623
"2066",6,312.57158497,8,3174722933
"2067",6,312.57158497,80,3174738764
"2068",6,312.57158497,81,3174674686
"2069",6,312.57158497,82,3174739225
"2070",6,312.57158497,83,3174903301
"2071",6,312.57158497,84,3174707322
"2072",6,312.57158497,85,3174773896
"2073",6,312.57158497,86,3174695267
"2074",6,312.57158497,87,3174746693
"2075",6,312.57158497,88,3174625627
"2076",6,312.57158497,89,3174734893
"2077",6,312.57158497,9,3174681651
"2078",6,312.57158497,90,3174721923
"2079",6,312.57158497,91,3174691308
"2080",6,312.57158497,92,3174649974
"2081",6,312.57158497,93,3174635998
"2082",6,312.57158497,94,3174667769
"2083",6,312.57158497,95,3174710343
"2084",6,312.57158497,96,3174733164
"2085",6,312.57158497,97,3174716933
"2086",6,312.57158497,98,3174784283
"2087",6,312.57158497,99,3174590893
"2088",6,34.30469286,1,348415801
"2089",6,34.30469286,100,2
"2090",6,34.30469286,11,348417402
"2091",6,34.30469286,12,348415740
"2092",6,34.30469286,13,348427457
"2093",6,34.30469286,14,348432566
"2094",6,34.30469286,15,348507627
"2095",6,34.30469286,16,348437826
"2096",6,34.30469286,17,348436856
"2097",6,34.30469286,18,348414163
"2098",6,34.30469286,19,348379136
"2099",6,34.30469286,2,348446261
"2100",6,34.30469286,20,348413452
"2101",6,34.30469286,21,348457782
"2102",6,34.30469286,22,348413532
"2103",6,34.30469286,23,348406331
"2104",6,34.30469286,24,348419512
"2105",6,34.30469286,25,348388536
"2106",6,34.30469286,26,348419280
"2107",6,34.30469286,27,348429296
"2108",6,34.30469286,28,348429554
"2109",6,34.30469286,29,348415626
"2110",6,34.30469286,3,348411240
"2111",6,34.30469286,30,348460003
"2112",6,34.30469286,31,348428359
"2113",6,34.30469286,32,348414557
"2114",6,34.30469286,33,348416254
"2115",6,34.30469286,34,348401466
"2116",6,34.30469286,35,348426079
"2117",6,34.30469286,36,348428555
"2118",6,34.30469286,37,348386902
"2119",6,34.30469286,38,348445940
"2120",6,34.30469286,39,348407630
"2121",6,34.30469286,4,348401860
"2122",6,34.30469286,40,348430589
"2123",6,34.30469286,41,348402029
"2124",6,34.30469286,42,348460666
"2125",6,34.30469286,44,348444168
"2126",6,34.30469286,45,348430839
"2127",6,34.30469286,46,348427050
"2128",6,34.30469286,47,348401371
"2129",6,34.30469286,48,348420886
"2130",6,34.30469286,49,348461778
"2131",6,34.30469286,5,348443622
"2132",6,34.30469286,50,348400220
"2133",6,34.30469286,51,348412092
"2134",6,34.30469286,52,348440710
"2135",6,34.30469286,53,348400689
"2136",6,34.30469286,54,348444517
"2137",6,34.30469286,55,348412975
"2138",6,34.30469286,56,348446981
"2139",6,34.30469286,57,348445043
"2140",6,34.30469286,58,344998904
"2141",6,34.30469286,59,348379269
"2142",6,34.30469286,6,348425990
"2143",6,34.30469286,60,348401256
"2144",6,34.30469286,61,348410816
"2145",6,34.30469286,62,348454768
"2146",6,34.30469286,64,348426554
"2147",6,34.30469286,65,348442782
"2148",6,34.30469286,66,348400453
"2149",6,34.30469286,67,348402097
"2150",6,34.30469286,68,348466661
"2151",6,34.30469286,69,348418078
"2152",6,34.30469286,7,348438117
"2153",6,34.30469286,70,348418797
"2154",6,34.30469286,71,348439006
"2155",6,34.30469286,72,348427479
"2156",6,34.30469286,73,348432433
"2157",6,34.30469286,74,348433638
"2158",6,34.30469286,75,348393975
"2159",6,34.30469286,76,348413406
"2160",6,34.30469286,77,348434808
"2161",6,34.30469286,78,348439922
"2162",6,34.30469286,79,348432746
"2163",6,34.30469286,8,348459620
"2164",6,34.30469286,80,348419959
"2165",6,34.30469286,81,348397465
"2166",6,34.30469286,82,348452819
"2167",6,34.30469286,83,348443580
"2168",6,34.30469286,84,348418070
"2169",6,34.30469286,85,1
"2170",6,34.30469286,86,348438464
"2171",6,34.30469286,87,348420510
"2172",6,34.30469286,88,346333311
"2173",6,34.30469286,89,348443557
"2174",6,34.30469286,9,348442890
"2175",6,34.30469286,90,348401902
"2176",6,34.30469286,91,348416948
"2177",6,34.30469286,92,348423753
"2178",6,34.30469286,94,348441455
"2179",6,34.30469286,95,348436083
"2180",6,34.30469286,96,348427298
"2181",6,34.30469286,97,348418281
"2182",6,34.30469286,98,348454271
"2183",6,34.30469286,99,348453293
"2184",6,351.11917342,1,3566268714
"2185",6,351.11917342,10,3566221818
"2186",6,351.11917342,100,3566277499
"2187",6,351.11917342,11,3566290742
"2188",6,351.11917342,12,3566326621
"2189",6,351.11917342,13,3566278697
"2190",6,351.11917342,14,3566380807
"2191",6,351.11917342,15,3566202444
"2192",6,351.11917342,16,3566135240
"2193",6,351.11917342,17,3566109136
"2194",6,351.11917342,18,3566103164
"2195",6,351.11917342,19,3566127236
"2196",6,351.11917342,2,3566100666
"2197",6,351.11917342,20,3566233245
"2198",6,351.11917342,21,3566185824
"2199",6,351.11917342,22,3566225773
"2200",6,351.11917342,23,3566188529
"2201",6,351.11917342,24,3566229973
"2202",6,351.11917342,25,3566250177
"2203",6,351.11917342,26,3566157637
"2204",6,351.11917342,27,3566323079
"2205",6,351.11917342,28,3566232173
"2206",6,351.11917342,29,3566197058
"2207",6,351.11917342,3,3566258415
"2208",6,351.11917342,30,3566215148
"2209",6,351.11917342,31,3566236763
"2210",6,351.11917342,32,3566169639
"2211",6,351.11917342,33,3566146227
"2212",6,351.11917342,34,3566177289
"2213",6,351.11917342,35,3566319589
"2214",6,351.11917342,36,3566277304
"2215",6,351.11917342,37,3566215670
"2216",6,351.11917342,38,3566216533
"2217",6,351.11917342,39,3566174988
"2218",6,351.11917342,4,3566240888
"2219",6,351.11917342,40,3566190676
"2220",6,351.11917342,41,3566219351
"2221",6,351.11917342,42,3566268432
"2222",6,351.11917342,43,3566166376
"2223",6,351.11917342,44,3566319967
"2224",6,351.11917342,45,3566240214
"2225",6,351.11917342,46,3566151205
"2226",6,351.11917342,47,3566152349
"2227",6,351.11917342,48,3566199733
"2228",6,351.11917342,49,3566336263
"2229",6,351.11917342,5,3566364765
"2230",6,351.11917342,50,3566235702
"2231",6,351.11917342,51,3566117822
"2232",6,351.11917342,52,3566180887
"2233",6,351.11917342,53,3566138596
"2234",6,351.11917342,54,3566116249
"2235",6,351.11917342,55,3566203376
"2236",6,351.11917342,56,3566220409
"2237",6,351.11917342,57,3566166506
"2238",6,351.11917342,58,3566357338
"2239",6,351.11917342,59,3566142819
"2240",6,351.11917342,6,3566256236
"2241",6,351.11917342,60,3566285333
"2242",6,351.11917342,61,3566194781
"2243",6,351.11917342,62,3566177947
"2244",6,351.11917342,63,3566327635
"2245",6,351.11917342,64,3566363653
"2246",6,351.11917342,65,3566286086
"2247",6,351.11917342,66,3566345149
"2248",6,351.11917342,67,3566128582
"2249",6,351.11917342,68,3566231548
"2250",6,351.11917342,69,3566138525
"2251",6,351.11917342,7,3566380807
"2252",6,351.11917342,70,3566149366
"2253",6,351.11917342,71,3566189047
"2254",6,351.11917342,72,3566149082
"2255",6,351.11917342,73,3566264746
"2256",6,351.11917342,74,3566295661
"2257",6,351.11917342,75,3566129640
"2258",6,351.11917342,76,3566302444
"2259",6,351.11917342,77,3566279312
"2260",6,351.11917342,78,3566316560
"2261",6,351.11917342,79,3566239603
"2262",6,351.11917342,8,3566264993
"2263",6,351.11917342,80,3566263959
"2264",6,351.11917342,81,3566231426
"2265",6,351.11917342,82,3566331048
"2266",6,351.11917342,83,3566199868
"2267",6,351.11917342,84,3566189918
"2268",6,351.11917342,85,3566272624
"2269",6,351.11917342,86,3566201274
"2270",6,351.11917342,87,3566163920
"2271",6,351.11917342,88,3566340784
"2272",6,351.11917342,89,3566221007
"2273",6,351.11917342,9,3566197397
"2274",6,351.11917342,90,3566185422
"2275",6,351.11917342,91,3566253959
"2276",6,351.11917342,92,3566392692
"2277",6,351.11917342,93,3566339077
"2278",6,351.11917342,94,3566272071
"2279",6,351.11917342,95,3566140949
"2280",6,351.11917342,96,3566332531
"2281",6,351.11917342,97,3566344140
"2282",6,351.11917342,98,3566259443
"2283",6,351.11917342,99,3566315826
"2284",6,38.53528594,1,391405594
"2285",6,38.53528594,10,391428239
"2286",6,38.53528594,100,391407630
"2287",6,38.53528594,11,391414943
"2288",6,38.53528594,13,391399811
"2289",6,38.53528594,14,391422712
"2290",6,38.53528594,15,391394118
"2291",6,38.53528594,16,391341257
"2292",6,38.53528594,17,391412669
"2293",6,38.53528594,18,391378597
"2294",6,38.53528594,19,391397278
"2295",6,38.53528594,2,391411587
"2296",6,38.53528594,20,391381348
"2297",6,38.53528594,21,391394066
"2298",6,38.53528594,22,386426494
"2299",6,38.53528594,23,391373702
"2300",6,38.53528594,24,391381061
"2301",6,38.53528594,25,391389886
"2302",6,38.53528594,26,391411784
"2303",6,38.53528594,27,391440574
"2304",6,38.53528594,28,391365630
"2305",6,38.53528594,29,391401596
"2306",6,38.53528594,3,391414796
"2307",6,38.53528594,30,391396865
"2308",6,38.53528594,31,391413597
"2309",6,38.53528594,32,391358632
"2310",6,38.53528594,33,391425227
"2311",6,38.53528594,34,391367166
"2312",6,38.53528594,35,391415357
"2313",6,38.53528594,36,1
"2314",6,38.53528594,37,391428129
"2315",6,38.53528594,38,391367758
"2316",6,38.53528594,39,391391519
"2317",6,38.53528594,4,391391664
"2318",6,38.53528594,40,391405524
"2319",6,38.53528594,41,391423082
"2320",6,38.53528594,42,391401693
"2321",6,38.53528594,43,391364771
"2322",6,38.53528594,44,391383551
"2323",6,38.53528594,45,391353666
"2324",6,38.53528594,46,391401066
"2325",6,38.53528594,47,391415949
"2326",6,38.53528594,48,391385592
"2327",6,38.53528594,49,391417771
"2328",6,38.53528594,5,391392455
"2329",6,38.53528594,50,391397518
"2330",6,38.53528594,51,391392282
"2331",6,38.53528594,52,391397085
"2332",6,38.53528594,53,391406089
"2333",6,38.53528594,54,1
"2334",6,38.53528594,55,391390865
"2335",6,38.53528594,56,391377434
"2336",6,38.53528594,57,391392844
"2337",6,38.53528594,58,391374727
"2338",6,38.53528594,59,391423962
"2339",6,38.53528594,6,391397605
"2340",6,38.53528594,60,391395431
"2341",6,38.53528594,61,391364849
"2342",6,38.53528594,62,391377542
"2343",6,38.53528594,64,391377931
"2344",6,38.53528594,65,391410737
"2345",6,38.53528594,66,391415179
"2346",6,38.53528594,67,391418337
"2347",6,38.53528594,68,391378109
"2348",6,38.53528594,69,391403544
"2349",6,38.53528594,7,391363441
"2350",6,38.53528594,70,391382416
"2351",6,38.53528594,71,391394610
"2352",6,38.53528594,72,391389254
"2353",6,38.53528594,73,391388374
"2354",6,38.53528594,74,1
"2355",6,38.53528594,75,391380765
"2356",6,38.53528594,76,391347924
"2357",6,38.53528594,77,391395416
"2358",6,38.53528594,78,391403802
"2359",6,38.53528594,79,391411556
"2360",6,38.53528594,8,391394169
"2361",6,38.53528594,80,391360589
"2362",6,38.53528594,81,391373199
"2363",6,38.53528594,82,391417047
"2364",6,38.53528594,83,391403973
"2365",6,38.53528594,84,391406411
"2366",6,38.53528594,85,391404398
"2367",6,38.53528594,86,391402358
"2368",6,38.53528594,87,391416903
"2369",6,38.53528594,88,391395069
"2370",6,38.53528594,89,391391324
"2371",6,38.53528594,9,391405748
"2372",6,38.53528594,90,1
"2373",6,38.53528594,91,391351031
"2374",6,38.53528594,92,391408791
"2375",6,38.53528594,93,391392162
"2376",6,38.53528594,94,391417134
"2377",6,38.53528594,95,391353149
"2378",6,38.53528594,96,391391388
"2379",6,38.53528594,97,391445198
"2380",6,38.53528594,98,391399900
"2381",6,38.53528594,99,391402661
"2382",6,394.42060594,1,4006011055
"2383",6,394.42060594,10,4006107906
"2384",6,394.42060594,100,4006025591
"2385",6,394.42060594,11,4005973077
"2386",6,394.42060594,12,4005989255
"2387",6,394.42060594,13,4006115204
"2388",6,394.42060594,14,4006052915
"2389",6,394.42060594,15,4006135069
"2390",6,394.42060594,16,4006079864
"2391",6,394.42060594,17,4005997245
"2392",6,394.42060594,18,4006219879
"2393",6,394.42060594,19,4006106695
"2394",6,394.42060594,2,4005901566
"2395",6,394.42060594,20,4005901566
"2396",6,394.42060594,21,4005933768
"2397",6,394.42060594,22,4006048830
"2398",6,394.42060594,23,4005909095
"2399",6,394.42060594,24,4006024886
"2400",6,394.42060594,25,4006000050
"2401",6,394.42060594,26,4006114309
"2402",6,394.42060594,27,4005965670
"2403",6,394.42060594,28,4006106898
"2404",6,394.42060594,29,4006004669
"2405",6,394.42060594,3,4005987165
"2406",6,394.42060594,30,4006023248
"2407",6,394.42060594,31,4006115970
"2408",6,394.42060594,32,4006143769
"2409",6,394.42060594,33,4006145377
"2410",6,394.42060594,34,4006012268
"2411",6,394.42060594,35,4005990255
"2412",6,394.42060594,36,4006008902
"2413",6,394.42060594,37,4005943980
"2414",6,394.42060594,38,4005920468
"2415",6,394.42060594,39,4006035506
"2416",6,394.42060594,4,4006216512
"2417",6,394.42060594,40,4005990487
"2418",6,394.42060594,41,4005943399
"2419",6,394.42060594,42,4006083967
"2420",6,394.42060594,43,4005994972
"2421",6,394.42060594,44,4006057971
"2422",6,394.42060594,45,4006000163
"2423",6,394.42060594,46,4005962391
"2424",6,394.42060594,47,4006020967
"2425",6,394.42060594,48,4006078710
"2426",6,394.42060594,49,4005986772
"2427",6,394.42060594,5,4006128721
"2428",6,394.42060594,50,4005990195
"2429",6,394.42060594,51,4006041931
"2430",6,394.42060594,52,4006106183
"2431",6,394.42060594,53,4005969037
"2432",6,394.42060594,54,4006141865
"2433",6,394.42060594,55,4005979940
"2434",6,394.42060594,56,4006039787
"2435",6,394.42060594,57,4006027121
"2436",6,394.42060594,58,4006052594
"2437",6,394.42060594,59,4006075095
"2438",6,394.42060594,6,4006114492
"2439",6,394.42060594,60,4006151584
"2440",6,394.42060594,61,4006130838
"2441",6,394.42060594,62,4006040706
"2442",6,394.42060594,63,4005975264
"2443",6,394.42060594,64,4006070782
"2444",6,394.42060594,65,4006000611
"2445",6,394.42060594,66,4005967416
"2446",6,394.42060594,67,4006082212
"2447",6,394.42060594,68,4006127030
"2448",6,394.42060594,69,4005987716
"2449",6,394.42060594,7,4006070680
"2450",6,394.42060594,70,4006075945
"2451",6,394.42060594,71,4006058727
"2452",6,394.42060594,72,4006030447
"2453",6,394.42060594,73,4006122266
"2454",6,394.42060594,74,4005979579
"2455",6,394.42060594,75,4005972413
"2456",6,394.42060594,76,4006139192
"2457",6,394.42060594,77,4005925042
"2458",6,394.42060594,78,4006041678
"2459",6,394.42060594,79,4005936098
"2460",6,394.42060594,8,4006085535
"2461",6,394.42060594,80,4006192272
"2462",6,394.42060594,81,4006068717
"2463",6,394.42060594,82,4006211097
"2464",6,394.42060594,83,4005998000
"2465",6,394.42060594,84,4006009311
"2466",6,394.42060594,85,4006118252
"2467",6,394.42060594,86,4006027225
"2468",6,394.42060594,87,4006180508
"2469",6,394.42060594,88,4006028228
"2470",6,394.42060594,89,4006086597
"2471",6,394.42060594,9,4006118813
"2472",6,394.42060594,90,4005995447
"2473",6,394.42060594,91,4005994114
"2474",6,394.42060594,92,4006040966
"2475",6,394.42060594,93,4005966749
"2476",6,394.42060594,94,4005963585
"2477",6,394.42060594,95,4005987188
"2478",6,394.42060594,96,4006160526
"2479",6,394.42060594,97,4006147024
"2480",6,394.42060594,98,4005978734
"2481",6,394.42060594,99,4006005998
"2482",6,4.22924287,10,42950896
"2483",6,4.22924287,14,42956221
"2484",6,4.22924287,16,42954305
"2485",6,4.22924287,34,42961776
"2486",6,4.22924287,36,42963639
"2487",6,4.22924287,37,42952612
"2488",6,4.22924287,38,1
"2489",6,4.22924287,4,42969446
"2490",6,4.22924287,43,1
"2491",6,4.22924287,44,42950968
"2492",6,4.22924287,47,1
"2493",6,4.22924287,5,42957684
"2494",6,4.22924287,54,1
"2495",6,4.22924287,57,42957958
"2496",6,4.22924287,58,42957156
"2497",6,4.22924287,60,1
"2498",6,4.22924287,63,42950773
"2499",6,4.22924287,66,42953829
"2500",6,4.22924287,68,42952915
"2501",6,4.22924287,70,1
"2502",6,4.22924287,71,1
"2503",6,4.22924287,72,42967850
"2504",6,4.22924287,77,42942384
"2505",6,4.22924287,79,42957320
"2506",6,4.22924287,84,1
"2507",6,4.22924287,85,42949728
"2508",6,4.22924287,89,42960779
"2509",6,4.22924287,90,42951429
"2510",6,4.22924287,96,42947954
"2511",6,4.22924287,97,42952114
"2512",6,4.22924287,99,42947302
"2513",6,4.75081016,100,48254065
"2514",6,4.75081016,11,48243814
"2515",6,4.75081016,13,48242183
"2516",6,4.75081016,19,48246305
"2517",6,4.75081016,20,48257352
"2518",6,4.75081016,25,48245107
"2519",6,4.75081016,29,1
"2520",6,4.75081016,3,48255896
"2521",6,4.75081016,30,2
"2522",6,4.75081016,31,48244348
"2523",6,4.75081016,32,48248807
"2524",6,4.75081016,33,48248687
"2525",6,4.75081016,35,1
"2526",6,4.75081016,38,48248824
"2527",6,4.75081016,4,48259097
"2528",6,4.75081016,42,48263544
"2529",6,4.75081016,43,48250821
"2530",6,4.75081016,45,48254140
"2531",6,4.75081016,46,48245195
"2532",6,4.75081016,53,48250691
"2533",6,4.75081016,54,1
"2534",6,4.75081016,57,48252539
"2535",6,4.75081016,59,1
"2536",6,4.75081016,68,48254366
"2537",6,4.75081016,69,48245570
"2538",6,4.75081016,78,48251131
"2539",6,4.75081016,80,48252548
"2540",6,4.75081016,81,48246305
"2541",6,4.75081016,86,48247815
"2542",6,4.75081016,91,1
"2543",6,4.75081016,92,48258722
"2544",6,4.75081016,98,48247775
"2545",6,4.75081016,99,2
"2546",6,43.28761281,1,439686548
"2547",6,43.28761281,10,439680793
"2548",6,43.28761281,100,439678377
"2549",6,43.28761281,11,439657477
"2550",6,43.28761281,13,439655323
"2551",6,43.28761281,14,439709590
"2552",6,43.28761281,15,439620889
"2553",6,43.28761281,16,439689179
"2554",6,43.28761281,17,439671660
"2555",6,43.28761281,18,439672070
"2556",6,43.28761281,19,439653152
"2557",6,43.28761281,2,439667898
"2558",6,43.28761281,20,439702901
"2559",6,43.28761281,21,439691288
"2560",6,43.28761281,22,439745645
"2561",6,43.28761281,23,2
"2562",6,43.28761281,24,439667669
"2563",6,43.28761281,25,439686512
"2564",6,43.28761281,26,1
"2565",6,43.28761281,27,439663496
"2566",6,43.28761281,28,439645639
"2567",6,43.28761281,29,439684448
"2568",6,43.28761281,3,439690039
"2569",6,43.28761281,30,439630906
"2570",6,43.28761281,31,439623010
"2571",6,43.28761281,32,439645681
"2572",6,43.28761281,33,1
"2573",6,43.28761281,34,439646889
"2574",6,43.28761281,35,439649239
"2575",6,43.28761281,36,439649182
"2576",6,43.28761281,37,439645303
"2577",6,43.28761281,38,439659476
"2578",6,43.28761281,39,439655028
"2579",6,43.28761281,4,439672246
"2580",6,43.28761281,40,439660547
"2581",6,43.28761281,41,439695006
"2582",6,43.28761281,42,439647495
"2583",6,43.28761281,43,439688494
"2584",6,43.28761281,44,439699483
"2585",6,43.28761281,45,439660242
"2586",6,43.28761281,46,439633879
"2587",6,43.28761281,47,439657617
"2588",6,43.28761281,48,439653563
"2589",6,43.28761281,49,439673954
"2590",6,43.28761281,5,439687599
"2591",6,43.28761281,50,439606434
"2592",6,43.28761281,51,439639034
"2593",6,43.28761281,52,439652632
"2594",6,43.28761281,53,439684290
"2595",6,43.28761281,54,439679632
"2596",6,43.28761281,55,439666775
"2597",6,43.28761281,56,439654811
"2598",6,43.28761281,57,439696326
"2599",6,43.28761281,58,439665872
"2600",6,43.28761281,59,439673730
"2601",6,43.28761281,6,439668624
"2602",6,43.28761281,60,439668264
"2603",6,43.28761281,61,439651654
"2604",6,43.28761281,62,439672544
"2605",6,43.28761281,63,439647750
"2606",6,43.28761281,64,439653107
"2607",6,43.28761281,65,439701098
"2608",6,43.28761281,66,439637280
"2609",6,43.28761281,67,439636570
"2610",6,43.28761281,68,439620747
"2611",6,43.28761281,69,439673129
"2612",6,43.28761281,7,439640341
"2613",6,43.28761281,70,439688110
"2614",6,43.28761281,71,439685752
"2615",6,43.28761281,72,1
"2616",6,43.28761281,73,439664309
"2617",6,43.28761281,74,439678327
"2618",6,43.28761281,75,439637226
"2619",6,43.28761281,76,439667080
"2620",6,43.28761281,77,439636421
"2621",6,43.28761281,78,439641333
"2622",6,43.28761281,79,439697685
"2623",6,43.28761281,8,439679594
"2624",6,43.28761281,80,439661147
"2625",6,43.28761281,81,439654768
"2626",6,43.28761281,83,439645155
"2627",6,43.28761281,84,439656712
"2628",6,43.28761281,85,439697477
"2629",6,43.28761281,86,439697572
"2630",6,43.28761281,87,439654422
"2631",6,43.28761281,88,439694696
"2632",6,43.28761281,89,439591500
"2633",6,43.28761281,9,439661692
"2634",6,43.28761281,90,439646834
"2635",6,43.28761281,91,439682077
"2636",6,43.28761281,92,439651361
"2637",6,43.28761281,93,439669489
"2638",6,43.28761281,94,439653089
"2639",6,43.28761281,95,439697404
"2640",6,43.28761281,96,439662603
"2641",6,43.28761281,97,439670272
"2642",6,43.28761281,98,439668171
"2643",6,43.28761281,99,439659476
"2644",6,443.06214576,1,4500152193
"2645",6,443.06214576,10,4500179114
"2646",6,443.06214576,100,4500137460
"2647",6,443.06214576,11,4500151188
"2648",6,443.06214576,12,4500047514
"2649",6,443.06214576,13,4500017982
"2650",6,443.06214576,14,4499977838
"2651",6,443.06214576,15,4500028710
"2652",6,443.06214576,16,4499991404
"2653",6,443.06214576,17,4500107871
"2654",6,443.06214576,18,4500020266
"2655",6,443.06214576,19,4499975139
"2656",6,443.06214576,2,4500057682
"2657",6,443.06214576,20,4500103909
"2658",6,443.06214576,21,4500146298
"2659",6,443.06214576,22,4500135318
"2660",6,443.06214576,23,4500048049
"2661",6,443.06214576,24,4500078863
"2662",6,443.06214576,25,4500091602
"2663",6,443.06214576,26,4499995929
"2664",6,443.06214576,27,4500077410
"2665",6,443.06214576,28,4499979328
"2666",6,443.06214576,29,4500057304
"2667",6,443.06214576,3,4500207979
"2668",6,443.06214576,30,4500020367
"2669",6,443.06214576,31,4500192851
"2670",6,443.06214576,32,4500135592
"2671",6,443.06214576,33,4500165593
"2672",6,443.06214576,34,4500075112
"2673",6,443.06214576,35,4500209536
"2674",6,443.06214576,36,4500099831
"2675",6,443.06214576,37,4500068704
"2676",6,443.06214576,38,4500167939
"2677",6,443.06214576,39,4500117992
"2678",6,443.06214576,4,4500046093
"2679",6,443.06214576,40,4500037390
"2680",6,443.06214576,41,4499986053
"2681",6,443.06214576,42,4500276647
"2682",6,443.06214576,43,4500121809
"2683",6,443.06214576,44,4500083505
"2684",6,443.06214576,45,4500037048
"2685",6,443.06214576,46,4500055279
"2686",6,443.06214576,47,4499976374
"2687",6,443.06214576,48,4500159502
"2688",6,443.06214576,49,4500082798
"2689",6,443.06214576,5,4500043513
"2690",6,443.06214576,50,4500032577
"2691",6,443.06214576,51,4499993670
"2692",6,443.06214576,52,4500093869
"2693",6,443.06214576,53,4499939449
"2694",6,443.06214576,54,4500066178
"2695",6,443.06214576,55,4500135960
"2696",6,443.06214576,56,4500042923
"2697",6,443.06214576,57,4500076950
"2698",6,443.06214576,58,4500126502
"2699",6,443.06214576,59,4500263308
"2700",6,443.06214576,6,4499992802
"2701",6,443.06214576,60,4500191986
"2702",6,443.06214576,61,4500084473
"2703",6,443.06214576,62,4500135733
"2704",6,443.06214576,63,4500038438
"2705",6,443.06214576,64,4500115891
"2706",6,443.06214576,65,4500230544
"2707",6,443.06214576,66,4500078585
"2708",6,443.06214576,67,4500111470
"2709",6,443.06214576,68,4500125456
"2710",6,443.06214576,69,4500042988
"2711",6,443.06214576,7,4499987990
"2712",6,443.06214576,70,4500066225
"2713",6,443.06214576,71,4500105644
"2714",6,443.06214576,72,4500068278
"2715",6,443.06214576,73,4500126183
"2716",6,443.06214576,74,4500076916
"2717",6,443.06214576,75,4499991915
"2718",6,443.06214576,76,4500054321
"2719",6,443.06214576,77,4500225772
"2720",6,443.06214576,78,4499974426
"2721",6,443.06214576,79,4500015871
"2722",6,443.06214576,8,4500004093
"2723",6,443.06214576,80,4500089260
"2724",6,443.06214576,81,4500081693
"2725",6,443.06214576,82,4500021414
"2726",6,443.06214576,83,4500153754
"2727",6,443.06214576,84,4500080169
"2728",6,443.06214576,85,4500128291
"2729",6,443.06214576,86,4500018181
"2730",6,443.06214576,87,4500053690
"2731",6,443.06214576,88,4500077977
"2732",6,443.06214576,89,4500033612
"2733",6,443.06214576,9,4500076924
"2734",6,443.06214576,90,4500063218
"2735",6,443.06214576,91,4500110093
"2736",6,443.06214576,92,4500064302
"2737",6,443.06214576,93,4500152483
"2738",6,443.06214576,94,4500059120
"2739",6,443.06214576,95,4500232606
"2740",6,443.06214576,96,4499986265
"2741",6,443.06214576,97,4499952339
"2742",6,443.06214576,98,4499974747
"2743",6,443.06214576,99,4499869975
"2744",6,48.6260158,1,493906754
"2745",6,48.6260158,10,493916277
"2746",6,48.6260158,100,493867302
"2747",6,48.6260158,11,493916277
"2748",6,48.6260158,12,493960989
"2749",6,48.6260158,13,493843753
"2750",6,48.6260158,14,493870762
"2751",6,48.6260158,15,493876688
"2752",6,48.6260158,16,493940104
"2753",6,48.6260158,17,493946667
"2754",6,48.6260158,18,493932145
"2755",6,48.6260158,19,493854391
"2756",6,48.6260158,2,493872268
"2757",6,48.6260158,20,493870034
"2758",6,48.6260158,21,493885157
"2759",6,48.6260158,22,493905851
"2760",6,48.6260158,23,493890870
"2761",6,48.6260158,24,493889062
"2762",6,48.6260158,25,493896217
"2763",6,48.6260158,26,493856163
"2764",6,48.6260158,27,493889658
"2765",6,48.6260158,28,493893052
"2766",6,48.6260158,29,493875891
"2767",6,48.6260158,3,493872070
"2768",6,48.6260158,30,493827562
"2769",6,48.6260158,31,493851932
"2770",6,48.6260158,32,493871085
"2771",6,48.6260158,33,1
"2772",6,48.6260158,34,493926117
"2773",6,48.6260158,35,493860814
"2774",6,48.6260158,36,493936324
"2775",6,48.6260158,37,493857066
"2776",6,48.6260158,38,493849147
"2777",6,48.6260158,39,493857640
"2778",6,48.6260158,4,493868590
"2779",6,48.6260158,40,493907212
"2780",6,48.6260158,41,2
"2781",6,48.6260158,42,493857135
"2782",6,48.6260158,43,3
"2783",6,48.6260158,44,493880735
"2784",6,48.6260158,45,493850528
"2785",6,48.6260158,46,493902458
"2786",6,48.6260158,47,493900419
"2787",6,48.6260158,48,493901995
"2788",6,48.6260158,49,493889784
"2789",6,48.6260158,5,1
"2790",6,48.6260158,50,493892778
"2791",6,48.6260158,51,493874800
"2792",6,48.6260158,52,493846637
"2793",6,48.6260158,53,493900466
"2794",6,48.6260158,54,493878170
"2795",6,48.6260158,55,493894338
"2796",6,48.6260158,57,493870465
"2797",6,48.6260158,59,493880340
"2798",6,48.6260158,6,493883491
"2799",6,48.6260158,60,493885339
"2800",6,48.6260158,61,493903995
"2801",6,48.6260158,62,493904611
"2802",6,48.6260158,63,493851016
"2803",6,48.6260158,64,493901082
"2804",6,48.6260158,65,1
"2805",6,48.6260158,66,493906021
"2806",6,48.6260158,67,493880834
"2807",6,48.6260158,68,493898774
"2808",6,48.6260158,69,493873275
"2809",6,48.6260158,7,493908693
"2810",6,48.6260158,70,493855685
"2811",6,48.6260158,71,493877863
"2812",6,48.6260158,72,493859010
"2813",6,48.6260158,73,493914275
"2814",6,48.6260158,74,493884461
"2815",6,48.6260158,75,493920167
"2816",6,48.6260158,76,493848179
"2817",6,48.6260158,77,493840102
"2818",6,48.6260158,78,493873605
"2819",6,48.6260158,79,493867113
"2820",6,48.6260158,8,493871559
"2821",6,48.6260158,80,493871976
"2822",6,48.6260158,81,493904131
"2823",6,48.6260158,82,493878521
"2824",6,48.6260158,83,493851833
"2825",6,48.6260158,85,493810383
"2826",6,48.6260158,86,493863459
"2827",6,48.6260158,87,493888244
"2828",6,48.6260158,88,493893305
"2829",6,48.6260158,89,493902122
"2830",6,48.6260158,90,1
"2831",6,48.6260158,91,493889475
"2832",6,48.6260158,92,493926463
"2833",6,48.6260158,93,493865905
"2834",6,48.6260158,94,493909536
"2835",6,48.6260158,95,493841799
"2836",6,48.6260158,96,493870182
"2837",6,48.6260158,97,4
"2838",6,48.6260158,98,493918243
"2839",6,48.6260158,99,493885377
"2840",6,497.70235643,1,5055098922
"2841",6,497.70235643,10,5054960295
"2842",6,497.70235643,100,5055121440
"2843",6,497.70235643,11,5055012736
"2844",6,497.70235643,12,5054927813
"2845",6,497.70235643,13,5055065537
"2846",6,497.70235643,14,5054992770
"2847",6,497.70235643,15,5055079308
"2848",6,497.70235643,16,5054993763
"2849",6,497.70235643,17,5055062348
"2850",6,497.70235643,18,5055114399
"2851",6,497.70235643,19,5055098979
"2852",6,497.70235643,2,5055131787
"2853",6,497.70235643,20,5055091475
"2854",6,497.70235643,21,5055122229
"2855",6,497.70235643,22,5055078173
"2856",6,497.70235643,23,5055024045
"2857",6,497.70235643,24,5055059088
"2858",6,497.70235643,25,5055076619
"2859",6,497.70235643,26,5055157160
"2860",6,497.70235643,27,5055108712
"2861",6,497.70235643,28,5055057217
"2862",6,497.70235643,29,5054967962
"2863",6,497.70235643,3,5055212511
"2864",6,497.70235643,30,5055129422
"2865",6,497.70235643,31,5054961743
"2866",6,497.70235643,32,5055057175
"2867",6,497.70235643,33,5054955316
"2868",6,497.70235643,34,5055007640
"2869",6,497.70235643,35,5054925527
"2870",6,497.70235643,36,5055080583
"2871",6,497.70235643,37,5055031628
"2872",6,497.70235643,38,5055050535
"2873",6,497.70235643,39,5055022353
"2874",6,497.70235643,4,5055031317
"2875",6,497.70235643,40,5055086269
"2876",6,497.70235643,41,5055034346
"2877",6,497.70235643,42,5055021354
"2878",6,497.70235643,43,5055206676
"2879",6,497.70235643,44,5054861310
"2880",6,497.70235643,45,5054934942
"2881",6,497.70235643,46,5054936102
"2882",6,497.70235643,47,5054973027
"2883",6,497.70235643,48,5055139654
"2884",6,497.70235643,49,5054959362
"2885",6,497.70235643,5,5055184454
"2886",6,497.70235643,50,5055054027
"2887",6,497.70235643,51,5055032161
"2888",6,497.70235643,52,5055090212
"2889",6,497.70235643,53,5055013144
"2890",6,497.70235643,54,5054939961
"2891",6,497.70235643,55,5055185416
"2892",6,497.70235643,56,5054969122
"2893",6,497.70235643,57,5055115192
"2894",6,497.70235643,58,5055110690
"2895",6,497.70235643,59,5055181474
"2896",6,497.70235643,6,5054999800
"2897",6,497.70235643,60,5054958991
"2898",6,497.70235643,61,5055056477
"2899",6,497.70235643,62,5055209483
"2900",6,497.70235643,63,5055169101
"2901",6,497.70235643,64,5055072794
"2902",6,497.70235643,65,5054984283
"2903",6,497.70235643,66,5055045225
"2904",6,497.70235643,67,5055082602
"2905",6,497.70235643,68,5055080533
"2906",6,497.70235643,69,5054999739
"2907",6,497.70235643,7,5055135652
"2908",6,497.70235643,70,5055029947
"2909",6,497.70235643,71,5055016521
"2910",6,497.70235643,72,5054947076
"2911",6,497.70235643,73,5054886228
"2912",6,497.70235643,74,5055115811
"2913",6,497.70235643,75,5054985791
"2914",6,497.70235643,76,5055075248
"2915",6,497.70235643,77,5055038097
"2916",6,497.70235643,78,5054951524
"2917",6,497.70235643,79,5054972361
"2918",6,497.70235643,8,5054917840
"2919",6,497.70235643,80,5055079242
"2920",6,497.70235643,81,5054966881
"2921",6,497.70235643,82,5055068133
"2922",6,497.70235643,83,5055226521
"2923",6,497.70235643,84,5054956863
"2924",6,497.70235643,85,5055144682
"2925",6,497.70235643,86,5054964328
"2926",6,497.70235643,87,5054992753
"2927",6,497.70235643,88,5055074083
"2928",6,497.70235643,89,5055084196
"2929",6,497.70235643,9,5055021533
"2930",6,497.70235643,90,5055135452
"2931",6,497.70235643,91,5055041566
"2932",6,497.70235643,92,5055235654
"2933",6,497.70235643,93,5055150521
"2934",6,497.70235643,94,5054996787
"2935",6,497.70235643,95,5054922943
"2936",6,497.70235643,96,5055069921
"2937",6,497.70235643,97,5055095551
"2938",6,497.70235643,98,5055020051
"2939",6,497.70235643,99,5055060536
"2940",6,5.33669923,1,54202096
"2941",6,5.33669923,100,54194249
"2942",6,5.33669923,13,54205106
"2943",6,5.33669923,14,2
"2944",6,5.33669923,16,54195453
"2945",6,5.33669923,2,54202056
"2946",6,5.33669923,23,54205428
"2947",6,5.33669923,24,54192736
"2948",6,5.33669923,25,54205892
"2949",6,5.33669923,28,54211925
"2950",6,5.33669923,30,54207813
"2951",6,5.33669923,34,54201955
"2952",6,5.33669923,37,54194528
"2953",6,5.33669923,39,54199918
"2954",6,5.33669923,44,54208335
"2955",6,5.33669923,45,1
"2956",6,5.33669923,51,54198331
"2957",6,5.33669923,52,54200200
"2958",6,5.33669923,54,54200411
"2959",6,5.33669923,56,54216765
"2960",6,5.33669923,58,54193590
"2961",6,5.33669923,59,1
"2962",6,5.33669923,61,54193435
"2963",6,5.33669923,62,54207969
"2964",6,5.33669923,63,54193690
"2965",6,5.33669923,64,54198942
"2966",6,5.33669923,68,54204151
"2967",6,5.33669923,69,1
"2968",6,5.33669923,7,1
"2969",6,5.33669923,76,1
"2970",6,5.33669923,79,54201035
"2971",6,5.33669923,8,54207218
"2972",6,5.33669923,83,54198965
"2973",6,5.33669923,85,1
"2974",6,5.33669923,87,54201615
"2975",6,5.33669923,88,54206004
"2976",6,5.33669923,89,1
"2977",6,5.33669923,92,54202033
"2978",6,5.33669923,93,54210200
"2979",6,5.33669923,95,54192452
"2980",6,5.33669923,96,54201930
"2981",6,5.9948425,1,60902782
"2982",6,5.9948425,100,60882497
"2983",6,5.9948425,18,60896218
"2984",6,5.9948425,19,1
"2985",6,5.9948425,24,60872475
"2986",6,5.9948425,25,1
"2987",6,5.9948425,27,60884307
"2988",6,5.9948425,3,60890362
"2989",6,5.9948425,34,60873572
"2990",6,5.9948425,35,60884433
"2991",6,5.9948425,37,60880604
"2992",6,5.9948425,38,60897666
"2993",6,5.9948425,4,60893946
"2994",6,5.9948425,40,1
"2995",6,5.9948425,41,60885400
"2996",6,5.9948425,42,60873747
"2997",6,5.9948425,46,60895655
"2998",6,5.9948425,48,2
"2999",6,5.9948425,49,60875081
"3000",6,5.9948425,51,60882686
"3001",6,5.9948425,52,60879858
"3002",6,5.9948425,55,60890325
"3003",6,5.9948425,62,60879403
"3004",6,5.9948425,65,60882072
"3005",6,5.9948425,67,60907428
"3006",6,5.9948425,69,1
"3007",6,5.9948425,70,60884853
"3008",6,5.9948425,72,60891894
"3009",6,5.9948425,74,1
"3010",6,5.9948425,79,60882762
"3011",6,5.9948425,80,60880844
"3012",6,5.9948425,82,60880520
"3013",6,5.9948425,88,60881022
"3014",6,5.9948425,90,60891894
"3015",6,5.9948425,91,60896310
"3016",6,5.9948425,95,60878129
"3017",6,5.9948425,97,60873518
"3018",6,5.9948425,99,60882778
"3019",6,54.62277218,1,554791417
"3020",6,54.62277218,10,554777206
"3021",6,54.62277218,100,554809388
"3022",6,54.62277218,11,554753288
"3023",6,54.62277218,12,554788916
"3024",6,54.62277218,13,554800720
"3025",6,54.62277218,14,554801633
"3026",6,54.62277218,15,554808011
"3027",6,54.62277218,16,554751032
"3028",6,54.62277218,17,554845356
"3029",6,54.62277218,18,554822734
"3030",6,54.62277218,19,554764416
"3031",6,54.62277218,2,554803737
"3032",6,54.62277218,20,554830565
"3033",6,54.62277218,21,554778214
"3034",6,54.62277218,22,554783441
"3035",6,54.62277218,23,554797209
"3036",6,54.62277218,24,554818381
"3037",6,54.62277218,25,554820103
"3038",6,54.62277218,26,554799908
"3039",6,54.62277218,27,554804976
"3040",6,54.62277218,28,554842341
"3041",6,54.62277218,29,554773992
"3042",6,54.62277218,3,554790950
"3043",6,54.62277218,30,554754639
"3044",6,54.62277218,31,1
"3045",6,54.62277218,32,554842982
"3046",6,54.62277218,33,554790487
"3047",6,54.62277218,34,554787336
"3048",6,54.62277218,35,554752582
"3049",6,54.62277218,36,554858549
"3050",6,54.62277218,37,554810371
"3051",6,54.62277218,38,533495170
"3052",6,54.62277218,39,554829464
"3053",6,54.62277218,4,554762833
"3054",6,54.62277218,40,554806954
"3055",6,54.62277218,41,554784488
"3056",6,54.62277218,42,554781807
"3057",6,54.62277218,43,554792175
"3058",6,54.62277218,44,554772914
"3059",6,54.62277218,45,554821811
"3060",6,54.62277218,46,554824709
"3061",6,54.62277218,47,554782882
"3062",6,54.62277218,48,554854068
"3063",6,54.62277218,49,554828707
"3064",6,54.62277218,5,554791674
"3065",6,54.62277218,50,554807708
"3066",6,54.62277218,51,554792118
"3067",6,54.62277218,52,554755556
"3068",6,54.62277218,53,554831922
"3069",6,54.62277218,54,554753997
"3070",6,54.62277218,55,554795962
"3071",6,54.62277218,56,554801435
"3072",6,54.62277218,57,554758104
"3073",6,54.62277218,58,554821464
"3074",6,54.62277218,59,554785435
"3075",6,54.62277218,6,554798347
"3076",6,54.62277218,60,554844270
"3077",6,54.62277218,61,554806410
"3078",6,54.62277218,62,554777281
"3079",6,54.62277218,63,554857097
"3080",6,54.62277218,64,554780956
"3081",6,54.62277218,65,554784827
"3082",6,54.62277218,66,554776621
"3083",6,54.62277218,67,554830582
"3084",6,54.62277218,68,554787431
"3085",6,54.62277218,69,554782483
"3086",6,54.62277218,7,554822727
"3087",6,54.62277218,70,554829641
"3088",6,54.62277218,71,554795542
"3089",6,54.62277218,72,554769789
"3090",6,54.62277218,73,554792471
"3091",6,54.62277218,74,554772045
"3092",6,54.62277218,75,554822598
"3093",6,54.62277218,76,554756188
"3094",6,54.62277218,77,554789090
"3095",6,54.62277218,78,554800321
"3096",6,54.62277218,79,554755778
"3097",6,54.62277218,8,554808237
"3098",6,54.62277218,80,554785845
"3099",6,54.62277218,81,554804452
"3100",6,54.62277218,82,554797545
"3101",6,54.62277218,83,554781484
"3102",6,54.62277218,84,554754686
"3103",6,54.62277218,85,554725515
"3104",6,54.62277218,86,554804232
"3105",6,54.62277218,87,554761740
"3106",6,54.62277218,88,554843216
"3107",6,54.62277218,89,554792550
"3108",6,54.62277218,9,554818755
"3109",6,54.62277218,90,554793695
"3110",6,54.62277218,91,554784218
"3111",6,54.62277218,92,554797162
"3112",6,54.62277218,93,554808232
"3113",6,54.62277218,94,554767162
"3114",6,54.62277218,95,532699488
"3115",6,54.62277218,96,554848405
"3116",6,54.62277218,97,554810839
"3117",6,54.62277218,98,554730959
"3118",6,54.62277218,99,554797669
"3119",6,559.08101825,1,5678437911
"3120",6,559.08101825,10,5678448654
"3121",6,559.08101825,100,5678419018
"3122",6,559.08101825,11,5678544356
"3123",6,559.08101825,12,5678565666
"3124",6,559.08101825,13,5678630584
"3125",6,559.08101825,14,5678481609
"3126",6,559.08101825,15,5678320950
"3127",6,559.08101825,16,5678397623
"3128",6,559.08101825,17,5678501187
"3129",6,559.08101825,18,5678608645
"3130",6,559.08101825,19,5678275453
"3131",6,559.08101825,2,5678573291
"3132",6,559.08101825,20,5678337236
"3133",6,559.08101825,21,5678363716
"3134",6,559.08101825,22,5678650460
"3135",6,559.08101825,23,5678391248
"3136",6,559.08101825,24,5678491865
"3137",6,559.08101825,25,5678300205
"3138",6,559.08101825,26,5678320087
"3139",6,559.08101825,27,5678520633
"3140",6,559.08101825,28,5678574530
"3141",6,559.08101825,29,5678536606
"3142",6,559.08101825,3,5678465698
"3143",6,559.08101825,30,5678361220
"3144",6,559.08101825,31,5678468495
"3145",6,559.08101825,32,5678286724
"3146",6,559.08101825,33,5678468569
"3147",6,559.08101825,34,5678545385
"3148",6,559.08101825,35,5678219879
"3149",6,559.08101825,36,5678485790
"3150",6,559.08101825,37,5678473585
"3151",6,559.08101825,38,5678417880
"3152",6,559.08101825,39,5678532333
"3153",6,559.08101825,4,5678641665
"3154",6,559.08101825,40,5678445651
"3155",6,559.08101825,41,5678630202
"3156",6,559.08101825,42,5678364746
"3157",6,559.08101825,43,5678466370
"3158",6,559.08101825,44,5678551296
"3159",6,559.08101825,45,5678493792
"3160",6,559.08101825,46,5678412057
"3161",6,559.08101825,47,5678474301
"3162",6,559.08101825,48,5678356454
"3163",6,559.08101825,49,5678556395
"3164",6,559.08101825,5,5678378688
"3165",6,559.08101825,50,5678517919
"3166",6,559.08101825,51,5678437206
"3167",6,559.08101825,52,5678399380
"3168",6,559.08101825,53,5678310045
"3169",6,559.08101825,54,5678404604
"3170",6,559.08101825,55,5678390319
"3171",6,559.08101825,56,5678499877
"3172",6,559.08101825,57,5678476430
"3173",6,559.08101825,58,5678573881
"3174",6,559.08101825,59,5678611714
"3175",6,559.08101825,6,5678383483
"3176",6,559.08101825,60,5678453279
"3177",6,559.08101825,61,5678467754
"3178",6,559.08101825,62,5678531272
"3179",6,559.08101825,63,5678495537
"3180",6,559.08101825,64,5678481372
"3181",6,559.08101825,65,5678612156
"3182",6,559.08101825,66,5678446535
"3183",6,559.08101825,67,5678521219
"3184",6,559.08101825,68,5678362884
"3185",6,559.08101825,69,5678360278
"3186",6,559.08101825,7,5678441460
"3187",6,559.08101825,70,5678391753
"3188",6,559.08101825,71,5678641101
"3189",6,559.08101825,72,5678601878
"3190",6,559.08101825,73,5678452785
"3191",6,559.08101825,74,5678532463
"3192",6,559.08101825,75,5678450072
"3193",6,559.08101825,76,5678308486
"3194",6,559.08101825,77,5678586203
"3195",6,559.08101825,78,5678591160
"3196",6,559.08101825,79,5678413556
"3197",6,559.08101825,8,5678671108
"3198",6,559.08101825,80,5678389677
"3199",6,559.08101825,81,5678532852
"3200",6,559.08101825,82,5678395316
"3201",6,559.08101825,83,5678404359
"3202",6,559.08101825,84,5678546348
"3203",6,559.08101825,85,5678473232
"3204",6,559.08101825,86,5678258791
"3205",6,559.08101825,87,5678575561
"3206",6,559.08101825,88,5678288996
"3207",6,559.08101825,89,5678376274
"3208",6,559.08101825,9,5678426324
"3209",6,559.08101825,90,5678538687
"3210",6,559.08101825,91,5678366867
"3211",6,559.08101825,92,5678404457
"3212",6,559.08101825,93,5678468496
"3213",6,559.08101825,94,5678360646
"3214",6,559.08101825,95,5678483951
"3215",6,559.08101825,96,5678452474
"3216",6,559.08101825,97,5678510732
"3217",6,559.08101825,98,5678561585
"3218",6,559.08101825,99,5678324137
"3219",6,6.73415066,10,68392721
"3220",6,6.73415066,15,1
"3221",6,6.73415066,3,1
"3222",6,6.73415066,31,68406235
"3223",6,6.73415066,33,68397664
"3224",6,6.73415066,41,1
"3225",6,6.73415066,51,1
"3226",6,6.73415066,55,68393326
"3227",6,6.73415066,56,68396032
"3228",6,6.73415066,62,2
"3229",6,6.73415066,66,1
"3230",6,6.73415066,70,68394308
"3231",6,6.73415066,73,68403337
"3232",6,6.73415066,76,68394451
"3233",6,6.73415066,77,68390596
"3234",6,6.73415066,88,1
"3235",6,6.73415066,9,1
"3236",6,61.35907273,1,623221645
"3237",6,61.35907273,10,623204626
"3238",6,61.35907273,100,623238157
"3239",6,61.35907273,11,623231072
"3240",6,61.35907273,12,623225252
"3241",6,61.35907273,13,623192412
"3242",6,61.35907273,14,623163563
"3243",6,61.35907273,15,623208699
"3244",6,61.35907273,16,623187797
"3245",6,61.35907273,17,623173567
"3246",6,61.35907273,18,623203273
"3247",6,61.35907273,19,623307681
"3248",6,61.35907273,2,623246327
"3249",6,61.35907273,20,623247848
"3250",6,61.35907273,21,623326775
"3251",6,61.35907273,22,623199719
"3252",6,61.35907273,23,623282350
"3253",6,61.35907273,24,623163505
"3254",6,61.35907273,25,623173430
"3255",6,61.35907273,26,3
"3256",6,61.35907273,27,623262863
"3257",6,61.35907273,28,623214358
"3258",6,61.35907273,29,623216783
"3259",6,61.35907273,3,623157660
"3260",6,61.35907273,30,623187680
"3261",6,61.35907273,31,623184163
"3262",6,61.35907273,32,623177984
"3263",6,61.35907273,33,623188536
"3264",6,61.35907273,34,623177126
"3265",6,61.35907273,35,623221436
"3266",6,61.35907273,36,623206482
"3267",6,61.35907273,37,623248080
"3268",6,61.35907273,38,623200530
"3269",6,61.35907273,39,623262425
"3270",6,61.35907273,4,623207869
"3271",6,61.35907273,40,623218069
"3272",6,61.35907273,41,623197788
"3273",6,61.35907273,42,623245858
"3274",6,61.35907273,43,623225954
"3275",6,61.35907273,44,623180671
"3276",6,61.35907273,45,623157402
"3277",6,61.35907273,46,623250780
"3278",6,61.35907273,47,623229550
"3279",6,61.35907273,48,623245250
"3280",6,61.35907273,49,623248169
"3281",6,61.35907273,5,623196790
"3282",6,61.35907273,50,623204771
"3283",6,61.35907273,51,623195413
"3284",6,61.35907273,52,623229377
"3285",6,61.35907273,53,623210583
"3286",6,61.35907273,54,623209211
"3287",6,61.35907273,55,623162082
"3288",6,61.35907273,56,623228276
"3289",6,61.35907273,57,623221124
"3290",6,61.35907273,58,623201320
"3291",6,61.35907273,59,623246648
"3292",6,61.35907273,6,623223484
"3293",6,61.35907273,60,623239318
"3294",6,61.35907273,61,623202210
"3295",6,61.35907273,62,623260346
"3296",6,61.35907273,63,623223475
"3297",6,61.35907273,64,623208582
"3298",6,61.35907273,65,623235961
"3299",6,61.35907273,66,623219044
"3300",6,61.35907273,67,623196481
"3301",6,61.35907273,68,623221940
"3302",6,61.35907273,69,623201350
"3303",6,61.35907273,7,623268751
"3304",6,61.35907273,70,623228303
"3305",6,61.35907273,71,623244743
"3306",6,61.35907273,72,623154638
"3307",6,61.35907273,73,623203776
"3308",6,61.35907273,74,623234189
"3309",6,61.35907273,75,623181481
"3310",6,61.35907273,76,623158332
"3311",6,61.35907273,77,623209124
"3312",6,61.35907273,78,623214749
"3313",6,61.35907273,79,623220028
"3314",6,61.35907273,8,623201920
"3315",6,61.35907273,80,623163842
"3316",6,61.35907273,81,623213872
"3317",6,61.35907273,82,623221407
"3318",6,61.35907273,83,623205154
"3319",6,61.35907273,84,623231741
"3320",6,61.35907273,85,623189690
"3321",6,61.35907273,86,623165051
"3322",6,61.35907273,87,623214928
"3323",6,61.35907273,88,2
"3324",6,61.35907273,89,623243356
"3325",6,61.35907273,9,623200488
"3326",6,61.35907273,90,623255400
"3327",6,61.35907273,91,623201242
"3328",6,61.35907273,92,623149962
"3329",6,61.35907273,93,623192715
"3330",6,61.35907273,94,623217242
"3331",6,61.35907273,95,623200232
"3332",6,61.35907273,96,623200851
"3333",6,61.35907273,97,623202090
"3334",6,61.35907273,98,623229437
"3335",6,61.35907273,99,623194417
"3336",6,628.02914418,1,6378707746
"3337",6,628.02914418,10,6378628184
"3338",6,628.02914418,100,6378780950
"3339",6,628.02914418,11,6378677955
"3340",6,628.02914418,12,6378754620
"3341",6,628.02914418,13,6378937798
"3342",6,628.02914418,14,6378687020
"3343",6,628.02914418,15,6378904631
"3344",6,628.02914418,16,6378635692
"3345",6,628.02914418,17,6378768506
"3346",6,628.02914418,18,6378837183
"3347",6,628.02914418,19,6378784125
"3348",6,628.02914418,2,6378739741
"3349",6,628.02914418,20,6378692420
"3350",6,628.02914418,21,6378765233
"3351",6,628.02914418,22,6378843021
"3352",6,628.02914418,23,6378569537
"3353",6,628.02914418,24,6378821003
"3354",6,628.02914418,25,6378834274
"3355",6,628.02914418,26,6378778702
"3356",6,628.02914418,27,6378765167
"3357",6,628.02914418,28,6378639243
"3358",6,628.02914418,29,6378835946
"3359",6,628.02914418,3,6378637953
"3360",6,628.02914418,30,6378643427
"3361",6,628.02914418,31,6378696045
"3362",6,628.02914418,32,6378781530
"3363",6,628.02914418,33,6378841424
"3364",6,628.02914418,34,6378748570
"3365",6,628.02914418,35,6378764282
"3366",6,628.02914418,36,6378635105
"3367",6,628.02914418,37,6378701691
"3368",6,628.02914418,38,6378794973
"3369",6,628.02914418,39,6378744295
"3370",6,628.02914418,4,6378766477
"3371",6,628.02914418,40,6378756144
"3372",6,628.02914418,41,6378728704
"3373",6,628.02914418,42,6378784317
"3374",6,628.02914418,43,6378942452
"3375",6,628.02914418,44,6378746475
"3376",6,628.02914418,45,6378734262
"3377",6,628.02914418,46,6378796913
"3378",6,628.02914418,47,6378655914
"3379",6,628.02914418,48,6378740263
"3380",6,628.02914418,49,6378798601
"3381",6,628.02914418,5,6378743057
"3382",6,628.02914418,50,6378669801
"3383",6,628.02914418,51,6378689721
"3384",6,628.02914418,52,6378798896
"3385",6,628.02914418,53,6378760392
"3386",6,628.02914418,54,6378701083
"3387",6,628.02914418,55,6378959106
"3388",6,628.02914418,56,6378738468
"3389",6,628.02914418,57,6378671191
"3390",6,628.02914418,58,6378768116
"3391",6,628.02914418,59,6378814978
"3392",6,628.02914418,6,6378738304
"3393",6,628.02914418,60,6378780946
"3394",6,628.02914418,61,6378893921
"3395",6,628.02914418,62,6378834953
"3396",6,628.02914418,63,6378573747
"3397",6,628.02914418,64,6378728020
"3398",6,628.02914418,65,6378830607
"3399",6,628.02914418,66,6378899366
"3400",6,628.02914418,67,6378783098
"3401",6,628.02914418,68,6378677131
"3402",6,628.02914418,69,6378713288
"3403",6,628.02914418,7,6378726201
"3404",6,628.02914418,70,6378718635
"3405",6,628.02914418,71,6378852191
"3406",6,628.02914418,72,6378854545
"3407",6,628.02914418,73,6378677279
"3408",6,628.02914418,74,6378681778
"3409",6,628.02914418,75,6378681300
"3410",6,628.02914418,76,6378840963
"3411",6,628.02914418,77,6378740652
"3412",6,628.02914418,78,6378687969
"3413",6,628.02914418,79,6378702458
"3414",6,628.02914418,8,6378797592
"3415",6,628.02914418,80,6378762262
"3416",6,628.02914418,81,6378777862
"3417",6,628.02914418,82,6378798763
"3418",6,628.02914418,83,6378677267
"3419",6,628.02914418,84,6378745134
"3420",6,628.02914418,85,6378843353
"3421",6,628.02914418,86,6378794470
"3422",6,628.02914418,87,6378745193
"3423",6,628.02914418,88,6378602899
"3424",6,628.02914418,89,6378726756
"3425",6,628.02914418,9,6378552933
"3426",6,628.02914418,90,6378823256
"3427",6,628.02914418,91,6378767480
"3428",6,628.02914418,92,6378802432
"3429",6,628.02914418,93,6378721517
"3430",6,628.02914418,94,6378805964
"3431",6,628.02914418,95,6378589854
"3432",6,628.02914418,96,6378742509
"3433",6,628.02914418,97,6378758678
"3434",6,628.02914418,98,6378680136
"3435",6,628.02914418,99,6378843233
"3436",6,68.92612104,1,700055341
"3437",6,68.92612104,10,700045741
"3438",6,68.92612104,100,700016040
"3439",6,68.92612104,11,700047367
"3440",6,68.92612104,12,700106025
"3441",6,68.92612104,13,700030156
"3442",6,68.92612104,14,700045533
"3443",6,68.92612104,15,700070691
"3444",6,68.92612104,16,700069041
"3445",6,68.92612104,17,700094840
"3446",6,68.92612104,18,700044825
"3447",6,68.92612104,19,700070728
"3448",6,68.92612104,2,700038461
"3449",6,68.92612104,20,700066171
"3450",6,68.92612104,21,700130279
"3451",6,68.92612104,22,700100557
"3452",6,68.92612104,23,693152157
"3453",6,68.92612104,24,700078340
"3454",6,68.92612104,25,700075034
"3455",6,68.92612104,26,700095035
"3456",6,68.92612104,27,700086828
"3457",6,68.92612104,28,700070434
"3458",6,68.92612104,29,700048959
"3459",6,68.92612104,3,700099325
"3460",6,68.92612104,30,700043092
"3461",6,68.92612104,31,700082772
"3462",6,68.92612104,32,700033304
"3463",6,68.92612104,33,700137338
"3464",6,68.92612104,34,700098333
"3465",6,68.92612104,35,700080152
"3466",6,68.92612104,36,700053853
"3467",6,68.92612104,37,700094457
"3468",6,68.92612104,38,700089454
"3469",6,68.92612104,39,700058454
"3470",6,68.92612104,4,700114126
"3471",6,68.92612104,40,700049608
"3472",6,68.92612104,41,699996806
"3473",6,68.92612104,42,700105474
"3474",6,68.92612104,43,700020634
"3475",6,68.92612104,44,700072305
"3476",6,68.92612104,45,700055308
"3477",6,68.92612104,46,700099482
"3478",6,68.92612104,47,700018283
"3479",6,68.92612104,48,700061642
"3480",6,68.92612104,49,700056891
"3481",6,68.92612104,5,700032044
"3482",6,68.92612104,50,700103864
"3483",6,68.92612104,51,700167460
"3484",6,68.92612104,52,700068324
"3485",6,68.92612104,53,700093148
"3486",6,68.92612104,54,700100193
"3487",6,68.92612104,55,700071387
"3488",6,68.92612104,56,700092791
"3489",6,68.92612104,57,700060021
"3490",6,68.92612104,58,700061461
"3491",6,68.92612104,59,700017243
"3492",6,68.92612104,6,700091759
"3493",6,68.92612104,60,700020579
"3494",6,68.92612104,61,700098606
"3495",6,68.92612104,62,700098156
"3496",6,68.92612104,63,700071606
"3497",6,68.92612104,64,700077513
"3498",6,68.92612104,65,700064728
"3499",6,68.92612104,66,700088546
"3500",6,68.92612104,67,700066156
"3501",6,68.92612104,68,700066806
"3502",6,68.92612104,69,700072217
"3503",6,68.92612104,7,2
"3504",6,68.92612104,70,700017661
"3505",6,68.92612104,71,700130738
"3506",6,68.92612104,72,700098694
"3507",6,68.92612104,73,700048976
"3508",6,68.92612104,74,700043985
"3509",6,68.92612104,75,700038922
"3510",6,68.92612104,76,700062971
"3511",6,68.92612104,77,700030774
"3512",6,68.92612104,79,700024138
"3513",6,68.92612104,8,700095140
"3514",6,68.92612104,80,700083153
"3515",6,68.92612104,81,700043184
"3516",6,68.92612104,82,700068317
"3517",6,68.92612104,83,700058678
"3518",6,68.92612104,84,700068055
"3519",6,68.92612104,85,700059326
"3520",6,68.92612104,86,700081696
"3521",6,68.92612104,87,700109532
"3522",6,68.92612104,88,700093651
"3523",6,68.92612104,89,700095889
"3524",6,68.92612104,9,700038747
"3525",6,68.92612104,90,700026394
"3526",6,68.92612104,91,700120430
"3527",6,68.92612104,92,700068288
"3528",6,68.92612104,93,700050964
"3529",6,68.92612104,94,700055919
"3530",6,68.92612104,95,700080016
"3531",6,68.92612104,96,700064025
"3532",6,68.92612104,97,700060434
"3533",6,68.92612104,98,700028894
"3534",6,68.92612104,99,700050244
"3535",6,7.56463328,2,1
"3536",6,7.56463328,25,2
"3537",6,7.56463328,26,1
"3538",6,7.56463328,37,76807813
"3539",6,7.56463328,44,76841427
"3540",6,7.56463328,45,76825696
"3541",6,7.56463328,49,2
"3542",6,7.56463328,5,76821320
"3543",6,7.56463328,51,76822915
"3544",6,7.56463328,56,76809815
"3545",6,7.56463328,59,76840322
"3546",6,7.56463328,6,2
"3547",6,7.56463328,70,76827028
"3548",6,7.56463328,74,76826044
"3549",6,7.56463328,78,1
"3550",6,7.56463328,80,1
"3551",6,7.56463328,81,1
"3552",6,7.56463328,84,76822174
"3553",6,7.56463328,96,76825957
"3554",6,705.48023107,1,7165342886
"3555",6,705.48023107,10,7165293942
"3556",6,705.48023107,100,7165402518
"3557",6,705.48023107,11,7165300312
"3558",6,705.48023107,12,7165378967
"3559",6,705.48023107,13,7165421896
"3560",6,705.48023107,14,7165344547
"3561",6,705.48023107,15,7165374708
"3562",6,705.48023107,16,7165377360
"3563",6,705.48023107,17,7165345050
"3564",6,705.48023107,18,7165661475
"3565",6,705.48023107,19,7165446518
"3566",6,705.48023107,2,7165454664
"3567",6,705.48023107,20,7165450359
"3568",6,705.48023107,21,7165455632
"3569",6,705.48023107,22,7165370794
"3570",6,705.48023107,23,7165463769
"3571",6,705.48023107,24,7165283342
"3572",6,705.48023107,25,7165300986
"3573",6,705.48023107,26,7165634775
"3574",6,705.48023107,27,7165516125
"3575",6,705.48023107,28,7165416772
"3576",6,705.48023107,29,7165589217
"3577",6,705.48023107,3,7165350781
"3578",6,705.48023107,30,7165278405
"3579",6,705.48023107,31,7165457128
"3580",6,705.48023107,32,7165437421
"3581",6,705.48023107,33,7165493078
"3582",6,705.48023107,34,7165467812
"3583",6,705.48023107,35,7165358447
"3584",6,705.48023107,36,7165467480
"3585",6,705.48023107,37,7165331975
"3586",6,705.48023107,38,7165270898
"3587",6,705.48023107,39,7165353257
"3588",6,705.48023107,4,7165595527
"3589",6,705.48023107,40,7165499968
"3590",6,705.48023107,41,7165456572
"3591",6,705.48023107,42,7165358614
"3592",6,705.48023107,43,7165237747
"3593",6,705.48023107,44,7165680900
"3594",6,705.48023107,45,7165433661
"3595",6,705.48023107,46,7165350276
"3596",6,705.48023107,47,7165443009
"3597",6,705.48023107,48,7165190053
"3598",6,705.48023107,49,7165468719
"3599",6,705.48023107,5,7165487169
"3600",6,705.48023107,50,7165340409
"3601",6,705.48023107,51,7165435579
"3602",6,705.48023107,52,7165488159
"3603",6,705.48023107,53,7165501831
"3604",6,705.48023107,54,7165389079
"3605",6,705.48023107,55,7165446603
"3606",6,705.48023107,56,7165308568
"3607",6,705.48023107,57,7165422536
"3608",6,705.48023107,58,7165288747
"3609",6,705.48023107,59,7165472814
"3610",6,705.48023107,6,7165439683
"3611",6,705.48023107,60,7165319748
"3612",6,705.48023107,61,7165553786
"3613",6,705.48023107,62,7165356580
"3614",6,705.48023107,63,7165392069
"3615",6,705.48023107,64,7165376720
"3616",6,705.48023107,65,7165292719
"3617",6,705.48023107,66,7165317738
"3618",6,705.48023107,67,7165397151
"3619",6,705.48023107,68,7165513868
"3620",6,705.48023107,69,7165486484
"3621",6,705.48023107,7,7165343766
"3622",6,705.48023107,70,7165338564
"3623",6,705.48023107,71,7165375752
"3624",6,705.48023107,72,7165544595
"3625",6,705.48023107,73,7165371206
"3626",6,705.48023107,74,7165438887
"3627",6,705.48023107,75,7165291149
"3628",6,705.48023107,76,7165528843
"3629",6,705.48023107,77,7165362507
"3630",6,705.48023107,78,7165534656
"3631",6,705.48023107,79,7165402687
"3632",6,705.48023107,8,7165369257
"3633",6,705.48023107,80,7165350104
"3634",6,705.48023107,81,7165497381
"3635",6,705.48023107,82,7165494849
"3636",6,705.48023107,83,7165462968
"3637",6,705.48023107,84,7165599851
"3638",6,705.48023107,85,7165494363
"3639",6,705.48023107,86,7165419716
"3640",6,705.48023107,87,7165287555
"3641",6,705.48023107,88,7165331914
"3642",6,705.48023107,89,7165364655
"3643",6,705.48023107,9,7165094545
"3644",6,705.48023107,90,7165376276
"3645",6,705.48023107,91,7165303796
"3646",6,705.48023107,92,7165438147
"3647",6,705.48023107,93,7165356481
"3648",6,705.48023107,94,7165326686
"3649",6,705.48023107,95,7165636926
"3650",6,705.48023107,96,7165234920
"3651",6,705.48023107,97,7165343360
"3652",6,705.48023107,98,7165202327
"3653",6,705.48023107,99,7165501195
"3654",6,77.42636827,1,786449696
"3655",6,77.42636827,10,786381149
"3656",6,77.42636827,100,786393499
"3657",6,77.42636827,11,786434713
"3658",6,77.42636827,12,786497803
"3659",6,77.42636827,13,786388761
"3660",6,77.42636827,14,786411405
"3661",6,77.42636827,15,786382966
"3662",6,77.42636827,16,786458388
"3663",6,77.42636827,17,786400101
"3664",6,77.42636827,18,786385746
"3665",6,77.42636827,19,786413942
"3666",6,77.42636827,2,786430255
"3667",6,77.42636827,20,786382991
"3668",6,77.42636827,21,786371903
"3669",6,77.42636827,22,786396440
"3670",6,77.42636827,23,786479361
"3671",6,77.42636827,24,786384237
"3672",6,77.42636827,25,786478607
"3673",6,77.42636827,26,786379946
"3674",6,77.42636827,27,786378533
"3675",6,77.42636827,28,786397478
"3676",6,77.42636827,29,786410219
"3677",6,77.42636827,3,786441294
"3678",6,77.42636827,30,786485798
"3679",6,77.42636827,31,786359749
"3680",6,77.42636827,32,786390714
"3681",6,77.42636827,33,786421472
"3682",6,77.42636827,34,786447638
"3683",6,77.42636827,35,786383159
"3684",6,77.42636827,36,786347496
"3685",6,77.42636827,37,786388118
"3686",6,77.42636827,38,786445820
"3687",6,77.42636827,39,786368115
"3688",6,77.42636827,4,786370682
"3689",6,77.42636827,40,786420815
"3690",6,77.42636827,41,786401050
"3691",6,77.42636827,42,786421718
"3692",6,77.42636827,43,786430984
"3693",6,77.42636827,44,786453094
"3694",6,77.42636827,45,786402026
"3695",6,77.42636827,46,786447895
"3696",6,77.42636827,47,2
"3697",6,77.42636827,48,786458343
"3698",6,77.42636827,49,786428998
"3699",6,77.42636827,5,786356025
"3700",6,77.42636827,50,1
"3701",6,77.42636827,51,786371427
"3702",6,77.42636827,52,786483418
"3703",6,77.42636827,53,786350480
"3704",6,77.42636827,54,786406669
"3705",6,77.42636827,55,786312098
"3706",6,77.42636827,56,786367403
"3707",6,77.42636827,57,786407696
"3708",6,77.42636827,58,786401132
"3709",6,77.42636827,59,786405037
"3710",6,77.42636827,6,786403133
"3711",6,77.42636827,60,786376574
"3712",6,77.42636827,61,786420762
"3713",6,77.42636827,62,786376567
"3714",6,77.42636827,63,786379068
"3715",6,77.42636827,64,786397431
"3716",6,77.42636827,65,786372963
"3717",6,77.42636827,66,786388653
"3718",6,77.42636827,67,786480497
"3719",6,77.42636827,68,786381950
"3720",6,77.42636827,69,786354414
"3721",6,77.42636827,7,786383468
"3722",6,77.42636827,70,786418075
"3723",6,77.42636827,71,786402731
"3724",6,77.42636827,72,786410543
"3725",6,77.42636827,73,786391689
"3726",6,77.42636827,74,786398070
"3727",6,77.42636827,75,786434068
"3728",6,77.42636827,76,786419302
"3729",6,77.42636827,77,786405581
"3730",6,77.42636827,78,786406871
"3731",6,77.42636827,79,786376557
"3732",6,77.42636827,8,786496926
"3733",6,77.42636827,80,786364655
"3734",6,77.42636827,81,786350895
"3735",6,77.42636827,82,786375879
"3736",6,77.42636827,83,786415916
"3737",6,77.42636827,84,786440335
"3738",6,77.42636827,85,786392985
"3739",6,77.42636827,86,786410341
"3740",6,77.42636827,87,786406992
"3741",6,77.42636827,88,786418769
"3742",6,77.42636827,89,1
"3743",6,77.42636827,9,786443488
"3744",6,77.42636827,90,786349059
"3745",6,77.42636827,91,786405770
"3746",6,77.42636827,92,786393219
"3747",6,77.42636827,93,786372733
"3748",6,77.42636827,94,786494410
"3749",6,77.42636827,95,786501659
"3750",6,77.42636827,96,786361499
"3751",6,77.42636827,97,786443413
"3752",6,77.42636827,98,786454725
"3753",6,77.42636827,99,786368896
"3754",6,792.48289835,1,8049138073
"3755",6,792.48289835,10,8049136416
"3756",6,792.48289835,100,8048950749
"3757",6,792.48289835,11,8049107550
"3758",6,792.48289835,12,8049044328
"3759",6,792.48289835,13,8049111979
"3760",6,792.48289835,14,8049152367
"3761",6,792.48289835,15,8049156215
"3762",6,792.48289835,16,8049187098
"3763",6,792.48289835,17,8048937071
"3764",6,792.48289835,18,8049057492
"3765",6,792.48289835,19,8048900075
"3766",6,792.48289835,2,8049180644
"3767",6,792.48289835,20,8048877157
"3768",6,792.48289835,21,8049119672
"3769",6,792.48289835,22,8049033308
"3770",6,792.48289835,23,8048977090
"3771",6,792.48289835,24,8049117832
"3772",6,792.48289835,25,8048927256
"3773",6,792.48289835,26,8049062950
"3774",6,792.48289835,27,8049163673
"3775",6,792.48289835,28,8049120407
"3776",6,792.48289835,29,8048989388
"3777",6,792.48289835,3,8049106691
"3778",6,792.48289835,30,8049001119
"3779",6,792.48289835,31,8049118206
"3780",6,792.48289835,32,8049022824
"3781",6,792.48289835,33,8049045729
"3782",6,792.48289835,34,8049215501
"3783",6,792.48289835,35,8049171492
"3784",6,792.48289835,36,8048910351
"3785",6,792.48289835,37,8049139575
"3786",6,792.48289835,38,8048958602
"3787",6,792.48289835,39,8048973831
"3788",6,792.48289835,4,8048994242
"3789",6,792.48289835,40,8049098246
"3790",6,792.48289835,41,8049089922
"3791",6,792.48289835,42,8049059799
"3792",6,792.48289835,43,8049082793
"3793",6,792.48289835,44,8049079569
"3794",6,792.48289835,45,8049206831
"3795",6,792.48289835,46,8049134296
"3796",6,792.48289835,47,8049086565
"3797",6,792.48289835,48,8049110721
"3798",6,792.48289835,49,8048959772
"3799",6,792.48289835,5,8049084275
"3800",6,792.48289835,50,8049123724
"3801",6,792.48289835,51,8049167979
"3802",6,792.48289835,52,8049176603
"3803",6,792.48289835,53,8048926035
"3804",6,792.48289835,54,8049004779
"3805",6,792.48289835,55,8048928610
"3806",6,792.48289835,56,8049017192
"3807",6,792.48289835,57,8049110863
"3808",6,792.48289835,58,8049215082
"3809",6,792.48289835,59,8049065312
"3810",6,792.48289835,6,8049064228
"3811",6,792.48289835,60,8049000189
"3812",6,792.48289835,61,8049054972
"3813",6,792.48289835,62,8049176441
"3814",6,792.48289835,63,8049091368
"3815",6,792.48289835,64,8048952084
"3816",6,792.48289835,65,8048936282
"3817",6,792.48289835,66,8049054603
"3818",6,792.48289835,67,8049021472
"3819",6,792.48289835,68,8048804772
"3820",6,792.48289835,69,8048881725
"3821",6,792.48289835,7,8049018760
"3822",6,792.48289835,70,8049257949
"3823",6,792.48289835,71,8049048933
"3824",6,792.48289835,72,8049084319
"3825",6,792.48289835,73,8049170928
"3826",6,792.48289835,74,8049090443
"3827",6,792.48289835,75,8049029347
"3828",6,792.48289835,76,8049045512
"3829",6,792.48289835,77,8049079923
"3830",6,792.48289835,78,8049067351
"3831",6,792.48289835,79,8049180090
"3832",6,792.48289835,8,8049174645
"3833",6,792.48289835,80,8048985872
"3834",6,792.48289835,81,8049056391
"3835",6,792.48289835,82,8049070395
"3836",6,792.48289835,83,8049079728
"3837",6,792.48289835,84,8049122959
"3838",6,792.48289835,85,8048943399
"3839",6,792.48289835,86,8049155906
"3840",6,792.48289835,87,8048990725
"3841",6,792.48289835,88,8048916824
"3842",6,792.48289835,89,8049132012
"3843",6,792.48289835,9,8048864969
"3844",6,792.48289835,90,8049171135
"3845",6,792.48289835,91,8048831559
"3846",6,792.48289835,92,8049094808
"3847",6,792.48289835,93,8049069039
"3848",6,792.48289835,94,8049227095
"3849",6,792.48289835,95,8048989393
"3850",6,792.48289835,96,8049165455
"3851",6,792.48289835,97,8049003300
"3852",6,792.48289835,98,8049041790
"3853",6,792.48289835,99,8049080095
"3854",6,8.49753436,1,86313447
"3855",6,8.49753436,10,86313976
"3856",6,8.49753436,100,86297124
"3857",6,8.49753436,12,86318273
"3858",6,8.49753436,13,86304764
"3859",6,8.49753436,15,86297952
"3860",6,8.49753436,17,86309025
"3861",6,8.49753436,18,86290381
"3862",6,8.49753436,19,86297608
"3863",6,8.49753436,2,86312075
"3864",6,8.49753436,20,86322857
"3865",6,8.49753436,23,86313407
"3866",6,8.49753436,24,86313804
"3867",6,8.49753436,26,86301426
"3868",6,8.49753436,28,86302731
"3869",6,8.49753436,29,1
"3870",6,8.49753436,3,86295623
"3871",6,8.49753436,30,86298038
"3872",6,8.49753436,31,86285865
"3873",6,8.49753436,32,1
"3874",6,8.49753436,33,86296075
"3875",6,8.49753436,39,86297866
"3876",6,8.49753436,4,86303194
"3877",6,8.49753436,40,86306204
"3878",6,8.49753436,41,1
"3879",6,8.49753436,45,86308668
"3880",6,8.49753436,47,86300540
"3881",6,8.49753436,49,86310876
"3882",6,8.49753436,5,86320525
"3883",6,8.49753436,51,86295210
"3884",6,8.49753436,52,86305451
"3885",6,8.49753436,55,86292721
"3886",6,8.49753436,56,86288884
"3887",6,8.49753436,58,86303341
"3888",6,8.49753436,61,86300016
"3889",6,8.49753436,63,86312309
"3890",6,8.49753436,65,1
"3891",6,8.49753436,67,86322980
"3892",6,8.49753436,72,86305591
"3893",6,8.49753436,77,86295797
"3894",6,8.49753436,78,2
"3895",6,8.49753436,79,86300262
"3896",6,8.49753436,8,86311362
"3897",6,8.49753436,80,86306538
"3898",6,8.49753436,81,1
"3899",6,8.49753436,83,86300417
"3900",6,8.49753436,85,86305841
"3901",6,8.49753436,86,86306486
"3902",6,8.49753436,88,86306929
"3903",6,8.49753436,90,73896996
"3904",6,8.49753436,91,1
"3905",6,8.49753436,92,86319387
"3906",6,8.49753436,93,1
"3907",6,8.49753436,94,86305767
"3908",6,8.49753436,96,86291798
"3909",6,8.49753436,97,86297856
"3910",6,8.49753436,99,86308517
"3911",6,86.97490026,1,883421650
"3912",6,86.97490026,10,883364254
"3913",6,86.97490026,100,883357974
"3914",6,86.97490026,11,883374963
"3915",6,86.97490026,12,883386008
"3916",6,86.97490026,13,883371917
"3917",6,86.97490026,14,883378418
"3918",6,86.97490026,15,883405518
"3919",6,86.97490026,16,883464318
"3920",6,86.97490026,17,883371072
"3921",6,86.97490026,18,883371321
"3922",6,86.97490026,19,883369559
"3923",6,86.97490026,2,883357626
"3924",6,86.97490026,20,883428697
"3925",6,86.97490026,21,883436405
"3926",6,86.97490026,22,883355404
"3927",6,86.97490026,23,883354662
"3928",6,86.97490026,24,883395376
"3929",6,86.97490026,25,883407521
"3930",6,86.97490026,26,883420787
"3931",6,86.97490026,27,883331810
"3932",6,86.97490026,28,883315616
"3933",6,86.97490026,29,883457479
"3934",6,86.97490026,3,883301016
"3935",6,86.97490026,30,883384118
"3936",6,86.97490026,31,883352046
"3937",6,86.97490026,32,883339537
"3938",6,86.97490026,33,883451473
"3939",6,86.97490026,34,883395098
"3940",6,86.97490026,35,883316116
"3941",6,86.97490026,36,883382562
"3942",6,86.97490026,37,883343951
"3943",6,86.97490026,38,883399535
"3944",6,86.97490026,39,883355211
"3945",6,86.97490026,4,883346563
"3946",6,86.97490026,40,883363907
"3947",6,86.97490026,41,883382956
"3948",6,86.97490026,42,883419387
"3949",6,86.97490026,43,883392829
"3950",6,86.97490026,44,883372057
"3951",6,86.97490026,45,883352252
"3952",6,86.97490026,46,883400594
"3953",6,86.97490026,47,883399884
"3954",6,86.97490026,48,883419285
"3955",6,86.97490026,49,883355802
"3956",6,86.97490026,5,883332773
"3957",6,86.97490026,50,883423468
"3958",6,86.97490026,51,883377503
"3959",6,86.97490026,52,883351287
"3960",6,86.97490026,53,883365456
"3961",6,86.97490026,54,883381206
"3962",6,86.97490026,55,883395698
"3963",6,86.97490026,56,883328098
"3964",6,86.97490026,57,883356883
"3965",6,86.97490026,58,883401524
"3966",6,86.97490026,59,883355789
"3967",6,86.97490026,6,883438359
"3968",6,86.97490026,60,883431664
"3969",6,86.97490026,61,883432566
"3970",6,86.97490026,62,883402275
"3971",6,86.97490026,63,883349298
"3972",6,86.97490026,64,883366916
"3973",6,86.97490026,65,883398403
"3974",6,86.97490026,66,883358638
"3975",6,86.97490026,67,883416657
"3976",6,86.97490026,68,883321292
"3977",6,86.97490026,69,883443805
"3978",6,86.97490026,7,883368252
"3979",6,86.97490026,70,883365983
"3980",6,86.97490026,71,883352795
"3981",6,86.97490026,72,883465851
"3982",6,86.97490026,73,883358988
"3983",6,86.97490026,74,883296510
"3984",6,86.97490026,75,883426126
"3985",6,86.97490026,76,883414171
"3986",6,86.97490026,77,883436776
"3987",6,86.97490026,78,883348305
"3988",6,86.97490026,79,883387652
"3989",6,86.97490026,8,883349496
"3990",6,86.97490026,80,883446094
"3991",6,86.97490026,81,883393132
"3992",6,86.97490026,82,883384487
"3993",6,86.97490026,83,883385530
"3994",6,86.97490026,84,883341916
"3995",6,86.97490026,85,883421169
"3996",6,86.97490026,86,883373244
"3997",6,86.97490026,87,883353204
"3998",6,86.97490026,88,883478732
"3999",6,86.97490026,89,883329174
"4000",6,86.97490026,9,883331807
"4001",6,86.97490026,90,883392596
"4002",6,86.97490026,91,883373064
"4003",6,86.97490026,92,883437329
"4004",6,86.97490026,93,883383339
"4005",6,86.97490026,94,883437645
"4006",6,86.97490026,95,883397284
"4007",6,86.97490026,96,883363238
"4008",6,86.97490026,97,883428067
"4009",6,86.97490026,98,883425649
"4010",6,86.97490026,99,883409960
"4011",6,890.21508545,1,9041825777
"4012",6,890.21508545,10,9041646596
"4013",6,890.21508545,100,9041658493
"4014",6,890.21508545,11,9041653787
"4015",6,890.21508545,12,9041785803
"4016",6,890.21508545,13,9041878236
"4017",6,890.21508545,14,9041854771
"4018",6,890.21508545,15,9041809119
"4019",6,890.21508545,16,9041749204
"4020",6,890.21508545,17,9041688261
"4021",6,890.21508545,18,9041638161
"4022",6,890.21508545,19,9041774425
"4023",6,890.21508545,2,9041759273
"4024",6,890.21508545,20,9041669628
"4025",6,890.21508545,21,9041600757
"4026",6,890.21508545,22,9041735569
"4027",6,890.21508545,23,9041676286
"4028",6,890.21508545,24,9041748548
"4029",6,890.21508545,25,9041734339
"4030",6,890.21508545,26,9041948046
"4031",6,890.21508545,27,9041498974
"4032",6,890.21508545,28,9041770620
"4033",6,890.21508545,29,9041533333
"4034",6,890.21508545,3,9041905590
"4035",6,890.21508545,30,9041707165
"4036",6,890.21508545,31,9041372100
"4037",6,890.21508545,32,9041742235
"4038",6,890.21508545,33,9041732958
"4039",6,890.21508545,34,9041722007
"4040",6,890.21508545,35,9041902965
"4041",6,890.21508545,36,9041700675
"4042",6,890.21508545,37,9041507914
"4043",6,890.21508545,38,9041700249
"4044",6,890.21508545,39,9041658493
"4045",6,890.21508545,4,9041625908
"4046",6,890.21508545,40,9041871761
"4047",6,890.21508545,41,9041590044
"4048",6,890.21508545,42,9041901789
"4049",6,890.21508545,43,9041729300
"4050",6,890.21508545,44,9041783855
"4051",6,890.21508545,45,9041412429
"4052",6,890.21508545,46,9041685175
"4053",6,890.21508545,47,9041779276
"4054",6,890.21508545,48,9041656918
"4055",6,890.21508545,49,9041572495
"4056",6,890.21508545,5,9041716232
"4057",6,890.21508545,50,9041557604
"4058",6,890.21508545,51,9041670355
"4059",6,890.21508545,52,9041930216
"4060",6,890.21508545,53,9041764994
"4061",6,890.21508545,54,9041584051
"4062",6,890.21508545,55,9041675571
"4063",6,890.21508545,56,9041750262
"4064",6,890.21508545,57,9041649299
"4065",6,890.21508545,58,9041573586
"4066",6,890.21508545,59,9041800576
"4067",6,890.21508545,6,9041577101
"4068",6,890.21508545,60,9041537047
"4069",6,890.21508545,61,9041493073
"4070",6,890.21508545,62,9041737574
"4071",6,890.21508545,63,9041643806
"4072",6,890.21508545,64,9041751647
"4073",6,890.21508545,65,9041786339
"4074",6,890.21508545,66,9041683942
"4075",6,890.21508545,67,9041707165
"4076",6,890.21508545,68,9041630389
"4077",6,890.21508545,69,9041504078
"4078",6,890.21508545,7,9041695908
"4079",6,890.21508545,70,9041669228
"4080",6,890.21508545,71,9041522417
"4081",6,890.21508545,72,9041649116
"4082",6,890.21508545,73,9041751133
"4083",6,890.21508545,74,9041749476
"4084",6,890.21508545,75,9041581279
"4085",6,890.21508545,76,9041696558
"4086",6,890.21508545,77,9041745784
"4087",6,890.21508545,78,9041788764
"4088",6,890.21508545,79,9041648328
"4089",6,890.21508545,8,9041951104
"4090",6,890.21508545,80,9041845336
"4091",6,890.21508545,81,9041598942
"4092",6,890.21508545,82,9041714448
"4093",6,890.21508545,83,9041638216
"4094",6,890.21508545,84,9041501657
"4095",6,890.21508545,85,9041714673
"4096",6,890.21508545,86,9041570581
"4097",6,890.21508545,87,9041648553
"4098",6,890.21508545,88,9041714256
"4099",6,890.21508545,89,9041816272
"4100",6,890.21508545,9,9041553088
"4101",6,890.21508545,90,9041640630
"4102",6,890.21508545,91,9041545763
"4103",6,890.21508545,92,9041757738
"4104",6,890.21508545,93,9041982689
"4105",6,890.21508545,94,9041691816
"4106",6,890.21508545,95,9041746178
"4107",6,890.21508545,96,9041702579
"4108",6,890.21508545,97,9041638371
"4109",6,890.21508545,98,9041726006
"4110",6,890.21508545,99,9041555047
"4111",6,9.54548457,1,1
"4112",6,9.54548457,13,1
"4113",6,9.54548457,14,1
"4114",6,9.54548457,22,96927230
"4115",6,9.54548457,28,96954168
"4116",6,9.54548457,30,96950075
"4117",6,9.54548457,34,1
"4118",6,9.54548457,43,96942140
"4119",6,9.54548457,47,1
"4120",6,9.54548457,49,96946372
"4121",6,9.54548457,5,1
"4122",6,9.54548457,57,3
"4123",6,9.54548457,58,96936349
"4124",6,9.54548457,6,2
"4125",6,9.54548457,61,96958413
"4126",6,9.54548457,64,96967679
"4127",6,9.54548457,66,1
"4128",6,9.54548457,69,96925849
"4129",6,9.54548457,7,1
"4130",6,9.54548457,76,96950031
"4131",6,9.54548457,87,1
"4132",6,9.54548457,89,96944919
"4133",6,9.54548457,9,1
"4134",6,9.54548457,99,1
"4135",6,97.70099573,1,992292581
"4136",6,97.70099573,10,992238640
"4137",6,97.70099573,100,992449135
"4138",6,97.70099573,11,992294272
"4139",6,97.70099573,12,992346497
"4140",6,97.70099573,13,992265641
"4141",6,97.70099573,14,1
"4142",6,97.70099573,15,992397097
"4143",6,97.70099573,16,992278039
"4144",6,97.70099573,17,992320990
"4145",6,97.70099573,18,992340737
"4146",6,97.70099573,19,992317854
"4147",6,97.70099573,2,992308048
"4148",6,97.70099573,20,992305260
"4149",6,97.70099573,21,992329486
"4150",6,97.70099573,22,992345390
"4151",6,97.70099573,23,992411126
"4152",6,97.70099573,24,992405623
"4153",6,97.70099573,25,992337195
"4154",6,97.70099573,26,992270180
"4155",6,97.70099573,27,992310161
"4156",6,97.70099573,28,992297836
"4157",6,97.70099573,29,992283473
"4158",6,97.70099573,3,992322996
"4159",6,97.70099573,30,992403115
"4160",6,97.70099573,31,992338508
"4161",6,97.70099573,32,992335819
"4162",6,97.70099573,33,992364132
"4163",6,97.70099573,34,992306364
"4164",6,97.70099573,35,992346381
"4165",6,97.70099573,36,992366893
"4166",6,97.70099573,37,992344908
"4167",6,97.70099573,38,992317001
"4168",6,97.70099573,39,992291330
"4169",6,97.70099573,4,992403109
"4170",6,97.70099573,40,992295860
"4171",6,97.70099573,41,992389590
"4172",6,97.70099573,42,992360063
"4173",6,97.70099573,43,992311697
"4174",6,97.70099573,44,992325481
"4175",6,97.70099573,45,992302778
"4176",6,97.70099573,46,992301162
"4177",6,97.70099573,47,992428079
"4178",6,97.70099573,48,992305334
"4179",6,97.70099573,49,992370949
"4180",6,97.70099573,5,992311884
"4181",6,97.70099573,50,992358194
"4182",6,97.70099573,51,992347415
"4183",6,97.70099573,52,992342025
"4184",6,97.70099573,53,992371253
"4185",6,97.70099573,54,992350117
"4186",6,97.70099573,55,992288077
"4187",6,97.70099573,56,992292857
"4188",6,97.70099573,57,992261590
"4189",6,97.70099573,58,992362704
"4190",6,97.70099573,59,992319221
"4191",6,97.70099573,6,992317268
"4192",6,97.70099573,60,992344168
"4193",6,97.70099573,61,992382849
"4194",6,97.70099573,62,992340835
"4195",6,97.70099573,63,992360937
"4196",6,97.70099573,64,992334244
"4197",6,97.70099573,65,992324604
"4198",6,97.70099573,66,992339809
"4199",6,97.70099573,67,992324154
"4200",6,97.70099573,68,992289980
"4201",6,97.70099573,69,992320221
"4202",6,97.70099573,7,992257247
"4203",6,97.70099573,70,992311128
"4204",6,97.70099573,71,992281972
"4205",6,97.70099573,72,992381227
"4206",6,97.70099573,73,992375094
"4207",6,97.70099573,74,992304049
"4208",6,97.70099573,75,992302916
"4209",6,97.70099573,76,992364889
"4210",6,97.70099573,77,992336478
"4211",6,97.70099573,78,992389338
"4212",6,97.70099573,79,992277286
"4213",6,97.70099573,8,992291301
"4214",6,97.70099573,80,992283427
"4215",6,97.70099573,81,992338903
"4216",6,97.70099573,82,992357975
"4217",6,97.70099573,83,992338757
"4218",6,97.70099573,84,992356734
"4219",6,97.70099573,85,992296107
"4220",6,97.70099573,86,992317493
"4221",6,97.70099573,87,992310941
"4222",6,97.70099573,88,992292113
"4223",6,97.70099573,89,992266034
"4224",6,97.70099573,9,992324233
"4225",6,97.70099573,90,992299235
"4226",6,97.70099573,91,992307233
"4227",6,97.70099573,92,992332474
"4228",6,97.70099573,93,992332883
"4229",6,97.70099573,94,992281599
"4230",6,97.70099573,95,992330595
"4231",6,97.70099573,96,992317674
"4232",6,97.70099573,97,992334942
"4233",6,97.70099573,98,992313671
"4234",6,97.70099573,99,992384184
