"","time","nu","id","tot_pfu"
"1",2,0.01,1,3
"2",2,0.01,10,4
"3",2,0.01,11,3
"4",2,0.01,12,4
"5",2,0.01,13,2
"6",2,0.01,14,4
"7",2,0.01,15,1
"8",2,0.01,16,2
"9",2,0.01,17,2
"10",2,0.01,18,3
"11",2,0.01,2,2
"12",2,0.01,20,2
"13",2,0.01,21,1
"14",2,0.01,22,2
"15",2,0.01,23,3
"16",2,0.01,24,2
"17",2,0.01,25,5
"18",2,0.01,26,5
"19",2,0.01,27,3
"20",2,0.01,28,5
"21",2,0.01,29,2
"22",2,0.01,3,2
"23",2,0.01,30,3
"24",2,0.01,31,5
"25",2,0.01,32,2
"26",2,0.01,33,3
"27",2,0.01,34,1
"28",2,0.01,35,2
"29",2,0.01,36,2
"30",2,0.01,38,1
"31",2,0.01,39,3
"32",2,0.01,4,4
"33",2,0.01,40,3
"34",2,0.01,41,1
"35",2,0.01,42,1
"36",2,0.01,43,3
"37",2,0.01,44,2
"38",2,0.01,45,2
"39",2,0.01,46,3
"40",2,0.01,47,2
"41",2,0.01,48,3
"42",2,0.01,49,3
"43",2,0.01,50,7
"44",2,0.01,51,3
"45",2,0.01,52,3
"46",2,0.01,53,1
"47",2,0.01,55,1
"48",2,0.01,57,3
"49",2,0.01,58,1
"50",2,0.01,6,2
"51",2,0.01,60,3
"52",2,0.01,61,1
"53",2,0.01,63,3
"54",2,0.01,64,8
"55",2,0.01,65,1
"56",2,0.01,66,1
"57",2,0.01,67,1
"58",2,0.01,68,2
"59",2,0.01,69,1
"60",2,0.01,7,2
"61",2,0.01,70,4
"62",2,0.01,71,1
"63",2,0.01,72,1
"64",2,0.01,73,3
"65",2,0.01,74,2
"66",2,0.01,75,2
"67",2,0.01,76,1
"68",2,0.01,77,2
"69",2,0.01,79,4
"70",2,0.01,8,2
"71",2,0.01,80,2
"72",2,0.01,81,1
"73",2,0.01,82,4
"74",2,0.01,83,3
"75",2,0.01,84,1
"76",2,0.01,85,4
"77",2,0.01,86,3
"78",2,0.01,87,1
"79",2,0.01,88,6
"80",2,0.01,89,6
"81",2,0.01,9,2
"82",2,0.01,90,3
"83",2,0.01,91,1
"84",2,0.01,92,4
"85",2,0.01,94,1
"86",2,0.01,95,3
"87",2,0.01,96,3
"88",2,0.01,97,2
"89",2,0.01,98,5
"90",2,0.01,99,2
"91",2,0.01123324,1,3
"92",2,0.01123324,10,3
"93",2,0.01123324,11,6
"94",2,0.01123324,12,4
"95",2,0.01123324,13,2
"96",2,0.01123324,14,3
"97",2,0.01123324,15,2
"98",2,0.01123324,16,8
"99",2,0.01123324,17,4
"100",2,0.01123324,18,4
"101",2,0.01123324,19,2
"102",2,0.01123324,2,3
"103",2,0.01123324,20,3
"104",2,0.01123324,21,4
"105",2,0.01123324,22,2
"106",2,0.01123324,23,2
"107",2,0.01123324,24,7
"108",2,0.01123324,25,4
"109",2,0.01123324,26,2
"110",2,0.01123324,27,4
"111",2,0.01123324,28,2
"112",2,0.01123324,29,4
"113",2,0.01123324,3,3
"114",2,0.01123324,31,2
"115",2,0.01123324,32,4
"116",2,0.01123324,33,3
"117",2,0.01123324,34,1
"118",2,0.01123324,35,5
"119",2,0.01123324,36,4
"120",2,0.01123324,37,5
"121",2,0.01123324,38,5
"122",2,0.01123324,39,1
"123",2,0.01123324,4,5
"124",2,0.01123324,40,2
"125",2,0.01123324,41,6
"126",2,0.01123324,42,2
"127",2,0.01123324,43,1
"128",2,0.01123324,44,2
"129",2,0.01123324,45,4
"130",2,0.01123324,46,5
"131",2,0.01123324,47,2
"132",2,0.01123324,48,2
"133",2,0.01123324,49,1
"134",2,0.01123324,5,8
"135",2,0.01123324,50,4
"136",2,0.01123324,52,1
"137",2,0.01123324,54,4
"138",2,0.01123324,55,2
"139",2,0.01123324,56,5
"140",2,0.01123324,57,4
"141",2,0.01123324,58,3
"142",2,0.01123324,59,3
"143",2,0.01123324,6,3
"144",2,0.01123324,60,1
"145",2,0.01123324,62,6
"146",2,0.01123324,63,4
"147",2,0.01123324,64,6
"148",2,0.01123324,65,5
"149",2,0.01123324,66,6
"150",2,0.01123324,67,2
"151",2,0.01123324,68,3
"152",2,0.01123324,69,6
"153",2,0.01123324,7,1
"154",2,0.01123324,71,2
"155",2,0.01123324,72,3
"156",2,0.01123324,73,5
"157",2,0.01123324,74,5
"158",2,0.01123324,75,2
"159",2,0.01123324,76,3
"160",2,0.01123324,77,3
"161",2,0.01123324,78,3
"162",2,0.01123324,79,3
"163",2,0.01123324,8,2
"164",2,0.01123324,80,1
"165",2,0.01123324,81,3
"166",2,0.01123324,82,7
"167",2,0.01123324,83,6
"168",2,0.01123324,84,4
"169",2,0.01123324,85,4
"170",2,0.01123324,86,3
"171",2,0.01123324,87,2
"172",2,0.01123324,88,1
"173",2,0.01123324,89,1
"174",2,0.01123324,9,6
"175",2,0.01123324,90,4
"176",2,0.01123324,91,3
"177",2,0.01123324,92,2
"178",2,0.01123324,93,6
"179",2,0.01123324,94,7
"180",2,0.01123324,95,5
"181",2,0.01123324,96,1
"182",2,0.01123324,98,4
"183",2,0.01123324,99,2
"184",2,0.01261857,1,4
"185",2,0.01261857,10,2
"186",2,0.01261857,100,5
"187",2,0.01261857,11,3
"188",2,0.01261857,12,4
"189",2,0.01261857,13,4
"190",2,0.01261857,14,3
"191",2,0.01261857,15,1
"192",2,0.01261857,16,6
"193",2,0.01261857,17,4
"194",2,0.01261857,18,4
"195",2,0.01261857,19,5
"196",2,0.01261857,2,4
"197",2,0.01261857,20,2
"198",2,0.01261857,21,9
"199",2,0.01261857,22,3
"200",2,0.01261857,23,2
"201",2,0.01261857,24,2
"202",2,0.01261857,25,4
"203",2,0.01261857,26,3
"204",2,0.01261857,27,4
"205",2,0.01261857,28,2
"206",2,0.01261857,3,2
"207",2,0.01261857,30,3
"208",2,0.01261857,31,1
"209",2,0.01261857,32,1
"210",2,0.01261857,33,8
"211",2,0.01261857,35,4
"212",2,0.01261857,36,8
"213",2,0.01261857,38,6
"214",2,0.01261857,39,2
"215",2,0.01261857,4,5
"216",2,0.01261857,40,6
"217",2,0.01261857,41,8
"218",2,0.01261857,42,3
"219",2,0.01261857,43,3
"220",2,0.01261857,44,1
"221",2,0.01261857,45,8
"222",2,0.01261857,46,9
"223",2,0.01261857,47,4
"224",2,0.01261857,48,3
"225",2,0.01261857,49,1
"226",2,0.01261857,5,3
"227",2,0.01261857,50,4
"228",2,0.01261857,51,3
"229",2,0.01261857,52,3
"230",2,0.01261857,53,4
"231",2,0.01261857,54,5
"232",2,0.01261857,55,6
"233",2,0.01261857,57,4
"234",2,0.01261857,6,3
"235",2,0.01261857,60,3
"236",2,0.01261857,61,5
"237",2,0.01261857,62,4
"238",2,0.01261857,63,3
"239",2,0.01261857,64,6
"240",2,0.01261857,65,2
"241",2,0.01261857,66,4
"242",2,0.01261857,67,3
"243",2,0.01261857,68,4
"244",2,0.01261857,69,3
"245",2,0.01261857,7,1
"246",2,0.01261857,70,2
"247",2,0.01261857,71,7
"248",2,0.01261857,72,3
"249",2,0.01261857,73,2
"250",2,0.01261857,74,5
"251",2,0.01261857,75,5
"252",2,0.01261857,76,5
"253",2,0.01261857,77,6
"254",2,0.01261857,78,9
"255",2,0.01261857,79,2
"256",2,0.01261857,8,4
"257",2,0.01261857,80,7
"258",2,0.01261857,81,6
"259",2,0.01261857,82,4
"260",2,0.01261857,83,3
"261",2,0.01261857,84,2
"262",2,0.01261857,85,4
"263",2,0.01261857,86,3
"264",2,0.01261857,87,3
"265",2,0.01261857,88,6
"266",2,0.01261857,89,5
"267",2,0.01261857,9,5
"268",2,0.01261857,90,3
"269",2,0.01261857,91,2
"270",2,0.01261857,92,2
"271",2,0.01261857,93,1
"272",2,0.01261857,94,5
"273",2,0.01261857,95,4
"274",2,0.01261857,96,8
"275",2,0.01261857,97,4
"276",2,0.01261857,98,3
"277",2,0.01261857,99,4
"278",2,0.01417474,1,5
"279",2,0.01417474,10,5
"280",2,0.01417474,100,8
"281",2,0.01417474,11,7
"282",2,0.01417474,12,4
"283",2,0.01417474,13,3
"284",2,0.01417474,14,3
"285",2,0.01417474,15,5
"286",2,0.01417474,16,3
"287",2,0.01417474,17,3
"288",2,0.01417474,18,9
"289",2,0.01417474,19,2
"290",2,0.01417474,2,2
"291",2,0.01417474,20,3
"292",2,0.01417474,21,6
"293",2,0.01417474,22,5
"294",2,0.01417474,23,3
"295",2,0.01417474,24,9
"296",2,0.01417474,26,5
"297",2,0.01417474,27,3
"298",2,0.01417474,28,4
"299",2,0.01417474,29,3
"300",2,0.01417474,3,5
"301",2,0.01417474,30,4
"302",2,0.01417474,31,4
"303",2,0.01417474,32,5
"304",2,0.01417474,33,13
"305",2,0.01417474,34,1
"306",2,0.01417474,35,3
"307",2,0.01417474,36,2
"308",2,0.01417474,37,2
"309",2,0.01417474,39,7
"310",2,0.01417474,4,6
"311",2,0.01417474,40,3
"312",2,0.01417474,41,5
"313",2,0.01417474,42,9
"314",2,0.01417474,43,1
"315",2,0.01417474,44,1
"316",2,0.01417474,45,4
"317",2,0.01417474,46,6
"318",2,0.01417474,47,6
"319",2,0.01417474,48,4
"320",2,0.01417474,49,1
"321",2,0.01417474,5,2
"322",2,0.01417474,50,2
"323",2,0.01417474,51,2
"324",2,0.01417474,52,2
"325",2,0.01417474,53,4
"326",2,0.01417474,54,3
"327",2,0.01417474,55,5
"328",2,0.01417474,56,3
"329",2,0.01417474,57,3
"330",2,0.01417474,58,8
"331",2,0.01417474,59,4
"332",2,0.01417474,6,3
"333",2,0.01417474,60,2
"334",2,0.01417474,61,2
"335",2,0.01417474,62,6
"336",2,0.01417474,63,4
"337",2,0.01417474,64,1
"338",2,0.01417474,65,5
"339",2,0.01417474,66,3
"340",2,0.01417474,67,4
"341",2,0.01417474,68,6
"342",2,0.01417474,69,4
"343",2,0.01417474,7,2
"344",2,0.01417474,70,10
"345",2,0.01417474,71,3
"346",2,0.01417474,72,4
"347",2,0.01417474,73,7
"348",2,0.01417474,74,3
"349",2,0.01417474,75,5
"350",2,0.01417474,76,2
"351",2,0.01417474,77,1
"352",2,0.01417474,78,1
"353",2,0.01417474,79,4
"354",2,0.01417474,8,5
"355",2,0.01417474,80,4
"356",2,0.01417474,81,3
"357",2,0.01417474,82,6
"358",2,0.01417474,83,4
"359",2,0.01417474,84,7
"360",2,0.01417474,85,6
"361",2,0.01417474,86,1
"362",2,0.01417474,87,5
"363",2,0.01417474,88,3
"364",2,0.01417474,89,4
"365",2,0.01417474,9,3
"366",2,0.01417474,90,2
"367",2,0.01417474,91,3
"368",2,0.01417474,92,5
"369",2,0.01417474,93,4
"370",2,0.01417474,94,2
"371",2,0.01417474,95,5
"372",2,0.01417474,96,8
"373",2,0.01417474,97,4
"374",2,0.01417474,99,1
"375",2,0.01592283,1,4
"376",2,0.01592283,10,6
"377",2,0.01592283,100,4
"378",2,0.01592283,11,4
"379",2,0.01592283,12,3
"380",2,0.01592283,13,3
"381",2,0.01592283,14,2
"382",2,0.01592283,15,2
"383",2,0.01592283,16,6
"384",2,0.01592283,17,3
"385",2,0.01592283,18,6
"386",2,0.01592283,19,5
"387",2,0.01592283,2,5
"388",2,0.01592283,20,6
"389",2,0.01592283,21,2
"390",2,0.01592283,22,8
"391",2,0.01592283,23,6
"392",2,0.01592283,24,4
"393",2,0.01592283,25,2
"394",2,0.01592283,26,5
"395",2,0.01592283,27,8
"396",2,0.01592283,28,3
"397",2,0.01592283,3,4
"398",2,0.01592283,30,4
"399",2,0.01592283,31,8
"400",2,0.01592283,32,5
"401",2,0.01592283,33,4
"402",2,0.01592283,34,2
"403",2,0.01592283,35,4
"404",2,0.01592283,36,4
"405",2,0.01592283,38,5
"406",2,0.01592283,39,7
"407",2,0.01592283,4,9
"408",2,0.01592283,40,2
"409",2,0.01592283,41,3
"410",2,0.01592283,42,1
"411",2,0.01592283,43,6
"412",2,0.01592283,44,5
"413",2,0.01592283,45,3
"414",2,0.01592283,46,1
"415",2,0.01592283,48,8
"416",2,0.01592283,49,4
"417",2,0.01592283,5,7
"418",2,0.01592283,50,4
"419",2,0.01592283,52,2
"420",2,0.01592283,53,9
"421",2,0.01592283,54,6
"422",2,0.01592283,55,6
"423",2,0.01592283,56,4
"424",2,0.01592283,57,6
"425",2,0.01592283,58,5
"426",2,0.01592283,59,9
"427",2,0.01592283,6,1
"428",2,0.01592283,60,7
"429",2,0.01592283,61,5
"430",2,0.01592283,62,2
"431",2,0.01592283,63,1
"432",2,0.01592283,64,5
"433",2,0.01592283,65,4
"434",2,0.01592283,66,4
"435",2,0.01592283,67,4
"436",2,0.01592283,69,3
"437",2,0.01592283,7,3
"438",2,0.01592283,70,4
"439",2,0.01592283,71,2
"440",2,0.01592283,72,4
"441",2,0.01592283,73,3
"442",2,0.01592283,74,3
"443",2,0.01592283,75,1
"444",2,0.01592283,76,9
"445",2,0.01592283,77,1
"446",2,0.01592283,78,3
"447",2,0.01592283,79,6
"448",2,0.01592283,8,7
"449",2,0.01592283,80,5
"450",2,0.01592283,81,6
"451",2,0.01592283,82,6
"452",2,0.01592283,83,5
"453",2,0.01592283,84,2
"454",2,0.01592283,85,3
"455",2,0.01592283,86,3
"456",2,0.01592283,87,2
"457",2,0.01592283,88,8
"458",2,0.01592283,89,2
"459",2,0.01592283,9,4
"460",2,0.01592283,90,7
"461",2,0.01592283,91,1
"462",2,0.01592283,92,5
"463",2,0.01592283,93,2
"464",2,0.01592283,94,5
"465",2,0.01592283,95,8
"466",2,0.01592283,96,4
"467",2,0.01592283,97,8
"468",2,0.01592283,98,6
"469",2,0.01592283,99,6
"470",2,0.0178865,1,10
"471",2,0.0178865,10,2
"472",2,0.0178865,100,6
"473",2,0.0178865,11,4
"474",2,0.0178865,12,6
"475",2,0.0178865,13,6
"476",2,0.0178865,14,8
"477",2,0.0178865,15,3
"478",2,0.0178865,16,7
"479",2,0.0178865,17,6
"480",2,0.0178865,18,6
"481",2,0.0178865,19,7
"482",2,0.0178865,2,3
"483",2,0.0178865,20,3
"484",2,0.0178865,21,5
"485",2,0.0178865,22,3
"486",2,0.0178865,23,5
"487",2,0.0178865,24,5
"488",2,0.0178865,25,3
"489",2,0.0178865,26,6
"490",2,0.0178865,27,4
"491",2,0.0178865,28,4
"492",2,0.0178865,29,3
"493",2,0.0178865,3,2
"494",2,0.0178865,30,2
"495",2,0.0178865,31,6
"496",2,0.0178865,32,5
"497",2,0.0178865,33,4
"498",2,0.0178865,34,4
"499",2,0.0178865,35,3
"500",2,0.0178865,36,5
"501",2,0.0178865,37,1
"502",2,0.0178865,38,2
"503",2,0.0178865,39,7
"504",2,0.0178865,4,10
"505",2,0.0178865,40,4
"506",2,0.0178865,41,4
"507",2,0.0178865,42,5
"508",2,0.0178865,43,4
"509",2,0.0178865,44,6
"510",2,0.0178865,45,7
"511",2,0.0178865,46,4
"512",2,0.0178865,47,10
"513",2,0.0178865,48,3
"514",2,0.0178865,49,4
"515",2,0.0178865,5,7
"516",2,0.0178865,50,6
"517",2,0.0178865,51,5
"518",2,0.0178865,52,8
"519",2,0.0178865,53,6
"520",2,0.0178865,54,4
"521",2,0.0178865,55,3
"522",2,0.0178865,56,2
"523",2,0.0178865,57,4
"524",2,0.0178865,58,5
"525",2,0.0178865,59,2
"526",2,0.0178865,6,10
"527",2,0.0178865,60,3
"528",2,0.0178865,61,8
"529",2,0.0178865,62,6
"530",2,0.0178865,63,1
"531",2,0.0178865,64,5
"532",2,0.0178865,65,5
"533",2,0.0178865,66,2
"534",2,0.0178865,67,2
"535",2,0.0178865,68,8
"536",2,0.0178865,69,6
"537",2,0.0178865,7,1
"538",2,0.0178865,70,5
"539",2,0.0178865,71,2
"540",2,0.0178865,72,3
"541",2,0.0178865,73,5
"542",2,0.0178865,74,9
"543",2,0.0178865,75,5
"544",2,0.0178865,76,4
"545",2,0.0178865,77,2
"546",2,0.0178865,78,9
"547",2,0.0178865,79,6
"548",2,0.0178865,8,6
"549",2,0.0178865,80,10
"550",2,0.0178865,81,3
"551",2,0.0178865,82,2
"552",2,0.0178865,83,1
"553",2,0.0178865,84,5
"554",2,0.0178865,85,6
"555",2,0.0178865,86,6
"556",2,0.0178865,87,5
"557",2,0.0178865,88,3
"558",2,0.0178865,89,5
"559",2,0.0178865,9,3
"560",2,0.0178865,90,6
"561",2,0.0178865,91,4
"562",2,0.0178865,92,2
"563",2,0.0178865,93,2
"564",2,0.0178865,94,6
"565",2,0.0178865,96,3
"566",2,0.0178865,97,1
"567",2,0.0178865,98,4
"568",2,0.0178865,99,2
"569",2,0.02009233,1,5
"570",2,0.02009233,10,6
"571",2,0.02009233,100,8
"572",2,0.02009233,11,5
"573",2,0.02009233,12,9
"574",2,0.02009233,13,6
"575",2,0.02009233,14,6
"576",2,0.02009233,15,3
"577",2,0.02009233,16,3
"578",2,0.02009233,17,2
"579",2,0.02009233,18,4
"580",2,0.02009233,19,5
"581",2,0.02009233,2,4
"582",2,0.02009233,20,6
"583",2,0.02009233,21,4
"584",2,0.02009233,22,5
"585",2,0.02009233,23,6
"586",2,0.02009233,24,6
"587",2,0.02009233,25,7
"588",2,0.02009233,26,8
"589",2,0.02009233,27,6
"590",2,0.02009233,28,3
"591",2,0.02009233,29,2
"592",2,0.02009233,3,6
"593",2,0.02009233,30,6
"594",2,0.02009233,31,1
"595",2,0.02009233,32,3
"596",2,0.02009233,33,4
"597",2,0.02009233,34,5
"598",2,0.02009233,35,6
"599",2,0.02009233,36,10
"600",2,0.02009233,37,6
"601",2,0.02009233,38,4
"602",2,0.02009233,39,3
"603",2,0.02009233,4,4
"604",2,0.02009233,40,1
"605",2,0.02009233,41,3
"606",2,0.02009233,42,1
"607",2,0.02009233,43,5
"608",2,0.02009233,44,5
"609",2,0.02009233,45,3
"610",2,0.02009233,46,9
"611",2,0.02009233,47,5
"612",2,0.02009233,48,6
"613",2,0.02009233,49,9
"614",2,0.02009233,5,7
"615",2,0.02009233,50,5
"616",2,0.02009233,51,4
"617",2,0.02009233,52,5
"618",2,0.02009233,53,3
"619",2,0.02009233,54,1
"620",2,0.02009233,55,7
"621",2,0.02009233,56,6
"622",2,0.02009233,57,9
"623",2,0.02009233,58,7
"624",2,0.02009233,59,9
"625",2,0.02009233,6,7
"626",2,0.02009233,60,4
"627",2,0.02009233,61,6
"628",2,0.02009233,62,5
"629",2,0.02009233,63,4
"630",2,0.02009233,64,3
"631",2,0.02009233,65,5
"632",2,0.02009233,66,7
"633",2,0.02009233,67,6
"634",2,0.02009233,68,5
"635",2,0.02009233,69,4
"636",2,0.02009233,7,7
"637",2,0.02009233,70,3
"638",2,0.02009233,71,6
"639",2,0.02009233,72,8
"640",2,0.02009233,73,7
"641",2,0.02009233,74,6
"642",2,0.02009233,75,5
"643",2,0.02009233,76,6
"644",2,0.02009233,77,2
"645",2,0.02009233,78,7
"646",2,0.02009233,79,4
"647",2,0.02009233,8,9
"648",2,0.02009233,80,3
"649",2,0.02009233,81,5
"650",2,0.02009233,82,2
"651",2,0.02009233,83,6
"652",2,0.02009233,84,8
"653",2,0.02009233,85,5
"654",2,0.02009233,86,3
"655",2,0.02009233,87,6
"656",2,0.02009233,88,7
"657",2,0.02009233,89,12
"658",2,0.02009233,9,8
"659",2,0.02009233,90,6
"660",2,0.02009233,91,5
"661",2,0.02009233,92,3
"662",2,0.02009233,93,1
"663",2,0.02009233,94,5
"664",2,0.02009233,95,7
"665",2,0.02009233,96,8
"666",2,0.02009233,97,10
"667",2,0.02009233,98,6
"668",2,0.02009233,99,5
"669",2,0.0225702,1,2
"670",2,0.0225702,10,6
"671",2,0.0225702,100,5
"672",2,0.0225702,11,3
"673",2,0.0225702,12,8
"674",2,0.0225702,13,3
"675",2,0.0225702,14,9
"676",2,0.0225702,15,11
"677",2,0.0225702,16,5
"678",2,0.0225702,17,9
"679",2,0.0225702,18,9
"680",2,0.0225702,19,8
"681",2,0.0225702,2,10
"682",2,0.0225702,20,6
"683",2,0.0225702,21,10
"684",2,0.0225702,22,10
"685",2,0.0225702,23,8
"686",2,0.0225702,24,6
"687",2,0.0225702,25,4
"688",2,0.0225702,26,6
"689",2,0.0225702,27,7
"690",2,0.0225702,28,6
"691",2,0.0225702,29,8
"692",2,0.0225702,3,9
"693",2,0.0225702,30,10
"694",2,0.0225702,31,12
"695",2,0.0225702,32,2
"696",2,0.0225702,33,7
"697",2,0.0225702,34,4
"698",2,0.0225702,35,2
"699",2,0.0225702,36,7
"700",2,0.0225702,37,11
"701",2,0.0225702,38,10
"702",2,0.0225702,39,8
"703",2,0.0225702,4,9
"704",2,0.0225702,40,3
"705",2,0.0225702,41,5
"706",2,0.0225702,42,7
"707",2,0.0225702,43,4
"708",2,0.0225702,44,6
"709",2,0.0225702,45,7
"710",2,0.0225702,46,10
"711",2,0.0225702,47,2
"712",2,0.0225702,48,7
"713",2,0.0225702,49,4
"714",2,0.0225702,5,4
"715",2,0.0225702,50,9
"716",2,0.0225702,51,8
"717",2,0.0225702,52,9
"718",2,0.0225702,53,3
"719",2,0.0225702,54,2
"720",2,0.0225702,55,4
"721",2,0.0225702,56,5
"722",2,0.0225702,57,3
"723",2,0.0225702,58,5
"724",2,0.0225702,59,5
"725",2,0.0225702,6,6
"726",2,0.0225702,60,5
"727",2,0.0225702,61,6
"728",2,0.0225702,62,7
"729",2,0.0225702,63,5
"730",2,0.0225702,64,7
"731",2,0.0225702,65,5
"732",2,0.0225702,66,6
"733",2,0.0225702,67,4
"734",2,0.0225702,68,6
"735",2,0.0225702,69,12
"736",2,0.0225702,7,8
"737",2,0.0225702,70,9
"738",2,0.0225702,71,3
"739",2,0.0225702,72,1
"740",2,0.0225702,73,6
"741",2,0.0225702,74,4
"742",2,0.0225702,75,4
"743",2,0.0225702,76,13
"744",2,0.0225702,77,3
"745",2,0.0225702,78,5
"746",2,0.0225702,79,7
"747",2,0.0225702,8,3
"748",2,0.0225702,80,7
"749",2,0.0225702,81,4
"750",2,0.0225702,82,12
"751",2,0.0225702,83,5
"752",2,0.0225702,84,3
"753",2,0.0225702,85,6
"754",2,0.0225702,86,4
"755",2,0.0225702,87,3
"756",2,0.0225702,88,6
"757",2,0.0225702,89,7
"758",2,0.0225702,9,5
"759",2,0.0225702,90,7
"760",2,0.0225702,91,4
"761",2,0.0225702,92,2
"762",2,0.0225702,93,11
"763",2,0.0225702,94,4
"764",2,0.0225702,95,5
"765",2,0.0225702,96,7
"766",2,0.0225702,97,5
"767",2,0.0225702,98,5
"768",2,0.0225702,99,6
"769",2,0.02535364,1,7
"770",2,0.02535364,10,6
"771",2,0.02535364,100,6
"772",2,0.02535364,11,7
"773",2,0.02535364,12,15
"774",2,0.02535364,13,6
"775",2,0.02535364,14,13
"776",2,0.02535364,15,5
"777",2,0.02535364,16,9
"778",2,0.02535364,17,4
"779",2,0.02535364,18,5
"780",2,0.02535364,19,6
"781",2,0.02535364,2,7
"782",2,0.02535364,20,5
"783",2,0.02535364,21,10
"784",2,0.02535364,22,3
"785",2,0.02535364,23,2
"786",2,0.02535364,24,5
"787",2,0.02535364,25,5
"788",2,0.02535364,26,5
"789",2,0.02535364,27,8
"790",2,0.02535364,28,6
"791",2,0.02535364,29,7
"792",2,0.02535364,3,11
"793",2,0.02535364,30,13
"794",2,0.02535364,31,4
"795",2,0.02535364,32,9
"796",2,0.02535364,33,6
"797",2,0.02535364,34,10
"798",2,0.02535364,35,9
"799",2,0.02535364,36,5
"800",2,0.02535364,37,7
"801",2,0.02535364,38,2
"802",2,0.02535364,39,4
"803",2,0.02535364,4,4
"804",2,0.02535364,40,7
"805",2,0.02535364,41,8
"806",2,0.02535364,42,7
"807",2,0.02535364,43,8
"808",2,0.02535364,44,3
"809",2,0.02535364,45,7
"810",2,0.02535364,46,3
"811",2,0.02535364,47,11
"812",2,0.02535364,48,7
"813",2,0.02535364,49,7
"814",2,0.02535364,5,11
"815",2,0.02535364,50,6
"816",2,0.02535364,51,9
"817",2,0.02535364,52,6
"818",2,0.02535364,53,12
"819",2,0.02535364,54,11
"820",2,0.02535364,55,9
"821",2,0.02535364,56,5
"822",2,0.02535364,57,3
"823",2,0.02535364,58,8
"824",2,0.02535364,59,6
"825",2,0.02535364,6,5
"826",2,0.02535364,60,8
"827",2,0.02535364,61,6
"828",2,0.02535364,62,5
"829",2,0.02535364,63,5
"830",2,0.02535364,64,4
"831",2,0.02535364,65,5
"832",2,0.02535364,66,11
"833",2,0.02535364,67,6
"834",2,0.02535364,68,7
"835",2,0.02535364,69,12
"836",2,0.02535364,7,8
"837",2,0.02535364,70,6
"838",2,0.02535364,71,4
"839",2,0.02535364,72,4
"840",2,0.02535364,73,3
"841",2,0.02535364,75,9
"842",2,0.02535364,76,7
"843",2,0.02535364,77,9
"844",2,0.02535364,78,6
"845",2,0.02535364,79,1
"846",2,0.02535364,8,4
"847",2,0.02535364,80,4
"848",2,0.02535364,81,9
"849",2,0.02535364,82,5
"850",2,0.02535364,83,11
"851",2,0.02535364,84,5
"852",2,0.02535364,85,10
"853",2,0.02535364,86,6
"854",2,0.02535364,87,9
"855",2,0.02535364,88,5
"856",2,0.02535364,89,3
"857",2,0.02535364,9,9
"858",2,0.02535364,90,8
"859",2,0.02535364,91,5
"860",2,0.02535364,92,12
"861",2,0.02535364,93,14
"862",2,0.02535364,94,5
"863",2,0.02535364,95,4
"864",2,0.02535364,96,9
"865",2,0.02535364,97,4
"866",2,0.02535364,98,8
"867",2,0.02535364,99,8
"868",2,0.02848036,1,11
"869",2,0.02848036,10,8
"870",2,0.02848036,100,5
"871",2,0.02848036,11,11
"872",2,0.02848036,12,7
"873",2,0.02848036,13,11
"874",2,0.02848036,14,15
"875",2,0.02848036,15,3
"876",2,0.02848036,16,8
"877",2,0.02848036,17,10
"878",2,0.02848036,18,6
"879",2,0.02848036,19,4
"880",2,0.02848036,2,8
"881",2,0.02848036,20,10
"882",2,0.02848036,21,11
"883",2,0.02848036,22,7
"884",2,0.02848036,23,6
"885",2,0.02848036,24,8
"886",2,0.02848036,25,13
"887",2,0.02848036,26,10
"888",2,0.02848036,27,7
"889",2,0.02848036,28,7
"890",2,0.02848036,29,4
"891",2,0.02848036,3,7
"892",2,0.02848036,30,9
"893",2,0.02848036,31,10
"894",2,0.02848036,32,5
"895",2,0.02848036,33,6
"896",2,0.02848036,34,10
"897",2,0.02848036,35,6
"898",2,0.02848036,36,6
"899",2,0.02848036,37,9
"900",2,0.02848036,38,4
"901",2,0.02848036,39,7
"902",2,0.02848036,4,11
"903",2,0.02848036,40,10
"904",2,0.02848036,41,7
"905",2,0.02848036,42,10
"906",2,0.02848036,43,7
"907",2,0.02848036,44,9
"908",2,0.02848036,45,10
"909",2,0.02848036,46,9
"910",2,0.02848036,47,9
"911",2,0.02848036,48,5
"912",2,0.02848036,49,11
"913",2,0.02848036,5,10
"914",2,0.02848036,50,6
"915",2,0.02848036,51,10
"916",2,0.02848036,52,5
"917",2,0.02848036,53,10
"918",2,0.02848036,54,9
"919",2,0.02848036,55,9
"920",2,0.02848036,56,3
"921",2,0.02848036,57,5
"922",2,0.02848036,58,11
"923",2,0.02848036,59,6
"924",2,0.02848036,6,5
"925",2,0.02848036,60,11
"926",2,0.02848036,61,8
"927",2,0.02848036,62,5
"928",2,0.02848036,63,11
"929",2,0.02848036,64,10
"930",2,0.02848036,65,8
"931",2,0.02848036,66,15
"932",2,0.02848036,67,6
"933",2,0.02848036,68,11
"934",2,0.02848036,69,10
"935",2,0.02848036,7,7
"936",2,0.02848036,70,7
"937",2,0.02848036,71,7
"938",2,0.02848036,72,8
"939",2,0.02848036,73,8
"940",2,0.02848036,74,7
"941",2,0.02848036,75,8
"942",2,0.02848036,76,5
"943",2,0.02848036,77,5
"944",2,0.02848036,78,14
"945",2,0.02848036,79,15
"946",2,0.02848036,8,10
"947",2,0.02848036,80,10
"948",2,0.02848036,81,13
"949",2,0.02848036,82,11
"950",2,0.02848036,83,7
"951",2,0.02848036,84,5
"952",2,0.02848036,85,6
"953",2,0.02848036,86,2
"954",2,0.02848036,87,9
"955",2,0.02848036,88,12
"956",2,0.02848036,89,5
"957",2,0.02848036,9,9
"958",2,0.02848036,90,8
"959",2,0.02848036,91,8
"960",2,0.02848036,92,9
"961",2,0.02848036,93,7
"962",2,0.02848036,94,9
"963",2,0.02848036,95,4
"964",2,0.02848036,96,9
"965",2,0.02848036,97,2
"966",2,0.02848036,98,4
"967",2,0.02848036,99,10
"968",2,0.03199267,1,8
"969",2,0.03199267,10,4
"970",2,0.03199267,100,11
"971",2,0.03199267,11,9
"972",2,0.03199267,12,12
"973",2,0.03199267,13,7
"974",2,0.03199267,14,4
"975",2,0.03199267,15,6
"976",2,0.03199267,16,10
"977",2,0.03199267,17,8
"978",2,0.03199267,18,9
"979",2,0.03199267,19,13
"980",2,0.03199267,2,9
"981",2,0.03199267,20,12
"982",2,0.03199267,21,7
"983",2,0.03199267,22,7
"984",2,0.03199267,23,11
"985",2,0.03199267,24,10
"986",2,0.03199267,25,9
"987",2,0.03199267,26,10
"988",2,0.03199267,27,8
"989",2,0.03199267,28,6
"990",2,0.03199267,29,11
"991",2,0.03199267,3,4
"992",2,0.03199267,30,1
"993",2,0.03199267,31,13
"994",2,0.03199267,32,7
"995",2,0.03199267,33,7
"996",2,0.03199267,34,7
"997",2,0.03199267,35,7
"998",2,0.03199267,36,8
"999",2,0.03199267,37,6
"1000",2,0.03199267,38,13
"1001",2,0.03199267,39,11
"1002",2,0.03199267,4,9
"1003",2,0.03199267,40,4
"1004",2,0.03199267,41,8
"1005",2,0.03199267,42,10
"1006",2,0.03199267,43,8
"1007",2,0.03199267,44,10
"1008",2,0.03199267,45,3
"1009",2,0.03199267,46,7
"1010",2,0.03199267,47,9
"1011",2,0.03199267,48,9
"1012",2,0.03199267,49,7
"1013",2,0.03199267,5,5
"1014",2,0.03199267,50,9
"1015",2,0.03199267,51,5
"1016",2,0.03199267,52,14
"1017",2,0.03199267,53,8
"1018",2,0.03199267,54,7
"1019",2,0.03199267,55,9
"1020",2,0.03199267,56,11
"1021",2,0.03199267,57,15
"1022",2,0.03199267,58,6
"1023",2,0.03199267,59,6
"1024",2,0.03199267,6,9
"1025",2,0.03199267,60,12
"1026",2,0.03199267,61,7
"1027",2,0.03199267,62,7
"1028",2,0.03199267,63,5
"1029",2,0.03199267,64,11
"1030",2,0.03199267,65,8
"1031",2,0.03199267,66,12
"1032",2,0.03199267,67,8
"1033",2,0.03199267,68,4
"1034",2,0.03199267,69,13
"1035",2,0.03199267,7,10
"1036",2,0.03199267,70,8
"1037",2,0.03199267,71,12
"1038",2,0.03199267,72,13
"1039",2,0.03199267,73,9
"1040",2,0.03199267,74,7
"1041",2,0.03199267,75,6
"1042",2,0.03199267,76,9
"1043",2,0.03199267,77,9
"1044",2,0.03199267,78,7
"1045",2,0.03199267,79,9
"1046",2,0.03199267,8,8
"1047",2,0.03199267,80,11
"1048",2,0.03199267,81,6
"1049",2,0.03199267,82,9
"1050",2,0.03199267,83,9
"1051",2,0.03199267,84,8
"1052",2,0.03199267,85,14
"1053",2,0.03199267,86,8
"1054",2,0.03199267,87,9
"1055",2,0.03199267,88,6
"1056",2,0.03199267,89,11
"1057",2,0.03199267,9,7
"1058",2,0.03199267,90,13
"1059",2,0.03199267,91,10
"1060",2,0.03199267,92,9
"1061",2,0.03199267,93,8
"1062",2,0.03199267,94,10
"1063",2,0.03199267,95,3
"1064",2,0.03199267,96,5
"1065",2,0.03199267,97,14
"1066",2,0.03199267,98,12
"1067",2,0.03199267,99,8
"1068",2,0.03593814,1,11
"1069",2,0.03593814,10,13
"1070",2,0.03593814,100,11
"1071",2,0.03593814,11,12
"1072",2,0.03593814,12,10
"1073",2,0.03593814,13,8
"1074",2,0.03593814,14,6
"1075",2,0.03593814,15,4
"1076",2,0.03593814,16,10
"1077",2,0.03593814,17,11
"1078",2,0.03593814,18,10
"1079",2,0.03593814,19,19
"1080",2,0.03593814,2,9
"1081",2,0.03593814,20,16
"1082",2,0.03593814,21,10
"1083",2,0.03593814,22,10
"1084",2,0.03593814,23,5
"1085",2,0.03593814,24,9
"1086",2,0.03593814,25,9
"1087",2,0.03593814,26,11
"1088",2,0.03593814,27,5
"1089",2,0.03593814,28,11
"1090",2,0.03593814,29,12
"1091",2,0.03593814,3,7
"1092",2,0.03593814,30,8
"1093",2,0.03593814,31,8
"1094",2,0.03593814,32,13
"1095",2,0.03593814,33,13
"1096",2,0.03593814,34,14
"1097",2,0.03593814,35,16
"1098",2,0.03593814,36,8
"1099",2,0.03593814,37,11
"1100",2,0.03593814,38,8
"1101",2,0.03593814,39,17
"1102",2,0.03593814,4,10
"1103",2,0.03593814,40,15
"1104",2,0.03593814,41,5
"1105",2,0.03593814,42,6
"1106",2,0.03593814,43,8
"1107",2,0.03593814,44,7
"1108",2,0.03593814,45,16
"1109",2,0.03593814,46,12
"1110",2,0.03593814,47,8
"1111",2,0.03593814,48,4
"1112",2,0.03593814,49,12
"1113",2,0.03593814,5,12
"1114",2,0.03593814,50,13
"1115",2,0.03593814,51,10
"1116",2,0.03593814,52,13
"1117",2,0.03593814,53,10
"1118",2,0.03593814,54,12
"1119",2,0.03593814,55,5
"1120",2,0.03593814,56,14
"1121",2,0.03593814,57,10
"1122",2,0.03593814,58,10
"1123",2,0.03593814,59,12
"1124",2,0.03593814,6,13
"1125",2,0.03593814,60,11
"1126",2,0.03593814,61,13
"1127",2,0.03593814,62,8
"1128",2,0.03593814,63,13
"1129",2,0.03593814,64,18
"1130",2,0.03593814,65,8
"1131",2,0.03593814,66,8
"1132",2,0.03593814,67,12
"1133",2,0.03593814,68,12
"1134",2,0.03593814,69,10
"1135",2,0.03593814,7,11
"1136",2,0.03593814,70,11
"1137",2,0.03593814,71,14
"1138",2,0.03593814,72,9
"1139",2,0.03593814,73,9
"1140",2,0.03593814,74,11
"1141",2,0.03593814,75,8
"1142",2,0.03593814,76,8
"1143",2,0.03593814,77,13
"1144",2,0.03593814,78,15
"1145",2,0.03593814,79,8
"1146",2,0.03593814,8,8
"1147",2,0.03593814,80,3
"1148",2,0.03593814,81,14
"1149",2,0.03593814,82,10
"1150",2,0.03593814,83,10
"1151",2,0.03593814,84,9
"1152",2,0.03593814,85,13
"1153",2,0.03593814,86,5
"1154",2,0.03593814,87,11
"1155",2,0.03593814,88,12
"1156",2,0.03593814,89,7
"1157",2,0.03593814,9,12
"1158",2,0.03593814,90,12
"1159",2,0.03593814,91,16
"1160",2,0.03593814,92,6
"1161",2,0.03593814,93,10
"1162",2,0.03593814,94,11
"1163",2,0.03593814,95,15
"1164",2,0.03593814,96,10
"1165",2,0.03593814,97,9
"1166",2,0.03593814,98,7
"1167",2,0.03593814,99,6
"1168",2,0.04037017,1,21
"1169",2,0.04037017,10,9
"1170",2,0.04037017,100,8
"1171",2,0.04037017,11,5
"1172",2,0.04037017,12,5
"1173",2,0.04037017,13,3
"1174",2,0.04037017,14,9
"1175",2,0.04037017,15,11
"1176",2,0.04037017,16,14
"1177",2,0.04037017,17,10
"1178",2,0.04037017,18,6
"1179",2,0.04037017,19,6
"1180",2,0.04037017,2,19
"1181",2,0.04037017,20,18
"1182",2,0.04037017,21,16
"1183",2,0.04037017,22,13
"1184",2,0.04037017,23,11
"1185",2,0.04037017,24,12
"1186",2,0.04037017,25,8
"1187",2,0.04037017,26,18
"1188",2,0.04037017,27,8
"1189",2,0.04037017,28,16
"1190",2,0.04037017,29,10
"1191",2,0.04037017,3,13
"1192",2,0.04037017,30,16
"1193",2,0.04037017,31,12
"1194",2,0.04037017,32,12
"1195",2,0.04037017,33,8
"1196",2,0.04037017,34,16
"1197",2,0.04037017,35,12
"1198",2,0.04037017,36,16
"1199",2,0.04037017,37,8
"1200",2,0.04037017,38,12
"1201",2,0.04037017,39,11
"1202",2,0.04037017,4,19
"1203",2,0.04037017,40,16
"1204",2,0.04037017,41,15
"1205",2,0.04037017,42,12
"1206",2,0.04037017,43,15
"1207",2,0.04037017,44,11
"1208",2,0.04037017,45,9
"1209",2,0.04037017,46,15
"1210",2,0.04037017,47,8
"1211",2,0.04037017,48,13
"1212",2,0.04037017,49,13
"1213",2,0.04037017,5,8
"1214",2,0.04037017,50,10
"1215",2,0.04037017,51,12
"1216",2,0.04037017,52,16
"1217",2,0.04037017,53,11
"1218",2,0.04037017,54,10
"1219",2,0.04037017,55,10
"1220",2,0.04037017,56,7
"1221",2,0.04037017,57,8
"1222",2,0.04037017,58,8
"1223",2,0.04037017,59,9
"1224",2,0.04037017,6,10
"1225",2,0.04037017,60,21
"1226",2,0.04037017,61,22
"1227",2,0.04037017,62,10
"1228",2,0.04037017,63,13
"1229",2,0.04037017,64,13
"1230",2,0.04037017,65,15
"1231",2,0.04037017,66,17
"1232",2,0.04037017,67,8
"1233",2,0.04037017,68,16
"1234",2,0.04037017,69,14
"1235",2,0.04037017,7,13
"1236",2,0.04037017,70,10
"1237",2,0.04037017,71,8
"1238",2,0.04037017,72,13
"1239",2,0.04037017,73,12
"1240",2,0.04037017,74,15
"1241",2,0.04037017,75,9
"1242",2,0.04037017,76,14
"1243",2,0.04037017,77,7
"1244",2,0.04037017,78,14
"1245",2,0.04037017,79,9
"1246",2,0.04037017,8,10
"1247",2,0.04037017,80,4
"1248",2,0.04037017,81,15
"1249",2,0.04037017,82,13
"1250",2,0.04037017,83,11
"1251",2,0.04037017,84,10
"1252",2,0.04037017,85,12
"1253",2,0.04037017,86,7
"1254",2,0.04037017,87,12
"1255",2,0.04037017,88,13
"1256",2,0.04037017,89,12
"1257",2,0.04037017,9,7
"1258",2,0.04037017,90,12
"1259",2,0.04037017,91,20
"1260",2,0.04037017,92,8
"1261",2,0.04037017,93,17
"1262",2,0.04037017,94,8
"1263",2,0.04037017,95,13
"1264",2,0.04037017,96,12
"1265",2,0.04037017,97,9
"1266",2,0.04037017,98,13
"1267",2,0.04037017,99,13
"1268",2,0.04534879,1,7
"1269",2,0.04534879,10,16
"1270",2,0.04534879,100,9
"1271",2,0.04534879,11,15
"1272",2,0.04534879,12,16
"1273",2,0.04534879,13,11
"1274",2,0.04534879,14,10
"1275",2,0.04534879,15,8
"1276",2,0.04534879,16,14
"1277",2,0.04534879,17,15
"1278",2,0.04534879,18,6
"1279",2,0.04534879,19,11
"1280",2,0.04534879,2,9
"1281",2,0.04534879,20,12
"1282",2,0.04534879,21,13
"1283",2,0.04534879,22,16
"1284",2,0.04534879,23,15
"1285",2,0.04534879,24,19
"1286",2,0.04534879,25,11
"1287",2,0.04534879,26,15
"1288",2,0.04534879,27,13
"1289",2,0.04534879,28,11
"1290",2,0.04534879,29,12
"1291",2,0.04534879,3,16
"1292",2,0.04534879,30,6
"1293",2,0.04534879,31,8
"1294",2,0.04534879,32,12
"1295",2,0.04534879,33,15
"1296",2,0.04534879,34,16
"1297",2,0.04534879,35,12
"1298",2,0.04534879,36,9
"1299",2,0.04534879,37,10
"1300",2,0.04534879,38,14
"1301",2,0.04534879,39,16
"1302",2,0.04534879,4,15
"1303",2,0.04534879,40,15
"1304",2,0.04534879,41,15
"1305",2,0.04534879,42,12
"1306",2,0.04534879,43,7
"1307",2,0.04534879,44,17
"1308",2,0.04534879,45,14
"1309",2,0.04534879,46,9
"1310",2,0.04534879,47,13
"1311",2,0.04534879,48,12
"1312",2,0.04534879,49,14
"1313",2,0.04534879,5,6
"1314",2,0.04534879,50,11
"1315",2,0.04534879,51,16
"1316",2,0.04534879,52,10
"1317",2,0.04534879,53,8
"1318",2,0.04534879,54,11
"1319",2,0.04534879,55,16
"1320",2,0.04534879,56,11
"1321",2,0.04534879,57,16
"1322",2,0.04534879,58,9
"1323",2,0.04534879,59,15
"1324",2,0.04534879,6,9
"1325",2,0.04534879,60,12
"1326",2,0.04534879,61,19
"1327",2,0.04534879,62,6
"1328",2,0.04534879,63,12
"1329",2,0.04534879,64,14
"1330",2,0.04534879,65,5
"1331",2,0.04534879,66,23
"1332",2,0.04534879,67,12
"1333",2,0.04534879,68,15
"1334",2,0.04534879,69,13
"1335",2,0.04534879,7,11
"1336",2,0.04534879,70,13
"1337",2,0.04534879,71,9
"1338",2,0.04534879,72,12
"1339",2,0.04534879,73,13
"1340",2,0.04534879,74,22
"1341",2,0.04534879,75,10
"1342",2,0.04534879,76,13
"1343",2,0.04534879,77,10
"1344",2,0.04534879,78,12
"1345",2,0.04534879,79,9
"1346",2,0.04534879,8,17
"1347",2,0.04534879,80,7
"1348",2,0.04534879,81,16
"1349",2,0.04534879,82,14
"1350",2,0.04534879,83,12
"1351",2,0.04534879,84,13
"1352",2,0.04534879,85,17
"1353",2,0.04534879,86,12
"1354",2,0.04534879,87,14
"1355",2,0.04534879,88,10
"1356",2,0.04534879,89,13
"1357",2,0.04534879,9,11
"1358",2,0.04534879,90,10
"1359",2,0.04534879,91,9
"1360",2,0.04534879,92,16
"1361",2,0.04534879,93,16
"1362",2,0.04534879,94,21
"1363",2,0.04534879,95,14
"1364",2,0.04534879,96,11
"1365",2,0.04534879,97,17
"1366",2,0.04534879,98,12
"1367",2,0.04534879,99,18
"1368",2,0.05094138,1,16
"1369",2,0.05094138,10,9
"1370",2,0.05094138,100,15
"1371",2,0.05094138,11,13
"1372",2,0.05094138,12,14
"1373",2,0.05094138,13,9
"1374",2,0.05094138,14,18
"1375",2,0.05094138,15,15
"1376",2,0.05094138,16,15
"1377",2,0.05094138,17,10
"1378",2,0.05094138,18,19
"1379",2,0.05094138,19,11
"1380",2,0.05094138,2,14
"1381",2,0.05094138,20,14
"1382",2,0.05094138,21,16
"1383",2,0.05094138,22,19
"1384",2,0.05094138,23,21
"1385",2,0.05094138,24,14
"1386",2,0.05094138,25,13
"1387",2,0.05094138,26,15
"1388",2,0.05094138,27,14
"1389",2,0.05094138,28,16
"1390",2,0.05094138,29,24
"1391",2,0.05094138,3,7
"1392",2,0.05094138,30,20
"1393",2,0.05094138,31,18
"1394",2,0.05094138,32,10
"1395",2,0.05094138,33,21
"1396",2,0.05094138,34,23
"1397",2,0.05094138,35,9
"1398",2,0.05094138,36,15
"1399",2,0.05094138,37,16
"1400",2,0.05094138,38,11
"1401",2,0.05094138,39,10
"1402",2,0.05094138,4,16
"1403",2,0.05094138,40,11
"1404",2,0.05094138,41,20
"1405",2,0.05094138,42,7
"1406",2,0.05094138,43,13
"1407",2,0.05094138,44,19
"1408",2,0.05094138,45,14
"1409",2,0.05094138,46,19
"1410",2,0.05094138,47,17
"1411",2,0.05094138,48,17
"1412",2,0.05094138,49,11
"1413",2,0.05094138,5,14
"1414",2,0.05094138,50,16
"1415",2,0.05094138,51,18
"1416",2,0.05094138,52,20
"1417",2,0.05094138,53,14
"1418",2,0.05094138,54,12
"1419",2,0.05094138,55,20
"1420",2,0.05094138,56,17
"1421",2,0.05094138,57,16
"1422",2,0.05094138,58,11
"1423",2,0.05094138,59,11
"1424",2,0.05094138,6,19
"1425",2,0.05094138,60,21
"1426",2,0.05094138,61,17
"1427",2,0.05094138,62,18
"1428",2,0.05094138,63,13
"1429",2,0.05094138,64,9
"1430",2,0.05094138,65,14
"1431",2,0.05094138,66,16
"1432",2,0.05094138,67,17
"1433",2,0.05094138,68,10
"1434",2,0.05094138,69,9
"1435",2,0.05094138,7,9
"1436",2,0.05094138,70,13
"1437",2,0.05094138,71,14
"1438",2,0.05094138,72,10
"1439",2,0.05094138,73,6
"1440",2,0.05094138,74,14
"1441",2,0.05094138,75,16
"1442",2,0.05094138,76,11
"1443",2,0.05094138,77,13
"1444",2,0.05094138,78,20
"1445",2,0.05094138,79,12
"1446",2,0.05094138,8,15
"1447",2,0.05094138,80,13
"1448",2,0.05094138,81,19
"1449",2,0.05094138,82,12
"1450",2,0.05094138,83,17
"1451",2,0.05094138,84,8
"1452",2,0.05094138,85,16
"1453",2,0.05094138,86,11
"1454",2,0.05094138,87,11
"1455",2,0.05094138,88,12
"1456",2,0.05094138,89,15
"1457",2,0.05094138,9,16
"1458",2,0.05094138,90,15
"1459",2,0.05094138,91,20
"1460",2,0.05094138,92,11
"1461",2,0.05094138,93,13
"1462",2,0.05094138,94,10
"1463",2,0.05094138,95,12
"1464",2,0.05094138,96,11
"1465",2,0.05094138,97,17
"1466",2,0.05094138,98,13
"1467",2,0.05094138,99,15
"1468",2,0.05722368,1,16
"1469",2,0.05722368,10,11
"1470",2,0.05722368,100,8
"1471",2,0.05722368,11,19
"1472",2,0.05722368,12,18
"1473",2,0.05722368,13,11
"1474",2,0.05722368,14,12
"1475",2,0.05722368,15,19
"1476",2,0.05722368,16,18
"1477",2,0.05722368,17,13
"1478",2,0.05722368,18,14
"1479",2,0.05722368,19,14
"1480",2,0.05722368,2,18
"1481",2,0.05722368,20,11
"1482",2,0.05722368,21,14
"1483",2,0.05722368,22,26
"1484",2,0.05722368,23,18
"1485",2,0.05722368,24,14
"1486",2,0.05722368,25,16
"1487",2,0.05722368,26,15
"1488",2,0.05722368,27,23
"1489",2,0.05722368,28,14
"1490",2,0.05722368,29,20
"1491",2,0.05722368,3,22
"1492",2,0.05722368,30,15
"1493",2,0.05722368,31,15
"1494",2,0.05722368,32,11
"1495",2,0.05722368,33,21
"1496",2,0.05722368,34,25
"1497",2,0.05722368,35,16
"1498",2,0.05722368,36,13
"1499",2,0.05722368,37,12
"1500",2,0.05722368,38,19
"1501",2,0.05722368,39,8
"1502",2,0.05722368,4,13
"1503",2,0.05722368,40,16
"1504",2,0.05722368,41,10
"1505",2,0.05722368,42,12
"1506",2,0.05722368,43,22
"1507",2,0.05722368,44,17
"1508",2,0.05722368,45,16
"1509",2,0.05722368,46,14
"1510",2,0.05722368,47,18
"1511",2,0.05722368,48,22
"1512",2,0.05722368,49,18
"1513",2,0.05722368,5,12
"1514",2,0.05722368,50,13
"1515",2,0.05722368,51,12
"1516",2,0.05722368,52,13
"1517",2,0.05722368,53,17
"1518",2,0.05722368,54,9
"1519",2,0.05722368,55,20
"1520",2,0.05722368,56,15
"1521",2,0.05722368,57,18
"1522",2,0.05722368,58,23
"1523",2,0.05722368,59,13
"1524",2,0.05722368,6,18
"1525",2,0.05722368,60,9
"1526",2,0.05722368,61,14
"1527",2,0.05722368,62,17
"1528",2,0.05722368,63,18
"1529",2,0.05722368,64,17
"1530",2,0.05722368,65,11
"1531",2,0.05722368,66,211
"1532",2,0.05722368,67,23
"1533",2,0.05722368,68,18
"1534",2,0.05722368,69,15
"1535",2,0.05722368,7,14
"1536",2,0.05722368,70,21
"1537",2,0.05722368,71,17
"1538",2,0.05722368,72,16
"1539",2,0.05722368,73,12
"1540",2,0.05722368,74,15
"1541",2,0.05722368,75,18
"1542",2,0.05722368,76,22
"1543",2,0.05722368,77,15
"1544",2,0.05722368,78,15
"1545",2,0.05722368,79,16
"1546",2,0.05722368,8,12
"1547",2,0.05722368,80,21
"1548",2,0.05722368,81,13
"1549",2,0.05722368,82,12
"1550",2,0.05722368,83,16
"1551",2,0.05722368,84,11
"1552",2,0.05722368,85,15
"1553",2,0.05722368,86,16
"1554",2,0.05722368,87,22
"1555",2,0.05722368,88,14
"1556",2,0.05722368,89,23
"1557",2,0.05722368,9,10
"1558",2,0.05722368,90,11
"1559",2,0.05722368,91,18
"1560",2,0.05722368,92,15
"1561",2,0.05722368,93,10
"1562",2,0.05722368,94,13
"1563",2,0.05722368,95,13
"1564",2,0.05722368,96,15
"1565",2,0.05722368,97,16
"1566",2,0.05722368,98,20
"1567",2,0.05722368,99,19
"1568",2,0.06428073,1,18
"1569",2,0.06428073,10,13
"1570",2,0.06428073,100,19
"1571",2,0.06428073,11,17
"1572",2,0.06428073,12,26
"1573",2,0.06428073,13,25
"1574",2,0.06428073,14,23
"1575",2,0.06428073,15,10
"1576",2,0.06428073,16,18
"1577",2,0.06428073,17,20
"1578",2,0.06428073,18,19
"1579",2,0.06428073,19,22
"1580",2,0.06428073,2,16
"1581",2,0.06428073,20,18
"1582",2,0.06428073,21,20
"1583",2,0.06428073,22,22
"1584",2,0.06428073,23,17
"1585",2,0.06428073,24,17
"1586",2,0.06428073,25,23
"1587",2,0.06428073,26,25
"1588",2,0.06428073,27,21
"1589",2,0.06428073,28,18
"1590",2,0.06428073,29,14
"1591",2,0.06428073,3,16
"1592",2,0.06428073,30,14
"1593",2,0.06428073,31,14
"1594",2,0.06428073,32,9
"1595",2,0.06428073,33,14
"1596",2,0.06428073,34,14
"1597",2,0.06428073,35,16
"1598",2,0.06428073,36,15
"1599",2,0.06428073,37,27
"1600",2,0.06428073,38,19
"1601",2,0.06428073,39,16
"1602",2,0.06428073,4,18
"1603",2,0.06428073,40,15
"1604",2,0.06428073,41,18
"1605",2,0.06428073,42,19
"1606",2,0.06428073,43,26
"1607",2,0.06428073,44,22
"1608",2,0.06428073,45,23
"1609",2,0.06428073,46,12
"1610",2,0.06428073,47,22
"1611",2,0.06428073,48,20
"1612",2,0.06428073,49,13
"1613",2,0.06428073,5,17
"1614",2,0.06428073,50,14
"1615",2,0.06428073,51,14
"1616",2,0.06428073,52,20
"1617",2,0.06428073,53,17
"1618",2,0.06428073,54,12
"1619",2,0.06428073,55,16
"1620",2,0.06428073,56,11
"1621",2,0.06428073,57,14
"1622",2,0.06428073,58,19
"1623",2,0.06428073,59,21
"1624",2,0.06428073,6,16
"1625",2,0.06428073,60,16
"1626",2,0.06428073,61,15
"1627",2,0.06428073,62,12
"1628",2,0.06428073,63,28
"1629",2,0.06428073,64,20
"1630",2,0.06428073,65,15
"1631",2,0.06428073,66,18
"1632",2,0.06428073,67,11
"1633",2,0.06428073,68,18
"1634",2,0.06428073,69,23
"1635",2,0.06428073,7,19
"1636",2,0.06428073,70,13
"1637",2,0.06428073,71,19
"1638",2,0.06428073,72,24
"1639",2,0.06428073,73,16
"1640",2,0.06428073,74,15
"1641",2,0.06428073,75,19
"1642",2,0.06428073,76,21
"1643",2,0.06428073,77,21
"1644",2,0.06428073,78,17
"1645",2,0.06428073,79,19
"1646",2,0.06428073,8,17
"1647",2,0.06428073,80,12
"1648",2,0.06428073,81,13
"1649",2,0.06428073,82,23
"1650",2,0.06428073,83,21
"1651",2,0.06428073,84,17
"1652",2,0.06428073,85,18
"1653",2,0.06428073,86,18
"1654",2,0.06428073,87,15
"1655",2,0.06428073,88,16
"1656",2,0.06428073,89,26
"1657",2,0.06428073,9,9
"1658",2,0.06428073,90,17
"1659",2,0.06428073,91,17
"1660",2,0.06428073,92,12
"1661",2,0.06428073,93,8
"1662",2,0.06428073,94,16
"1663",2,0.06428073,95,10
"1664",2,0.06428073,96,18
"1665",2,0.06428073,97,15
"1666",2,0.06428073,98,18
"1667",2,0.06428073,99,17
"1668",2,0.07220809,1,22
"1669",2,0.07220809,10,20
"1670",2,0.07220809,100,26
"1671",2,0.07220809,11,22
"1672",2,0.07220809,12,27
"1673",2,0.07220809,13,18
"1674",2,0.07220809,14,19
"1675",2,0.07220809,15,18
"1676",2,0.07220809,16,16
"1677",2,0.07220809,17,17
"1678",2,0.07220809,18,15
"1679",2,0.07220809,19,15
"1680",2,0.07220809,2,20
"1681",2,0.07220809,20,22
"1682",2,0.07220809,21,22
"1683",2,0.07220809,22,22
"1684",2,0.07220809,23,12
"1685",2,0.07220809,24,12
"1686",2,0.07220809,25,25
"1687",2,0.07220809,26,17
"1688",2,0.07220809,27,19
"1689",2,0.07220809,28,26
"1690",2,0.07220809,29,24
"1691",2,0.07220809,3,19
"1692",2,0.07220809,30,26
"1693",2,0.07220809,31,19
"1694",2,0.07220809,32,24
"1695",2,0.07220809,33,15
"1696",2,0.07220809,34,18
"1697",2,0.07220809,35,23
"1698",2,0.07220809,36,20
"1699",2,0.07220809,37,17
"1700",2,0.07220809,38,18
"1701",2,0.07220809,39,24
"1702",2,0.07220809,4,19
"1703",2,0.07220809,40,20
"1704",2,0.07220809,41,22
"1705",2,0.07220809,42,14
"1706",2,0.07220809,43,17
"1707",2,0.07220809,44,25
"1708",2,0.07220809,45,17
"1709",2,0.07220809,46,17
"1710",2,0.07220809,47,26
"1711",2,0.07220809,48,25
"1712",2,0.07220809,49,14
"1713",2,0.07220809,5,16
"1714",2,0.07220809,50,21
"1715",2,0.07220809,51,22
"1716",2,0.07220809,52,13
"1717",2,0.07220809,53,16
"1718",2,0.07220809,54,18
"1719",2,0.07220809,55,20
"1720",2,0.07220809,56,23
"1721",2,0.07220809,57,19
"1722",2,0.07220809,58,13
"1723",2,0.07220809,59,24
"1724",2,0.07220809,6,24
"1725",2,0.07220809,60,21
"1726",2,0.07220809,61,18
"1727",2,0.07220809,62,7
"1728",2,0.07220809,63,16
"1729",2,0.07220809,64,18
"1730",2,0.07220809,65,21
"1731",2,0.07220809,66,12
"1732",2,0.07220809,67,15
"1733",2,0.07220809,68,15
"1734",2,0.07220809,69,24
"1735",2,0.07220809,7,19
"1736",2,0.07220809,70,25
"1737",2,0.07220809,71,17
"1738",2,0.07220809,72,18
"1739",2,0.07220809,73,11
"1740",2,0.07220809,74,21
"1741",2,0.07220809,75,15
"1742",2,0.07220809,76,22
"1743",2,0.07220809,77,16
"1744",2,0.07220809,78,19
"1745",2,0.07220809,79,22
"1746",2,0.07220809,8,20
"1747",2,0.07220809,80,23
"1748",2,0.07220809,81,19
"1749",2,0.07220809,82,19
"1750",2,0.07220809,83,14
"1751",2,0.07220809,84,18
"1752",2,0.07220809,85,27
"1753",2,0.07220809,86,21
"1754",2,0.07220809,87,17
"1755",2,0.07220809,88,21
"1756",2,0.07220809,89,11
"1757",2,0.07220809,9,24
"1758",2,0.07220809,90,23
"1759",2,0.07220809,91,22
"1760",2,0.07220809,92,21
"1761",2,0.07220809,93,15
"1762",2,0.07220809,94,12
"1763",2,0.07220809,95,28
"1764",2,0.07220809,96,28
"1765",2,0.07220809,97,15
"1766",2,0.07220809,98,18
"1767",2,0.07220809,99,11
"1768",2,0.08111308,1,22
"1769",2,0.08111308,10,23
"1770",2,0.08111308,100,26
"1771",2,0.08111308,11,24
"1772",2,0.08111308,12,27
"1773",2,0.08111308,13,20
"1774",2,0.08111308,14,24
"1775",2,0.08111308,15,22
"1776",2,0.08111308,16,32
"1777",2,0.08111308,17,17
"1778",2,0.08111308,18,18
"1779",2,0.08111308,19,27
"1780",2,0.08111308,2,21
"1781",2,0.08111308,20,21
"1782",2,0.08111308,21,32
"1783",2,0.08111308,22,24
"1784",2,0.08111308,23,14
"1785",2,0.08111308,24,28
"1786",2,0.08111308,25,25
"1787",2,0.08111308,26,17
"1788",2,0.08111308,27,19
"1789",2,0.08111308,28,21
"1790",2,0.08111308,29,30
"1791",2,0.08111308,3,20
"1792",2,0.08111308,30,21
"1793",2,0.08111308,31,19
"1794",2,0.08111308,32,15
"1795",2,0.08111308,33,30
"1796",2,0.08111308,34,22
"1797",2,0.08111308,35,28
"1798",2,0.08111308,36,24
"1799",2,0.08111308,37,20
"1800",2,0.08111308,38,10
"1801",2,0.08111308,39,18
"1802",2,0.08111308,4,28
"1803",2,0.08111308,40,18
"1804",2,0.08111308,41,25
"1805",2,0.08111308,42,16
"1806",2,0.08111308,43,18
"1807",2,0.08111308,44,24
"1808",2,0.08111308,45,24
"1809",2,0.08111308,46,18
"1810",2,0.08111308,47,22
"1811",2,0.08111308,48,23
"1812",2,0.08111308,49,25
"1813",2,0.08111308,5,26
"1814",2,0.08111308,50,20
"1815",2,0.08111308,51,23
"1816",2,0.08111308,52,23
"1817",2,0.08111308,53,27
"1818",2,0.08111308,54,24
"1819",2,0.08111308,55,27
"1820",2,0.08111308,56,19
"1821",2,0.08111308,57,24
"1822",2,0.08111308,58,11
"1823",2,0.08111308,59,22
"1824",2,0.08111308,6,26
"1825",2,0.08111308,60,29
"1826",2,0.08111308,61,22
"1827",2,0.08111308,62,66
"1828",2,0.08111308,63,21
"1829",2,0.08111308,64,27
"1830",2,0.08111308,65,21
"1831",2,0.08111308,66,26
"1832",2,0.08111308,67,19
"1833",2,0.08111308,68,18
"1834",2,0.08111308,69,22
"1835",2,0.08111308,7,26
"1836",2,0.08111308,70,27
"1837",2,0.08111308,71,22
"1838",2,0.08111308,72,20
"1839",2,0.08111308,73,30
"1840",2,0.08111308,74,28
"1841",2,0.08111308,75,24
"1842",2,0.08111308,76,23
"1843",2,0.08111308,77,24
"1844",2,0.08111308,78,16
"1845",2,0.08111308,79,29
"1846",2,0.08111308,8,31
"1847",2,0.08111308,80,29
"1848",2,0.08111308,81,21
"1849",2,0.08111308,82,14
"1850",2,0.08111308,83,18
"1851",2,0.08111308,84,14
"1852",2,0.08111308,85,39
"1853",2,0.08111308,86,19
"1854",2,0.08111308,87,34
"1855",2,0.08111308,88,22
"1856",2,0.08111308,89,22
"1857",2,0.08111308,9,17
"1858",2,0.08111308,90,24
"1859",2,0.08111308,91,23
"1860",2,0.08111308,92,20
"1861",2,0.08111308,93,22
"1862",2,0.08111308,94,19
"1863",2,0.08111308,95,25
"1864",2,0.08111308,96,18
"1865",2,0.08111308,97,20
"1866",2,0.08111308,98,25
"1867",2,0.08111308,99,25
"1868",2,0.09111628,1,20
"1869",2,0.09111628,10,26
"1870",2,0.09111628,100,17
"1871",2,0.09111628,11,20
"1872",2,0.09111628,12,30
"1873",2,0.09111628,13,32
"1874",2,0.09111628,14,35
"1875",2,0.09111628,15,26
"1876",2,0.09111628,16,30
"1877",2,0.09111628,17,28
"1878",2,0.09111628,18,33
"1879",2,0.09111628,19,25
"1880",2,0.09111628,2,28
"1881",2,0.09111628,20,19
"1882",2,0.09111628,21,26
"1883",2,0.09111628,22,23
"1884",2,0.09111628,23,14
"1885",2,0.09111628,24,23
"1886",2,0.09111628,25,23
"1887",2,0.09111628,26,20
"1888",2,0.09111628,27,21
"1889",2,0.09111628,28,21
"1890",2,0.09111628,29,31
"1891",2,0.09111628,3,13
"1892",2,0.09111628,30,24
"1893",2,0.09111628,31,20
"1894",2,0.09111628,32,17
"1895",2,0.09111628,33,24
"1896",2,0.09111628,34,27
"1897",2,0.09111628,35,21
"1898",2,0.09111628,36,24
"1899",2,0.09111628,37,14
"1900",2,0.09111628,38,31
"1901",2,0.09111628,39,30
"1902",2,0.09111628,4,24
"1903",2,0.09111628,40,26
"1904",2,0.09111628,41,18
"1905",2,0.09111628,42,27
"1906",2,0.09111628,43,26
"1907",2,0.09111628,44,28
"1908",2,0.09111628,45,27
"1909",2,0.09111628,46,29
"1910",2,0.09111628,47,24
"1911",2,0.09111628,48,25
"1912",2,0.09111628,49,22
"1913",2,0.09111628,5,30
"1914",2,0.09111628,50,29
"1915",2,0.09111628,51,31
"1916",2,0.09111628,52,21
"1917",2,0.09111628,53,31
"1918",2,0.09111628,54,22
"1919",2,0.09111628,55,27
"1920",2,0.09111628,56,21
"1921",2,0.09111628,57,29
"1922",2,0.09111628,58,28
"1923",2,0.09111628,59,31
"1924",2,0.09111628,6,22
"1925",2,0.09111628,60,30
"1926",2,0.09111628,61,24
"1927",2,0.09111628,62,20
"1928",2,0.09111628,63,20
"1929",2,0.09111628,64,21
"1930",2,0.09111628,65,22
"1931",2,0.09111628,66,27
"1932",2,0.09111628,67,30
"1933",2,0.09111628,68,28
"1934",2,0.09111628,69,20
"1935",2,0.09111628,7,25
"1936",2,0.09111628,70,22
"1937",2,0.09111628,71,25
"1938",2,0.09111628,72,27
"1939",2,0.09111628,73,27
"1940",2,0.09111628,74,14
"1941",2,0.09111628,75,14
"1942",2,0.09111628,76,25
"1943",2,0.09111628,77,22
"1944",2,0.09111628,78,33
"1945",2,0.09111628,79,24
"1946",2,0.09111628,8,18
"1947",2,0.09111628,80,31
"1948",2,0.09111628,81,27
"1949",2,0.09111628,82,20
"1950",2,0.09111628,83,22
"1951",2,0.09111628,84,22
"1952",2,0.09111628,85,27
"1953",2,0.09111628,86,25
"1954",2,0.09111628,87,24
"1955",2,0.09111628,88,21
"1956",2,0.09111628,89,24
"1957",2,0.09111628,9,23
"1958",2,0.09111628,90,29
"1959",2,0.09111628,91,25
"1960",2,0.09111628,92,37
"1961",2,0.09111628,93,26
"1962",2,0.09111628,94,31
"1963",2,0.09111628,95,25
"1964",2,0.09111628,96,21
"1965",2,0.09111628,97,40
"1966",2,0.09111628,98,34
"1967",2,0.09111628,99,30
"1968",2,0.1023531,1,25
"1969",2,0.1023531,10,31
"1970",2,0.1023531,100,27
"1971",2,0.1023531,11,29
"1972",2,0.1023531,12,22
"1973",2,0.1023531,13,34
"1974",2,0.1023531,14,36
"1975",2,0.1023531,15,15
"1976",2,0.1023531,16,28
"1977",2,0.1023531,17,18
"1978",2,0.1023531,18,29
"1979",2,0.1023531,19,16
"1980",2,0.1023531,2,27
"1981",2,0.1023531,20,24
"1982",2,0.1023531,21,23
"1983",2,0.1023531,22,22
"1984",2,0.1023531,23,31
"1985",2,0.1023531,24,39
"1986",2,0.1023531,25,36
"1987",2,0.1023531,26,30
"1988",2,0.1023531,27,31
"1989",2,0.1023531,28,33
"1990",2,0.1023531,29,24
"1991",2,0.1023531,3,30
"1992",2,0.1023531,30,32
"1993",2,0.1023531,31,22
"1994",2,0.1023531,32,25
"1995",2,0.1023531,33,36
"1996",2,0.1023531,34,34
"1997",2,0.1023531,35,21
"1998",2,0.1023531,36,27
"1999",2,0.1023531,37,30
"2000",2,0.1023531,38,24
"2001",2,0.1023531,39,20
"2002",2,0.1023531,4,19
"2003",2,0.1023531,40,27
"2004",2,0.1023531,41,30
"2005",2,0.1023531,42,30
"2006",2,0.1023531,43,25
"2007",2,0.1023531,44,27
"2008",2,0.1023531,45,24
"2009",2,0.1023531,46,38
"2010",2,0.1023531,47,31
"2011",2,0.1023531,48,26
"2012",2,0.1023531,49,24
"2013",2,0.1023531,5,22
"2014",2,0.1023531,50,22
"2015",2,0.1023531,51,31
"2016",2,0.1023531,52,27
"2017",2,0.1023531,53,29
"2018",2,0.1023531,54,25
"2019",2,0.1023531,55,32
"2020",2,0.1023531,56,25
"2021",2,0.1023531,57,31
"2022",2,0.1023531,58,27
"2023",2,0.1023531,59,27
"2024",2,0.1023531,6,27
"2025",2,0.1023531,60,27
"2026",2,0.1023531,61,30
"2027",2,0.1023531,62,35
"2028",2,0.1023531,63,21
"2029",2,0.1023531,64,25
"2030",2,0.1023531,65,23
"2031",2,0.1023531,66,24
"2032",2,0.1023531,67,22
"2033",2,0.1023531,68,32
"2034",2,0.1023531,69,14
"2035",2,0.1023531,7,25
"2036",2,0.1023531,70,36
"2037",2,0.1023531,71,26
"2038",2,0.1023531,72,31
"2039",2,0.1023531,73,33
"2040",2,0.1023531,74,23
"2041",2,0.1023531,75,23
"2042",2,0.1023531,76,22
"2043",2,0.1023531,77,41
"2044",2,0.1023531,78,33
"2045",2,0.1023531,79,19
"2046",2,0.1023531,8,25
"2047",2,0.1023531,80,28
"2048",2,0.1023531,81,12
"2049",2,0.1023531,82,24
"2050",2,0.1023531,83,23
"2051",2,0.1023531,84,16
"2052",2,0.1023531,85,28
"2053",2,0.1023531,86,28
"2054",2,0.1023531,87,26
"2055",2,0.1023531,88,23
"2056",2,0.1023531,89,38
"2057",2,0.1023531,9,41
"2058",2,0.1023531,90,25
"2059",2,0.1023531,91,21
"2060",2,0.1023531,92,223
"2061",2,0.1023531,93,21
"2062",2,0.1023531,94,36
"2063",2,0.1023531,95,30
"2064",2,0.1023531,96,27
"2065",2,0.1023531,97,27
"2066",2,0.1023531,98,28
"2067",2,0.1023531,99,24
"2068",2,0.1149757,1,27
"2069",2,0.1149757,10,27
"2070",2,0.1149757,100,38
"2071",2,0.1149757,11,26
"2072",2,0.1149757,12,28
"2073",2,0.1149757,13,26
"2074",2,0.1149757,14,29
"2075",2,0.1149757,15,30
"2076",2,0.1149757,16,31
"2077",2,0.1149757,17,42
"2078",2,0.1149757,18,33
"2079",2,0.1149757,19,30
"2080",2,0.1149757,2,29
"2081",2,0.1149757,20,22
"2082",2,0.1149757,21,32
"2083",2,0.1149757,22,40
"2084",2,0.1149757,23,32
"2085",2,0.1149757,24,27
"2086",2,0.1149757,25,22
"2087",2,0.1149757,26,29
"2088",2,0.1149757,27,23
"2089",2,0.1149757,28,43
"2090",2,0.1149757,29,27
"2091",2,0.1149757,3,27
"2092",2,0.1149757,30,27
"2093",2,0.1149757,31,40
"2094",2,0.1149757,32,31
"2095",2,0.1149757,33,39
"2096",2,0.1149757,34,40
"2097",2,0.1149757,35,34
"2098",2,0.1149757,36,30
"2099",2,0.1149757,37,35
"2100",2,0.1149757,38,36
"2101",2,0.1149757,39,35
"2102",2,0.1149757,4,29
"2103",2,0.1149757,40,26
"2104",2,0.1149757,41,42
"2105",2,0.1149757,42,38
"2106",2,0.1149757,43,31
"2107",2,0.1149757,44,33
"2108",2,0.1149757,45,25
"2109",2,0.1149757,46,38
"2110",2,0.1149757,47,27
"2111",2,0.1149757,48,28
"2112",2,0.1149757,49,24
"2113",2,0.1149757,5,31
"2114",2,0.1149757,50,36
"2115",2,0.1149757,51,27
"2116",2,0.1149757,52,28
"2117",2,0.1149757,53,31
"2118",2,0.1149757,54,27
"2119",2,0.1149757,55,22
"2120",2,0.1149757,56,44
"2121",2,0.1149757,57,35
"2122",2,0.1149757,58,38
"2123",2,0.1149757,59,27
"2124",2,0.1149757,6,24
"2125",2,0.1149757,60,28
"2126",2,0.1149757,61,35
"2127",2,0.1149757,62,24
"2128",2,0.1149757,63,37
"2129",2,0.1149757,64,35
"2130",2,0.1149757,65,27
"2131",2,0.1149757,66,33
"2132",2,0.1149757,67,25
"2133",2,0.1149757,68,32
"2134",2,0.1149757,69,45
"2135",2,0.1149757,7,27
"2136",2,0.1149757,70,29
"2137",2,0.1149757,71,32
"2138",2,0.1149757,72,30
"2139",2,0.1149757,73,34
"2140",2,0.1149757,74,26
"2141",2,0.1149757,75,31
"2142",2,0.1149757,76,41
"2143",2,0.1149757,77,29
"2144",2,0.1149757,78,29
"2145",2,0.1149757,79,33
"2146",2,0.1149757,8,37
"2147",2,0.1149757,80,28
"2148",2,0.1149757,81,38
"2149",2,0.1149757,82,28
"2150",2,0.1149757,83,23
"2151",2,0.1149757,84,36
"2152",2,0.1149757,85,234
"2153",2,0.1149757,86,32
"2154",2,0.1149757,87,23
"2155",2,0.1149757,88,244
"2156",2,0.1149757,89,37
"2157",2,0.1149757,9,28
"2158",2,0.1149757,90,33
"2159",2,0.1149757,91,32
"2160",2,0.1149757,92,32
"2161",2,0.1149757,93,38
"2162",2,0.1149757,94,32
"2163",2,0.1149757,95,27
"2164",2,0.1149757,96,38
"2165",2,0.1149757,97,34
"2166",2,0.1149757,98,33
"2167",2,0.1149757,99,24
"2168",2,0.12915497,1,37
"2169",2,0.12915497,10,45
"2170",2,0.12915497,100,33
"2171",2,0.12915497,11,36
"2172",2,0.12915497,12,31
"2173",2,0.12915497,13,19
"2174",2,0.12915497,14,40
"2175",2,0.12915497,15,33
"2176",2,0.12915497,16,41
"2177",2,0.12915497,17,40
"2178",2,0.12915497,18,34
"2179",2,0.12915497,19,42
"2180",2,0.12915497,2,39
"2181",2,0.12915497,20,37
"2182",2,0.12915497,21,41
"2183",2,0.12915497,22,33
"2184",2,0.12915497,23,37
"2185",2,0.12915497,24,36
"2186",2,0.12915497,25,27
"2187",2,0.12915497,26,31
"2188",2,0.12915497,27,38
"2189",2,0.12915497,28,25
"2190",2,0.12915497,29,31
"2191",2,0.12915497,3,33
"2192",2,0.12915497,30,36
"2193",2,0.12915497,31,36
"2194",2,0.12915497,32,38
"2195",2,0.12915497,33,31
"2196",2,0.12915497,34,33
"2197",2,0.12915497,35,43
"2198",2,0.12915497,36,34
"2199",2,0.12915497,37,37
"2200",2,0.12915497,38,34
"2201",2,0.12915497,39,29
"2202",2,0.12915497,4,32
"2203",2,0.12915497,40,26
"2204",2,0.12915497,41,44
"2205",2,0.12915497,42,33
"2206",2,0.12915497,43,34
"2207",2,0.12915497,44,42
"2208",2,0.12915497,45,28
"2209",2,0.12915497,46,34
"2210",2,0.12915497,47,29
"2211",2,0.12915497,48,36
"2212",2,0.12915497,49,41
"2213",2,0.12915497,5,33
"2214",2,0.12915497,50,29
"2215",2,0.12915497,51,24
"2216",2,0.12915497,52,31
"2217",2,0.12915497,53,35
"2218",2,0.12915497,54,41
"2219",2,0.12915497,55,41
"2220",2,0.12915497,56,39
"2221",2,0.12915497,57,27
"2222",2,0.12915497,58,32
"2223",2,0.12915497,59,34
"2224",2,0.12915497,6,27
"2225",2,0.12915497,60,40
"2226",2,0.12915497,61,27
"2227",2,0.12915497,62,34
"2228",2,0.12915497,63,25
"2229",2,0.12915497,64,33
"2230",2,0.12915497,65,40
"2231",2,0.12915497,66,37
"2232",2,0.12915497,67,39
"2233",2,0.12915497,68,32
"2234",2,0.12915497,69,48
"2235",2,0.12915497,7,45
"2236",2,0.12915497,70,35
"2237",2,0.12915497,71,43
"2238",2,0.12915497,72,31
"2239",2,0.12915497,73,37
"2240",2,0.12915497,74,36
"2241",2,0.12915497,75,37
"2242",2,0.12915497,76,39
"2243",2,0.12915497,77,34
"2244",2,0.12915497,78,36
"2245",2,0.12915497,79,23
"2246",2,0.12915497,8,29
"2247",2,0.12915497,80,39
"2248",2,0.12915497,81,41
"2249",2,0.12915497,82,39
"2250",2,0.12915497,83,36
"2251",2,0.12915497,84,34
"2252",2,0.12915497,85,34
"2253",2,0.12915497,86,38
"2254",2,0.12915497,87,32
"2255",2,0.12915497,88,37
"2256",2,0.12915497,89,33
"2257",2,0.12915497,9,40
"2258",2,0.12915497,90,21
"2259",2,0.12915497,91,34
"2260",2,0.12915497,92,37
"2261",2,0.12915497,93,36
"2262",2,0.12915497,94,37
"2263",2,0.12915497,95,51
"2264",2,0.12915497,96,47
"2265",2,0.12915497,97,38
"2266",2,0.12915497,98,30
"2267",2,0.12915497,99,29
"2268",2,0.14508288,1,49
"2269",2,0.14508288,10,37
"2270",2,0.14508288,100,41
"2271",2,0.14508288,11,47
"2272",2,0.14508288,12,35
"2273",2,0.14508288,13,27
"2274",2,0.14508288,14,31
"2275",2,0.14508288,15,44
"2276",2,0.14508288,16,36
"2277",2,0.14508288,17,33
"2278",2,0.14508288,18,45
"2279",2,0.14508288,19,29
"2280",2,0.14508288,2,36
"2281",2,0.14508288,20,49
"2282",2,0.14508288,21,44
"2283",2,0.14508288,22,43
"2284",2,0.14508288,23,35
"2285",2,0.14508288,24,41
"2286",2,0.14508288,25,37
"2287",2,0.14508288,26,51
"2288",2,0.14508288,27,36
"2289",2,0.14508288,28,31
"2290",2,0.14508288,29,36
"2291",2,0.14508288,3,33
"2292",2,0.14508288,30,44
"2293",2,0.14508288,31,34
"2294",2,0.14508288,32,39
"2295",2,0.14508288,33,33
"2296",2,0.14508288,34,44
"2297",2,0.14508288,35,38
"2298",2,0.14508288,36,38
"2299",2,0.14508288,37,36
"2300",2,0.14508288,38,29
"2301",2,0.14508288,39,34
"2302",2,0.14508288,4,36
"2303",2,0.14508288,40,42
"2304",2,0.14508288,41,38
"2305",2,0.14508288,42,44
"2306",2,0.14508288,43,48
"2307",2,0.14508288,44,39
"2308",2,0.14508288,45,40
"2309",2,0.14508288,46,28
"2310",2,0.14508288,47,39
"2311",2,0.14508288,48,43
"2312",2,0.14508288,49,30
"2313",2,0.14508288,5,35
"2314",2,0.14508288,50,42
"2315",2,0.14508288,51,35
"2316",2,0.14508288,52,30
"2317",2,0.14508288,53,48
"2318",2,0.14508288,54,52
"2319",2,0.14508288,55,43
"2320",2,0.14508288,56,30
"2321",2,0.14508288,57,39
"2322",2,0.14508288,58,43
"2323",2,0.14508288,59,41
"2324",2,0.14508288,6,42
"2325",2,0.14508288,60,52
"2326",2,0.14508288,61,41
"2327",2,0.14508288,62,36
"2328",2,0.14508288,63,39
"2329",2,0.14508288,64,45
"2330",2,0.14508288,65,46
"2331",2,0.14508288,66,45
"2332",2,0.14508288,67,39
"2333",2,0.14508288,68,38
"2334",2,0.14508288,69,43
"2335",2,0.14508288,7,30
"2336",2,0.14508288,70,41
"2337",2,0.14508288,71,27
"2338",2,0.14508288,72,53
"2339",2,0.14508288,73,35
"2340",2,0.14508288,74,46
"2341",2,0.14508288,75,36
"2342",2,0.14508288,76,39
"2343",2,0.14508288,77,39
"2344",2,0.14508288,78,30
"2345",2,0.14508288,79,42
"2346",2,0.14508288,8,36
"2347",2,0.14508288,80,39
"2348",2,0.14508288,81,39
"2349",2,0.14508288,82,40
"2350",2,0.14508288,83,36
"2351",2,0.14508288,84,50
"2352",2,0.14508288,85,41
"2353",2,0.14508288,86,45
"2354",2,0.14508288,87,39
"2355",2,0.14508288,88,44
"2356",2,0.14508288,89,41
"2357",2,0.14508288,9,38
"2358",2,0.14508288,90,45
"2359",2,0.14508288,91,36
"2360",2,0.14508288,92,41
"2361",2,0.14508288,93,46
"2362",2,0.14508288,94,37
"2363",2,0.14508288,95,41
"2364",2,0.14508288,96,38
"2365",2,0.14508288,97,45
"2366",2,0.14508288,98,44
"2367",2,0.14508288,99,31
"2368",2,0.16297508,1,47
"2369",2,0.16297508,10,52
"2370",2,0.16297508,100,49
"2371",2,0.16297508,11,40
"2372",2,0.16297508,12,39
"2373",2,0.16297508,13,46
"2374",2,0.16297508,14,38
"2375",2,0.16297508,15,27
"2376",2,0.16297508,16,47
"2377",2,0.16297508,17,58
"2378",2,0.16297508,18,47
"2379",2,0.16297508,19,34
"2380",2,0.16297508,2,47
"2381",2,0.16297508,20,44
"2382",2,0.16297508,21,49
"2383",2,0.16297508,22,43
"2384",2,0.16297508,23,31
"2385",2,0.16297508,24,49
"2386",2,0.16297508,25,44
"2387",2,0.16297508,26,50
"2388",2,0.16297508,27,56
"2389",2,0.16297508,28,42
"2390",2,0.16297508,29,48
"2391",2,0.16297508,3,40
"2392",2,0.16297508,30,35
"2393",2,0.16297508,31,51
"2394",2,0.16297508,32,42
"2395",2,0.16297508,33,46
"2396",2,0.16297508,34,39
"2397",2,0.16297508,35,45
"2398",2,0.16297508,36,44
"2399",2,0.16297508,37,40
"2400",2,0.16297508,38,48
"2401",2,0.16297508,39,55
"2402",2,0.16297508,4,55
"2403",2,0.16297508,40,58
"2404",2,0.16297508,41,45
"2405",2,0.16297508,42,43
"2406",2,0.16297508,43,38
"2407",2,0.16297508,44,50
"2408",2,0.16297508,45,39
"2409",2,0.16297508,46,29
"2410",2,0.16297508,47,55
"2411",2,0.16297508,48,50
"2412",2,0.16297508,49,42
"2413",2,0.16297508,5,50
"2414",2,0.16297508,50,45
"2415",2,0.16297508,51,43
"2416",2,0.16297508,52,42
"2417",2,0.16297508,53,38
"2418",2,0.16297508,54,41
"2419",2,0.16297508,55,40
"2420",2,0.16297508,56,43
"2421",2,0.16297508,57,34
"2422",2,0.16297508,58,49
"2423",2,0.16297508,59,44
"2424",2,0.16297508,6,57
"2425",2,0.16297508,60,41
"2426",2,0.16297508,61,43
"2427",2,0.16297508,62,43
"2428",2,0.16297508,63,52
"2429",2,0.16297508,64,54
"2430",2,0.16297508,65,47
"2431",2,0.16297508,66,57
"2432",2,0.16297508,67,42
"2433",2,0.16297508,68,40
"2434",2,0.16297508,69,40
"2435",2,0.16297508,7,40
"2436",2,0.16297508,70,44
"2437",2,0.16297508,71,34
"2438",2,0.16297508,72,34
"2439",2,0.16297508,73,40
"2440",2,0.16297508,74,46
"2441",2,0.16297508,75,56
"2442",2,0.16297508,76,50
"2443",2,0.16297508,77,52
"2444",2,0.16297508,78,46
"2445",2,0.16297508,79,56
"2446",2,0.16297508,8,38
"2447",2,0.16297508,80,59
"2448",2,0.16297508,81,48
"2449",2,0.16297508,82,44
"2450",2,0.16297508,83,47
"2451",2,0.16297508,84,40
"2452",2,0.16297508,85,43
"2453",2,0.16297508,86,51
"2454",2,0.16297508,87,47
"2455",2,0.16297508,88,62
"2456",2,0.16297508,89,32
"2457",2,0.16297508,9,47
"2458",2,0.16297508,90,43
"2459",2,0.16297508,91,40
"2460",2,0.16297508,92,34
"2461",2,0.16297508,93,42
"2462",2,0.16297508,94,53
"2463",2,0.16297508,95,39
"2464",2,0.16297508,96,44
"2465",2,0.16297508,97,41
"2466",2,0.16297508,98,41
"2467",2,0.16297508,99,49
"2468",2,0.18307383,1,56
"2469",2,0.18307383,10,44
"2470",2,0.18307383,100,61
"2471",2,0.18307383,11,58
"2472",2,0.18307383,12,47
"2473",2,0.18307383,13,48
"2474",2,0.18307383,14,61
"2475",2,0.18307383,15,52
"2476",2,0.18307383,16,43
"2477",2,0.18307383,17,41
"2478",2,0.18307383,18,52
"2479",2,0.18307383,19,59
"2480",2,0.18307383,2,59
"2481",2,0.18307383,20,58
"2482",2,0.18307383,21,41
"2483",2,0.18307383,22,65
"2484",2,0.18307383,23,64
"2485",2,0.18307383,24,52
"2486",2,0.18307383,25,43
"2487",2,0.18307383,26,65
"2488",2,0.18307383,27,53
"2489",2,0.18307383,28,48
"2490",2,0.18307383,29,45
"2491",2,0.18307383,3,62
"2492",2,0.18307383,30,51
"2493",2,0.18307383,31,53
"2494",2,0.18307383,32,51
"2495",2,0.18307383,33,52
"2496",2,0.18307383,34,63
"2497",2,0.18307383,35,43
"2498",2,0.18307383,36,46
"2499",2,0.18307383,37,90
"2500",2,0.18307383,38,52
"2501",2,0.18307383,39,48
"2502",2,0.18307383,4,60
"2503",2,0.18307383,40,31
"2504",2,0.18307383,41,63
"2505",2,0.18307383,42,49
"2506",2,0.18307383,43,36
"2507",2,0.18307383,44,51
"2508",2,0.18307383,45,41
"2509",2,0.18307383,46,57
"2510",2,0.18307383,47,52
"2511",2,0.18307383,48,43
"2512",2,0.18307383,49,54
"2513",2,0.18307383,5,51
"2514",2,0.18307383,50,53
"2515",2,0.18307383,51,35
"2516",2,0.18307383,52,46
"2517",2,0.18307383,53,56
"2518",2,0.18307383,54,47
"2519",2,0.18307383,55,46
"2520",2,0.18307383,56,38
"2521",2,0.18307383,57,37
"2522",2,0.18307383,58,57
"2523",2,0.18307383,59,259
"2524",2,0.18307383,6,47
"2525",2,0.18307383,60,52
"2526",2,0.18307383,61,58
"2527",2,0.18307383,62,59
"2528",2,0.18307383,63,56
"2529",2,0.18307383,64,43
"2530",2,0.18307383,65,43
"2531",2,0.18307383,66,55
"2532",2,0.18307383,67,41
"2533",2,0.18307383,68,40
"2534",2,0.18307383,69,50
"2535",2,0.18307383,7,47
"2536",2,0.18307383,70,48
"2537",2,0.18307383,71,62
"2538",2,0.18307383,72,59
"2539",2,0.18307383,73,52
"2540",2,0.18307383,74,39
"2541",2,0.18307383,75,50
"2542",2,0.18307383,76,56
"2543",2,0.18307383,77,51
"2544",2,0.18307383,78,49
"2545",2,0.18307383,79,53
"2546",2,0.18307383,8,59
"2547",2,0.18307383,80,47
"2548",2,0.18307383,81,44
"2549",2,0.18307383,82,44
"2550",2,0.18307383,83,54
"2551",2,0.18307383,84,43
"2552",2,0.18307383,85,60
"2553",2,0.18307383,86,44
"2554",2,0.18307383,87,67
"2555",2,0.18307383,88,49
"2556",2,0.18307383,89,54
"2557",2,0.18307383,9,50
"2558",2,0.18307383,90,50
"2559",2,0.18307383,91,37
"2560",2,0.18307383,92,52
"2561",2,0.18307383,93,57
"2562",2,0.18307383,94,63
"2563",2,0.18307383,95,56
"2564",2,0.18307383,96,50
"2565",2,0.18307383,97,64
"2566",2,0.18307383,98,47
"2567",2,0.18307383,99,40
"2568",2,0.20565123,1,55
"2569",2,0.20565123,10,64
"2570",2,0.20565123,100,57
"2571",2,0.20565123,11,66
"2572",2,0.20565123,12,46
"2573",2,0.20565123,13,55
"2574",2,0.20565123,14,55
"2575",2,0.20565123,15,63
"2576",2,0.20565123,16,53
"2577",2,0.20565123,17,49
"2578",2,0.20565123,18,64
"2579",2,0.20565123,19,56
"2580",2,0.20565123,2,53
"2581",2,0.20565123,20,59
"2582",2,0.20565123,21,53
"2583",2,0.20565123,22,61
"2584",2,0.20565123,23,58
"2585",2,0.20565123,24,55
"2586",2,0.20565123,25,46
"2587",2,0.20565123,26,51
"2588",2,0.20565123,27,53
"2589",2,0.20565123,28,44
"2590",2,0.20565123,29,58
"2591",2,0.20565123,3,67
"2592",2,0.20565123,30,56
"2593",2,0.20565123,31,54
"2594",2,0.20565123,32,62
"2595",2,0.20565123,33,62
"2596",2,0.20565123,34,52
"2597",2,0.20565123,35,56
"2598",2,0.20565123,36,61
"2599",2,0.20565123,37,54
"2600",2,0.20565123,38,52
"2601",2,0.20565123,39,57
"2602",2,0.20565123,4,58
"2603",2,0.20565123,40,53
"2604",2,0.20565123,41,64
"2605",2,0.20565123,42,69
"2606",2,0.20565123,43,50
"2607",2,0.20565123,44,53
"2608",2,0.20565123,45,61
"2609",2,0.20565123,46,58
"2610",2,0.20565123,47,53
"2611",2,0.20565123,48,77
"2612",2,0.20565123,49,59
"2613",2,0.20565123,5,62
"2614",2,0.20565123,50,51
"2615",2,0.20565123,51,48
"2616",2,0.20565123,52,59
"2617",2,0.20565123,53,53
"2618",2,0.20565123,54,53
"2619",2,0.20565123,55,52
"2620",2,0.20565123,56,58
"2621",2,0.20565123,57,56
"2622",2,0.20565123,58,53
"2623",2,0.20565123,59,66
"2624",2,0.20565123,6,53
"2625",2,0.20565123,60,57
"2626",2,0.20565123,61,62
"2627",2,0.20565123,62,64
"2628",2,0.20565123,63,59
"2629",2,0.20565123,64,67
"2630",2,0.20565123,65,58
"2631",2,0.20565123,66,53
"2632",2,0.20565123,67,56
"2633",2,0.20565123,68,72
"2634",2,0.20565123,69,49
"2635",2,0.20565123,7,41
"2636",2,0.20565123,70,63
"2637",2,0.20565123,71,57
"2638",2,0.20565123,72,59
"2639",2,0.20565123,73,53
"2640",2,0.20565123,74,56
"2641",2,0.20565123,75,55
"2642",2,0.20565123,76,59
"2643",2,0.20565123,77,43
"2644",2,0.20565123,78,58
"2645",2,0.20565123,79,58
"2646",2,0.20565123,8,56
"2647",2,0.20565123,80,41
"2648",2,0.20565123,81,66
"2649",2,0.20565123,82,49
"2650",2,0.20565123,83,56
"2651",2,0.20565123,84,45
"2652",2,0.20565123,85,58
"2653",2,0.20565123,86,65
"2654",2,0.20565123,87,48
"2655",2,0.20565123,88,40
"2656",2,0.20565123,89,60
"2657",2,0.20565123,9,57
"2658",2,0.20565123,90,62
"2659",2,0.20565123,91,58
"2660",2,0.20565123,92,42
"2661",2,0.20565123,93,61
"2662",2,0.20565123,94,55
"2663",2,0.20565123,95,53
"2664",2,0.20565123,96,70
"2665",2,0.20565123,97,50
"2666",2,0.20565123,98,45
"2667",2,0.20565123,99,77
"2668",2,0.23101297,1,83
"2669",2,0.23101297,10,77
"2670",2,0.23101297,100,58
"2671",2,0.23101297,11,70
"2672",2,0.23101297,12,60
"2673",2,0.23101297,13,77
"2674",2,0.23101297,14,66
"2675",2,0.23101297,15,63
"2676",2,0.23101297,16,84
"2677",2,0.23101297,17,73
"2678",2,0.23101297,18,78
"2679",2,0.23101297,19,60
"2680",2,0.23101297,2,58
"2681",2,0.23101297,20,69
"2682",2,0.23101297,21,60
"2683",2,0.23101297,22,83
"2684",2,0.23101297,23,62
"2685",2,0.23101297,24,66
"2686",2,0.23101297,25,60
"2687",2,0.23101297,26,45
"2688",2,0.23101297,27,63
"2689",2,0.23101297,28,75
"2690",2,0.23101297,29,66
"2691",2,0.23101297,3,60
"2692",2,0.23101297,30,53
"2693",2,0.23101297,31,57
"2694",2,0.23101297,32,60
"2695",2,0.23101297,33,72
"2696",2,0.23101297,34,66
"2697",2,0.23101297,35,67
"2698",2,0.23101297,36,58
"2699",2,0.23101297,37,66
"2700",2,0.23101297,38,69
"2701",2,0.23101297,39,79
"2702",2,0.23101297,4,52
"2703",2,0.23101297,40,69
"2704",2,0.23101297,41,63
"2705",2,0.23101297,42,73
"2706",2,0.23101297,43,70
"2707",2,0.23101297,44,72
"2708",2,0.23101297,45,73
"2709",2,0.23101297,46,55
"2710",2,0.23101297,47,65
"2711",2,0.23101297,48,61
"2712",2,0.23101297,49,52
"2713",2,0.23101297,5,49
"2714",2,0.23101297,50,75
"2715",2,0.23101297,51,65
"2716",2,0.23101297,52,58
"2717",2,0.23101297,53,64
"2718",2,0.23101297,54,62
"2719",2,0.23101297,55,69
"2720",2,0.23101297,56,59
"2721",2,0.23101297,57,54
"2722",2,0.23101297,58,59
"2723",2,0.23101297,59,65
"2724",2,0.23101297,6,52
"2725",2,0.23101297,60,65
"2726",2,0.23101297,61,76
"2727",2,0.23101297,62,299
"2728",2,0.23101297,63,70
"2729",2,0.23101297,64,64
"2730",2,0.23101297,65,49
"2731",2,0.23101297,66,60
"2732",2,0.23101297,67,61
"2733",2,0.23101297,68,58
"2734",2,0.23101297,69,63
"2735",2,0.23101297,7,57
"2736",2,0.23101297,70,64
"2737",2,0.23101297,71,62
"2738",2,0.23101297,72,59
"2739",2,0.23101297,73,51
"2740",2,0.23101297,74,72
"2741",2,0.23101297,75,67
"2742",2,0.23101297,76,59
"2743",2,0.23101297,77,62
"2744",2,0.23101297,78,72
"2745",2,0.23101297,79,52
"2746",2,0.23101297,8,66
"2747",2,0.23101297,80,54
"2748",2,0.23101297,81,72
"2749",2,0.23101297,82,71
"2750",2,0.23101297,83,67
"2751",2,0.23101297,84,72
"2752",2,0.23101297,85,68
"2753",2,0.23101297,86,68
"2754",2,0.23101297,87,63
"2755",2,0.23101297,88,72
"2756",2,0.23101297,89,65
"2757",2,0.23101297,9,58
"2758",2,0.23101297,90,286
"2759",2,0.23101297,91,67
"2760",2,0.23101297,92,58
"2761",2,0.23101297,93,56
"2762",2,0.23101297,94,48
"2763",2,0.23101297,95,66
"2764",2,0.23101297,96,53
"2765",2,0.23101297,97,71
"2766",2,0.23101297,98,64
"2767",2,0.23101297,99,49
"2768",2,0.25950242,1,56
"2769",2,0.25950242,10,68
"2770",2,0.25950242,100,65
"2771",2,0.25950242,11,79
"2772",2,0.25950242,12,70
"2773",2,0.25950242,13,62
"2774",2,0.25950242,14,73
"2775",2,0.25950242,15,75
"2776",2,0.25950242,16,80
"2777",2,0.25950242,17,67
"2778",2,0.25950242,18,69
"2779",2,0.25950242,19,70
"2780",2,0.25950242,2,68
"2781",2,0.25950242,20,67
"2782",2,0.25950242,21,86
"2783",2,0.25950242,22,72
"2784",2,0.25950242,23,75
"2785",2,0.25950242,24,60
"2786",2,0.25950242,25,67
"2787",2,0.25950242,26,66
"2788",2,0.25950242,27,69
"2789",2,0.25950242,28,67
"2790",2,0.25950242,29,69
"2791",2,0.25950242,3,77
"2792",2,0.25950242,30,66
"2793",2,0.25950242,31,72
"2794",2,0.25950242,32,69
"2795",2,0.25950242,33,57
"2796",2,0.25950242,34,70
"2797",2,0.25950242,35,72
"2798",2,0.25950242,36,78
"2799",2,0.25950242,37,60
"2800",2,0.25950242,38,72
"2801",2,0.25950242,39,78
"2802",2,0.25950242,4,71
"2803",2,0.25950242,40,62
"2804",2,0.25950242,41,72
"2805",2,0.25950242,42,87
"2806",2,0.25950242,43,83
"2807",2,0.25950242,44,64
"2808",2,0.25950242,45,74
"2809",2,0.25950242,46,64
"2810",2,0.25950242,47,74
"2811",2,0.25950242,48,63
"2812",2,0.25950242,49,75
"2813",2,0.25950242,5,68
"2814",2,0.25950242,50,78
"2815",2,0.25950242,51,85
"2816",2,0.25950242,52,75
"2817",2,0.25950242,53,80
"2818",2,0.25950242,54,64
"2819",2,0.25950242,55,70
"2820",2,0.25950242,56,84
"2821",2,0.25950242,57,78
"2822",2,0.25950242,58,85
"2823",2,0.25950242,59,73
"2824",2,0.25950242,6,49
"2825",2,0.25950242,60,71
"2826",2,0.25950242,61,73
"2827",2,0.25950242,62,70
"2828",2,0.25950242,63,70
"2829",2,0.25950242,64,70
"2830",2,0.25950242,65,75
"2831",2,0.25950242,66,65
"2832",2,0.25950242,67,88
"2833",2,0.25950242,68,79
"2834",2,0.25950242,69,80
"2835",2,0.25950242,7,66
"2836",2,0.25950242,70,67
"2837",2,0.25950242,71,87
"2838",2,0.25950242,72,68
"2839",2,0.25950242,73,300
"2840",2,0.25950242,74,68
"2841",2,0.25950242,75,62
"2842",2,0.25950242,76,82
"2843",2,0.25950242,77,82
"2844",2,0.25950242,78,61
"2845",2,0.25950242,79,73
"2846",2,0.25950242,8,68
"2847",2,0.25950242,80,72
"2848",2,0.25950242,81,72
"2849",2,0.25950242,82,70
"2850",2,0.25950242,83,72
"2851",2,0.25950242,84,67
"2852",2,0.25950242,85,83
"2853",2,0.25950242,86,59
"2854",2,0.25950242,87,69
"2855",2,0.25950242,88,66
"2856",2,0.25950242,89,76
"2857",2,0.25950242,9,80
"2858",2,0.25950242,90,67
"2859",2,0.25950242,91,70
"2860",2,0.25950242,92,65
"2861",2,0.25950242,93,85
"2862",2,0.25950242,94,70
"2863",2,0.25950242,95,79
"2864",2,0.25950242,96,63
"2865",2,0.25950242,97,57
"2866",2,0.25950242,98,66
"2867",2,0.25950242,99,66
"2868",2,0.29150531,1,73
"2869",2,0.29150531,10,69
"2870",2,0.29150531,100,89
"2871",2,0.29150531,11,79
"2872",2,0.29150531,12,91
"2873",2,0.29150531,13,79
"2874",2,0.29150531,14,87
"2875",2,0.29150531,15,82
"2876",2,0.29150531,16,74
"2877",2,0.29150531,17,101
"2878",2,0.29150531,18,73
"2879",2,0.29150531,19,83
"2880",2,0.29150531,2,81
"2881",2,0.29150531,20,83
"2882",2,0.29150531,21,272
"2883",2,0.29150531,22,75
"2884",2,0.29150531,23,84
"2885",2,0.29150531,24,100
"2886",2,0.29150531,25,71
"2887",2,0.29150531,26,90
"2888",2,0.29150531,27,75
"2889",2,0.29150531,28,80
"2890",2,0.29150531,29,85
"2891",2,0.29150531,3,89
"2892",2,0.29150531,30,81
"2893",2,0.29150531,31,76
"2894",2,0.29150531,32,72
"2895",2,0.29150531,33,86
"2896",2,0.29150531,34,89
"2897",2,0.29150531,35,69
"2898",2,0.29150531,36,87
"2899",2,0.29150531,37,72
"2900",2,0.29150531,38,72
"2901",2,0.29150531,39,80
"2902",2,0.29150531,4,80
"2903",2,0.29150531,40,98
"2904",2,0.29150531,41,89
"2905",2,0.29150531,42,73
"2906",2,0.29150531,43,79
"2907",2,0.29150531,44,81
"2908",2,0.29150531,45,77
"2909",2,0.29150531,46,108
"2910",2,0.29150531,47,77
"2911",2,0.29150531,48,82
"2912",2,0.29150531,49,63
"2913",2,0.29150531,5,89
"2914",2,0.29150531,50,83
"2915",2,0.29150531,51,98
"2916",2,0.29150531,52,80
"2917",2,0.29150531,53,67
"2918",2,0.29150531,54,94
"2919",2,0.29150531,55,96
"2920",2,0.29150531,56,88
"2921",2,0.29150531,57,98
"2922",2,0.29150531,58,72
"2923",2,0.29150531,59,78
"2924",2,0.29150531,6,65
"2925",2,0.29150531,60,70
"2926",2,0.29150531,61,73
"2927",2,0.29150531,62,74
"2928",2,0.29150531,63,87
"2929",2,0.29150531,64,66
"2930",2,0.29150531,65,83
"2931",2,0.29150531,66,83
"2932",2,0.29150531,67,72
"2933",2,0.29150531,68,74
"2934",2,0.29150531,69,71
"2935",2,0.29150531,7,77
"2936",2,0.29150531,70,87
"2937",2,0.29150531,71,82
"2938",2,0.29150531,72,105
"2939",2,0.29150531,73,67
"2940",2,0.29150531,74,86
"2941",2,0.29150531,75,77
"2942",2,0.29150531,76,77
"2943",2,0.29150531,77,90
"2944",2,0.29150531,78,101
"2945",2,0.29150531,79,82
"2946",2,0.29150531,8,90
"2947",2,0.29150531,80,82
"2948",2,0.29150531,81,83
"2949",2,0.29150531,82,74
"2950",2,0.29150531,83,89
"2951",2,0.29150531,84,86
"2952",2,0.29150531,85,67
"2953",2,0.29150531,86,95
"2954",2,0.29150531,87,85
"2955",2,0.29150531,88,83
"2956",2,0.29150531,89,69
"2957",2,0.29150531,9,87
"2958",2,0.29150531,90,79
"2959",2,0.29150531,91,74
"2960",2,0.29150531,92,80
"2961",2,0.29150531,93,95
"2962",2,0.29150531,94,80
"2963",2,0.29150531,95,75
"2964",2,0.29150531,96,83
"2965",2,0.29150531,97,91
"2966",2,0.29150531,98,68
"2967",2,0.29150531,99,84
"2968",2,0.32745492,1,74
"2969",2,0.32745492,10,95
"2970",2,0.32745492,100,85
"2971",2,0.32745492,11,81
"2972",2,0.32745492,12,80
"2973",2,0.32745492,13,83
"2974",2,0.32745492,14,68
"2975",2,0.32745492,15,83
"2976",2,0.32745492,16,87
"2977",2,0.32745492,17,106
"2978",2,0.32745492,18,89
"2979",2,0.32745492,19,84
"2980",2,0.32745492,2,102
"2981",2,0.32745492,20,79
"2982",2,0.32745492,21,88
"2983",2,0.32745492,22,97
"2984",2,0.32745492,23,101
"2985",2,0.32745492,24,87
"2986",2,0.32745492,25,96
"2987",2,0.32745492,26,95
"2988",2,0.32745492,27,95
"2989",2,0.32745492,28,96
"2990",2,0.32745492,29,101
"2991",2,0.32745492,3,85
"2992",2,0.32745492,30,86
"2993",2,0.32745492,31,71
"2994",2,0.32745492,32,84
"2995",2,0.32745492,33,89
"2996",2,0.32745492,34,116
"2997",2,0.32745492,35,90
"2998",2,0.32745492,36,92
"2999",2,0.32745492,37,77
"3000",2,0.32745492,38,78
"3001",2,0.32745492,39,99
"3002",2,0.32745492,4,73
"3003",2,0.32745492,40,82
"3004",2,0.32745492,41,77
"3005",2,0.32745492,42,95
"3006",2,0.32745492,43,82
"3007",2,0.32745492,44,90
"3008",2,0.32745492,45,79
"3009",2,0.32745492,46,83
"3010",2,0.32745492,47,96
"3011",2,0.32745492,48,93
"3012",2,0.32745492,49,86
"3013",2,0.32745492,5,71
"3014",2,0.32745492,50,96
"3015",2,0.32745492,51,85
"3016",2,0.32745492,52,111
"3017",2,0.32745492,53,78
"3018",2,0.32745492,54,108
"3019",2,0.32745492,55,90
"3020",2,0.32745492,56,102
"3021",2,0.32745492,57,88
"3022",2,0.32745492,58,76
"3023",2,0.32745492,59,97
"3024",2,0.32745492,6,94
"3025",2,0.32745492,60,99
"3026",2,0.32745492,61,81
"3027",2,0.32745492,62,89
"3028",2,0.32745492,63,77
"3029",2,0.32745492,64,80
"3030",2,0.32745492,65,81
"3031",2,0.32745492,66,80
"3032",2,0.32745492,67,98
"3033",2,0.32745492,68,82
"3034",2,0.32745492,69,98
"3035",2,0.32745492,7,81
"3036",2,0.32745492,70,69
"3037",2,0.32745492,71,82
"3038",2,0.32745492,72,103
"3039",2,0.32745492,73,97
"3040",2,0.32745492,74,99
"3041",2,0.32745492,75,101
"3042",2,0.32745492,76,99
"3043",2,0.32745492,77,83
"3044",2,0.32745492,78,95
"3045",2,0.32745492,79,103
"3046",2,0.32745492,8,86
"3047",2,0.32745492,80,93
"3048",2,0.32745492,81,86
"3049",2,0.32745492,82,72
"3050",2,0.32745492,83,95
"3051",2,0.32745492,84,98
"3052",2,0.32745492,85,86
"3053",2,0.32745492,86,101
"3054",2,0.32745492,87,92
"3055",2,0.32745492,88,69
"3056",2,0.32745492,89,96
"3057",2,0.32745492,9,90
"3058",2,0.32745492,90,91
"3059",2,0.32745492,91,88
"3060",2,0.32745492,92,94
"3061",2,0.32745492,93,74
"3062",2,0.32745492,94,103
"3063",2,0.32745492,95,76
"3064",2,0.32745492,96,93
"3065",2,0.32745492,97,98
"3066",2,0.32745492,98,66
"3067",2,0.32745492,99,90
"3068",2,0.36783798,1,94
"3069",2,0.36783798,10,102
"3070",2,0.36783798,100,99
"3071",2,0.36783798,11,112
"3072",2,0.36783798,12,97
"3073",2,0.36783798,13,89
"3074",2,0.36783798,14,115
"3075",2,0.36783798,15,93
"3076",2,0.36783798,16,99
"3077",2,0.36783798,17,109
"3078",2,0.36783798,18,104
"3079",2,0.36783798,19,96
"3080",2,0.36783798,2,106
"3081",2,0.36783798,20,89
"3082",2,0.36783798,21,112
"3083",2,0.36783798,22,317
"3084",2,0.36783798,23,123
"3085",2,0.36783798,24,96
"3086",2,0.36783798,25,104
"3087",2,0.36783798,26,112
"3088",2,0.36783798,27,102
"3089",2,0.36783798,28,82
"3090",2,0.36783798,29,96
"3091",2,0.36783798,3,103
"3092",2,0.36783798,30,104
"3093",2,0.36783798,31,83
"3094",2,0.36783798,32,102
"3095",2,0.36783798,33,100
"3096",2,0.36783798,34,91
"3097",2,0.36783798,35,98
"3098",2,0.36783798,36,101
"3099",2,0.36783798,37,90
"3100",2,0.36783798,38,87
"3101",2,0.36783798,39,94
"3102",2,0.36783798,4,119
"3103",2,0.36783798,40,110
"3104",2,0.36783798,41,100
"3105",2,0.36783798,42,92
"3106",2,0.36783798,43,102
"3107",2,0.36783798,44,105
"3108",2,0.36783798,45,103
"3109",2,0.36783798,46,89
"3110",2,0.36783798,47,119
"3111",2,0.36783798,48,111
"3112",2,0.36783798,49,108
"3113",2,0.36783798,5,117
"3114",2,0.36783798,50,79
"3115",2,0.36783798,51,99
"3116",2,0.36783798,52,76
"3117",2,0.36783798,53,110
"3118",2,0.36783798,54,105
"3119",2,0.36783798,55,101
"3120",2,0.36783798,56,117
"3121",2,0.36783798,57,111
"3122",2,0.36783798,58,90
"3123",2,0.36783798,59,89
"3124",2,0.36783798,6,112
"3125",2,0.36783798,60,105
"3126",2,0.36783798,61,117
"3127",2,0.36783798,62,105
"3128",2,0.36783798,63,71
"3129",2,0.36783798,64,106
"3130",2,0.36783798,65,91
"3131",2,0.36783798,66,105
"3132",2,0.36783798,67,309
"3133",2,0.36783798,68,99
"3134",2,0.36783798,69,93
"3135",2,0.36783798,7,108
"3136",2,0.36783798,70,96
"3137",2,0.36783798,71,100
"3138",2,0.36783798,72,124
"3139",2,0.36783798,73,96
"3140",2,0.36783798,74,108
"3141",2,0.36783798,75,105
"3142",2,0.36783798,76,117
"3143",2,0.36783798,77,108
"3144",2,0.36783798,78,91
"3145",2,0.36783798,79,110
"3146",2,0.36783798,8,113
"3147",2,0.36783798,80,100
"3148",2,0.36783798,81,117
"3149",2,0.36783798,82,92
"3150",2,0.36783798,83,99
"3151",2,0.36783798,84,99
"3152",2,0.36783798,85,108
"3153",2,0.36783798,86,106
"3154",2,0.36783798,87,91
"3155",2,0.36783798,88,99
"3156",2,0.36783798,89,91
"3157",2,0.36783798,9,88
"3158",2,0.36783798,90,108
"3159",2,0.36783798,91,90
"3160",2,0.36783798,92,122
"3161",2,0.36783798,93,104
"3162",2,0.36783798,94,113
"3163",2,0.36783798,95,91
"3164",2,0.36783798,96,98
"3165",2,0.36783798,97,81
"3166",2,0.36783798,98,105
"3167",2,0.36783798,99,324
"3168",2,0.41320124,1,127
"3169",2,0.41320124,10,107
"3170",2,0.41320124,100,103
"3171",2,0.41320124,11,122
"3172",2,0.41320124,12,99
"3173",2,0.41320124,13,121
"3174",2,0.41320124,14,115
"3175",2,0.41320124,15,94
"3176",2,0.41320124,16,131
"3177",2,0.41320124,17,119
"3178",2,0.41320124,18,112
"3179",2,0.41320124,19,119
"3180",2,0.41320124,2,124
"3181",2,0.41320124,20,119
"3182",2,0.41320124,21,126
"3183",2,0.41320124,22,104
"3184",2,0.41320124,23,104
"3185",2,0.41320124,24,121
"3186",2,0.41320124,25,118
"3187",2,0.41320124,26,89
"3188",2,0.41320124,27,130
"3189",2,0.41320124,28,105
"3190",2,0.41320124,29,106
"3191",2,0.41320124,3,119
"3192",2,0.41320124,30,115
"3193",2,0.41320124,31,114
"3194",2,0.41320124,32,129
"3195",2,0.41320124,33,112
"3196",2,0.41320124,34,98
"3197",2,0.41320124,35,111
"3198",2,0.41320124,36,132
"3199",2,0.41320124,37,123
"3200",2,0.41320124,38,114
"3201",2,0.41320124,39,105
"3202",2,0.41320124,4,113
"3203",2,0.41320124,40,139
"3204",2,0.41320124,41,99
"3205",2,0.41320124,42,88
"3206",2,0.41320124,43,112
"3207",2,0.41320124,44,100
"3208",2,0.41320124,45,108
"3209",2,0.41320124,46,106
"3210",2,0.41320124,47,101
"3211",2,0.41320124,48,311
"3212",2,0.41320124,49,115
"3213",2,0.41320124,5,99
"3214",2,0.41320124,50,126
"3215",2,0.41320124,51,108
"3216",2,0.41320124,52,96
"3217",2,0.41320124,53,122
"3218",2,0.41320124,54,109
"3219",2,0.41320124,55,135
"3220",2,0.41320124,56,105
"3221",2,0.41320124,57,113
"3222",2,0.41320124,58,101
"3223",2,0.41320124,59,108
"3224",2,0.41320124,6,120
"3225",2,0.41320124,60,113
"3226",2,0.41320124,61,100
"3227",2,0.41320124,62,134
"3228",2,0.41320124,63,107
"3229",2,0.41320124,64,125
"3230",2,0.41320124,65,106
"3231",2,0.41320124,66,119
"3232",2,0.41320124,67,113
"3233",2,0.41320124,68,107
"3234",2,0.41320124,69,122
"3235",2,0.41320124,7,114
"3236",2,0.41320124,70,115
"3237",2,0.41320124,71,128
"3238",2,0.41320124,72,163
"3239",2,0.41320124,73,108
"3240",2,0.41320124,74,128
"3241",2,0.41320124,75,115
"3242",2,0.41320124,76,108
"3243",2,0.41320124,77,110
"3244",2,0.41320124,78,121
"3245",2,0.41320124,79,120
"3246",2,0.41320124,8,116
"3247",2,0.41320124,80,289
"3248",2,0.41320124,81,117
"3249",2,0.41320124,82,122
"3250",2,0.41320124,83,101
"3251",2,0.41320124,84,120
"3252",2,0.41320124,85,112
"3253",2,0.41320124,86,129
"3254",2,0.41320124,87,121
"3255",2,0.41320124,88,107
"3256",2,0.41320124,89,115
"3257",2,0.41320124,9,296
"3258",2,0.41320124,90,112
"3259",2,0.41320124,91,119
"3260",2,0.41320124,92,108
"3261",2,0.41320124,93,115
"3262",2,0.41320124,94,110
"3263",2,0.41320124,95,103
"3264",2,0.41320124,96,120
"3265",2,0.41320124,97,130
"3266",2,0.41320124,98,105
"3267",2,0.41320124,99,124
"3268",2,0.46415888,1,125
"3269",2,0.46415888,10,131
"3270",2,0.46415888,100,122
"3271",2,0.46415888,11,124
"3272",2,0.46415888,12,143
"3273",2,0.46415888,13,121
"3274",2,0.46415888,14,126
"3275",2,0.46415888,15,144
"3276",2,0.46415888,16,118
"3277",2,0.46415888,17,116
"3278",2,0.46415888,18,124
"3279",2,0.46415888,19,121
"3280",2,0.46415888,2,133
"3281",2,0.46415888,20,138
"3282",2,0.46415888,21,129
"3283",2,0.46415888,22,141
"3284",2,0.46415888,23,137
"3285",2,0.46415888,24,123
"3286",2,0.46415888,25,112
"3287",2,0.46415888,26,104
"3288",2,0.46415888,27,167
"3289",2,0.46415888,28,136
"3290",2,0.46415888,29,118
"3291",2,0.46415888,3,128
"3292",2,0.46415888,30,114
"3293",2,0.46415888,31,113
"3294",2,0.46415888,32,135
"3295",2,0.46415888,33,135
"3296",2,0.46415888,34,118
"3297",2,0.46415888,35,123
"3298",2,0.46415888,36,123
"3299",2,0.46415888,37,130
"3300",2,0.46415888,38,123
"3301",2,0.46415888,39,140
"3302",2,0.46415888,4,106
"3303",2,0.46415888,40,124
"3304",2,0.46415888,41,337
"3305",2,0.46415888,42,114
"3306",2,0.46415888,43,124
"3307",2,0.46415888,44,124
"3308",2,0.46415888,45,140
"3309",2,0.46415888,46,133
"3310",2,0.46415888,47,130
"3311",2,0.46415888,48,148
"3312",2,0.46415888,49,109
"3313",2,0.46415888,5,141
"3314",2,0.46415888,50,144
"3315",2,0.46415888,51,128
"3316",2,0.46415888,52,126
"3317",2,0.46415888,53,126
"3318",2,0.46415888,54,117
"3319",2,0.46415888,55,121
"3320",2,0.46415888,56,122
"3321",2,0.46415888,57,147
"3322",2,0.46415888,58,108
"3323",2,0.46415888,59,141
"3324",2,0.46415888,6,124
"3325",2,0.46415888,60,124
"3326",2,0.46415888,61,334
"3327",2,0.46415888,62,116
"3328",2,0.46415888,63,123
"3329",2,0.46415888,64,123
"3330",2,0.46415888,65,125
"3331",2,0.46415888,66,139
"3332",2,0.46415888,67,89
"3333",2,0.46415888,68,125
"3334",2,0.46415888,69,131
"3335",2,0.46415888,7,157
"3336",2,0.46415888,70,130
"3337",2,0.46415888,71,125
"3338",2,0.46415888,72,139
"3339",2,0.46415888,73,133
"3340",2,0.46415888,74,141
"3341",2,0.46415888,75,140
"3342",2,0.46415888,76,120
"3343",2,0.46415888,77,117
"3344",2,0.46415888,78,118
"3345",2,0.46415888,79,143
"3346",2,0.46415888,8,144
"3347",2,0.46415888,80,124
"3348",2,0.46415888,81,128
"3349",2,0.46415888,82,145
"3350",2,0.46415888,83,122
"3351",2,0.46415888,84,152
"3352",2,0.46415888,85,110
"3353",2,0.46415888,86,132
"3354",2,0.46415888,87,135
"3355",2,0.46415888,88,134
"3356",2,0.46415888,89,122
"3357",2,0.46415888,9,134
"3358",2,0.46415888,90,129
"3359",2,0.46415888,91,136
"3360",2,0.46415888,92,118
"3361",2,0.46415888,93,136
"3362",2,0.46415888,94,136
"3363",2,0.46415888,95,123
"3364",2,0.46415888,96,139
"3365",2,0.46415888,97,127
"3366",2,0.46415888,98,131
"3367",2,0.46415888,99,122
"3368",2,0.52140083,1,145
"3369",2,0.52140083,10,130
"3370",2,0.52140083,100,140
"3371",2,0.52140083,11,129
"3372",2,0.52140083,12,150
"3373",2,0.52140083,13,145
"3374",2,0.52140083,14,143
"3375",2,0.52140083,15,149
"3376",2,0.52140083,16,156
"3377",2,0.52140083,17,152
"3378",2,0.52140083,18,131
"3379",2,0.52140083,19,145
"3380",2,0.52140083,2,149
"3381",2,0.52140083,20,137
"3382",2,0.52140083,21,136
"3383",2,0.52140083,22,158
"3384",2,0.52140083,23,125
"3385",2,0.52140083,24,135
"3386",2,0.52140083,25,150
"3387",2,0.52140083,26,150
"3388",2,0.52140083,27,142
"3389",2,0.52140083,28,117
"3390",2,0.52140083,29,164
"3391",2,0.52140083,3,141
"3392",2,0.52140083,30,142
"3393",2,0.52140083,31,144
"3394",2,0.52140083,32,151
"3395",2,0.52140083,33,137
"3396",2,0.52140083,34,142
"3397",2,0.52140083,35,139
"3398",2,0.52140083,36,148
"3399",2,0.52140083,37,157
"3400",2,0.52140083,38,149
"3401",2,0.52140083,39,162
"3402",2,0.52140083,4,146
"3403",2,0.52140083,40,146
"3404",2,0.52140083,41,164
"3405",2,0.52140083,42,153
"3406",2,0.52140083,43,151
"3407",2,0.52140083,44,136
"3408",2,0.52140083,45,122
"3409",2,0.52140083,46,152
"3410",2,0.52140083,47,136
"3411",2,0.52140083,48,136
"3412",2,0.52140083,49,169
"3413",2,0.52140083,5,123
"3414",2,0.52140083,50,126
"3415",2,0.52140083,51,154
"3416",2,0.52140083,52,136
"3417",2,0.52140083,53,151
"3418",2,0.52140083,54,157
"3419",2,0.52140083,55,156
"3420",2,0.52140083,56,129
"3421",2,0.52140083,57,145
"3422",2,0.52140083,58,123
"3423",2,0.52140083,59,150
"3424",2,0.52140083,6,158
"3425",2,0.52140083,60,169
"3426",2,0.52140083,61,150
"3427",2,0.52140083,62,157
"3428",2,0.52140083,63,131
"3429",2,0.52140083,64,149
"3430",2,0.52140083,65,153
"3431",2,0.52140083,66,129
"3432",2,0.52140083,67,150
"3433",2,0.52140083,68,165
"3434",2,0.52140083,69,160
"3435",2,0.52140083,7,147
"3436",2,0.52140083,70,139
"3437",2,0.52140083,71,123
"3438",2,0.52140083,72,143
"3439",2,0.52140083,73,154
"3440",2,0.52140083,74,152
"3441",2,0.52140083,75,130
"3442",2,0.52140083,76,140
"3443",2,0.52140083,77,127
"3444",2,0.52140083,78,153
"3445",2,0.52140083,79,113
"3446",2,0.52140083,8,124
"3447",2,0.52140083,80,157
"3448",2,0.52140083,81,150
"3449",2,0.52140083,82,129
"3450",2,0.52140083,83,145
"3451",2,0.52140083,84,129
"3452",2,0.52140083,85,127
"3453",2,0.52140083,86,137
"3454",2,0.52140083,87,139
"3455",2,0.52140083,88,145
"3456",2,0.52140083,89,139
"3457",2,0.52140083,9,139
"3458",2,0.52140083,90,143
"3459",2,0.52140083,91,157
"3460",2,0.52140083,92,148
"3461",2,0.52140083,93,172
"3462",2,0.52140083,94,136
"3463",2,0.52140083,95,150
"3464",2,0.52140083,96,170
"3465",2,0.52140083,97,145
"3466",2,0.52140083,98,155
"3467",2,0.52140083,99,120
"3468",2,0.58570208,1,185
"3469",2,0.58570208,10,144
"3470",2,0.58570208,100,160
"3471",2,0.58570208,11,179
"3472",2,0.58570208,12,172
"3473",2,0.58570208,13,145
"3474",2,0.58570208,14,157
"3475",2,0.58570208,15,154
"3476",2,0.58570208,16,155
"3477",2,0.58570208,17,141
"3478",2,0.58570208,18,149
"3479",2,0.58570208,19,185
"3480",2,0.58570208,2,177
"3481",2,0.58570208,20,181
"3482",2,0.58570208,21,157
"3483",2,0.58570208,22,162
"3484",2,0.58570208,23,138
"3485",2,0.58570208,24,142
"3486",2,0.58570208,25,172
"3487",2,0.58570208,26,135
"3488",2,0.58570208,27,142
"3489",2,0.58570208,28,138
"3490",2,0.58570208,29,170
"3491",2,0.58570208,3,169
"3492",2,0.58570208,30,164
"3493",2,0.58570208,31,136
"3494",2,0.58570208,32,160
"3495",2,0.58570208,33,179
"3496",2,0.58570208,34,150
"3497",2,0.58570208,35,174
"3498",2,0.58570208,36,157
"3499",2,0.58570208,37,151
"3500",2,0.58570208,38,172
"3501",2,0.58570208,39,164
"3502",2,0.58570208,4,178
"3503",2,0.58570208,40,149
"3504",2,0.58570208,41,172
"3505",2,0.58570208,42,168
"3506",2,0.58570208,43,175
"3507",2,0.58570208,44,157
"3508",2,0.58570208,45,158
"3509",2,0.58570208,46,149
"3510",2,0.58570208,47,164
"3511",2,0.58570208,48,166
"3512",2,0.58570208,49,152
"3513",2,0.58570208,5,155
"3514",2,0.58570208,50,166
"3515",2,0.58570208,51,155
"3516",2,0.58570208,52,164
"3517",2,0.58570208,53,145
"3518",2,0.58570208,54,182
"3519",2,0.58570208,55,158
"3520",2,0.58570208,56,368
"3521",2,0.58570208,57,178
"3522",2,0.58570208,58,150
"3523",2,0.58570208,59,158
"3524",2,0.58570208,6,150
"3525",2,0.58570208,60,140
"3526",2,0.58570208,61,147
"3527",2,0.58570208,62,139
"3528",2,0.58570208,63,163
"3529",2,0.58570208,64,142
"3530",2,0.58570208,65,135
"3531",2,0.58570208,66,139
"3532",2,0.58570208,67,171
"3533",2,0.58570208,68,144
"3534",2,0.58570208,69,151
"3535",2,0.58570208,7,350
"3536",2,0.58570208,70,177
"3537",2,0.58570208,71,136
"3538",2,0.58570208,72,143
"3539",2,0.58570208,73,170
"3540",2,0.58570208,74,172
"3541",2,0.58570208,75,166
"3542",2,0.58570208,76,187
"3543",2,0.58570208,77,159
"3544",2,0.58570208,78,159
"3545",2,0.58570208,79,164
"3546",2,0.58570208,8,165
"3547",2,0.58570208,80,166
"3548",2,0.58570208,81,167
"3549",2,0.58570208,82,161
"3550",2,0.58570208,83,143
"3551",2,0.58570208,84,168
"3552",2,0.58570208,85,149
"3553",2,0.58570208,86,176
"3554",2,0.58570208,87,160
"3555",2,0.58570208,88,161
"3556",2,0.58570208,89,155
"3557",2,0.58570208,9,193
"3558",2,0.58570208,90,378
"3559",2,0.58570208,91,153
"3560",2,0.58570208,92,381
"3561",2,0.58570208,93,150
"3562",2,0.58570208,94,155
"3563",2,0.58570208,95,203
"3564",2,0.58570208,96,164
"3565",2,0.58570208,97,160
"3566",2,0.58570208,98,156
"3567",2,0.58570208,99,145
"3568",2,0.65793322,1,183
"3569",2,0.65793322,10,230
"3570",2,0.65793322,100,184
"3571",2,0.65793322,11,163
"3572",2,0.65793322,12,161
"3573",2,0.65793322,13,164
"3574",2,0.65793322,14,180
"3575",2,0.65793322,15,153
"3576",2,0.65793322,16,222
"3577",2,0.65793322,17,172
"3578",2,0.65793322,18,189
"3579",2,0.65793322,19,164
"3580",2,0.65793322,2,179
"3581",2,0.65793322,20,183
"3582",2,0.65793322,21,195
"3583",2,0.65793322,22,188
"3584",2,0.65793322,23,152
"3585",2,0.65793322,24,185
"3586",2,0.65793322,25,173
"3587",2,0.65793322,26,203
"3588",2,0.65793322,27,185
"3589",2,0.65793322,28,188
"3590",2,0.65793322,29,374
"3591",2,0.65793322,3,191
"3592",2,0.65793322,30,169
"3593",2,0.65793322,31,181
"3594",2,0.65793322,32,194
"3595",2,0.65793322,33,181
"3596",2,0.65793322,34,186
"3597",2,0.65793322,35,172
"3598",2,0.65793322,36,169
"3599",2,0.65793322,37,154
"3600",2,0.65793322,38,204
"3601",2,0.65793322,39,161
"3602",2,0.65793322,4,214
"3603",2,0.65793322,40,170
"3604",2,0.65793322,41,184
"3605",2,0.65793322,42,216
"3606",2,0.65793322,43,197
"3607",2,0.65793322,44,195
"3608",2,0.65793322,45,167
"3609",2,0.65793322,46,185
"3610",2,0.65793322,47,203
"3611",2,0.65793322,48,213
"3612",2,0.65793322,49,202
"3613",2,0.65793322,5,175
"3614",2,0.65793322,50,173
"3615",2,0.65793322,51,162
"3616",2,0.65793322,52,191
"3617",2,0.65793322,53,186
"3618",2,0.65793322,54,383
"3619",2,0.65793322,55,185
"3620",2,0.65793322,56,176
"3621",2,0.65793322,57,166
"3622",2,0.65793322,58,175
"3623",2,0.65793322,59,202
"3624",2,0.65793322,6,170
"3625",2,0.65793322,60,186
"3626",2,0.65793322,61,188
"3627",2,0.65793322,62,172
"3628",2,0.65793322,63,182
"3629",2,0.65793322,64,180
"3630",2,0.65793322,65,172
"3631",2,0.65793322,66,200
"3632",2,0.65793322,67,178
"3633",2,0.65793322,68,186
"3634",2,0.65793322,69,193
"3635",2,0.65793322,7,186
"3636",2,0.65793322,70,179
"3637",2,0.65793322,71,173
"3638",2,0.65793322,72,205
"3639",2,0.65793322,73,198
"3640",2,0.65793322,74,180
"3641",2,0.65793322,75,164
"3642",2,0.65793322,76,184
"3643",2,0.65793322,77,203
"3644",2,0.65793322,78,178
"3645",2,0.65793322,79,179
"3646",2,0.65793322,8,344
"3647",2,0.65793322,80,180
"3648",2,0.65793322,81,161
"3649",2,0.65793322,82,148
"3650",2,0.65793322,83,161
"3651",2,0.65793322,84,193
"3652",2,0.65793322,85,181
"3653",2,0.65793322,86,189
"3654",2,0.65793322,87,169
"3655",2,0.65793322,88,176
"3656",2,0.65793322,89,199
"3657",2,0.65793322,9,183
"3658",2,0.65793322,90,176
"3659",2,0.65793322,91,196
"3660",2,0.65793322,92,195
"3661",2,0.65793322,93,170
"3662",2,0.65793322,94,188
"3663",2,0.65793322,95,189
"3664",2,0.65793322,96,187
"3665",2,0.65793322,97,180
"3666",2,0.65793322,98,178
"3667",2,0.65793322,99,178
"3668",2,0.7390722,1,421
"3669",2,0.7390722,10,232
"3670",2,0.7390722,100,209
"3671",2,0.7390722,11,218
"3672",2,0.7390722,12,219
"3673",2,0.7390722,13,407
"3674",2,0.7390722,14,180
"3675",2,0.7390722,15,194
"3676",2,0.7390722,16,190
"3677",2,0.7390722,17,204
"3678",2,0.7390722,18,196
"3679",2,0.7390722,19,214
"3680",2,0.7390722,2,201
"3681",2,0.7390722,20,209
"3682",2,0.7390722,21,225
"3683",2,0.7390722,22,207
"3684",2,0.7390722,23,206
"3685",2,0.7390722,24,193
"3686",2,0.7390722,25,436
"3687",2,0.7390722,26,208
"3688",2,0.7390722,27,217
"3689",2,0.7390722,28,230
"3690",2,0.7390722,29,227
"3691",2,0.7390722,3,205
"3692",2,0.7390722,30,406
"3693",2,0.7390722,31,214
"3694",2,0.7390722,32,200
"3695",2,0.7390722,33,215
"3696",2,0.7390722,34,220
"3697",2,0.7390722,35,217
"3698",2,0.7390722,36,212
"3699",2,0.7390722,37,186
"3700",2,0.7390722,38,194
"3701",2,0.7390722,39,184
"3702",2,0.7390722,4,177
"3703",2,0.7390722,40,192
"3704",2,0.7390722,41,228
"3705",2,0.7390722,42,220
"3706",2,0.7390722,43,199
"3707",2,0.7390722,44,237
"3708",2,0.7390722,45,202
"3709",2,0.7390722,46,207
"3710",2,0.7390722,47,226
"3711",2,0.7390722,48,202
"3712",2,0.7390722,49,208
"3713",2,0.7390722,5,222
"3714",2,0.7390722,50,190
"3715",2,0.7390722,51,196
"3716",2,0.7390722,52,237
"3717",2,0.7390722,53,168
"3718",2,0.7390722,54,203
"3719",2,0.7390722,55,215
"3720",2,0.7390722,56,186
"3721",2,0.7390722,57,419
"3722",2,0.7390722,58,203
"3723",2,0.7390722,59,196
"3724",2,0.7390722,6,196
"3725",2,0.7390722,60,224
"3726",2,0.7390722,61,228
"3727",2,0.7390722,62,172
"3728",2,0.7390722,63,236
"3729",2,0.7390722,64,200
"3730",2,0.7390722,65,424
"3731",2,0.7390722,66,210
"3732",2,0.7390722,67,197
"3733",2,0.7390722,68,179
"3734",2,0.7390722,69,213
"3735",2,0.7390722,7,228
"3736",2,0.7390722,70,208
"3737",2,0.7390722,71,223
"3738",2,0.7390722,72,211
"3739",2,0.7390722,73,205
"3740",2,0.7390722,74,208
"3741",2,0.7390722,75,196
"3742",2,0.7390722,76,188
"3743",2,0.7390722,77,193
"3744",2,0.7390722,78,204
"3745",2,0.7390722,79,192
"3746",2,0.7390722,8,192
"3747",2,0.7390722,80,176
"3748",2,0.7390722,81,207
"3749",2,0.7390722,82,207
"3750",2,0.7390722,83,216
"3751",2,0.7390722,84,213
"3752",2,0.7390722,85,205
"3753",2,0.7390722,86,193
"3754",2,0.7390722,87,197
"3755",2,0.7390722,88,223
"3756",2,0.7390722,89,212
"3757",2,0.7390722,9,202
"3758",2,0.7390722,90,181
"3759",2,0.7390722,91,402
"3760",2,0.7390722,92,211
"3761",2,0.7390722,93,203
"3762",2,0.7390722,94,223
"3763",2,0.7390722,95,200
"3764",2,0.7390722,96,191
"3765",2,0.7390722,97,191
"3766",2,0.7390722,98,206
"3767",2,0.7390722,99,180
"3768",2,0.83021757,1,239
"3769",2,0.83021757,10,212
"3770",2,0.83021757,100,232
"3771",2,0.83021757,11,247
"3772",2,0.83021757,12,213
"3773",2,0.83021757,13,460
"3774",2,0.83021757,14,240
"3775",2,0.83021757,15,223
"3776",2,0.83021757,16,236
"3777",2,0.83021757,17,240
"3778",2,0.83021757,18,255
"3779",2,0.83021757,19,227
"3780",2,0.83021757,2,230
"3781",2,0.83021757,20,242
"3782",2,0.83021757,21,215
"3783",2,0.83021757,22,245
"3784",2,0.83021757,23,206
"3785",2,0.83021757,24,240
"3786",2,0.83021757,25,249
"3787",2,0.83021757,26,238
"3788",2,0.83021757,27,229
"3789",2,0.83021757,28,230
"3790",2,0.83021757,29,210
"3791",2,0.83021757,3,235
"3792",2,0.83021757,30,246
"3793",2,0.83021757,31,247
"3794",2,0.83021757,32,262
"3795",2,0.83021757,33,423
"3796",2,0.83021757,34,243
"3797",2,0.83021757,35,212
"3798",2,0.83021757,36,260
"3799",2,0.83021757,37,220
"3800",2,0.83021757,38,219
"3801",2,0.83021757,39,257
"3802",2,0.83021757,4,214
"3803",2,0.83021757,40,222
"3804",2,0.83021757,41,236
"3805",2,0.83021757,42,208
"3806",2,0.83021757,43,216
"3807",2,0.83021757,44,279
"3808",2,0.83021757,45,210
"3809",2,0.83021757,46,221
"3810",2,0.83021757,47,248
"3811",2,0.83021757,48,233
"3812",2,0.83021757,49,209
"3813",2,0.83021757,5,221
"3814",2,0.83021757,50,229
"3815",2,0.83021757,51,209
"3816",2,0.83021757,52,226
"3817",2,0.83021757,53,213
"3818",2,0.83021757,54,216
"3819",2,0.83021757,55,223
"3820",2,0.83021757,56,235
"3821",2,0.83021757,57,217
"3822",2,0.83021757,58,238
"3823",2,0.83021757,59,226
"3824",2,0.83021757,6,215
"3825",2,0.83021757,60,236
"3826",2,0.83021757,61,207
"3827",2,0.83021757,62,241
"3828",2,0.83021757,63,216
"3829",2,0.83021757,64,236
"3830",2,0.83021757,65,225
"3831",2,0.83021757,66,268
"3832",2,0.83021757,67,219
"3833",2,0.83021757,68,237
"3834",2,0.83021757,69,249
"3835",2,0.83021757,7,233
"3836",2,0.83021757,70,228
"3837",2,0.83021757,71,214
"3838",2,0.83021757,72,238
"3839",2,0.83021757,73,245
"3840",2,0.83021757,74,248
"3841",2,0.83021757,75,227
"3842",2,0.83021757,76,246
"3843",2,0.83021757,77,201
"3844",2,0.83021757,78,227
"3845",2,0.83021757,79,258
"3846",2,0.83021757,8,248
"3847",2,0.83021757,80,223
"3848",2,0.83021757,81,231
"3849",2,0.83021757,82,212
"3850",2,0.83021757,83,241
"3851",2,0.83021757,84,451
"3852",2,0.83021757,85,209
"3853",2,0.83021757,86,209
"3854",2,0.83021757,87,206
"3855",2,0.83021757,88,220
"3856",2,0.83021757,89,204
"3857",2,0.83021757,9,224
"3858",2,0.83021757,90,225
"3859",2,0.83021757,91,235
"3860",2,0.83021757,92,216
"3861",2,0.83021757,93,209
"3862",2,0.83021757,94,212
"3863",2,0.83021757,95,437
"3864",2,0.83021757,96,245
"3865",2,0.83021757,97,252
"3866",2,0.83021757,98,224
"3867",2,0.83021757,99,249
"3868",2,0.93260335,1,268
"3869",2,0.93260335,10,306
"3870",2,0.93260335,100,272
"3871",2,0.93260335,11,232
"3872",2,0.93260335,12,280
"3873",2,0.93260335,13,263
"3874",2,0.93260335,14,257
"3875",2,0.93260335,15,262
"3876",2,0.93260335,16,274
"3877",2,0.93260335,17,283
"3878",2,0.93260335,18,244
"3879",2,0.93260335,19,246
"3880",2,0.93260335,2,247
"3881",2,0.93260335,20,264
"3882",2,0.93260335,21,235
"3883",2,0.93260335,22,231
"3884",2,0.93260335,23,243
"3885",2,0.93260335,24,242
"3886",2,0.93260335,25,275
"3887",2,0.93260335,26,245
"3888",2,0.93260335,27,284
"3889",2,0.93260335,28,284
"3890",2,0.93260335,29,271
"3891",2,0.93260335,3,233
"3892",2,0.93260335,30,250
"3893",2,0.93260335,31,255
"3894",2,0.93260335,32,227
"3895",2,0.93260335,33,286
"3896",2,0.93260335,34,269
"3897",2,0.93260335,35,258
"3898",2,0.93260335,36,276
"3899",2,0.93260335,37,258
"3900",2,0.93260335,38,279
"3901",2,0.93260335,39,249
"3902",2,0.93260335,4,266
"3903",2,0.93260335,40,282
"3904",2,0.93260335,41,253
"3905",2,0.93260335,42,264
"3906",2,0.93260335,43,248
"3907",2,0.93260335,44,259
"3908",2,0.93260335,45,235
"3909",2,0.93260335,46,238
"3910",2,0.93260335,47,248
"3911",2,0.93260335,48,281
"3912",2,0.93260335,49,252
"3913",2,0.93260335,5,243
"3914",2,0.93260335,50,248
"3915",2,0.93260335,51,259
"3916",2,0.93260335,52,242
"3917",2,0.93260335,53,268
"3918",2,0.93260335,54,245
"3919",2,0.93260335,55,252
"3920",2,0.93260335,56,264
"3921",2,0.93260335,57,292
"3922",2,0.93260335,58,237
"3923",2,0.93260335,59,260
"3924",2,0.93260335,6,235
"3925",2,0.93260335,60,272
"3926",2,0.93260335,61,291
"3927",2,0.93260335,62,247
"3928",2,0.93260335,63,260
"3929",2,0.93260335,64,245
"3930",2,0.93260335,65,241
"3931",2,0.93260335,66,250
"3932",2,0.93260335,67,271
"3933",2,0.93260335,68,256
"3934",2,0.93260335,69,242
"3935",2,0.93260335,7,245
"3936",2,0.93260335,70,262
"3937",2,0.93260335,71,277
"3938",2,0.93260335,72,228
"3939",2,0.93260335,73,247
"3940",2,0.93260335,74,229
"3941",2,0.93260335,75,256
"3942",2,0.93260335,76,252
"3943",2,0.93260335,77,273
"3944",2,0.93260335,78,237
"3945",2,0.93260335,79,279
"3946",2,0.93260335,8,230
"3947",2,0.93260335,80,244
"3948",2,0.93260335,81,287
"3949",2,0.93260335,82,222
"3950",2,0.93260335,83,229
"3951",2,0.93260335,84,273
"3952",2,0.93260335,85,280
"3953",2,0.93260335,86,229
"3954",2,0.93260335,87,260
"3955",2,0.93260335,88,285
"3956",2,0.93260335,89,257
"3957",2,0.93260335,9,281
"3958",2,0.93260335,90,271
"3959",2,0.93260335,91,247
"3960",2,0.93260335,92,233
"3961",2,0.93260335,93,234
"3962",2,0.93260335,94,258
"3963",2,0.93260335,95,282
"3964",2,0.93260335,96,260
"3965",2,0.93260335,97,251
"3966",2,0.93260335,98,246
"3967",2,0.93260335,99,246
"3968",2,1.04761575,1,275
"3969",2,1.04761575,10,264
"3970",2,1.04761575,100,278
"3971",2,1.04761575,11,290
"3972",2,1.04761575,12,252
"3973",2,1.04761575,13,266
"3974",2,1.04761575,14,480
"3975",2,1.04761575,15,289
"3976",2,1.04761575,16,260
"3977",2,1.04761575,17,292
"3978",2,1.04761575,18,283
"3979",2,1.04761575,19,270
"3980",2,1.04761575,2,283
"3981",2,1.04761575,20,288
"3982",2,1.04761575,21,286
"3983",2,1.04761575,22,287
"3984",2,1.04761575,23,295
"3985",2,1.04761575,24,299
"3986",2,1.04761575,25,309
"3987",2,1.04761575,26,303
"3988",2,1.04761575,27,282
"3989",2,1.04761575,28,305
"3990",2,1.04761575,29,283
"3991",2,1.04761575,3,286
"3992",2,1.04761575,30,301
"3993",2,1.04761575,31,296
"3994",2,1.04761575,32,297
"3995",2,1.04761575,33,269
"3996",2,1.04761575,34,297
"3997",2,1.04761575,35,507
"3998",2,1.04761575,36,499
"3999",2,1.04761575,37,311
"4000",2,1.04761575,38,258
"4001",2,1.04761575,39,269
"4002",2,1.04761575,4,277
"4003",2,1.04761575,40,277
"4004",2,1.04761575,41,296
"4005",2,1.04761575,42,277
"4006",2,1.04761575,43,285
"4007",2,1.04761575,44,274
"4008",2,1.04761575,45,331
"4009",2,1.04761575,46,565
"4010",2,1.04761575,47,263
"4011",2,1.04761575,48,278
"4012",2,1.04761575,49,286
"4013",2,1.04761575,5,287
"4014",2,1.04761575,50,296
"4015",2,1.04761575,51,260
"4016",2,1.04761575,52,298
"4017",2,1.04761575,53,270
"4018",2,1.04761575,54,297
"4019",2,1.04761575,55,282
"4020",2,1.04761575,56,292
"4021",2,1.04761575,57,315
"4022",2,1.04761575,58,264
"4023",2,1.04761575,59,276
"4024",2,1.04761575,6,275
"4025",2,1.04761575,60,298
"4026",2,1.04761575,61,280
"4027",2,1.04761575,62,282
"4028",2,1.04761575,63,278
"4029",2,1.04761575,64,276
"4030",2,1.04761575,65,279
"4031",2,1.04761575,66,302
"4032",2,1.04761575,67,302
"4033",2,1.04761575,68,298
"4034",2,1.04761575,69,279
"4035",2,1.04761575,7,249
"4036",2,1.04761575,70,279
"4037",2,1.04761575,71,295
"4038",2,1.04761575,72,317
"4039",2,1.04761575,73,706
"4040",2,1.04761575,74,299
"4041",2,1.04761575,75,281
"4042",2,1.04761575,76,287
"4043",2,1.04761575,77,264
"4044",2,1.04761575,78,293
"4045",2,1.04761575,79,292
"4046",2,1.04761575,8,283
"4047",2,1.04761575,80,255
"4048",2,1.04761575,81,276
"4049",2,1.04761575,82,263
"4050",2,1.04761575,83,335
"4051",2,1.04761575,84,265
"4052",2,1.04761575,85,292
"4053",2,1.04761575,86,302
"4054",2,1.04761575,87,313
"4055",2,1.04761575,88,287
"4056",2,1.04761575,89,316
"4057",2,1.04761575,9,325
"4058",2,1.04761575,90,263
"4059",2,1.04761575,91,270
"4060",2,1.04761575,92,299
"4061",2,1.04761575,93,314
"4062",2,1.04761575,94,495
"4063",2,1.04761575,95,302
"4064",2,1.04761575,96,297
"4065",2,1.04761575,97,251
"4066",2,1.04761575,98,303
"4067",2,1.04761575,99,276
"4068",2,1.17681195,1,340
"4069",2,1.17681195,10,279
"4070",2,1.17681195,100,344
"4071",2,1.17681195,11,327
"4072",2,1.17681195,12,329
"4073",2,1.17681195,13,296
"4074",2,1.17681195,14,327
"4075",2,1.17681195,15,307
"4076",2,1.17681195,16,327
"4077",2,1.17681195,17,333
"4078",2,1.17681195,18,318
"4079",2,1.17681195,19,311
"4080",2,1.17681195,2,323
"4081",2,1.17681195,20,323
"4082",2,1.17681195,21,318
"4083",2,1.17681195,22,352
"4084",2,1.17681195,23,308
"4085",2,1.17681195,24,301
"4086",2,1.17681195,25,318
"4087",2,1.17681195,26,320
"4088",2,1.17681195,27,369
"4089",2,1.17681195,28,315
"4090",2,1.17681195,29,338
"4091",2,1.17681195,3,324
"4092",2,1.17681195,30,306
"4093",2,1.17681195,31,336
"4094",2,1.17681195,32,323
"4095",2,1.17681195,33,327
"4096",2,1.17681195,34,321
"4097",2,1.17681195,35,340
"4098",2,1.17681195,36,340
"4099",2,1.17681195,37,343
"4100",2,1.17681195,38,329
"4101",2,1.17681195,39,330
"4102",2,1.17681195,4,337
"4103",2,1.17681195,40,359
"4104",2,1.17681195,41,312
"4105",2,1.17681195,42,353
"4106",2,1.17681195,43,311
"4107",2,1.17681195,44,333
"4108",2,1.17681195,45,346
"4109",2,1.17681195,46,325
"4110",2,1.17681195,47,311
"4111",2,1.17681195,48,360
"4112",2,1.17681195,49,326
"4113",2,1.17681195,5,281
"4114",2,1.17681195,50,320
"4115",2,1.17681195,51,313
"4116",2,1.17681195,52,356
"4117",2,1.17681195,53,291
"4118",2,1.17681195,54,287
"4119",2,1.17681195,55,314
"4120",2,1.17681195,56,323
"4121",2,1.17681195,57,321
"4122",2,1.17681195,58,297
"4123",2,1.17681195,59,319
"4124",2,1.17681195,6,317
"4125",2,1.17681195,60,309
"4126",2,1.17681195,61,342
"4127",2,1.17681195,62,346
"4128",2,1.17681195,63,327
"4129",2,1.17681195,64,266
"4130",2,1.17681195,65,306
"4131",2,1.17681195,66,310
"4132",2,1.17681195,67,283
"4133",2,1.17681195,68,307
"4134",2,1.17681195,69,315
"4135",2,1.17681195,7,339
"4136",2,1.17681195,70,332
"4137",2,1.17681195,71,318
"4138",2,1.17681195,72,316
"4139",2,1.17681195,73,339
"4140",2,1.17681195,74,311
"4141",2,1.17681195,75,341
"4142",2,1.17681195,76,322
"4143",2,1.17681195,77,323
"4144",2,1.17681195,78,322
"4145",2,1.17681195,79,309
"4146",2,1.17681195,8,326
"4147",2,1.17681195,80,317
"4148",2,1.17681195,81,300
"4149",2,1.17681195,82,358
"4150",2,1.17681195,83,328
"4151",2,1.17681195,84,337
"4152",2,1.17681195,85,332
"4153",2,1.17681195,86,322
"4154",2,1.17681195,87,331
"4155",2,1.17681195,88,305
"4156",2,1.17681195,89,337
"4157",2,1.17681195,9,320
"4158",2,1.17681195,90,342
"4159",2,1.17681195,91,326
"4160",2,1.17681195,92,305
"4161",2,1.17681195,93,336
"4162",2,1.17681195,94,287
"4163",2,1.17681195,95,342
"4164",2,1.17681195,96,343
"4165",2,1.17681195,97,326
"4166",2,1.17681195,98,312
"4167",2,1.17681195,99,326
"4168",2,1.32194115,1,375
"4169",2,1.32194115,10,378
"4170",2,1.32194115,100,385
"4171",2,1.32194115,11,370
"4172",2,1.32194115,12,370
"4173",2,1.32194115,13,354
"4174",2,1.32194115,14,353
"4175",2,1.32194115,15,350
"4176",2,1.32194115,16,355
"4177",2,1.32194115,17,340
"4178",2,1.32194115,18,386
"4179",2,1.32194115,19,383
"4180",2,1.32194115,2,347
"4181",2,1.32194115,20,406
"4182",2,1.32194115,21,362
"4183",2,1.32194115,22,369
"4184",2,1.32194115,23,373
"4185",2,1.32194115,24,375
"4186",2,1.32194115,25,355
"4187",2,1.32194115,26,351
"4188",2,1.32194115,27,362
"4189",2,1.32194115,28,370
"4190",2,1.32194115,29,560
"4191",2,1.32194115,3,371
"4192",2,1.32194115,30,368
"4193",2,1.32194115,31,605
"4194",2,1.32194115,32,378
"4195",2,1.32194115,33,609
"4196",2,1.32194115,34,344
"4197",2,1.32194115,35,359
"4198",2,1.32194115,36,404
"4199",2,1.32194115,37,360
"4200",2,1.32194115,38,359
"4201",2,1.32194115,39,366
"4202",2,1.32194115,4,539
"4203",2,1.32194115,40,391
"4204",2,1.32194115,41,362
"4205",2,1.32194115,42,540
"4206",2,1.32194115,43,371
"4207",2,1.32194115,44,317
"4208",2,1.32194115,45,389
"4209",2,1.32194115,46,575
"4210",2,1.32194115,47,384
"4211",2,1.32194115,48,369
"4212",2,1.32194115,49,386
"4213",2,1.32194115,5,341
"4214",2,1.32194115,50,345
"4215",2,1.32194115,51,373
"4216",2,1.32194115,52,326
"4217",2,1.32194115,53,363
"4218",2,1.32194115,54,345
"4219",2,1.32194115,55,368
"4220",2,1.32194115,56,372
"4221",2,1.32194115,57,347
"4222",2,1.32194115,58,372
"4223",2,1.32194115,59,362
"4224",2,1.32194115,6,389
"4225",2,1.32194115,60,373
"4226",2,1.32194115,61,362
"4227",2,1.32194115,62,391
"4228",2,1.32194115,63,362
"4229",2,1.32194115,64,351
"4230",2,1.32194115,65,349
"4231",2,1.32194115,66,360
"4232",2,1.32194115,67,347
"4233",2,1.32194115,68,369
"4234",2,1.32194115,69,340
"4235",2,1.32194115,7,389
"4236",2,1.32194115,70,390
"4237",2,1.32194115,71,378
"4238",2,1.32194115,72,383
"4239",2,1.32194115,73,374
"4240",2,1.32194115,74,349
"4241",2,1.32194115,75,369
"4242",2,1.32194115,76,366
"4243",2,1.32194115,77,370
"4244",2,1.32194115,78,422
"4245",2,1.32194115,79,372
"4246",2,1.32194115,8,371
"4247",2,1.32194115,80,340
"4248",2,1.32194115,81,380
"4249",2,1.32194115,82,328
"4250",2,1.32194115,83,384
"4251",2,1.32194115,84,383
"4252",2,1.32194115,85,372
"4253",2,1.32194115,86,562
"4254",2,1.32194115,87,361
"4255",2,1.32194115,88,388
"4256",2,1.32194115,89,338
"4257",2,1.32194115,9,361
"4258",2,1.32194115,90,355
"4259",2,1.32194115,91,353
"4260",2,1.32194115,92,344
"4261",2,1.32194115,93,373
"4262",2,1.32194115,94,348
"4263",2,1.32194115,95,351
"4264",2,1.32194115,96,383
"4265",2,1.32194115,97,354
"4266",2,1.32194115,98,377
"4267",2,1.32194115,99,368
"4268",2,1.48496826,1,383
"4269",2,1.48496826,10,426
"4270",2,1.48496826,100,396
"4271",2,1.48496826,11,427
"4272",2,1.48496826,12,396
"4273",2,1.48496826,13,360
"4274",2,1.48496826,14,403
"4275",2,1.48496826,15,371
"4276",2,1.48496826,16,399
"4277",2,1.48496826,17,417
"4278",2,1.48496826,18,411
"4279",2,1.48496826,19,676
"4280",2,1.48496826,2,384
"4281",2,1.48496826,20,415
"4282",2,1.48496826,21,388
"4283",2,1.48496826,22,396
"4284",2,1.48496826,23,429
"4285",2,1.48496826,24,417
"4286",2,1.48496826,25,411
"4287",2,1.48496826,26,478
"4288",2,1.48496826,27,451
"4289",2,1.48496826,28,440
"4290",2,1.48496826,29,410
"4291",2,1.48496826,3,404
"4292",2,1.48496826,30,393
"4293",2,1.48496826,31,399
"4294",2,1.48496826,32,400
"4295",2,1.48496826,33,414
"4296",2,1.48496826,34,431
"4297",2,1.48496826,35,401
"4298",2,1.48496826,36,396
"4299",2,1.48496826,37,447
"4300",2,1.48496826,38,589
"4301",2,1.48496826,39,380
"4302",2,1.48496826,4,382
"4303",2,1.48496826,40,434
"4304",2,1.48496826,41,406
"4305",2,1.48496826,42,625
"4306",2,1.48496826,43,442
"4307",2,1.48496826,44,401
"4308",2,1.48496826,45,446
"4309",2,1.48496826,46,424
"4310",2,1.48496826,47,397
"4311",2,1.48496826,48,443
"4312",2,1.48496826,49,414
"4313",2,1.48496826,5,425
"4314",2,1.48496826,50,432
"4315",2,1.48496826,51,403
"4316",2,1.48496826,52,408
"4317",2,1.48496826,53,420
"4318",2,1.48496826,54,404
"4319",2,1.48496826,55,394
"4320",2,1.48496826,56,401
"4321",2,1.48496826,57,407
"4322",2,1.48496826,58,403
"4323",2,1.48496826,59,434
"4324",2,1.48496826,6,416
"4325",2,1.48496826,60,411
"4326",2,1.48496826,61,377
"4327",2,1.48496826,62,406
"4328",2,1.48496826,63,458
"4329",2,1.48496826,64,433
"4330",2,1.48496826,65,464
"4331",2,1.48496826,66,366
"4332",2,1.48496826,67,406
"4333",2,1.48496826,68,412
"4334",2,1.48496826,69,586
"4335",2,1.48496826,7,396
"4336",2,1.48496826,70,418
"4337",2,1.48496826,71,412
"4338",2,1.48496826,72,402
"4339",2,1.48496826,73,432
"4340",2,1.48496826,74,406
"4341",2,1.48496826,75,413
"4342",2,1.48496826,76,405
"4343",2,1.48496826,77,432
"4344",2,1.48496826,78,397
"4345",2,1.48496826,79,437
"4346",2,1.48496826,8,376
"4347",2,1.48496826,80,426
"4348",2,1.48496826,81,399
"4349",2,1.48496826,82,410
"4350",2,1.48496826,83,414
"4351",2,1.48496826,84,428
"4352",2,1.48496826,85,363
"4353",2,1.48496826,86,566
"4354",2,1.48496826,87,411
"4355",2,1.48496826,88,439
"4356",2,1.48496826,89,389
"4357",2,1.48496826,9,395
"4358",2,1.48496826,90,405
"4359",2,1.48496826,91,390
"4360",2,1.48496826,92,387
"4361",2,1.48496826,93,400
"4362",2,1.48496826,94,402
"4363",2,1.48496826,95,415
"4364",2,1.48496826,96,577
"4365",2,1.48496826,97,400
"4366",2,1.48496826,98,370
"4367",2,1.48496826,99,429
"4368",2,1.66810054,1,438
"4369",2,1.66810054,10,437
"4370",2,1.66810054,100,451
"4371",2,1.66810054,11,458
"4372",2,1.66810054,12,494
"4373",2,1.66810054,13,472
"4374",2,1.66810054,14,480
"4375",2,1.66810054,15,417
"4376",2,1.66810054,16,433
"4377",2,1.66810054,17,470
"4378",2,1.66810054,18,464
"4379",2,1.66810054,19,478
"4380",2,1.66810054,2,452
"4381",2,1.66810054,20,492
"4382",2,1.66810054,21,444
"4383",2,1.66810054,22,448
"4384",2,1.66810054,23,453
"4385",2,1.66810054,24,470
"4386",2,1.66810054,25,461
"4387",2,1.66810054,26,426
"4388",2,1.66810054,27,471
"4389",2,1.66810054,28,495
"4390",2,1.66810054,29,440
"4391",2,1.66810054,3,467
"4392",2,1.66810054,30,434
"4393",2,1.66810054,31,461
"4394",2,1.66810054,32,472
"4395",2,1.66810054,33,461
"4396",2,1.66810054,34,474
"4397",2,1.66810054,35,533
"4398",2,1.66810054,36,460
"4399",2,1.66810054,37,480
"4400",2,1.66810054,38,456
"4401",2,1.66810054,39,460
"4402",2,1.66810054,4,518
"4403",2,1.66810054,40,493
"4404",2,1.66810054,41,467
"4405",2,1.66810054,42,449
"4406",2,1.66810054,43,454
"4407",2,1.66810054,44,482
"4408",2,1.66810054,45,479
"4409",2,1.66810054,46,492
"4410",2,1.66810054,47,437
"4411",2,1.66810054,48,461
"4412",2,1.66810054,49,464
"4413",2,1.66810054,5,501
"4414",2,1.66810054,50,464
"4415",2,1.66810054,51,475
"4416",2,1.66810054,52,429
"4417",2,1.66810054,53,427
"4418",2,1.66810054,54,450
"4419",2,1.66810054,55,457
"4420",2,1.66810054,56,448
"4421",2,1.66810054,57,442
"4422",2,1.66810054,58,476
"4423",2,1.66810054,59,454
"4424",2,1.66810054,6,511
"4425",2,1.66810054,60,455
"4426",2,1.66810054,61,470
"4427",2,1.66810054,62,519
"4428",2,1.66810054,63,453
"4429",2,1.66810054,64,445
"4430",2,1.66810054,65,461
"4431",2,1.66810054,66,446
"4432",2,1.66810054,67,444
"4433",2,1.66810054,68,478
"4434",2,1.66810054,69,468
"4435",2,1.66810054,7,433
"4436",2,1.66810054,70,439
"4437",2,1.66810054,71,484
"4438",2,1.66810054,72,439
"4439",2,1.66810054,73,484
"4440",2,1.66810054,74,431
"4441",2,1.66810054,75,478
"4442",2,1.66810054,76,456
"4443",2,1.66810054,77,432
"4444",2,1.66810054,78,515
"4445",2,1.66810054,79,479
"4446",2,1.66810054,8,423
"4447",2,1.66810054,80,449
"4448",2,1.66810054,81,414
"4449",2,1.66810054,82,437
"4450",2,1.66810054,83,432
"4451",2,1.66810054,84,431
"4452",2,1.66810054,85,470
"4453",2,1.66810054,86,446
"4454",2,1.66810054,87,459
"4455",2,1.66810054,88,435
"4456",2,1.66810054,89,465
"4457",2,1.66810054,9,475
"4458",2,1.66810054,90,468
"4459",2,1.66810054,91,432
"4460",2,1.66810054,92,517
"4461",2,1.66810054,93,466
"4462",2,1.66810054,94,456
"4463",2,1.66810054,95,468
"4464",2,1.66810054,96,481
"4465",2,1.66810054,97,474
"4466",2,1.66810054,98,442
"4467",2,1.66810054,99,463
"4468",2,1.87381742,1,519
"4469",2,1.87381742,10,531
"4470",2,1.87381742,100,527
"4471",2,1.87381742,11,503
"4472",2,1.87381742,12,523
"4473",2,1.87381742,13,549
"4474",2,1.87381742,14,521
"4475",2,1.87381742,15,532
"4476",2,1.87381742,16,498
"4477",2,1.87381742,17,531
"4478",2,1.87381742,18,489
"4479",2,1.87381742,19,527
"4480",2,1.87381742,2,524
"4481",2,1.87381742,20,566
"4482",2,1.87381742,21,491
"4483",2,1.87381742,22,505
"4484",2,1.87381742,23,508
"4485",2,1.87381742,24,518
"4486",2,1.87381742,25,543
"4487",2,1.87381742,26,527
"4488",2,1.87381742,27,524
"4489",2,1.87381742,28,735
"4490",2,1.87381742,29,522
"4491",2,1.87381742,3,525
"4492",2,1.87381742,30,477
"4493",2,1.87381742,31,475
"4494",2,1.87381742,32,537
"4495",2,1.87381742,33,514
"4496",2,1.87381742,34,533
"4497",2,1.87381742,35,540
"4498",2,1.87381742,36,523
"4499",2,1.87381742,37,543
"4500",2,1.87381742,38,540
"4501",2,1.87381742,39,494
"4502",2,1.87381742,4,484
"4503",2,1.87381742,40,500
"4504",2,1.87381742,41,508
"4505",2,1.87381742,42,528
"4506",2,1.87381742,43,511
"4507",2,1.87381742,44,536
"4508",2,1.87381742,45,493
"4509",2,1.87381742,46,503
"4510",2,1.87381742,47,517
"4511",2,1.87381742,48,518
"4512",2,1.87381742,49,505
"4513",2,1.87381742,5,649
"4514",2,1.87381742,50,491
"4515",2,1.87381742,51,493
"4516",2,1.87381742,52,762
"4517",2,1.87381742,53,532
"4518",2,1.87381742,54,497
"4519",2,1.87381742,55,548
"4520",2,1.87381742,56,527
"4521",2,1.87381742,57,526
"4522",2,1.87381742,58,517
"4523",2,1.87381742,59,495
"4524",2,1.87381742,6,503
"4525",2,1.87381742,60,506
"4526",2,1.87381742,61,504
"4527",2,1.87381742,62,695
"4528",2,1.87381742,63,541
"4529",2,1.87381742,64,751
"4530",2,1.87381742,65,505
"4531",2,1.87381742,66,558
"4532",2,1.87381742,67,521
"4533",2,1.87381742,68,502
"4534",2,1.87381742,69,503
"4535",2,1.87381742,7,494
"4536",2,1.87381742,70,518
"4537",2,1.87381742,71,523
"4538",2,1.87381742,72,519
"4539",2,1.87381742,73,549
"4540",2,1.87381742,74,532
"4541",2,1.87381742,75,543
"4542",2,1.87381742,76,509
"4543",2,1.87381742,77,521
"4544",2,1.87381742,78,515
"4545",2,1.87381742,79,532
"4546",2,1.87381742,8,506
"4547",2,1.87381742,80,509
"4548",2,1.87381742,81,527
"4549",2,1.87381742,82,550
"4550",2,1.87381742,83,523
"4551",2,1.87381742,84,533
"4552",2,1.87381742,85,518
"4553",2,1.87381742,86,491
"4554",2,1.87381742,87,496
"4555",2,1.87381742,88,514
"4556",2,1.87381742,89,527
"4557",2,1.87381742,9,482
"4558",2,1.87381742,90,493
"4559",2,1.87381742,91,523
"4560",2,1.87381742,92,501
"4561",2,1.87381742,93,509
"4562",2,1.87381742,94,534
"4563",2,1.87381742,95,682
"4564",2,1.87381742,96,477
"4565",2,1.87381742,97,688
"4566",2,1.87381742,98,501
"4567",2,1.87381742,99,494
"4568",2,10.72267222,1,3062
"4569",2,10.72267222,10,2953
"4570",2,10.72267222,100,2950
"4571",2,10.72267222,11,2864
"4572",2,10.72267222,12,3370
"4573",2,10.72267222,13,2931
"4574",2,10.72267222,14,3052
"4575",2,10.72267222,15,3102
"4576",2,10.72267222,16,3178
"4577",2,10.72267222,17,2916
"4578",2,10.72267222,18,3371
"4579",2,10.72267222,19,2877
"4580",2,10.72267222,2,3202
"4581",2,10.72267222,20,3064
"4582",2,10.72267222,21,3235
"4583",2,10.72267222,22,3210
"4584",2,10.72267222,23,3176
"4585",2,10.72267222,24,3231
"4586",2,10.72267222,25,3332
"4587",2,10.72267222,26,3378
"4588",2,10.72267222,27,2869
"4589",2,10.72267222,28,3095
"4590",2,10.72267222,29,2948
"4591",2,10.72267222,3,3451
"4592",2,10.72267222,30,3457
"4593",2,10.72267222,31,2881
"4594",2,10.72267222,32,3033
"4595",2,10.72267222,33,2933
"4596",2,10.72267222,34,2835
"4597",2,10.72267222,35,3391
"4598",2,10.72267222,36,3099
"4599",2,10.72267222,37,3197
"4600",2,10.72267222,38,3123
"4601",2,10.72267222,39,3098
"4602",2,10.72267222,4,3000
"4603",2,10.72267222,40,3198
"4604",2,10.72267222,41,2853
"4605",2,10.72267222,42,2974
"4606",2,10.72267222,43,3121
"4607",2,10.72267222,44,3140
"4608",2,10.72267222,45,3109
"4609",2,10.72267222,46,3179
"4610",2,10.72267222,47,2915
"4611",2,10.72267222,48,3154
"4612",2,10.72267222,49,2915
"4613",2,10.72267222,5,3105
"4614",2,10.72267222,50,2956
"4615",2,10.72267222,51,3097
"4616",2,10.72267222,52,3424
"4617",2,10.72267222,53,2846
"4618",2,10.72267222,54,2875
"4619",2,10.72267222,55,3144
"4620",2,10.72267222,56,2927
"4621",2,10.72267222,57,3090
"4622",2,10.72267222,58,2971
"4623",2,10.72267222,59,3147
"4624",2,10.72267222,6,2964
"4625",2,10.72267222,60,2862
"4626",2,10.72267222,61,2919
"4627",2,10.72267222,62,3387
"4628",2,10.72267222,63,2909
"4629",2,10.72267222,64,2891
"4630",2,10.72267222,65,2866
"4631",2,10.72267222,66,2945
"4632",2,10.72267222,67,3036
"4633",2,10.72267222,68,3824
"4634",2,10.72267222,69,3191
"4635",2,10.72267222,7,2809
"4636",2,10.72267222,70,3010
"4637",2,10.72267222,71,2926
"4638",2,10.72267222,72,3166
"4639",2,10.72267222,73,2924
"4640",2,10.72267222,74,3119
"4641",2,10.72267222,75,3113
"4642",2,10.72267222,76,2882
"4643",2,10.72267222,77,3167
"4644",2,10.72267222,78,3220
"4645",2,10.72267222,79,3133
"4646",2,10.72267222,8,3021
"4647",2,10.72267222,80,3185
"4648",2,10.72267222,81,2922
"4649",2,10.72267222,82,2835
"4650",2,10.72267222,83,2975
"4651",2,10.72267222,84,2959
"4652",2,10.72267222,85,2977
"4653",2,10.72267222,86,3321
"4654",2,10.72267222,87,3691
"4655",2,10.72267222,88,2930
"4656",2,10.72267222,89,2868
"4657",2,10.72267222,9,2985
"4658",2,10.72267222,90,2900
"4659",2,10.72267222,91,3301
"4660",2,10.72267222,92,3024
"4661",2,10.72267222,93,2949
"4662",2,10.72267222,94,2902
"4663",2,10.72267222,95,2957
"4664",2,10.72267222,96,3143
"4665",2,10.72267222,97,3210
"4666",2,10.72267222,98,3003
"4667",2,10.72267222,99,3323
"4668",2,1000,1,284671
"4669",2,1000,10,287522
"4670",2,1000,100,286363
"4671",2,1000,11,286127
"4672",2,1000,12,284223
"4673",2,1000,13,287731
"4674",2,1000,14,285244
"4675",2,1000,15,288389
"4676",2,1000,16,285507
"4677",2,1000,17,282280
"4678",2,1000,18,287329
"4679",2,1000,19,286501
"4680",2,1000,2,286231
"4681",2,1000,20,287196
"4682",2,1000,21,288412
"4683",2,1000,22,283749
"4684",2,1000,23,285767
"4685",2,1000,24,286857
"4686",2,1000,25,284407
"4687",2,1000,26,283694
"4688",2,1000,27,285473
"4689",2,1000,28,287212
"4690",2,1000,29,287669
"4691",2,1000,3,285691
"4692",2,1000,30,283964
"4693",2,1000,31,284464
"4694",2,1000,32,288250
"4695",2,1000,33,286429
"4696",2,1000,34,286981
"4697",2,1000,35,287634
"4698",2,1000,36,288761
"4699",2,1000,37,286164
"4700",2,1000,38,287962
"4701",2,1000,39,285554
"4702",2,1000,4,285607
"4703",2,1000,40,287705
"4704",2,1000,41,286271
"4705",2,1000,42,284583
"4706",2,1000,43,285928
"4707",2,1000,44,284942
"4708",2,1000,45,290045
"4709",2,1000,46,285593
"4710",2,1000,47,288690
"4711",2,1000,48,284257
"4712",2,1000,49,288708
"4713",2,1000,5,284151
"4714",2,1000,50,285958
"4715",2,1000,51,285940
"4716",2,1000,52,283525
"4717",2,1000,53,285967
"4718",2,1000,54,286736
"4719",2,1000,55,286071
"4720",2,1000,56,286668
"4721",2,1000,57,286495
"4722",2,1000,58,287763
"4723",2,1000,59,284842
"4724",2,1000,6,284147
"4725",2,1000,60,288969
"4726",2,1000,61,288450
"4727",2,1000,62,286643
"4728",2,1000,63,290420
"4729",2,1000,64,285659
"4730",2,1000,65,287159
"4731",2,1000,66,287258
"4732",2,1000,67,286559
"4733",2,1000,68,286300
"4734",2,1000,69,286797
"4735",2,1000,7,284329
"4736",2,1000,70,286300
"4737",2,1000,71,284586
"4738",2,1000,72,285690
"4739",2,1000,73,289525
"4740",2,1000,74,289386
"4741",2,1000,75,283735
"4742",2,1000,76,284826
"4743",2,1000,77,288639
"4744",2,1000,78,284065
"4745",2,1000,79,285620
"4746",2,1000,8,285713
"4747",2,1000,80,282644
"4748",2,1000,81,286414
"4749",2,1000,82,285717
"4750",2,1000,83,286732
"4751",2,1000,84,283398
"4752",2,1000,85,286307
"4753",2,1000,86,287524
"4754",2,1000,87,287473
"4755",2,1000,88,285899
"4756",2,1000,89,284441
"4757",2,1000,9,285859
"4758",2,1000,90,284842
"4759",2,1000,91,284627
"4760",2,1000,92,285279
"4761",2,1000,93,284411
"4762",2,1000,94,284407
"4763",2,1000,95,285916
"4764",2,1000,96,289871
"4765",2,1000,97,286044
"4766",2,1000,98,287039
"4767",2,1000,99,285553
"4768",2,109.74987655,1,31273
"4769",2,109.74987655,10,30882
"4770",2,109.74987655,100,30931
"4771",2,109.74987655,11,31294
"4772",2,109.74987655,12,31615
"4773",2,109.74987655,13,31531
"4774",2,109.74987655,14,30841
"4775",2,109.74987655,15,30585
"4776",2,109.74987655,16,30596
"4777",2,109.74987655,17,30946
"4778",2,109.74987655,18,31161
"4779",2,109.74987655,19,31779
"4780",2,109.74987655,2,31242
"4781",2,109.74987655,20,31546
"4782",2,109.74987655,21,31372
"4783",2,109.74987655,22,31975
"4784",2,109.74987655,23,31096
"4785",2,109.74987655,24,31252
"4786",2,109.74987655,25,31664
"4787",2,109.74987655,26,32118
"4788",2,109.74987655,27,31116
"4789",2,109.74987655,28,32086
"4790",2,109.74987655,29,30819
"4791",2,109.74987655,3,32090
"4792",2,109.74987655,30,31942
"4793",2,109.74987655,31,31272
"4794",2,109.74987655,32,31733
"4795",2,109.74987655,33,31311
"4796",2,109.74987655,34,31315
"4797",2,109.74987655,35,31242
"4798",2,109.74987655,36,30573
"4799",2,109.74987655,37,30503
"4800",2,109.74987655,38,31983
"4801",2,109.74987655,39,32166
"4802",2,109.74987655,4,31247
"4803",2,109.74987655,40,31542
"4804",2,109.74987655,41,31019
"4805",2,109.74987655,42,30756
"4806",2,109.74987655,43,31276
"4807",2,109.74987655,44,31110
"4808",2,109.74987655,45,31061
"4809",2,109.74987655,46,31340
"4810",2,109.74987655,47,31312
"4811",2,109.74987655,48,31813
"4812",2,109.74987655,49,31869
"4813",2,109.74987655,5,30658
"4814",2,109.74987655,50,30782
"4815",2,109.74987655,51,31625
"4816",2,109.74987655,52,31955
"4817",2,109.74987655,53,30645
"4818",2,109.74987655,54,31216
"4819",2,109.74987655,55,31583
"4820",2,109.74987655,56,30828
"4821",2,109.74987655,57,31990
"4822",2,109.74987655,58,31507
"4823",2,109.74987655,59,32010
"4824",2,109.74987655,6,31294
"4825",2,109.74987655,60,31431
"4826",2,109.74987655,61,30554
"4827",2,109.74987655,62,31724
"4828",2,109.74987655,63,31058
"4829",2,109.74987655,64,30898
"4830",2,109.74987655,65,31838
"4831",2,109.74987655,66,30891
"4832",2,109.74987655,67,31162
"4833",2,109.74987655,68,31341
"4834",2,109.74987655,69,31400
"4835",2,109.74987655,7,31960
"4836",2,109.74987655,70,30834
"4837",2,109.74987655,71,31889
"4838",2,109.74987655,72,31183
"4839",2,109.74987655,73,30905
"4840",2,109.74987655,74,31297
"4841",2,109.74987655,75,31212
"4842",2,109.74987655,76,32417
"4843",2,109.74987655,77,31853
"4844",2,109.74987655,78,31206
"4845",2,109.74987655,79,31672
"4846",2,109.74987655,8,30786
"4847",2,109.74987655,80,30892
"4848",2,109.74987655,81,32194
"4849",2,109.74987655,82,31018
"4850",2,109.74987655,83,31187
"4851",2,109.74987655,84,31686
"4852",2,109.74987655,85,31127
"4853",2,109.74987655,86,31403
"4854",2,109.74987655,87,31777
"4855",2,109.74987655,88,31167
"4856",2,109.74987655,89,31755
"4857",2,109.74987655,9,31101
"4858",2,109.74987655,90,30310
"4859",2,109.74987655,91,30798
"4860",2,109.74987655,92,31499
"4861",2,109.74987655,93,31308
"4862",2,109.74987655,94,30674
"4863",2,109.74987655,95,31190
"4864",2,109.74987655,96,31604
"4865",2,109.74987655,97,32106
"4866",2,109.74987655,98,31300
"4867",2,109.74987655,99,30805
"4868",2,12.0450354,1,4031
"4869",2,12.0450354,10,3587
"4870",2,12.0450354,100,3353
"4871",2,12.0450354,11,3324
"4872",2,12.0450354,12,3613
"4873",2,12.0450354,13,3343
"4874",2,12.0450354,14,3512
"4875",2,12.0450354,15,3737
"4876",2,12.0450354,16,3794
"4877",2,12.0450354,17,3302
"4878",2,12.0450354,18,3496
"4879",2,12.0450354,19,3453
"4880",2,12.0450354,2,3299
"4881",2,12.0450354,20,3750
"4882",2,12.0450354,21,3482
"4883",2,12.0450354,22,3293
"4884",2,12.0450354,23,3215
"4885",2,12.0450354,24,3402
"4886",2,12.0450354,25,3933
"4887",2,12.0450354,26,3276
"4888",2,12.0450354,27,3566
"4889",2,12.0450354,28,3543
"4890",2,12.0450354,29,3292
"4891",2,12.0450354,3,3300
"4892",2,12.0450354,30,3525
"4893",2,12.0450354,31,3273
"4894",2,12.0450354,32,3269
"4895",2,12.0450354,33,3293
"4896",2,12.0450354,34,3344
"4897",2,12.0450354,35,3444
"4898",2,12.0450354,36,3343
"4899",2,12.0450354,37,3361
"4900",2,12.0450354,38,3453
"4901",2,12.0450354,39,3732
"4902",2,12.0450354,4,3317
"4903",2,12.0450354,40,3847
"4904",2,12.0450354,41,3275
"4905",2,12.0450354,42,4239
"4906",2,12.0450354,43,3428
"4907",2,12.0450354,44,3383
"4908",2,12.0450354,45,3720
"4909",2,12.0450354,46,3571
"4910",2,12.0450354,47,3554
"4911",2,12.0450354,48,3554
"4912",2,12.0450354,49,3286
"4913",2,12.0450354,5,3646
"4914",2,12.0450354,50,3485
"4915",2,12.0450354,51,3294
"4916",2,12.0450354,52,3384
"4917",2,12.0450354,53,3241
"4918",2,12.0450354,54,3405
"4919",2,12.0450354,55,3697
"4920",2,12.0450354,56,3423
"4921",2,12.0450354,57,3323
"4922",2,12.0450354,58,3296
"4923",2,12.0450354,59,3668
"4924",2,12.0450354,6,3708
"4925",2,12.0450354,60,3719
"4926",2,12.0450354,61,3766
"4927",2,12.0450354,62,3258
"4928",2,12.0450354,63,3300
"4929",2,12.0450354,64,3248
"4930",2,12.0450354,65,3604
"4931",2,12.0450354,66,3772
"4932",2,12.0450354,67,3386
"4933",2,12.0450354,68,3215
"4934",2,12.0450354,69,3348
"4935",2,12.0450354,7,3288
"4936",2,12.0450354,70,3336
"4937",2,12.0450354,71,3573
"4938",2,12.0450354,72,3957
"4939",2,12.0450354,73,3518
"4940",2,12.0450354,74,3500
"4941",2,12.0450354,75,3402
"4942",2,12.0450354,76,3356
"4943",2,12.0450354,77,3726
"4944",2,12.0450354,78,3532
"4945",2,12.0450354,79,3729
"4946",2,12.0450354,8,3339
"4947",2,12.0450354,80,3706
"4948",2,12.0450354,81,3383
"4949",2,12.0450354,82,3523
"4950",2,12.0450354,83,3222
"4951",2,12.0450354,84,3767
"4952",2,12.0450354,85,3482
"4953",2,12.0450354,86,3651
"4954",2,12.0450354,87,3608
"4955",2,12.0450354,88,3442
"4956",2,12.0450354,89,3429
"4957",2,12.0450354,9,3318
"4958",2,12.0450354,90,3456
"4959",2,12.0450354,91,3379
"4960",2,12.0450354,92,3380
"4961",2,12.0450354,93,3323
"4962",2,12.0450354,94,3547
"4963",2,12.0450354,95,3497
"4964",2,12.0450354,96,3481
"4965",2,12.0450354,97,3163
"4966",2,12.0450354,98,3333
"4967",2,12.0450354,99,3467
"4968",2,123.28467394,1,35197
"4969",2,123.28467394,10,35548
"4970",2,123.28467394,100,35593
"4971",2,123.28467394,11,34987
"4972",2,123.28467394,12,35195
"4973",2,123.28467394,13,34146
"4974",2,123.28467394,14,35653
"4975",2,123.28467394,15,35347
"4976",2,123.28467394,16,35621
"4977",2,123.28467394,17,36067
"4978",2,123.28467394,18,34976
"4979",2,123.28467394,19,35815
"4980",2,123.28467394,2,34994
"4981",2,123.28467394,20,36507
"4982",2,123.28467394,21,35260
"4983",2,123.28467394,22,35950
"4984",2,123.28467394,23,35091
"4985",2,123.28467394,24,35337
"4986",2,123.28467394,25,35137
"4987",2,123.28467394,26,35483
"4988",2,123.28467394,27,35347
"4989",2,123.28467394,28,35535
"4990",2,123.28467394,29,35655
"4991",2,123.28467394,3,35907
"4992",2,123.28467394,30,34593
"4993",2,123.28467394,31,35406
"4994",2,123.28467394,32,35793
"4995",2,123.28467394,33,35335
"4996",2,123.28467394,34,35429
"4997",2,123.28467394,35,36254
"4998",2,123.28467394,36,35688
"4999",2,123.28467394,37,35477
"5000",2,123.28467394,38,35515
"5001",2,123.28467394,39,35523
"5002",2,123.28467394,4,35334
"5003",2,123.28467394,40,34677
"5004",2,123.28467394,41,37031
"5005",2,123.28467394,42,35071
"5006",2,123.28467394,43,35503
"5007",2,123.28467394,44,37092
"5008",2,123.28467394,45,35362
"5009",2,123.28467394,46,34869
"5010",2,123.28467394,47,33897
"5011",2,123.28467394,48,34889
"5012",2,123.28467394,49,34302
"5013",2,123.28467394,5,34430
"5014",2,123.28467394,50,35463
"5015",2,123.28467394,51,35508
"5016",2,123.28467394,52,34814
"5017",2,123.28467394,53,34434
"5018",2,123.28467394,54,35669
"5019",2,123.28467394,55,35458
"5020",2,123.28467394,56,35027
"5021",2,123.28467394,57,35105
"5022",2,123.28467394,58,35087
"5023",2,123.28467394,59,35025
"5024",2,123.28467394,6,34966
"5025",2,123.28467394,60,35633
"5026",2,123.28467394,61,35321
"5027",2,123.28467394,62,35927
"5028",2,123.28467394,63,36361
"5029",2,123.28467394,64,34929
"5030",2,123.28467394,65,34260
"5031",2,123.28467394,66,35324
"5032",2,123.28467394,67,35512
"5033",2,123.28467394,68,35543
"5034",2,123.28467394,69,34958
"5035",2,123.28467394,7,35971
"5036",2,123.28467394,70,35228
"5037",2,123.28467394,71,34714
"5038",2,123.28467394,72,36008
"5039",2,123.28467394,73,34172
"5040",2,123.28467394,74,33976
"5041",2,123.28467394,75,35390
"5042",2,123.28467394,76,34582
"5043",2,123.28467394,77,35041
"5044",2,123.28467394,78,36327
"5045",2,123.28467394,79,35289
"5046",2,123.28467394,8,35528
"5047",2,123.28467394,80,35364
"5048",2,123.28467394,81,34935
"5049",2,123.28467394,82,34927
"5050",2,123.28467394,83,35257
"5051",2,123.28467394,84,35380
"5052",2,123.28467394,85,36036
"5053",2,123.28467394,86,34657
"5054",2,123.28467394,87,34846
"5055",2,123.28467394,88,34799
"5056",2,123.28467394,89,35016
"5057",2,123.28467394,9,34676
"5058",2,123.28467394,90,35704
"5059",2,123.28467394,91,35880
"5060",2,123.28467394,92,35517
"5061",2,123.28467394,93,34930
"5062",2,123.28467394,94,35984
"5063",2,123.28467394,95,35712
"5064",2,123.28467394,96,34154
"5065",2,123.28467394,97,34365
"5066",2,123.28467394,98,34814
"5067",2,123.28467394,99,34751
"5068",2,13.53047775,1,4025
"5069",2,13.53047775,10,3760
"5070",2,13.53047775,100,4133
"5071",2,13.53047775,11,3690
"5072",2,13.53047775,12,3835
"5073",2,13.53047775,13,4064
"5074",2,13.53047775,14,3744
"5075",2,13.53047775,15,3908
"5076",2,13.53047775,16,3710
"5077",2,13.53047775,17,3866
"5078",2,13.53047775,18,3700
"5079",2,13.53047775,19,3683
"5080",2,13.53047775,2,3659
"5081",2,13.53047775,20,3910
"5082",2,13.53047775,21,3704
"5083",2,13.53047775,22,4042
"5084",2,13.53047775,23,3672
"5085",2,13.53047775,24,4150
"5086",2,13.53047775,25,3663
"5087",2,13.53047775,26,3680
"5088",2,13.53047775,27,3988
"5089",2,13.53047775,28,4073
"5090",2,13.53047775,29,4218
"5091",2,13.53047775,3,3791
"5092",2,13.53047775,30,3701
"5093",2,13.53047775,31,4235
"5094",2,13.53047775,32,4027
"5095",2,13.53047775,33,4380
"5096",2,13.53047775,34,3616
"5097",2,13.53047775,35,3779
"5098",2,13.53047775,36,3964
"5099",2,13.53047775,37,4050
"5100",2,13.53047775,38,4068
"5101",2,13.53047775,39,3994
"5102",2,13.53047775,4,3752
"5103",2,13.53047775,40,3743
"5104",2,13.53047775,41,4584
"5105",2,13.53047775,42,3949
"5106",2,13.53047775,43,3678
"5107",2,13.53047775,44,3666
"5108",2,13.53047775,45,3855
"5109",2,13.53047775,46,3799
"5110",2,13.53047775,47,3625
"5111",2,13.53047775,48,3763
"5112",2,13.53047775,49,4202
"5113",2,13.53047775,5,4004
"5114",2,13.53047775,50,3757
"5115",2,13.53047775,51,4156
"5116",2,13.53047775,52,4022
"5117",2,13.53047775,53,4001
"5118",2,13.53047775,54,3978
"5119",2,13.53047775,55,3988
"5120",2,13.53047775,56,3682
"5121",2,13.53047775,57,4006
"5122",2,13.53047775,58,3728
"5123",2,13.53047775,59,3828
"5124",2,13.53047775,6,4404
"5125",2,13.53047775,60,3679
"5126",2,13.53047775,61,4052
"5127",2,13.53047775,62,4001
"5128",2,13.53047775,63,3688
"5129",2,13.53047775,64,4072
"5130",2,13.53047775,65,3748
"5131",2,13.53047775,66,3746
"5132",2,13.53047775,67,3628
"5133",2,13.53047775,68,3725
"5134",2,13.53047775,69,3823
"5135",2,13.53047775,7,3724
"5136",2,13.53047775,70,4044
"5137",2,13.53047775,71,4498
"5138",2,13.53047775,72,3750
"5139",2,13.53047775,73,4558
"5140",2,13.53047775,74,3694
"5141",2,13.53047775,75,3755
"5142",2,13.53047775,76,3631
"5143",2,13.53047775,77,4101
"5144",2,13.53047775,78,3946
"5145",2,13.53047775,79,3753
"5146",2,13.53047775,8,3752
"5147",2,13.53047775,80,4001
"5148",2,13.53047775,81,3932
"5149",2,13.53047775,82,3644
"5150",2,13.53047775,83,3786
"5151",2,13.53047775,84,3899
"5152",2,13.53047775,85,4087
"5153",2,13.53047775,86,3794
"5154",2,13.53047775,87,3930
"5155",2,13.53047775,88,3977
"5156",2,13.53047775,89,4394
"5157",2,13.53047775,9,4037
"5158",2,13.53047775,90,3753
"5159",2,13.53047775,91,3843
"5160",2,13.53047775,92,3955
"5161",2,13.53047775,93,4019
"5162",2,13.53047775,94,3620
"5163",2,13.53047775,95,3679
"5164",2,13.53047775,96,3704
"5165",2,13.53047775,97,4055
"5166",2,13.53047775,98,3839
"5167",2,13.53047775,99,3725
"5168",2,138.48863714,1,40088
"5169",2,138.48863714,10,40481
"5170",2,138.48863714,100,39751
"5171",2,138.48863714,11,39654
"5172",2,138.48863714,12,41798
"5173",2,138.48863714,13,39427
"5174",2,138.48863714,14,40483
"5175",2,138.48863714,15,40101
"5176",2,138.48863714,16,40502
"5177",2,138.48863714,17,40052
"5178",2,138.48863714,18,38560
"5179",2,138.48863714,19,39211
"5180",2,138.48863714,2,39608
"5181",2,138.48863714,20,39517
"5182",2,138.48863714,21,38805
"5183",2,138.48863714,22,40364
"5184",2,138.48863714,23,39196
"5185",2,138.48863714,24,39499
"5186",2,138.48863714,25,38893
"5187",2,138.48863714,26,39125
"5188",2,138.48863714,27,39231
"5189",2,138.48863714,28,39355
"5190",2,138.48863714,29,39611
"5191",2,138.48863714,3,39133
"5192",2,138.48863714,30,39305
"5193",2,138.48863714,31,40291
"5194",2,138.48863714,32,40462
"5195",2,138.48863714,33,39353
"5196",2,138.48863714,34,40082
"5197",2,138.48863714,35,39216
"5198",2,138.48863714,36,42776
"5199",2,138.48863714,37,39266
"5200",2,138.48863714,38,40150
"5201",2,138.48863714,39,40107
"5202",2,138.48863714,4,39685
"5203",2,138.48863714,40,39957
"5204",2,138.48863714,41,39080
"5205",2,138.48863714,42,39385
"5206",2,138.48863714,43,38695
"5207",2,138.48863714,44,39491
"5208",2,138.48863714,45,40369
"5209",2,138.48863714,46,39570
"5210",2,138.48863714,47,39747
"5211",2,138.48863714,48,39751
"5212",2,138.48863714,49,38986
"5213",2,138.48863714,5,39803
"5214",2,138.48863714,50,39009
"5215",2,138.48863714,51,39884
"5216",2,138.48863714,52,39563
"5217",2,138.48863714,53,39479
"5218",2,138.48863714,54,39891
"5219",2,138.48863714,55,39504
"5220",2,138.48863714,56,39719
"5221",2,138.48863714,57,40141
"5222",2,138.48863714,58,40343
"5223",2,138.48863714,59,39907
"5224",2,138.48863714,6,39207
"5225",2,138.48863714,60,39312
"5226",2,138.48863714,61,38805
"5227",2,138.48863714,62,39490
"5228",2,138.48863714,63,39537
"5229",2,138.48863714,64,40323
"5230",2,138.48863714,65,39281
"5231",2,138.48863714,66,39419
"5232",2,138.48863714,67,39078
"5233",2,138.48863714,68,39230
"5234",2,138.48863714,69,39257
"5235",2,138.48863714,7,39937
"5236",2,138.48863714,70,40823
"5237",2,138.48863714,71,39688
"5238",2,138.48863714,72,40202
"5239",2,138.48863714,73,39567
"5240",2,138.48863714,74,39918
"5241",2,138.48863714,75,40135
"5242",2,138.48863714,76,40086
"5243",2,138.48863714,77,40157
"5244",2,138.48863714,78,39259
"5245",2,138.48863714,79,39041
"5246",2,138.48863714,8,40074
"5247",2,138.48863714,80,38783
"5248",2,138.48863714,81,39528
"5249",2,138.48863714,82,39022
"5250",2,138.48863714,83,39355
"5251",2,138.48863714,84,39625
"5252",2,138.48863714,85,39938
"5253",2,138.48863714,86,39286
"5254",2,138.48863714,87,39391
"5255",2,138.48863714,88,39685
"5256",2,138.48863714,89,39987
"5257",2,138.48863714,9,40861
"5258",2,138.48863714,90,38570
"5259",2,138.48863714,91,39995
"5260",2,138.48863714,92,38745
"5261",2,138.48863714,93,40192
"5262",2,138.48863714,94,40323
"5263",2,138.48863714,95,40191
"5264",2,138.48863714,96,39496
"5265",2,138.48863714,97,39854
"5266",2,138.48863714,98,38537
"5267",2,138.48863714,99,39631
"5268",2,15.19911083,1,4364
"5269",2,15.19911083,10,4493
"5270",2,15.19911083,100,4291
"5271",2,15.19911083,11,4208
"5272",2,15.19911083,12,4202
"5273",2,15.19911083,13,4093
"5274",2,15.19911083,14,4272
"5275",2,15.19911083,15,4371
"5276",2,15.19911083,16,4343
"5277",2,15.19911083,17,4353
"5278",2,15.19911083,18,4187
"5279",2,15.19911083,19,4577
"5280",2,15.19911083,2,4562
"5281",2,15.19911083,20,4109
"5282",2,15.19911083,21,4120
"5283",2,15.19911083,22,4454
"5284",2,15.19911083,23,4325
"5285",2,15.19911083,24,4330
"5286",2,15.19911083,25,4359
"5287",2,15.19911083,26,4105
"5288",2,15.19911083,27,4255
"5289",2,15.19911083,28,4413
"5290",2,15.19911083,29,4328
"5291",2,15.19911083,3,4402
"5292",2,15.19911083,30,4010
"5293",2,15.19911083,31,4620
"5294",2,15.19911083,32,4247
"5295",2,15.19911083,33,4072
"5296",2,15.19911083,34,4251
"5297",2,15.19911083,35,4439
"5298",2,15.19911083,36,4367
"5299",2,15.19911083,37,4359
"5300",2,15.19911083,38,4389
"5301",2,15.19911083,39,4409
"5302",2,15.19911083,4,4246
"5303",2,15.19911083,40,4617
"5304",2,15.19911083,41,4207
"5305",2,15.19911083,42,4198
"5306",2,15.19911083,43,4373
"5307",2,15.19911083,44,4540
"5308",2,15.19911083,45,4069
"5309",2,15.19911083,46,4121
"5310",2,15.19911083,47,4162
"5311",2,15.19911083,48,4318
"5312",2,15.19911083,49,4597
"5313",2,15.19911083,5,4154
"5314",2,15.19911083,50,4537
"5315",2,15.19911083,51,4174
"5316",2,15.19911083,52,4247
"5317",2,15.19911083,53,4578
"5318",2,15.19911083,54,4813
"5319",2,15.19911083,55,4133
"5320",2,15.19911083,56,4183
"5321",2,15.19911083,57,4571
"5322",2,15.19911083,58,4148
"5323",2,15.19911083,59,4413
"5324",2,15.19911083,6,4515
"5325",2,15.19911083,60,4513
"5326",2,15.19911083,61,4243
"5327",2,15.19911083,62,4568
"5328",2,15.19911083,63,4109
"5329",2,15.19911083,64,4850
"5330",2,15.19911083,65,4142
"5331",2,15.19911083,66,4105
"5332",2,15.19911083,67,4179
"5333",2,15.19911083,68,4676
"5334",2,15.19911083,69,4758
"5335",2,15.19911083,7,4415
"5336",2,15.19911083,70,4607
"5337",2,15.19911083,71,4301
"5338",2,15.19911083,72,4284
"5339",2,15.19911083,73,4270
"5340",2,15.19911083,74,4177
"5341",2,15.19911083,75,4411
"5342",2,15.19911083,76,4525
"5343",2,15.19911083,77,4329
"5344",2,15.19911083,78,4871
"5345",2,15.19911083,79,4222
"5346",2,15.19911083,8,4380
"5347",2,15.19911083,80,4367
"5348",2,15.19911083,81,4211
"5349",2,15.19911083,82,4114
"5350",2,15.19911083,83,4249
"5351",2,15.19911083,84,4329
"5352",2,15.19911083,85,4664
"5353",2,15.19911083,86,4142
"5354",2,15.19911083,87,4401
"5355",2,15.19911083,88,4222
"5356",2,15.19911083,89,4225
"5357",2,15.19911083,9,4236
"5358",2,15.19911083,90,4278
"5359",2,15.19911083,91,4153
"5360",2,15.19911083,92,4338
"5361",2,15.19911083,93,4130
"5362",2,15.19911083,94,4216
"5363",2,15.19911083,95,4110
"5364",2,15.19911083,96,4367
"5365",2,15.19911083,97,4145
"5366",2,15.19911083,98,4495
"5367",2,15.19911083,99,4251
"5368",2,155.56761439,1,45617
"5369",2,155.56761439,10,45776
"5370",2,155.56761439,100,45575
"5371",2,155.56761439,11,43876
"5372",2,155.56761439,12,44612
"5373",2,155.56761439,13,44696
"5374",2,155.56761439,14,44623
"5375",2,155.56761439,15,44386
"5376",2,155.56761439,16,45218
"5377",2,155.56761439,17,44085
"5378",2,155.56761439,18,44168
"5379",2,155.56761439,19,43721
"5380",2,155.56761439,2,43558
"5381",2,155.56761439,20,44895
"5382",2,155.56761439,21,44651
"5383",2,155.56761439,22,42734
"5384",2,155.56761439,23,44746
"5385",2,155.56761439,24,46162
"5386",2,155.56761439,25,44157
"5387",2,155.56761439,26,45022
"5388",2,155.56761439,27,44922
"5389",2,155.56761439,28,44317
"5390",2,155.56761439,29,43956
"5391",2,155.56761439,3,44282
"5392",2,155.56761439,30,44062
"5393",2,155.56761439,31,44275
"5394",2,155.56761439,32,45838
"5395",2,155.56761439,33,43981
"5396",2,155.56761439,34,44701
"5397",2,155.56761439,35,44999
"5398",2,155.56761439,36,44247
"5399",2,155.56761439,37,44959
"5400",2,155.56761439,38,45019
"5401",2,155.56761439,39,43622
"5402",2,155.56761439,4,43994
"5403",2,155.56761439,40,45919
"5404",2,155.56761439,41,44224
"5405",2,155.56761439,42,45822
"5406",2,155.56761439,43,43546
"5407",2,155.56761439,44,44812
"5408",2,155.56761439,45,44545
"5409",2,155.56761439,46,44073
"5410",2,155.56761439,47,44813
"5411",2,155.56761439,48,44377
"5412",2,155.56761439,49,44721
"5413",2,155.56761439,5,44263
"5414",2,155.56761439,50,45470
"5415",2,155.56761439,51,44731
"5416",2,155.56761439,52,43693
"5417",2,155.56761439,53,44212
"5418",2,155.56761439,54,45941
"5419",2,155.56761439,55,44695
"5420",2,155.56761439,56,44691
"5421",2,155.56761439,57,43288
"5422",2,155.56761439,58,45342
"5423",2,155.56761439,59,43536
"5424",2,155.56761439,6,43887
"5425",2,155.56761439,60,45776
"5426",2,155.56761439,61,44983
"5427",2,155.56761439,62,45454
"5428",2,155.56761439,63,44509
"5429",2,155.56761439,64,45984
"5430",2,155.56761439,65,44166
"5431",2,155.56761439,66,44767
"5432",2,155.56761439,67,44870
"5433",2,155.56761439,68,46302
"5434",2,155.56761439,69,44284
"5435",2,155.56761439,7,45098
"5436",2,155.56761439,70,44618
"5437",2,155.56761439,71,45208
"5438",2,155.56761439,72,46440
"5439",2,155.56761439,73,45462
"5440",2,155.56761439,74,44788
"5441",2,155.56761439,75,44344
"5442",2,155.56761439,76,45573
"5443",2,155.56761439,77,44739
"5444",2,155.56761439,78,43646
"5445",2,155.56761439,79,45407
"5446",2,155.56761439,8,44989
"5447",2,155.56761439,80,44370
"5448",2,155.56761439,81,44252
"5449",2,155.56761439,82,43743
"5450",2,155.56761439,83,43467
"5451",2,155.56761439,84,44347
"5452",2,155.56761439,85,42956
"5453",2,155.56761439,86,43827
"5454",2,155.56761439,87,43647
"5455",2,155.56761439,88,44529
"5456",2,155.56761439,89,44663
"5457",2,155.56761439,9,44254
"5458",2,155.56761439,90,44766
"5459",2,155.56761439,91,44030
"5460",2,155.56761439,92,45104
"5461",2,155.56761439,93,44015
"5462",2,155.56761439,94,44918
"5463",2,155.56761439,95,43159
"5464",2,155.56761439,96,45383
"5465",2,155.56761439,97,45126
"5466",2,155.56761439,98,44888
"5467",2,155.56761439,99,45359
"5468",2,17.07352647,1,4564
"5469",2,17.07352647,10,4660
"5470",2,17.07352647,100,5290
"5471",2,17.07352647,11,4775
"5472",2,17.07352647,12,4570
"5473",2,17.07352647,13,4734
"5474",2,17.07352647,14,4627
"5475",2,17.07352647,15,4959
"5476",2,17.07352647,16,4831
"5477",2,17.07352647,17,4676
"5478",2,17.07352647,18,4730
"5479",2,17.07352647,19,4674
"5480",2,17.07352647,2,4756
"5481",2,17.07352647,20,4563
"5482",2,17.07352647,21,4844
"5483",2,17.07352647,22,4716
"5484",2,17.07352647,23,4782
"5485",2,17.07352647,24,4621
"5486",2,17.07352647,25,4875
"5487",2,17.07352647,26,4718
"5488",2,17.07352647,27,4656
"5489",2,17.07352647,28,4924
"5490",2,17.07352647,29,4597
"5491",2,17.07352647,3,4680
"5492",2,17.07352647,30,4800
"5493",2,17.07352647,31,4678
"5494",2,17.07352647,32,4717
"5495",2,17.07352647,33,4771
"5496",2,17.07352647,34,4782
"5497",2,17.07352647,35,4706
"5498",2,17.07352647,36,4819
"5499",2,17.07352647,37,4806
"5500",2,17.07352647,38,4741
"5501",2,17.07352647,39,4709
"5502",2,17.07352647,4,4781
"5503",2,17.07352647,40,4854
"5504",2,17.07352647,41,4632
"5505",2,17.07352647,42,4717
"5506",2,17.07352647,43,4953
"5507",2,17.07352647,44,4780
"5508",2,17.07352647,45,4614
"5509",2,17.07352647,46,4629
"5510",2,17.07352647,47,4521
"5511",2,17.07352647,48,4700
"5512",2,17.07352647,49,4729
"5513",2,17.07352647,5,4693
"5514",2,17.07352647,50,5352
"5515",2,17.07352647,51,5207
"5516",2,17.07352647,52,4713
"5517",2,17.07352647,53,4728
"5518",2,17.07352647,54,4692
"5519",2,17.07352647,55,4613
"5520",2,17.07352647,56,4559
"5521",2,17.07352647,57,4652
"5522",2,17.07352647,58,4696
"5523",2,17.07352647,59,4781
"5524",2,17.07352647,6,4640
"5525",2,17.07352647,60,4678
"5526",2,17.07352647,61,4770
"5527",2,17.07352647,62,4932
"5528",2,17.07352647,63,4712
"5529",2,17.07352647,64,4629
"5530",2,17.07352647,65,4797
"5531",2,17.07352647,66,4915
"5532",2,17.07352647,67,4759
"5533",2,17.07352647,68,4754
"5534",2,17.07352647,69,5195
"5535",2,17.07352647,7,4776
"5536",2,17.07352647,70,4773
"5537",2,17.07352647,71,4736
"5538",2,17.07352647,72,4817
"5539",2,17.07352647,73,4732
"5540",2,17.07352647,74,4719
"5541",2,17.07352647,75,4721
"5542",2,17.07352647,76,4945
"5543",2,17.07352647,77,4695
"5544",2,17.07352647,78,4803
"5545",2,17.07352647,79,4894
"5546",2,17.07352647,8,4570
"5547",2,17.07352647,80,4784
"5548",2,17.07352647,81,4737
"5549",2,17.07352647,82,4754
"5550",2,17.07352647,83,4725
"5551",2,17.07352647,84,4713
"5552",2,17.07352647,85,4690
"5553",2,17.07352647,86,4661
"5554",2,17.07352647,87,5355
"5555",2,17.07352647,88,4740
"5556",2,17.07352647,89,4645
"5557",2,17.07352647,9,4673
"5558",2,17.07352647,90,4618
"5559",2,17.07352647,91,4723
"5560",2,17.07352647,92,4581
"5561",2,17.07352647,93,4716
"5562",2,17.07352647,94,4692
"5563",2,17.07352647,95,5018
"5564",2,17.07352647,96,5206
"5565",2,17.07352647,97,4713
"5566",2,17.07352647,98,4933
"5567",2,17.07352647,99,4662
"5568",2,174.75284,1,50519
"5569",2,174.75284,10,49348
"5570",2,174.75284,100,49805
"5571",2,174.75284,11,50379
"5572",2,174.75284,12,49307
"5573",2,174.75284,13,49847
"5574",2,174.75284,14,50323
"5575",2,174.75284,15,51227
"5576",2,174.75284,16,51083
"5577",2,174.75284,17,49560
"5578",2,174.75284,18,48883
"5579",2,174.75284,19,50750
"5580",2,174.75284,2,50182
"5581",2,174.75284,20,50426
"5582",2,174.75284,21,50761
"5583",2,174.75284,22,49861
"5584",2,174.75284,23,48834
"5585",2,174.75284,24,50377
"5586",2,174.75284,25,49890
"5587",2,174.75284,26,49077
"5588",2,174.75284,27,49869
"5589",2,174.75284,28,49807
"5590",2,174.75284,29,48938
"5591",2,174.75284,3,49638
"5592",2,174.75284,30,50056
"5593",2,174.75284,31,48813
"5594",2,174.75284,32,49793
"5595",2,174.75284,33,49904
"5596",2,174.75284,34,50253
"5597",2,174.75284,35,49141
"5598",2,174.75284,36,50268
"5599",2,174.75284,37,49879
"5600",2,174.75284,38,49502
"5601",2,174.75284,39,49057
"5602",2,174.75284,4,50131
"5603",2,174.75284,40,49817
"5604",2,174.75284,41,50525
"5605",2,174.75284,42,50481
"5606",2,174.75284,43,49698
"5607",2,174.75284,44,49725
"5608",2,174.75284,45,49179
"5609",2,174.75284,46,50163
"5610",2,174.75284,47,49724
"5611",2,174.75284,48,50936
"5612",2,174.75284,49,49037
"5613",2,174.75284,5,50599
"5614",2,174.75284,50,50096
"5615",2,174.75284,51,50161
"5616",2,174.75284,52,49357
"5617",2,174.75284,53,50159
"5618",2,174.75284,54,49733
"5619",2,174.75284,55,51510
"5620",2,174.75284,56,49442
"5621",2,174.75284,57,50133
"5622",2,174.75284,58,49492
"5623",2,174.75284,59,49040
"5624",2,174.75284,6,49332
"5625",2,174.75284,60,49258
"5626",2,174.75284,61,49919
"5627",2,174.75284,62,49979
"5628",2,174.75284,63,50545
"5629",2,174.75284,64,50583
"5630",2,174.75284,65,51303
"5631",2,174.75284,66,50389
"5632",2,174.75284,67,49372
"5633",2,174.75284,68,49568
"5634",2,174.75284,69,49529
"5635",2,174.75284,7,50742
"5636",2,174.75284,70,49010
"5637",2,174.75284,71,52158
"5638",2,174.75284,72,50901
"5639",2,174.75284,73,50116
"5640",2,174.75284,74,49391
"5641",2,174.75284,75,51431
"5642",2,174.75284,76,50251
"5643",2,174.75284,77,50496
"5644",2,174.75284,78,50596
"5645",2,174.75284,79,50543
"5646",2,174.75284,8,49912
"5647",2,174.75284,80,49617
"5648",2,174.75284,81,50520
"5649",2,174.75284,82,49083
"5650",2,174.75284,83,50248
"5651",2,174.75284,84,49918
"5652",2,174.75284,85,49784
"5653",2,174.75284,86,50440
"5654",2,174.75284,87,48997
"5655",2,174.75284,88,50248
"5656",2,174.75284,89,49881
"5657",2,174.75284,9,50799
"5658",2,174.75284,90,49464
"5659",2,174.75284,91,49980
"5660",2,174.75284,92,49666
"5661",2,174.75284,93,49364
"5662",2,174.75284,94,50581
"5663",2,174.75284,95,51142
"5664",2,174.75284,96,50220
"5665",2,174.75284,97,49891
"5666",2,174.75284,98,51384
"5667",2,174.75284,99,50046
"5668",2,19.17910262,1,5426
"5669",2,19.17910262,10,5488
"5670",2,19.17910262,100,5449
"5671",2,19.17910262,11,5351
"5672",2,19.17910262,12,5880
"5673",2,19.17910262,13,5279
"5674",2,19.17910262,14,5469
"5675",2,19.17910262,15,5596
"5676",2,19.17910262,16,5244
"5677",2,19.17910262,17,5602
"5678",2,19.17910262,18,5306
"5679",2,19.17910262,19,5546
"5680",2,19.17910262,2,5484
"5681",2,19.17910262,20,5428
"5682",2,19.17910262,21,5252
"5683",2,19.17910262,22,5548
"5684",2,19.17910262,23,5839
"5685",2,19.17910262,24,5635
"5686",2,19.17910262,25,5432
"5687",2,19.17910262,26,5247
"5688",2,19.17910262,27,5206
"5689",2,19.17910262,28,5240
"5690",2,19.17910262,29,5538
"5691",2,19.17910262,3,5554
"5692",2,19.17910262,30,5483
"5693",2,19.17910262,31,5858
"5694",2,19.17910262,32,5552
"5695",2,19.17910262,33,5594
"5696",2,19.17910262,34,5341
"5697",2,19.17910262,35,5546
"5698",2,19.17910262,36,5389
"5699",2,19.17910262,37,5517
"5700",2,19.17910262,38,5452
"5701",2,19.17910262,39,5283
"5702",2,19.17910262,4,5798
"5703",2,19.17910262,40,5426
"5704",2,19.17910262,41,5750
"5705",2,19.17910262,42,5218
"5706",2,19.17910262,43,5515
"5707",2,19.17910262,44,5729
"5708",2,19.17910262,45,5837
"5709",2,19.17910262,46,5242
"5710",2,19.17910262,47,5311
"5711",2,19.17910262,48,5242
"5712",2,19.17910262,49,5374
"5713",2,19.17910262,5,5251
"5714",2,19.17910262,50,5486
"5715",2,19.17910262,51,5471
"5716",2,19.17910262,52,5767
"5717",2,19.17910262,53,5551
"5718",2,19.17910262,54,5628
"5719",2,19.17910262,55,6067
"5720",2,19.17910262,56,5315
"5721",2,19.17910262,57,5577
"5722",2,19.17910262,58,5355
"5723",2,19.17910262,59,5361
"5724",2,19.17910262,6,5373
"5725",2,19.17910262,60,5194
"5726",2,19.17910262,61,5687
"5727",2,19.17910262,62,5761
"5728",2,19.17910262,63,5486
"5729",2,19.17910262,64,5491
"5730",2,19.17910262,65,5475
"5731",2,19.17910262,66,5484
"5732",2,19.17910262,67,5401
"5733",2,19.17910262,68,5819
"5734",2,19.17910262,69,5704
"5735",2,19.17910262,7,6156
"5736",2,19.17910262,70,5303
"5737",2,19.17910262,71,5569
"5738",2,19.17910262,72,5135
"5739",2,19.17910262,73,5414
"5740",2,19.17910262,74,5167
"5741",2,19.17910262,75,5485
"5742",2,19.17910262,76,5440
"5743",2,19.17910262,77,5464
"5744",2,19.17910262,78,5545
"5745",2,19.17910262,79,5383
"5746",2,19.17910262,8,5578
"5747",2,19.17910262,80,5487
"5748",2,19.17910262,81,5660
"5749",2,19.17910262,82,5518
"5750",2,19.17910262,83,5403
"5751",2,19.17910262,84,5476
"5752",2,19.17910262,85,5502
"5753",2,19.17910262,86,5239
"5754",2,19.17910262,87,5411
"5755",2,19.17910262,88,5128
"5756",2,19.17910262,89,5499
"5757",2,19.17910262,9,5498
"5758",2,19.17910262,90,5841
"5759",2,19.17910262,91,5744
"5760",2,19.17910262,92,5526
"5761",2,19.17910262,93,5524
"5762",2,19.17910262,94,5197
"5763",2,19.17910262,95,5621
"5764",2,19.17910262,96,5231
"5765",2,19.17910262,97,5661
"5766",2,19.17910262,98,5647
"5767",2,19.17910262,99,5233
"5768",2,196.304065,1,55943
"5769",2,196.304065,10,56178
"5770",2,196.304065,100,55099
"5771",2,196.304065,11,55982
"5772",2,196.304065,12,55644
"5773",2,196.304065,13,57044
"5774",2,196.304065,14,55588
"5775",2,196.304065,15,55602
"5776",2,196.304065,16,56765
"5777",2,196.304065,17,55371
"5778",2,196.304065,18,56480
"5779",2,196.304065,19,55400
"5780",2,196.304065,2,55736
"5781",2,196.304065,20,57725
"5782",2,196.304065,21,57010
"5783",2,196.304065,22,55517
"5784",2,196.304065,23,55468
"5785",2,196.304065,24,56289
"5786",2,196.304065,25,55797
"5787",2,196.304065,26,55810
"5788",2,196.304065,27,56365
"5789",2,196.304065,28,55165
"5790",2,196.304065,29,56340
"5791",2,196.304065,3,55613
"5792",2,196.304065,30,56026
"5793",2,196.304065,31,55438
"5794",2,196.304065,32,56340
"5795",2,196.304065,33,55601
"5796",2,196.304065,34,56229
"5797",2,196.304065,35,56370
"5798",2,196.304065,36,57195
"5799",2,196.304065,37,55878
"5800",2,196.304065,38,56616
"5801",2,196.304065,39,56343
"5802",2,196.304065,4,56663
"5803",2,196.304065,40,56049
"5804",2,196.304065,41,56957
"5805",2,196.304065,42,54944
"5806",2,196.304065,43,56030
"5807",2,196.304065,44,55620
"5808",2,196.304065,45,56592
"5809",2,196.304065,46,57724
"5810",2,196.304065,47,56174
"5811",2,196.304065,48,55182
"5812",2,196.304065,49,55632
"5813",2,196.304065,5,55306
"5814",2,196.304065,50,56654
"5815",2,196.304065,51,56409
"5816",2,196.304065,52,56656
"5817",2,196.304065,53,55506
"5818",2,196.304065,54,56452
"5819",2,196.304065,55,55821
"5820",2,196.304065,56,56365
"5821",2,196.304065,57,55535
"5822",2,196.304065,58,55444
"5823",2,196.304065,59,55930
"5824",2,196.304065,6,56442
"5825",2,196.304065,60,57560
"5826",2,196.304065,61,57289
"5827",2,196.304065,62,56555
"5828",2,196.304065,63,56247
"5829",2,196.304065,64,56207
"5830",2,196.304065,65,56602
"5831",2,196.304065,66,56741
"5832",2,196.304065,67,54943
"5833",2,196.304065,68,56862
"5834",2,196.304065,69,56014
"5835",2,196.304065,7,55688
"5836",2,196.304065,70,56957
"5837",2,196.304065,71,55427
"5838",2,196.304065,72,55275
"5839",2,196.304065,73,57166
"5840",2,196.304065,74,56928
"5841",2,196.304065,75,56105
"5842",2,196.304065,76,56486
"5843",2,196.304065,77,56585
"5844",2,196.304065,78,56678
"5845",2,196.304065,79,57068
"5846",2,196.304065,8,56649
"5847",2,196.304065,80,56420
"5848",2,196.304065,81,56165
"5849",2,196.304065,82,56172
"5850",2,196.304065,83,55827
"5851",2,196.304065,84,55863
"5852",2,196.304065,85,56943
"5853",2,196.304065,86,57282
"5854",2,196.304065,87,57159
"5855",2,196.304065,88,55531
"5856",2,196.304065,89,55705
"5857",2,196.304065,9,56386
"5858",2,196.304065,90,55332
"5859",2,196.304065,91,55899
"5860",2,196.304065,92,56455
"5861",2,196.304065,93,57339
"5862",2,196.304065,94,56272
"5863",2,196.304065,95,56838
"5864",2,196.304065,96,57677
"5865",2,196.304065,97,56308
"5866",2,196.304065,98,56309
"5867",2,196.304065,99,54635
"5868",2,2.10490414,1,643
"5869",2,2.10490414,10,559
"5870",2,2.10490414,100,555
"5871",2,2.10490414,11,568
"5872",2,2.10490414,12,545
"5873",2,2.10490414,13,554
"5874",2,2.10490414,14,586
"5875",2,2.10490414,15,580
"5876",2,2.10490414,16,575
"5877",2,2.10490414,17,598
"5878",2,2.10490414,18,575
"5879",2,2.10490414,19,546
"5880",2,2.10490414,2,573
"5881",2,2.10490414,20,577
"5882",2,2.10490414,21,584
"5883",2,2.10490414,22,602
"5884",2,2.10490414,23,605
"5885",2,2.10490414,24,573
"5886",2,2.10490414,25,584
"5887",2,2.10490414,26,580
"5888",2,2.10490414,27,634
"5889",2,2.10490414,28,604
"5890",2,2.10490414,29,595
"5891",2,2.10490414,3,694
"5892",2,2.10490414,30,598
"5893",2,2.10490414,31,558
"5894",2,2.10490414,32,568
"5895",2,2.10490414,33,590
"5896",2,2.10490414,34,748
"5897",2,2.10490414,35,597
"5898",2,2.10490414,36,568
"5899",2,2.10490414,37,575
"5900",2,2.10490414,38,606
"5901",2,2.10490414,39,613
"5902",2,2.10490414,4,524
"5903",2,2.10490414,40,565
"5904",2,2.10490414,41,567
"5905",2,2.10490414,42,558
"5906",2,2.10490414,43,550
"5907",2,2.10490414,44,589
"5908",2,2.10490414,45,592
"5909",2,2.10490414,46,555
"5910",2,2.10490414,47,533
"5911",2,2.10490414,48,563
"5912",2,2.10490414,49,585
"5913",2,2.10490414,5,541
"5914",2,2.10490414,50,800
"5915",2,2.10490414,51,606
"5916",2,2.10490414,52,560
"5917",2,2.10490414,53,571
"5918",2,2.10490414,54,597
"5919",2,2.10490414,55,610
"5920",2,2.10490414,56,574
"5921",2,2.10490414,57,723
"5922",2,2.10490414,58,564
"5923",2,2.10490414,59,764
"5924",2,2.10490414,6,573
"5925",2,2.10490414,60,582
"5926",2,2.10490414,61,630
"5927",2,2.10490414,62,597
"5928",2,2.10490414,63,582
"5929",2,2.10490414,64,591
"5930",2,2.10490414,65,540
"5931",2,2.10490414,66,555
"5932",2,2.10490414,67,558
"5933",2,2.10490414,68,590
"5934",2,2.10490414,69,598
"5935",2,2.10490414,7,569
"5936",2,2.10490414,70,532
"5937",2,2.10490414,71,990
"5938",2,2.10490414,72,574
"5939",2,2.10490414,73,550
"5940",2,2.10490414,74,570
"5941",2,2.10490414,75,538
"5942",2,2.10490414,76,535
"5943",2,2.10490414,77,636
"5944",2,2.10490414,78,543
"5945",2,2.10490414,79,751
"5946",2,2.10490414,8,567
"5947",2,2.10490414,80,578
"5948",2,2.10490414,81,576
"5949",2,2.10490414,82,608
"5950",2,2.10490414,83,769
"5951",2,2.10490414,84,583
"5952",2,2.10490414,85,530
"5953",2,2.10490414,86,784
"5954",2,2.10490414,87,617
"5955",2,2.10490414,88,548
"5956",2,2.10490414,89,563
"5957",2,2.10490414,9,627
"5958",2,2.10490414,90,643
"5959",2,2.10490414,91,592
"5960",2,2.10490414,92,558
"5961",2,2.10490414,93,840
"5962",2,2.10490414,94,585
"5963",2,2.10490414,95,767
"5964",2,2.10490414,96,552
"5965",2,2.10490414,97,537
"5966",2,2.10490414,98,569
"5967",2,2.10490414,99,574
"5968",2,2.36448941,1,645
"5969",2,2.36448941,10,606
"5970",2,2.36448941,100,659
"5971",2,2.36448941,11,633
"5972",2,2.36448941,12,623
"5973",2,2.36448941,13,858
"5974",2,2.36448941,14,689
"5975",2,2.36448941,15,837
"5976",2,2.36448941,16,668
"5977",2,2.36448941,17,685
"5978",2,2.36448941,18,620
"5979",2,2.36448941,19,642
"5980",2,2.36448941,2,720
"5981",2,2.36448941,20,668
"5982",2,2.36448941,21,629
"5983",2,2.36448941,22,663
"5984",2,2.36448941,23,670
"5985",2,2.36448941,24,681
"5986",2,2.36448941,25,648
"5987",2,2.36448941,26,623
"5988",2,2.36448941,27,622
"5989",2,2.36448941,28,680
"5990",2,2.36448941,29,630
"5991",2,2.36448941,3,627
"5992",2,2.36448941,30,654
"5993",2,2.36448941,31,648
"5994",2,2.36448941,32,650
"5995",2,2.36448941,33,687
"5996",2,2.36448941,34,625
"5997",2,2.36448941,35,650
"5998",2,2.36448941,36,616
"5999",2,2.36448941,37,612
"6000",2,2.36448941,38,659
"6001",2,2.36448941,39,658
"6002",2,2.36448941,4,633
"6003",2,2.36448941,40,639
"6004",2,2.36448941,41,609
"6005",2,2.36448941,42,649
"6006",2,2.36448941,43,633
"6007",2,2.36448941,44,658
"6008",2,2.36448941,45,678
"6009",2,2.36448941,46,631
"6010",2,2.36448941,47,611
"6011",2,2.36448941,48,640
"6012",2,2.36448941,49,637
"6013",2,2.36448941,5,651
"6014",2,2.36448941,50,686
"6015",2,2.36448941,51,684
"6016",2,2.36448941,52,675
"6017",2,2.36448941,53,662
"6018",2,2.36448941,54,650
"6019",2,2.36448941,55,656
"6020",2,2.36448941,56,651
"6021",2,2.36448941,57,680
"6022",2,2.36448941,58,639
"6023",2,2.36448941,59,654
"6024",2,2.36448941,6,638
"6025",2,2.36448941,60,656
"6026",2,2.36448941,61,638
"6027",2,2.36448941,62,666
"6028",2,2.36448941,63,805
"6029",2,2.36448941,64,678
"6030",2,2.36448941,65,900
"6031",2,2.36448941,66,679
"6032",2,2.36448941,67,600
"6033",2,2.36448941,68,623
"6034",2,2.36448941,69,678
"6035",2,2.36448941,7,699
"6036",2,2.36448941,70,653
"6037",2,2.36448941,71,842
"6038",2,2.36448941,72,639
"6039",2,2.36448941,73,634
"6040",2,2.36448941,74,658
"6041",2,2.36448941,75,655
"6042",2,2.36448941,76,887
"6043",2,2.36448941,77,692
"6044",2,2.36448941,78,679
"6045",2,2.36448941,79,662
"6046",2,2.36448941,8,580
"6047",2,2.36448941,80,661
"6048",2,2.36448941,81,666
"6049",2,2.36448941,82,690
"6050",2,2.36448941,83,669
"6051",2,2.36448941,84,873
"6052",2,2.36448941,85,667
"6053",2,2.36448941,86,634
"6054",2,2.36448941,87,700
"6055",2,2.36448941,88,644
"6056",2,2.36448941,89,678
"6057",2,2.36448941,9,625
"6058",2,2.36448941,90,702
"6059",2,2.36448941,91,859
"6060",2,2.36448941,92,710
"6061",2,2.36448941,93,659
"6062",2,2.36448941,94,667
"6063",2,2.36448941,95,683
"6064",2,2.36448941,96,628
"6065",2,2.36448941,97,658
"6066",2,2.36448941,98,677
"6067",2,2.36448941,99,655
"6068",2,2.65608778,1,921
"6069",2,2.65608778,10,752
"6070",2,2.65608778,100,775
"6071",2,2.65608778,11,784
"6072",2,2.65608778,12,732
"6073",2,2.65608778,13,707
"6074",2,2.65608778,14,720
"6075",2,2.65608778,15,740
"6076",2,2.65608778,16,711
"6077",2,2.65608778,17,686
"6078",2,2.65608778,18,722
"6079",2,2.65608778,19,715
"6080",2,2.65608778,2,708
"6081",2,2.65608778,20,701
"6082",2,2.65608778,21,921
"6083",2,2.65608778,22,751
"6084",2,2.65608778,23,764
"6085",2,2.65608778,24,715
"6086",2,2.65608778,25,723
"6087",2,2.65608778,26,715
"6088",2,2.65608778,27,744
"6089",2,2.65608778,28,738
"6090",2,2.65608778,29,760
"6091",2,2.65608778,3,896
"6092",2,2.65608778,30,772
"6093",2,2.65608778,31,710
"6094",2,2.65608778,32,706
"6095",2,2.65608778,33,878
"6096",2,2.65608778,34,727
"6097",2,2.65608778,35,729
"6098",2,2.65608778,36,727
"6099",2,2.65608778,37,703
"6100",2,2.65608778,38,715
"6101",2,2.65608778,39,740
"6102",2,2.65608778,4,724
"6103",2,2.65608778,40,748
"6104",2,2.65608778,41,788
"6105",2,2.65608778,42,797
"6106",2,2.65608778,43,760
"6107",2,2.65608778,44,751
"6108",2,2.65608778,45,688
"6109",2,2.65608778,46,676
"6110",2,2.65608778,47,681
"6111",2,2.65608778,48,913
"6112",2,2.65608778,49,711
"6113",2,2.65608778,5,752
"6114",2,2.65608778,50,695
"6115",2,2.65608778,51,910
"6116",2,2.65608778,52,745
"6117",2,2.65608778,53,725
"6118",2,2.65608778,54,967
"6119",2,2.65608778,55,712
"6120",2,2.65608778,56,709
"6121",2,2.65608778,57,725
"6122",2,2.65608778,58,753
"6123",2,2.65608778,59,978
"6124",2,2.65608778,6,742
"6125",2,2.65608778,60,778
"6126",2,2.65608778,61,768
"6127",2,2.65608778,62,688
"6128",2,2.65608778,63,738
"6129",2,2.65608778,64,904
"6130",2,2.65608778,65,764
"6131",2,2.65608778,66,688
"6132",2,2.65608778,67,775
"6133",2,2.65608778,68,782
"6134",2,2.65608778,69,760
"6135",2,2.65608778,7,929
"6136",2,2.65608778,70,728
"6137",2,2.65608778,71,716
"6138",2,2.65608778,72,942
"6139",2,2.65608778,73,722
"6140",2,2.65608778,74,749
"6141",2,2.65608778,75,701
"6142",2,2.65608778,76,709
"6143",2,2.65608778,77,693
"6144",2,2.65608778,78,946
"6145",2,2.65608778,79,706
"6146",2,2.65608778,8,730
"6147",2,2.65608778,80,918
"6148",2,2.65608778,81,796
"6149",2,2.65608778,82,754
"6150",2,2.65608778,83,745
"6151",2,2.65608778,84,762
"6152",2,2.65608778,85,745
"6153",2,2.65608778,86,768
"6154",2,2.65608778,87,718
"6155",2,2.65608778,88,726
"6156",2,2.65608778,89,959
"6157",2,2.65608778,9,748
"6158",2,2.65608778,90,758
"6159",2,2.65608778,91,755
"6160",2,2.65608778,92,750
"6161",2,2.65608778,93,731
"6162",2,2.65608778,94,793
"6163",2,2.65608778,95,954
"6164",2,2.65608778,96,676
"6165",2,2.65608778,97,628
"6166",2,2.65608778,98,704
"6167",2,2.65608778,99,781
"6168",2,2.98364724,1,852
"6169",2,2.98364724,10,800
"6170",2,2.98364724,100,1055
"6171",2,2.98364724,11,834
"6172",2,2.98364724,12,845
"6173",2,2.98364724,13,1031
"6174",2,2.98364724,14,797
"6175",2,2.98364724,15,869
"6176",2,2.98364724,16,806
"6177",2,2.98364724,17,848
"6178",2,2.98364724,18,849
"6179",2,2.98364724,19,820
"6180",2,2.98364724,2,830
"6181",2,2.98364724,20,833
"6182",2,2.98364724,21,780
"6183",2,2.98364724,22,837
"6184",2,2.98364724,23,772
"6185",2,2.98364724,24,817
"6186",2,2.98364724,25,836
"6187",2,2.98364724,26,1035
"6188",2,2.98364724,27,881
"6189",2,2.98364724,28,858
"6190",2,2.98364724,29,808
"6191",2,2.98364724,3,884
"6192",2,2.98364724,30,869
"6193",2,2.98364724,31,825
"6194",2,2.98364724,32,793
"6195",2,2.98364724,33,807
"6196",2,2.98364724,34,820
"6197",2,2.98364724,35,863
"6198",2,2.98364724,36,788
"6199",2,2.98364724,37,786
"6200",2,2.98364724,38,829
"6201",2,2.98364724,39,994
"6202",2,2.98364724,4,792
"6203",2,2.98364724,40,988
"6204",2,2.98364724,41,842
"6205",2,2.98364724,42,835
"6206",2,2.98364724,43,994
"6207",2,2.98364724,44,1040
"6208",2,2.98364724,45,1061
"6209",2,2.98364724,46,822
"6210",2,2.98364724,47,784
"6211",2,2.98364724,48,820
"6212",2,2.98364724,49,822
"6213",2,2.98364724,5,845
"6214",2,2.98364724,50,881
"6215",2,2.98364724,51,851
"6216",2,2.98364724,52,840
"6217",2,2.98364724,53,793
"6218",2,2.98364724,54,870
"6219",2,2.98364724,55,874
"6220",2,2.98364724,56,787
"6221",2,2.98364724,57,837
"6222",2,2.98364724,58,1048
"6223",2,2.98364724,59,863
"6224",2,2.98364724,6,1246
"6225",2,2.98364724,60,1017
"6226",2,2.98364724,61,856
"6227",2,2.98364724,62,807
"6228",2,2.98364724,63,807
"6229",2,2.98364724,64,809
"6230",2,2.98364724,65,782
"6231",2,2.98364724,66,996
"6232",2,2.98364724,67,803
"6233",2,2.98364724,68,862
"6234",2,2.98364724,69,798
"6235",2,2.98364724,7,826
"6236",2,2.98364724,70,814
"6237",2,2.98364724,71,780
"6238",2,2.98364724,72,839
"6239",2,2.98364724,73,797
"6240",2,2.98364724,74,873
"6241",2,2.98364724,75,854
"6242",2,2.98364724,76,1043
"6243",2,2.98364724,77,835
"6244",2,2.98364724,78,860
"6245",2,2.98364724,79,854
"6246",2,2.98364724,8,1039
"6247",2,2.98364724,80,820
"6248",2,2.98364724,81,828
"6249",2,2.98364724,82,788
"6250",2,2.98364724,83,802
"6251",2,2.98364724,84,826
"6252",2,2.98364724,85,996
"6253",2,2.98364724,86,863
"6254",2,2.98364724,87,829
"6255",2,2.98364724,88,829
"6256",2,2.98364724,89,995
"6257",2,2.98364724,9,772
"6258",2,2.98364724,90,838
"6259",2,2.98364724,91,845
"6260",2,2.98364724,92,1036
"6261",2,2.98364724,93,1052
"6262",2,2.98364724,94,988
"6263",2,2.98364724,95,763
"6264",2,2.98364724,96,793
"6265",2,2.98364724,97,788
"6266",2,2.98364724,98,1025
"6267",2,2.98364724,99,830
"6268",2,21.5443469,1,6312
"6269",2,21.5443469,10,6246
"6270",2,21.5443469,100,5963
"6271",2,21.5443469,11,6029
"6272",2,21.5443469,12,6142
"6273",2,21.5443469,13,5771
"6274",2,21.5443469,14,6150
"6275",2,21.5443469,15,6131
"6276",2,21.5443469,16,6148
"6277",2,21.5443469,17,6172
"6278",2,21.5443469,18,6174
"6279",2,21.5443469,19,5809
"6280",2,21.5443469,2,6183
"6281",2,21.5443469,20,5862
"6282",2,21.5443469,21,6142
"6283",2,21.5443469,22,5994
"6284",2,21.5443469,23,6463
"6285",2,21.5443469,24,6047
"6286",2,21.5443469,25,6292
"6287",2,21.5443469,26,5849
"6288",2,21.5443469,27,6098
"6289",2,21.5443469,28,6351
"6290",2,21.5443469,29,6120
"6291",2,21.5443469,3,5953
"6292",2,21.5443469,30,6070
"6293",2,21.5443469,31,5967
"6294",2,21.5443469,32,6163
"6295",2,21.5443469,33,6276
"6296",2,21.5443469,34,6583
"6297",2,21.5443469,35,6467
"6298",2,21.5443469,36,6203
"6299",2,21.5443469,37,6076
"6300",2,21.5443469,38,6338
"6301",2,21.5443469,39,6131
"6302",2,21.5443469,4,6031
"6303",2,21.5443469,40,5800
"6304",2,21.5443469,41,6302
"6305",2,21.5443469,42,5866
"6306",2,21.5443469,43,5849
"6307",2,21.5443469,44,6272
"6308",2,21.5443469,45,6218
"6309",2,21.5443469,46,6360
"6310",2,21.5443469,47,6102
"6311",2,21.5443469,48,6327
"6312",2,21.5443469,49,6523
"6313",2,21.5443469,5,6046
"6314",2,21.5443469,50,6471
"6315",2,21.5443469,51,6557
"6316",2,21.5443469,52,6442
"6317",2,21.5443469,53,6165
"6318",2,21.5443469,54,6896
"6319",2,21.5443469,55,5887
"6320",2,21.5443469,56,6083
"6321",2,21.5443469,57,6314
"6322",2,21.5443469,58,6131
"6323",2,21.5443469,59,5901
"6324",2,21.5443469,6,6247
"6325",2,21.5443469,60,6293
"6326",2,21.5443469,61,6217
"6327",2,21.5443469,62,5955
"6328",2,21.5443469,63,6361
"6329",2,21.5443469,64,6112
"6330",2,21.5443469,65,6084
"6331",2,21.5443469,66,6114
"6332",2,21.5443469,67,6121
"6333",2,21.5443469,68,5870
"6334",2,21.5443469,69,6105
"6335",2,21.5443469,7,6194
"6336",2,21.5443469,70,6165
"6337",2,21.5443469,71,5845
"6338",2,21.5443469,72,6538
"6339",2,21.5443469,73,6419
"6340",2,21.5443469,74,6113
"6341",2,21.5443469,75,6029
"6342",2,21.5443469,76,5886
"6343",2,21.5443469,77,6288
"6344",2,21.5443469,78,6191
"6345",2,21.5443469,79,6406
"6346",2,21.5443469,8,6252
"6347",2,21.5443469,80,6316
"6348",2,21.5443469,81,5979
"6349",2,21.5443469,82,6363
"6350",2,21.5443469,83,5838
"6351",2,21.5443469,84,5898
"6352",2,21.5443469,85,6167
"6353",2,21.5443469,86,5988
"6354",2,21.5443469,87,6476
"6355",2,21.5443469,88,6069
"6356",2,21.5443469,89,6431
"6357",2,21.5443469,9,6430
"6358",2,21.5443469,90,6009
"6359",2,21.5443469,91,6051
"6360",2,21.5443469,92,6002
"6361",2,21.5443469,93,6344
"6362",2,21.5443469,94,6058
"6363",2,21.5443469,95,6172
"6364",2,21.5443469,96,5923
"6365",2,21.5443469,97,5979
"6366",2,21.5443469,98,5891
"6367",2,21.5443469,99,6113
"6368",2,220.51307399,1,62789
"6369",2,220.51307399,10,63611
"6370",2,220.51307399,100,62245
"6371",2,220.51307399,11,62942
"6372",2,220.51307399,12,63211
"6373",2,220.51307399,13,63082
"6374",2,220.51307399,14,63043
"6375",2,220.51307399,15,64643
"6376",2,220.51307399,16,62019
"6377",2,220.51307399,17,63317
"6378",2,220.51307399,18,63166
"6379",2,220.51307399,19,63304
"6380",2,220.51307399,2,61371
"6381",2,220.51307399,20,63966
"6382",2,220.51307399,21,63970
"6383",2,220.51307399,22,63612
"6384",2,220.51307399,23,63589
"6385",2,220.51307399,24,62911
"6386",2,220.51307399,25,61619
"6387",2,220.51307399,26,63764
"6388",2,220.51307399,27,63784
"6389",2,220.51307399,28,62231
"6390",2,220.51307399,29,63560
"6391",2,220.51307399,3,62010
"6392",2,220.51307399,30,63382
"6393",2,220.51307399,31,63009
"6394",2,220.51307399,32,64316
"6395",2,220.51307399,33,64335
"6396",2,220.51307399,34,62452
"6397",2,220.51307399,35,64254
"6398",2,220.51307399,36,62597
"6399",2,220.51307399,37,62473
"6400",2,220.51307399,38,63177
"6401",2,220.51307399,39,62055
"6402",2,220.51307399,4,63596
"6403",2,220.51307399,40,62871
"6404",2,220.51307399,41,62485
"6405",2,220.51307399,42,61081
"6406",2,220.51307399,43,62940
"6407",2,220.51307399,44,62870
"6408",2,220.51307399,45,63264
"6409",2,220.51307399,46,63755
"6410",2,220.51307399,47,62617
"6411",2,220.51307399,48,62574
"6412",2,220.51307399,49,64445
"6413",2,220.51307399,5,62900
"6414",2,220.51307399,50,63307
"6415",2,220.51307399,51,62641
"6416",2,220.51307399,52,62378
"6417",2,220.51307399,53,62996
"6418",2,220.51307399,54,63623
"6419",2,220.51307399,55,62729
"6420",2,220.51307399,56,62296
"6421",2,220.51307399,57,64000
"6422",2,220.51307399,58,62655
"6423",2,220.51307399,59,62785
"6424",2,220.51307399,6,63969
"6425",2,220.51307399,60,62625
"6426",2,220.51307399,61,62927
"6427",2,220.51307399,62,63659
"6428",2,220.51307399,63,62710
"6429",2,220.51307399,64,62502
"6430",2,220.51307399,65,61714
"6431",2,220.51307399,66,61928
"6432",2,220.51307399,67,62707
"6433",2,220.51307399,68,63739
"6434",2,220.51307399,69,62435
"6435",2,220.51307399,7,63858
"6436",2,220.51307399,70,62650
"6437",2,220.51307399,71,62722
"6438",2,220.51307399,72,62862
"6439",2,220.51307399,73,63001
"6440",2,220.51307399,74,63398
"6441",2,220.51307399,75,63114
"6442",2,220.51307399,76,63171
"6443",2,220.51307399,77,63463
"6444",2,220.51307399,78,62960
"6445",2,220.51307399,79,62298
"6446",2,220.51307399,8,63384
"6447",2,220.51307399,80,64269
"6448",2,220.51307399,81,62971
"6449",2,220.51307399,82,63529
"6450",2,220.51307399,83,63225
"6451",2,220.51307399,84,63219
"6452",2,220.51307399,85,63202
"6453",2,220.51307399,86,63798
"6454",2,220.51307399,87,63379
"6455",2,220.51307399,88,62657
"6456",2,220.51307399,89,62637
"6457",2,220.51307399,9,63775
"6458",2,220.51307399,90,64396
"6459",2,220.51307399,91,63187
"6460",2,220.51307399,92,62771
"6461",2,220.51307399,93,62183
"6462",2,220.51307399,94,62755
"6463",2,220.51307399,95,61611
"6464",2,220.51307399,96,62341
"6465",2,220.51307399,97,62030
"6466",2,220.51307399,98,63121
"6467",2,220.51307399,99,62619
"6468",2,24.20128265,1,7062
"6469",2,24.20128265,10,6740
"6470",2,24.20128265,100,6472
"6471",2,24.20128265,11,6617
"6472",2,24.20128265,12,8024
"6473",2,24.20128265,13,6896
"6474",2,24.20128265,14,7252
"6475",2,24.20128265,15,6628
"6476",2,24.20128265,16,7041
"6477",2,24.20128265,17,6797
"6478",2,24.20128265,18,6894
"6479",2,24.20128265,19,7017
"6480",2,24.20128265,2,6900
"6481",2,24.20128265,20,7003
"6482",2,24.20128265,21,6827
"6483",2,24.20128265,22,7260
"6484",2,24.20128265,23,7515
"6485",2,24.20128265,24,6713
"6486",2,24.20128265,25,6642
"6487",2,24.20128265,26,6597
"6488",2,24.20128265,27,7078
"6489",2,24.20128265,28,7036
"6490",2,24.20128265,29,6774
"6491",2,24.20128265,3,7165
"6492",2,24.20128265,30,6840
"6493",2,24.20128265,31,7041
"6494",2,24.20128265,32,6884
"6495",2,24.20128265,33,6665
"6496",2,24.20128265,34,6999
"6497",2,24.20128265,35,7059
"6498",2,24.20128265,36,6693
"6499",2,24.20128265,37,6839
"6500",2,24.20128265,38,7102
"6501",2,24.20128265,39,6806
"6502",2,24.20128265,4,6568
"6503",2,24.20128265,40,6953
"6504",2,24.20128265,41,6788
"6505",2,24.20128265,42,6998
"6506",2,24.20128265,43,7126
"6507",2,24.20128265,44,7170
"6508",2,24.20128265,45,6941
"6509",2,24.20128265,46,7321
"6510",2,24.20128265,47,6678
"6511",2,24.20128265,48,6729
"6512",2,24.20128265,49,7096
"6513",2,24.20128265,5,7124
"6514",2,24.20128265,50,7240
"6515",2,24.20128265,51,7577
"6516",2,24.20128265,52,6835
"6517",2,24.20128265,53,7044
"6518",2,24.20128265,54,6900
"6519",2,24.20128265,55,7431
"6520",2,24.20128265,56,7282
"6521",2,24.20128265,57,7532
"6522",2,24.20128265,58,7317
"6523",2,24.20128265,59,6695
"6524",2,24.20128265,6,6668
"6525",2,24.20128265,60,7094
"6526",2,24.20128265,61,7076
"6527",2,24.20128265,62,6797
"6528",2,24.20128265,63,6851
"6529",2,24.20128265,64,6928
"6530",2,24.20128265,65,7086
"6531",2,24.20128265,66,6863
"6532",2,24.20128265,67,6585
"6533",2,24.20128265,68,7347
"6534",2,24.20128265,69,6784
"6535",2,24.20128265,7,6755
"6536",2,24.20128265,70,6726
"6537",2,24.20128265,71,7515
"6538",2,24.20128265,72,6829
"6539",2,24.20128265,73,6697
"6540",2,24.20128265,74,6674
"6541",2,24.20128265,75,6955
"6542",2,24.20128265,76,6491
"6543",2,24.20128265,77,7559
"6544",2,24.20128265,78,6827
"6545",2,24.20128265,79,7223
"6546",2,24.20128265,8,6691
"6547",2,24.20128265,80,6743
"6548",2,24.20128265,81,6876
"6549",2,24.20128265,82,7339
"6550",2,24.20128265,83,6846
"6551",2,24.20128265,84,6764
"6552",2,24.20128265,85,7222
"6553",2,24.20128265,86,6488
"6554",2,24.20128265,87,6793
"6555",2,24.20128265,88,6645
"6556",2,24.20128265,89,6794
"6557",2,24.20128265,9,6802
"6558",2,24.20128265,90,6958
"6559",2,24.20128265,91,7070
"6560",2,24.20128265,92,6894
"6561",2,24.20128265,93,6744
"6562",2,24.20128265,94,6799
"6563",2,24.20128265,95,7035
"6564",2,24.20128265,96,6547
"6565",2,24.20128265,97,7635
"6566",2,24.20128265,98,6543
"6567",2,24.20128265,99,7157
"6568",2,247.7076356,1,71045
"6569",2,247.7076356,10,71177
"6570",2,247.7076356,100,71095
"6571",2,247.7076356,11,70159
"6572",2,247.7076356,12,70913
"6573",2,247.7076356,13,69110
"6574",2,247.7076356,14,71015
"6575",2,247.7076356,15,69537
"6576",2,247.7076356,16,70696
"6577",2,247.7076356,17,70981
"6578",2,247.7076356,18,70965
"6579",2,247.7076356,19,70819
"6580",2,247.7076356,2,70778
"6581",2,247.7076356,20,71689
"6582",2,247.7076356,21,69955
"6583",2,247.7076356,22,70406
"6584",2,247.7076356,23,70884
"6585",2,247.7076356,24,71214
"6586",2,247.7076356,25,70759
"6587",2,247.7076356,26,69953
"6588",2,247.7076356,27,71567
"6589",2,247.7076356,28,71102
"6590",2,247.7076356,29,69627
"6591",2,247.7076356,3,70495
"6592",2,247.7076356,30,70325
"6593",2,247.7076356,31,70732
"6594",2,247.7076356,32,70394
"6595",2,247.7076356,33,70568
"6596",2,247.7076356,34,71474
"6597",2,247.7076356,35,70712
"6598",2,247.7076356,36,70213
"6599",2,247.7076356,37,72161
"6600",2,247.7076356,38,70893
"6601",2,247.7076356,39,69640
"6602",2,247.7076356,4,70759
"6603",2,247.7076356,40,73713
"6604",2,247.7076356,41,71229
"6605",2,247.7076356,42,70598
"6606",2,247.7076356,43,70746
"6607",2,247.7076356,44,72402
"6608",2,247.7076356,45,71322
"6609",2,247.7076356,46,71516
"6610",2,247.7076356,47,71039
"6611",2,247.7076356,48,71115
"6612",2,247.7076356,49,72166
"6613",2,247.7076356,5,71899
"6614",2,247.7076356,50,72009
"6615",2,247.7076356,51,71822
"6616",2,247.7076356,52,71569
"6617",2,247.7076356,53,72038
"6618",2,247.7076356,54,71263
"6619",2,247.7076356,55,70922
"6620",2,247.7076356,56,72148
"6621",2,247.7076356,57,72367
"6622",2,247.7076356,58,69829
"6623",2,247.7076356,59,70707
"6624",2,247.7076356,6,72096
"6625",2,247.7076356,60,71143
"6626",2,247.7076356,61,70595
"6627",2,247.7076356,62,71087
"6628",2,247.7076356,63,69540
"6629",2,247.7076356,64,70969
"6630",2,247.7076356,65,69694
"6631",2,247.7076356,66,70778
"6632",2,247.7076356,67,70866
"6633",2,247.7076356,68,70798
"6634",2,247.7076356,69,70230
"6635",2,247.7076356,7,72156
"6636",2,247.7076356,70,71403
"6637",2,247.7076356,71,69871
"6638",2,247.7076356,72,70208
"6639",2,247.7076356,73,71033
"6640",2,247.7076356,74,69202
"6641",2,247.7076356,75,70694
"6642",2,247.7076356,76,71292
"6643",2,247.7076356,77,70834
"6644",2,247.7076356,78,71206
"6645",2,247.7076356,79,71452
"6646",2,247.7076356,8,71657
"6647",2,247.7076356,80,70521
"6648",2,247.7076356,81,69279
"6649",2,247.7076356,82,70068
"6650",2,247.7076356,83,72392
"6651",2,247.7076356,84,70438
"6652",2,247.7076356,85,71573
"6653",2,247.7076356,86,71271
"6654",2,247.7076356,87,71789
"6655",2,247.7076356,88,71492
"6656",2,247.7076356,89,71663
"6657",2,247.7076356,9,71268
"6658",2,247.7076356,90,72548
"6659",2,247.7076356,91,72206
"6660",2,247.7076356,92,72809
"6661",2,247.7076356,93,70576
"6662",2,247.7076356,94,70926
"6663",2,247.7076356,95,71107
"6664",2,247.7076356,96,71961
"6665",2,247.7076356,97,70412
"6666",2,247.7076356,98,70691
"6667",2,247.7076356,99,69550
"6668",2,27.18588243,1,7918
"6669",2,27.18588243,10,7748
"6670",2,27.18588243,100,7685
"6671",2,27.18588243,11,8932
"6672",2,27.18588243,12,7783
"6673",2,27.18588243,13,7787
"6674",2,27.18588243,14,7387
"6675",2,27.18588243,15,7939
"6676",2,27.18588243,16,7395
"6677",2,27.18588243,17,8026
"6678",2,27.18588243,18,8600
"6679",2,27.18588243,19,8218
"6680",2,27.18588243,2,7574
"6681",2,27.18588243,20,7786
"6682",2,27.18588243,21,8342
"6683",2,27.18588243,22,8009
"6684",2,27.18588243,23,7805
"6685",2,27.18588243,24,7903
"6686",2,27.18588243,25,7736
"6687",2,27.18588243,26,7384
"6688",2,27.18588243,27,8137
"6689",2,27.18588243,28,7761
"6690",2,27.18588243,29,7557
"6691",2,27.18588243,3,7568
"6692",2,27.18588243,30,7893
"6693",2,27.18588243,31,7787
"6694",2,27.18588243,32,7467
"6695",2,27.18588243,33,7771
"6696",2,27.18588243,34,8112
"6697",2,27.18588243,35,7714
"6698",2,27.18588243,36,7897
"6699",2,27.18588243,37,7361
"6700",2,27.18588243,38,7322
"6701",2,27.18588243,39,8029
"6702",2,27.18588243,4,7664
"6703",2,27.18588243,40,7727
"6704",2,27.18588243,41,7447
"6705",2,27.18588243,42,7464
"6706",2,27.18588243,43,7765
"6707",2,27.18588243,44,8160
"6708",2,27.18588243,45,7714
"6709",2,27.18588243,46,7720
"6710",2,27.18588243,47,8433
"6711",2,27.18588243,48,7971
"6712",2,27.18588243,49,7423
"6713",2,27.18588243,5,7789
"6714",2,27.18588243,50,7735
"6715",2,27.18588243,51,7778
"6716",2,27.18588243,52,8118
"6717",2,27.18588243,53,7439
"6718",2,27.18588243,54,7812
"6719",2,27.18588243,55,7841
"6720",2,27.18588243,56,8056
"6721",2,27.18588243,57,7491
"6722",2,27.18588243,58,8131
"6723",2,27.18588243,59,7956
"6724",2,27.18588243,6,7822
"6725",2,27.18588243,60,8112
"6726",2,27.18588243,61,7816
"6727",2,27.18588243,62,7886
"6728",2,27.18588243,63,7745
"6729",2,27.18588243,64,8109
"6730",2,27.18588243,65,7645
"6731",2,27.18588243,66,8188
"6732",2,27.18588243,67,7814
"6733",2,27.18588243,68,8202
"6734",2,27.18588243,69,7726
"6735",2,27.18588243,7,8264
"6736",2,27.18588243,70,7909
"6737",2,27.18588243,71,7486
"6738",2,27.18588243,72,8146
"6739",2,27.18588243,73,8075
"6740",2,27.18588243,74,7446
"6741",2,27.18588243,75,7644
"6742",2,27.18588243,76,7659
"6743",2,27.18588243,77,7531
"6744",2,27.18588243,78,7768
"6745",2,27.18588243,79,7439
"6746",2,27.18588243,8,8587
"6747",2,27.18588243,80,8368
"6748",2,27.18588243,81,7633
"6749",2,27.18588243,82,7753
"6750",2,27.18588243,83,7512
"6751",2,27.18588243,84,7659
"6752",2,27.18588243,85,7905
"6753",2,27.18588243,86,8029
"6754",2,27.18588243,87,7973
"6755",2,27.18588243,88,7645
"6756",2,27.18588243,89,7946
"6757",2,27.18588243,9,7502
"6758",2,27.18588243,90,7776
"6759",2,27.18588243,91,7723
"6760",2,27.18588243,92,7586
"6761",2,27.18588243,93,7814
"6762",2,27.18588243,94,7442
"6763",2,27.18588243,95,7729
"6764",2,27.18588243,96,7919
"6765",2,27.18588243,97,7951
"6766",2,27.18588243,98,8264
"6767",2,27.18588243,99,7557
"6768",2,278.25594022,1,79429
"6769",2,278.25594022,10,79564
"6770",2,278.25594022,100,77732
"6771",2,278.25594022,11,79451
"6772",2,278.25594022,12,79637
"6773",2,278.25594022,13,79823
"6774",2,278.25594022,14,78861
"6775",2,278.25594022,15,78762
"6776",2,278.25594022,16,79989
"6777",2,278.25594022,17,80375
"6778",2,278.25594022,18,80117
"6779",2,278.25594022,19,79522
"6780",2,278.25594022,2,79656
"6781",2,278.25594022,20,80407
"6782",2,278.25594022,21,79048
"6783",2,278.25594022,22,80036
"6784",2,278.25594022,23,79484
"6785",2,278.25594022,24,78603
"6786",2,278.25594022,25,79733
"6787",2,278.25594022,26,79699
"6788",2,278.25594022,27,79324
"6789",2,278.25594022,28,79671
"6790",2,278.25594022,29,78863
"6791",2,278.25594022,3,81060
"6792",2,278.25594022,30,78841
"6793",2,278.25594022,31,79175
"6794",2,278.25594022,32,78597
"6795",2,278.25594022,33,78819
"6796",2,278.25594022,34,78848
"6797",2,278.25594022,35,78947
"6798",2,278.25594022,36,80749
"6799",2,278.25594022,37,78279
"6800",2,278.25594022,38,79636
"6801",2,278.25594022,39,80064
"6802",2,278.25594022,4,79053
"6803",2,278.25594022,40,78509
"6804",2,278.25594022,41,78811
"6805",2,278.25594022,42,78768
"6806",2,278.25594022,43,79454
"6807",2,278.25594022,44,80123
"6808",2,278.25594022,45,80123
"6809",2,278.25594022,46,80343
"6810",2,278.25594022,47,79250
"6811",2,278.25594022,48,79374
"6812",2,278.25594022,49,78995
"6813",2,278.25594022,5,78032
"6814",2,278.25594022,50,79455
"6815",2,278.25594022,51,79341
"6816",2,278.25594022,52,77939
"6817",2,278.25594022,53,79242
"6818",2,278.25594022,54,80544
"6819",2,278.25594022,55,78382
"6820",2,278.25594022,56,80052
"6821",2,278.25594022,57,80268
"6822",2,278.25594022,58,79212
"6823",2,278.25594022,59,79770
"6824",2,278.25594022,6,78609
"6825",2,278.25594022,60,79246
"6826",2,278.25594022,61,79354
"6827",2,278.25594022,62,78692
"6828",2,278.25594022,63,81363
"6829",2,278.25594022,64,78256
"6830",2,278.25594022,65,79617
"6831",2,278.25594022,66,79243
"6832",2,278.25594022,67,80196
"6833",2,278.25594022,68,80550
"6834",2,278.25594022,69,79424
"6835",2,278.25594022,7,79029
"6836",2,278.25594022,70,78807
"6837",2,278.25594022,71,81302
"6838",2,278.25594022,72,77733
"6839",2,278.25594022,73,80858
"6840",2,278.25594022,74,78535
"6841",2,278.25594022,75,79988
"6842",2,278.25594022,76,80839
"6843",2,278.25594022,77,79208
"6844",2,278.25594022,78,80344
"6845",2,278.25594022,79,80373
"6846",2,278.25594022,8,78685
"6847",2,278.25594022,80,80018
"6848",2,278.25594022,81,80396
"6849",2,278.25594022,82,79133
"6850",2,278.25594022,83,79914
"6851",2,278.25594022,84,79012
"6852",2,278.25594022,85,79689
"6853",2,278.25594022,86,80354
"6854",2,278.25594022,87,79272
"6855",2,278.25594022,88,79046
"6856",2,278.25594022,89,79312
"6857",2,278.25594022,9,80303
"6858",2,278.25594022,90,80574
"6859",2,278.25594022,91,78128
"6860",2,278.25594022,92,78616
"6861",2,278.25594022,93,79100
"6862",2,278.25594022,94,78955
"6863",2,278.25594022,95,79610
"6864",2,278.25594022,96,81203
"6865",2,278.25594022,97,78980
"6866",2,278.25594022,98,80555
"6867",2,278.25594022,99,79942
"6868",2,3.35160265,1,1282
"6869",2,3.35160265,10,1144
"6870",2,3.35160265,100,1103
"6871",2,3.35160265,11,929
"6872",2,3.35160265,12,910
"6873",2,3.35160265,13,890
"6874",2,3.35160265,14,875
"6875",2,3.35160265,15,954
"6876",2,3.35160265,16,962
"6877",2,3.35160265,17,954
"6878",2,3.35160265,18,952
"6879",2,3.35160265,19,962
"6880",2,3.35160265,2,982
"6881",2,3.35160265,20,892
"6882",2,3.35160265,21,899
"6883",2,3.35160265,22,1171
"6884",2,3.35160265,23,882
"6885",2,3.35160265,24,926
"6886",2,3.35160265,25,956
"6887",2,3.35160265,26,938
"6888",2,3.35160265,27,899
"6889",2,3.35160265,28,909
"6890",2,3.35160265,29,961
"6891",2,3.35160265,3,1149
"6892",2,3.35160265,30,951
"6893",2,3.35160265,31,899
"6894",2,3.35160265,32,960
"6895",2,3.35160265,33,914
"6896",2,3.35160265,34,1053
"6897",2,3.35160265,35,1020
"6898",2,3.35160265,36,895
"6899",2,3.35160265,37,915
"6900",2,3.35160265,38,924
"6901",2,3.35160265,39,907
"6902",2,3.35160265,4,919
"6903",2,3.35160265,40,1004
"6904",2,3.35160265,41,840
"6905",2,3.35160265,42,1132
"6906",2,3.35160265,43,1110
"6907",2,3.35160265,44,875
"6908",2,3.35160265,45,881
"6909",2,3.35160265,46,947
"6910",2,3.35160265,47,946
"6911",2,3.35160265,48,880
"6912",2,3.35160265,49,919
"6913",2,3.35160265,5,1135
"6914",2,3.35160265,50,902
"6915",2,3.35160265,51,943
"6916",2,3.35160265,52,923
"6917",2,3.35160265,53,907
"6918",2,3.35160265,54,906
"6919",2,3.35160265,55,918
"6920",2,3.35160265,56,984
"6921",2,3.35160265,57,1092
"6922",2,3.35160265,58,918
"6923",2,3.35160265,59,910
"6924",2,3.35160265,6,914
"6925",2,3.35160265,60,922
"6926",2,3.35160265,61,860
"6927",2,3.35160265,62,938
"6928",2,3.35160265,63,920
"6929",2,3.35160265,64,958
"6930",2,3.35160265,65,944
"6931",2,3.35160265,66,902
"6932",2,3.35160265,67,1069
"6933",2,3.35160265,68,1132
"6934",2,3.35160265,69,926
"6935",2,3.35160265,7,906
"6936",2,3.35160265,70,932
"6937",2,3.35160265,71,919
"6938",2,3.35160265,72,875
"6939",2,3.35160265,73,902
"6940",2,3.35160265,74,1106
"6941",2,3.35160265,75,1121
"6942",2,3.35160265,76,1108
"6943",2,3.35160265,77,1138
"6944",2,3.35160265,78,1096
"6945",2,3.35160265,79,945
"6946",2,3.35160265,8,919
"6947",2,3.35160265,80,843
"6948",2,3.35160265,81,866
"6949",2,3.35160265,82,946
"6950",2,3.35160265,83,921
"6951",2,3.35160265,84,933
"6952",2,3.35160265,85,880
"6953",2,3.35160265,86,919
"6954",2,3.35160265,87,1324
"6955",2,3.35160265,88,978
"6956",2,3.35160265,89,980
"6957",2,3.35160265,9,852
"6958",2,3.35160265,90,934
"6959",2,3.35160265,91,945
"6960",2,3.35160265,92,959
"6961",2,3.35160265,93,884
"6962",2,3.35160265,94,907
"6963",2,3.35160265,95,1190
"6964",2,3.35160265,96,984
"6965",2,3.35160265,97,921
"6966",2,3.35160265,98,870
"6967",2,3.35160265,99,942
"6968",2,3.76493581,1,1198
"6969",2,3.76493581,10,1043
"6970",2,3.76493581,100,1261
"6971",2,3.76493581,11,1003
"6972",2,3.76493581,12,1227
"6973",2,3.76493581,13,1002
"6974",2,3.76493581,14,989
"6975",2,3.76493581,15,997
"6976",2,3.76493581,16,1042
"6977",2,3.76493581,17,1090
"6978",2,3.76493581,18,1079
"6979",2,3.76493581,19,957
"6980",2,3.76493581,2,1078
"6981",2,3.76493581,20,1012
"6982",2,3.76493581,21,974
"6983",2,3.76493581,22,1076
"6984",2,3.76493581,23,1086
"6985",2,3.76493581,24,1036
"6986",2,3.76493581,25,1010
"6987",2,3.76493581,26,1014
"6988",2,3.76493581,27,1149
"6989",2,3.76493581,28,1034
"6990",2,3.76493581,29,995
"6991",2,3.76493581,3,1004
"6992",2,3.76493581,30,1017
"6993",2,3.76493581,31,1034
"6994",2,3.76493581,32,1035
"6995",2,3.76493581,33,1079
"6996",2,3.76493581,34,1258
"6997",2,3.76493581,35,1032
"6998",2,3.76493581,36,1055
"6999",2,3.76493581,37,1051
"7000",2,3.76493581,38,1064
"7001",2,3.76493581,39,1027
"7002",2,3.76493581,4,1053
"7003",2,3.76493581,40,1096
"7004",2,3.76493581,41,1203
"7005",2,3.76493581,42,1061
"7006",2,3.76493581,43,1266
"7007",2,3.76493581,44,1527
"7008",2,3.76493581,45,1059
"7009",2,3.76493581,46,1073
"7010",2,3.76493581,47,1034
"7011",2,3.76493581,48,1004
"7012",2,3.76493581,49,1216
"7013",2,3.76493581,5,1006
"7014",2,3.76493581,50,1019
"7015",2,3.76493581,51,1008
"7016",2,3.76493581,52,1272
"7017",2,3.76493581,53,1303
"7018",2,3.76493581,54,1053
"7019",2,3.76493581,55,1061
"7020",2,3.76493581,56,1046
"7021",2,3.76493581,57,1052
"7022",2,3.76493581,58,1020
"7023",2,3.76493581,59,1038
"7024",2,3.76493581,6,1027
"7025",2,3.76493581,60,1239
"7026",2,3.76493581,61,1048
"7027",2,3.76493581,62,1020
"7028",2,3.76493581,63,1225
"7029",2,3.76493581,64,1235
"7030",2,3.76493581,65,1467
"7031",2,3.76493581,66,1091
"7032",2,3.76493581,67,1060
"7033",2,3.76493581,68,1003
"7034",2,3.76493581,69,1023
"7035",2,3.76493581,7,1103
"7036",2,3.76493581,70,1000
"7037",2,3.76493581,71,1042
"7038",2,3.76493581,72,1037
"7039",2,3.76493581,73,1038
"7040",2,3.76493581,74,1255
"7041",2,3.76493581,75,1014
"7042",2,3.76493581,76,1255
"7043",2,3.76493581,77,1555
"7044",2,3.76493581,78,1029
"7045",2,3.76493581,79,1009
"7046",2,3.76493581,8,1054
"7047",2,3.76493581,80,1026
"7048",2,3.76493581,81,1038
"7049",2,3.76493581,82,1072
"7050",2,3.76493581,83,1039
"7051",2,3.76493581,84,999
"7052",2,3.76493581,85,1039
"7053",2,3.76493581,86,1040
"7054",2,3.76493581,87,1052
"7055",2,3.76493581,88,1009
"7056",2,3.76493581,89,1018
"7057",2,3.76493581,9,964
"7058",2,3.76493581,90,1034
"7059",2,3.76493581,91,1089
"7060",2,3.76493581,92,1006
"7061",2,3.76493581,93,1273
"7062",2,3.76493581,94,1236
"7063",2,3.76493581,95,1052
"7064",2,3.76493581,96,1048
"7065",2,3.76493581,97,1037
"7066",2,3.76493581,98,1019
"7067",2,3.76493581,99,1024
"7068",2,30.53855509,1,9202
"7069",2,30.53855509,10,8846
"7070",2,30.53855509,100,8334
"7071",2,30.53855509,11,8438
"7072",2,30.53855509,12,8792
"7073",2,30.53855509,13,9003
"7074",2,30.53855509,14,8582
"7075",2,30.53855509,15,8555
"7076",2,30.53855509,16,8269
"7077",2,30.53855509,17,9394
"7078",2,30.53855509,18,8715
"7079",2,30.53855509,19,9000
"7080",2,30.53855509,2,8610
"7081",2,30.53855509,20,8455
"7082",2,30.53855509,21,8896
"7083",2,30.53855509,22,9394
"7084",2,30.53855509,23,8495
"7085",2,30.53855509,24,9028
"7086",2,30.53855509,25,8671
"7087",2,30.53855509,26,8887
"7088",2,30.53855509,27,8237
"7089",2,30.53855509,28,9273
"7090",2,30.53855509,29,8521
"7091",2,30.53855509,3,8633
"7092",2,30.53855509,30,8942
"7093",2,30.53855509,31,8874
"7094",2,30.53855509,32,8426
"7095",2,30.53855509,33,8541
"7096",2,30.53855509,34,8676
"7097",2,30.53855509,35,8884
"7098",2,30.53855509,36,8394
"7099",2,30.53855509,37,9177
"7100",2,30.53855509,38,9641
"7101",2,30.53855509,39,8754
"7102",2,30.53855509,4,8594
"7103",2,30.53855509,40,8651
"7104",2,30.53855509,41,8681
"7105",2,30.53855509,42,8947
"7106",2,30.53855509,43,9293
"7107",2,30.53855509,44,8961
"7108",2,30.53855509,45,9113
"7109",2,30.53855509,46,9128
"7110",2,30.53855509,47,8887
"7111",2,30.53855509,48,8870
"7112",2,30.53855509,49,8843
"7113",2,30.53855509,5,9120
"7114",2,30.53855509,50,8834
"7115",2,30.53855509,51,8411
"7116",2,30.53855509,52,8892
"7117",2,30.53855509,53,8915
"7118",2,30.53855509,54,8659
"7119",2,30.53855509,55,8785
"7120",2,30.53855509,56,8366
"7121",2,30.53855509,57,8402
"7122",2,30.53855509,58,8817
"7123",2,30.53855509,59,8621
"7124",2,30.53855509,6,9227
"7125",2,30.53855509,60,8796
"7126",2,30.53855509,61,8948
"7127",2,30.53855509,62,8456
"7128",2,30.53855509,63,8991
"7129",2,30.53855509,64,8318
"7130",2,30.53855509,65,8443
"7131",2,30.53855509,66,9411
"7132",2,30.53855509,67,9032
"7133",2,30.53855509,68,8725
"7134",2,30.53855509,69,8640
"7135",2,30.53855509,7,8637
"7136",2,30.53855509,70,8553
"7137",2,30.53855509,71,8452
"7138",2,30.53855509,72,8567
"7139",2,30.53855509,73,8314
"7140",2,30.53855509,74,8362
"7141",2,30.53855509,75,8306
"7142",2,30.53855509,76,8576
"7143",2,30.53855509,77,8278
"7144",2,30.53855509,78,8817
"7145",2,30.53855509,79,8705
"7146",2,30.53855509,8,9137
"7147",2,30.53855509,80,8389
"7148",2,30.53855509,81,8698
"7149",2,30.53855509,82,8531
"7150",2,30.53855509,83,8878
"7151",2,30.53855509,84,8478
"7152",2,30.53855509,85,8759
"7153",2,30.53855509,86,8638
"7154",2,30.53855509,87,8444
"7155",2,30.53855509,88,8586
"7156",2,30.53855509,89,8754
"7157",2,30.53855509,9,8853
"7158",2,30.53855509,90,8921
"7159",2,30.53855509,91,8529
"7160",2,30.53855509,92,8743
"7161",2,30.53855509,93,8529
"7162",2,30.53855509,94,8576
"7163",2,30.53855509,95,8621
"7164",2,30.53855509,96,8571
"7165",2,30.53855509,97,8452
"7166",2,30.53855509,98,8457
"7167",2,30.53855509,99,8526
"7168",2,312.57158497,1,89063
"7169",2,312.57158497,10,89468
"7170",2,312.57158497,100,89202
"7171",2,312.57158497,11,90041
"7172",2,312.57158497,12,89994
"7173",2,312.57158497,13,90598
"7174",2,312.57158497,14,88252
"7175",2,312.57158497,15,90773
"7176",2,312.57158497,16,90072
"7177",2,312.57158497,17,87457
"7178",2,312.57158497,18,89316
"7179",2,312.57158497,19,88622
"7180",2,312.57158497,2,89306
"7181",2,312.57158497,20,90058
"7182",2,312.57158497,21,89852
"7183",2,312.57158497,22,90399
"7184",2,312.57158497,23,88837
"7185",2,312.57158497,24,88708
"7186",2,312.57158497,25,88905
"7187",2,312.57158497,26,89146
"7188",2,312.57158497,27,89057
"7189",2,312.57158497,28,89373
"7190",2,312.57158497,29,89278
"7191",2,312.57158497,3,90627
"7192",2,312.57158497,30,88178
"7193",2,312.57158497,31,89427
"7194",2,312.57158497,32,89572
"7195",2,312.57158497,33,90122
"7196",2,312.57158497,34,87945
"7197",2,312.57158497,35,89641
"7198",2,312.57158497,36,91524
"7199",2,312.57158497,37,89446
"7200",2,312.57158497,38,88883
"7201",2,312.57158497,39,88434
"7202",2,312.57158497,4,89423
"7203",2,312.57158497,40,89369
"7204",2,312.57158497,41,89610
"7205",2,312.57158497,42,89615
"7206",2,312.57158497,43,89306
"7207",2,312.57158497,44,89458
"7208",2,312.57158497,45,90517
"7209",2,312.57158497,46,88360
"7210",2,312.57158497,47,89162
"7211",2,312.57158497,48,88888
"7212",2,312.57158497,49,89168
"7213",2,312.57158497,5,88524
"7214",2,312.57158497,50,88940
"7215",2,312.57158497,51,88979
"7216",2,312.57158497,52,89661
"7217",2,312.57158497,53,89142
"7218",2,312.57158497,54,88625
"7219",2,312.57158497,55,89614
"7220",2,312.57158497,56,90650
"7221",2,312.57158497,57,89772
"7222",2,312.57158497,58,89976
"7223",2,312.57158497,59,89016
"7224",2,312.57158497,6,88595
"7225",2,312.57158497,60,89972
"7226",2,312.57158497,61,89780
"7227",2,312.57158497,62,89543
"7228",2,312.57158497,63,88957
"7229",2,312.57158497,64,89361
"7230",2,312.57158497,65,91587
"7231",2,312.57158497,66,90741
"7232",2,312.57158497,67,90087
"7233",2,312.57158497,68,89067
"7234",2,312.57158497,69,89536
"7235",2,312.57158497,7,89268
"7236",2,312.57158497,70,89654
"7237",2,312.57158497,71,89496
"7238",2,312.57158497,72,89439
"7239",2,312.57158497,73,88197
"7240",2,312.57158497,74,88932
"7241",2,312.57158497,75,90184
"7242",2,312.57158497,76,89698
"7243",2,312.57158497,77,90132
"7244",2,312.57158497,78,89421
"7245",2,312.57158497,79,90254
"7246",2,312.57158497,8,90367
"7247",2,312.57158497,80,89413
"7248",2,312.57158497,81,91579
"7249",2,312.57158497,82,89406
"7250",2,312.57158497,83,88816
"7251",2,312.57158497,84,89495
"7252",2,312.57158497,85,89338
"7253",2,312.57158497,86,89157
"7254",2,312.57158497,87,88594
"7255",2,312.57158497,88,90316
"7256",2,312.57158497,89,90853
"7257",2,312.57158497,9,89909
"7258",2,312.57158497,90,89576
"7259",2,312.57158497,91,87968
"7260",2,312.57158497,92,89434
"7261",2,312.57158497,93,89077
"7262",2,312.57158497,94,88061
"7263",2,312.57158497,95,89616
"7264",2,312.57158497,96,89670
"7265",2,312.57158497,97,89607
"7266",2,312.57158497,98,87967
"7267",2,312.57158497,99,88970
"7268",2,34.30469286,1,9976
"7269",2,34.30469286,10,9623
"7270",2,34.30469286,100,9383
"7271",2,34.30469286,11,10087
"7272",2,34.30469286,12,9893
"7273",2,34.30469286,13,9447
"7274",2,34.30469286,14,9934
"7275",2,34.30469286,15,9688
"7276",2,34.30469286,16,9608
"7277",2,34.30469286,17,9623
"7278",2,34.30469286,18,10228
"7279",2,34.30469286,19,9951
"7280",2,34.30469286,2,9673
"7281",2,34.30469286,20,9727
"7282",2,34.30469286,21,9689
"7283",2,34.30469286,22,10211
"7284",2,34.30469286,23,9705
"7285",2,34.30469286,24,9930
"7286",2,34.30469286,25,10109
"7287",2,34.30469286,26,9964
"7288",2,34.30469286,27,9586
"7289",2,34.30469286,28,9776
"7290",2,34.30469286,29,9826
"7291",2,34.30469286,3,9627
"7292",2,34.30469286,30,10037
"7293",2,34.30469286,31,9839
"7294",2,34.30469286,32,9843
"7295",2,34.30469286,33,10016
"7296",2,34.30469286,34,10573
"7297",2,34.30469286,35,9683
"7298",2,34.30469286,36,9897
"7299",2,34.30469286,37,9851
"7300",2,34.30469286,38,9520
"7301",2,34.30469286,39,9691
"7302",2,34.30469286,4,9777
"7303",2,34.30469286,40,9635
"7304",2,34.30469286,41,9636
"7305",2,34.30469286,42,9377
"7306",2,34.30469286,43,9437
"7307",2,34.30469286,44,9877
"7308",2,34.30469286,45,9936
"7309",2,34.30469286,46,9704
"7310",2,34.30469286,47,9803
"7311",2,34.30469286,48,9530
"7312",2,34.30469286,49,9615
"7313",2,34.30469286,5,9624
"7314",2,34.30469286,50,9655
"7315",2,34.30469286,51,10356
"7316",2,34.30469286,52,9911
"7317",2,34.30469286,53,9607
"7318",2,34.30469286,54,9982
"7319",2,34.30469286,55,10026
"7320",2,34.30469286,56,9901
"7321",2,34.30469286,57,10028
"7322",2,34.30469286,58,9328
"7323",2,34.30469286,59,10308
"7324",2,34.30469286,6,10085
"7325",2,34.30469286,60,10146
"7326",2,34.30469286,61,10114
"7327",2,34.30469286,62,10019
"7328",2,34.30469286,63,9373
"7329",2,34.30469286,64,10329
"7330",2,34.30469286,65,9876
"7331",2,34.30469286,66,9884
"7332",2,34.30469286,67,10081
"7333",2,34.30469286,68,9864
"7334",2,34.30469286,69,9875
"7335",2,34.30469286,7,9812
"7336",2,34.30469286,70,9919
"7337",2,34.30469286,71,9622
"7338",2,34.30469286,72,10121
"7339",2,34.30469286,73,9733
"7340",2,34.30469286,74,9945
"7341",2,34.30469286,75,10108
"7342",2,34.30469286,76,10110
"7343",2,34.30469286,77,9528
"7344",2,34.30469286,78,9694
"7345",2,34.30469286,79,9850
"7346",2,34.30469286,8,9660
"7347",2,34.30469286,80,9352
"7348",2,34.30469286,81,9871
"7349",2,34.30469286,82,9336
"7350",2,34.30469286,83,9577
"7351",2,34.30469286,84,10157
"7352",2,34.30469286,85,9300
"7353",2,34.30469286,86,10530
"7354",2,34.30469286,87,10381
"7355",2,34.30469286,88,9406
"7356",2,34.30469286,89,9789
"7357",2,34.30469286,9,10326
"7358",2,34.30469286,90,9832
"7359",2,34.30469286,91,9803
"7360",2,34.30469286,92,9635
"7361",2,34.30469286,93,9371
"7362",2,34.30469286,94,9605
"7363",2,34.30469286,95,10151
"7364",2,34.30469286,96,10404
"7365",2,34.30469286,97,10005
"7366",2,34.30469286,98,9756
"7367",2,34.30469286,99,10023
"7368",2,351.11917342,1,101279
"7369",2,351.11917342,10,100381
"7370",2,351.11917342,100,100898
"7371",2,351.11917342,11,100616
"7372",2,351.11917342,12,100353
"7373",2,351.11917342,13,99771
"7374",2,351.11917342,14,99079
"7375",2,351.11917342,15,102097
"7376",2,351.11917342,16,102284
"7377",2,351.11917342,17,102401
"7378",2,351.11917342,18,101570
"7379",2,351.11917342,19,100579
"7380",2,351.11917342,2,100590
"7381",2,351.11917342,20,101402
"7382",2,351.11917342,21,101239
"7383",2,351.11917342,22,100223
"7384",2,351.11917342,23,100242
"7385",2,351.11917342,24,101076
"7386",2,351.11917342,25,100703
"7387",2,351.11917342,26,101640
"7388",2,351.11917342,27,98962
"7389",2,351.11917342,28,101500
"7390",2,351.11917342,29,99613
"7391",2,351.11917342,3,101011
"7392",2,351.11917342,30,100229
"7393",2,351.11917342,31,100197
"7394",2,351.11917342,32,100039
"7395",2,351.11917342,33,102070
"7396",2,351.11917342,34,100282
"7397",2,351.11917342,35,100400
"7398",2,351.11917342,36,99610
"7399",2,351.11917342,37,101353
"7400",2,351.11917342,38,100048
"7401",2,351.11917342,39,100117
"7402",2,351.11917342,4,98760
"7403",2,351.11917342,40,101326
"7404",2,351.11917342,41,98889
"7405",2,351.11917342,42,100767
"7406",2,351.11917342,43,101064
"7407",2,351.11917342,44,99602
"7408",2,351.11917342,45,100843
"7409",2,351.11917342,46,101369
"7410",2,351.11917342,47,99676
"7411",2,351.11917342,48,100312
"7412",2,351.11917342,49,100849
"7413",2,351.11917342,5,99130
"7414",2,351.11917342,50,99060
"7415",2,351.11917342,51,100922
"7416",2,351.11917342,52,101739
"7417",2,351.11917342,53,100498
"7418",2,351.11917342,54,102185
"7419",2,351.11917342,55,99079
"7420",2,351.11917342,56,103041
"7421",2,351.11917342,57,99361
"7422",2,351.11917342,58,98597
"7423",2,351.11917342,59,100906
"7424",2,351.11917342,6,100219
"7425",2,351.11917342,60,100450
"7426",2,351.11917342,61,101068
"7427",2,351.11917342,62,101890
"7428",2,351.11917342,63,100030
"7429",2,351.11917342,64,98847
"7430",2,351.11917342,65,100482
"7431",2,351.11917342,66,99069
"7432",2,351.11917342,67,99810
"7433",2,351.11917342,68,101463
"7434",2,351.11917342,69,99869
"7435",2,351.11917342,7,99079
"7436",2,351.11917342,70,100585
"7437",2,351.11917342,71,100895
"7438",2,351.11917342,72,100652
"7439",2,351.11917342,73,99576
"7440",2,351.11917342,74,99943
"7441",2,351.11917342,75,102033
"7442",2,351.11917342,76,99603
"7443",2,351.11917342,77,100510
"7444",2,351.11917342,78,98519
"7445",2,351.11917342,79,100023
"7446",2,351.11917342,8,99005
"7447",2,351.11917342,80,100444
"7448",2,351.11917342,81,100623
"7449",2,351.11917342,82,100108
"7450",2,351.11917342,83,102409
"7451",2,351.11917342,84,100343
"7452",2,351.11917342,85,100920
"7453",2,351.11917342,86,99765
"7454",2,351.11917342,87,101081
"7455",2,351.11917342,88,100517
"7456",2,351.11917342,89,101997
"7457",2,351.11917342,9,100570
"7458",2,351.11917342,90,100893
"7459",2,351.11917342,91,101704
"7460",2,351.11917342,92,98652
"7461",2,351.11917342,93,100432
"7462",2,351.11917342,94,101947
"7463",2,351.11917342,95,102601
"7464",2,351.11917342,96,99404
"7465",2,351.11917342,97,100260
"7466",2,351.11917342,98,100009
"7467",2,351.11917342,99,100334
"7468",2,38.53528594,1,11031
"7469",2,38.53528594,10,10829
"7470",2,38.53528594,100,11613
"7471",2,38.53528594,11,11542
"7472",2,38.53528594,12,10546
"7473",2,38.53528594,13,10944
"7474",2,38.53528594,14,11000
"7475",2,38.53528594,15,11088
"7476",2,38.53528594,16,11059
"7477",2,38.53528594,17,10698
"7478",2,38.53528594,18,10904
"7479",2,38.53528594,19,11078
"7480",2,38.53528594,2,11138
"7481",2,38.53528594,20,11192
"7482",2,38.53528594,21,10658
"7483",2,38.53528594,22,10649
"7484",2,38.53528594,23,10853
"7485",2,38.53528594,24,11195
"7486",2,38.53528594,25,11692
"7487",2,38.53528594,26,11336
"7488",2,38.53528594,27,10963
"7489",2,38.53528594,28,11510
"7490",2,38.53528594,29,11088
"7491",2,38.53528594,3,10988
"7492",2,38.53528594,30,11190
"7493",2,38.53528594,31,10671
"7494",2,38.53528594,32,11570
"7495",2,38.53528594,33,10623
"7496",2,38.53528594,34,10885
"7497",2,38.53528594,35,11049
"7498",2,38.53528594,36,10673
"7499",2,38.53528594,37,10912
"7500",2,38.53528594,38,10960
"7501",2,38.53528594,39,10636
"7502",2,38.53528594,4,10711
"7503",2,38.53528594,40,11376
"7504",2,38.53528594,41,10940
"7505",2,38.53528594,42,11026
"7506",2,38.53528594,43,11384
"7507",2,38.53528594,44,10809
"7508",2,38.53528594,45,11133
"7509",2,38.53528594,46,10828
"7510",2,38.53528594,47,10764
"7511",2,38.53528594,48,11876
"7512",2,38.53528594,49,10807
"7513",2,38.53528594,5,10991
"7514",2,38.53528594,50,11180
"7515",2,38.53528594,51,10999
"7516",2,38.53528594,52,11302
"7517",2,38.53528594,53,10713
"7518",2,38.53528594,54,10549
"7519",2,38.53528594,55,11468
"7520",2,38.53528594,56,10878
"7521",2,38.53528594,57,10763
"7522",2,38.53528594,58,10690
"7523",2,38.53528594,59,11145
"7524",2,38.53528594,6,10930
"7525",2,38.53528594,60,10778
"7526",2,38.53528594,61,11019
"7527",2,38.53528594,62,11120
"7528",2,38.53528594,63,10648
"7529",2,38.53528594,64,11557
"7530",2,38.53528594,65,10766
"7531",2,38.53528594,66,10945
"7532",2,38.53528594,67,11705
"7533",2,38.53528594,68,11059
"7534",2,38.53528594,69,10845
"7535",2,38.53528594,7,11507
"7536",2,38.53528594,70,10972
"7537",2,38.53528594,71,11125
"7538",2,38.53528594,72,11063
"7539",2,38.53528594,73,10836
"7540",2,38.53528594,74,10730
"7541",2,38.53528594,75,11619
"7542",2,38.53528594,76,10965
"7543",2,38.53528594,77,11492
"7544",2,38.53528594,78,11061
"7545",2,38.53528594,79,10880
"7546",2,38.53528594,8,10727
"7547",2,38.53528594,80,11672
"7548",2,38.53528594,81,11169
"7549",2,38.53528594,82,10821
"7550",2,38.53528594,83,10929
"7551",2,38.53528594,84,10879
"7552",2,38.53528594,85,10851
"7553",2,38.53528594,86,10803
"7554",2,38.53528594,87,10894
"7555",2,38.53528594,88,11287
"7556",2,38.53528594,89,10871
"7557",2,38.53528594,9,10734
"7558",2,38.53528594,90,10681
"7559",2,38.53528594,91,11038
"7560",2,38.53528594,92,11098
"7561",2,38.53528594,93,11598
"7562",2,38.53528594,94,11034
"7563",2,38.53528594,95,11268
"7564",2,38.53528594,96,10855
"7565",2,38.53528594,97,10632
"7566",2,38.53528594,98,10989
"7567",2,38.53528594,99,10936
"7568",2,394.42060594,1,113113
"7569",2,394.42060594,10,113257
"7570",2,394.42060594,100,111980
"7571",2,394.42060594,11,114387
"7572",2,394.42060594,12,114445
"7573",2,394.42060594,13,111181
"7574",2,394.42060594,14,115516
"7575",2,394.42060594,15,113531
"7576",2,394.42060594,16,111585
"7577",2,394.42060594,17,111773
"7578",2,394.42060594,18,111583
"7579",2,394.42060594,19,111568
"7580",2,394.42060594,2,110996
"7581",2,394.42060594,20,110996
"7582",2,394.42060594,21,113944
"7583",2,394.42060594,22,113334
"7584",2,394.42060594,23,113841
"7585",2,394.42060594,24,113650
"7586",2,394.42060594,25,111593
"7587",2,394.42060594,26,111413
"7588",2,394.42060594,27,112635
"7589",2,394.42060594,28,111990
"7590",2,394.42060594,29,116375
"7591",2,394.42060594,3,114105
"7592",2,394.42060594,30,112535
"7593",2,394.42060594,31,111225
"7594",2,394.42060594,32,111126
"7595",2,394.42060594,33,112606
"7596",2,394.42060594,34,113095
"7597",2,394.42060594,35,112082
"7598",2,394.42060594,36,111703
"7599",2,394.42060594,37,113215
"7600",2,394.42060594,38,111887
"7601",2,394.42060594,39,112320
"7602",2,394.42060594,4,111710
"7603",2,394.42060594,40,111825
"7604",2,394.42060594,41,112352
"7605",2,394.42060594,42,114417
"7606",2,394.42060594,43,112201
"7607",2,394.42060594,44,112843
"7608",2,394.42060594,45,114763
"7609",2,394.42060594,46,112609
"7610",2,394.42060594,47,114032
"7611",2,394.42060594,48,112529
"7612",2,394.42060594,49,112514
"7613",2,394.42060594,5,112363
"7614",2,394.42060594,50,114416
"7615",2,394.42060594,51,112280
"7616",2,394.42060594,52,111554
"7617",2,394.42060594,53,113152
"7618",2,394.42060594,54,112678
"7619",2,394.42060594,55,115063
"7620",2,394.42060594,56,113927
"7621",2,394.42060594,57,112420
"7622",2,394.42060594,58,112396
"7623",2,394.42060594,59,112845
"7624",2,394.42060594,6,112531
"7625",2,394.42060594,60,112520
"7626",2,394.42060594,61,111962
"7627",2,394.42060594,62,112584
"7628",2,394.42060594,63,112723
"7629",2,394.42060594,64,113307
"7630",2,394.42060594,65,114343
"7631",2,394.42060594,66,115480
"7632",2,394.42060594,67,113518
"7633",2,394.42060594,68,112057
"7634",2,394.42060594,69,113020
"7635",2,394.42060594,7,111552
"7636",2,394.42060594,70,111283
"7637",2,394.42060594,71,112214
"7638",2,394.42060594,72,113752
"7639",2,394.42060594,73,112884
"7640",2,394.42060594,74,113741
"7641",2,394.42060594,75,112410
"7642",2,394.42060594,76,112007
"7643",2,394.42060594,77,111882
"7644",2,394.42060594,78,114053
"7645",2,394.42060594,79,114488
"7646",2,394.42060594,8,112102
"7647",2,394.42060594,80,111883
"7648",2,394.42060594,81,112292
"7649",2,394.42060594,82,112295
"7650",2,394.42060594,83,113610
"7651",2,394.42060594,84,113247
"7652",2,394.42060594,85,113437
"7653",2,394.42060594,86,112968
"7654",2,394.42060594,87,112169
"7655",2,394.42060594,88,113461
"7656",2,394.42060594,89,111432
"7657",2,394.42060594,9,113628
"7658",2,394.42060594,90,112832
"7659",2,394.42060594,91,114159
"7660",2,394.42060594,92,113741
"7661",2,394.42060594,93,113014
"7662",2,394.42060594,94,112300
"7663",2,394.42060594,95,113031
"7664",2,394.42060594,96,112028
"7665",2,394.42060594,97,113774
"7666",2,394.42060594,98,112032
"7667",2,394.42060594,99,112245
"7668",2,4.22924287,1,1158
"7669",2,4.22924287,10,1567
"7670",2,4.22924287,100,1123
"7671",2,4.22924287,11,1128
"7672",2,4.22924287,12,1117
"7673",2,4.22924287,13,1210
"7674",2,4.22924287,14,1309
"7675",2,4.22924287,15,1174
"7676",2,4.22924287,16,1443
"7677",2,4.22924287,17,1148
"7678",2,4.22924287,18,1192
"7679",2,4.22924287,19,1167
"7680",2,4.22924287,2,1170
"7681",2,4.22924287,20,1183
"7682",2,4.22924287,21,1208
"7683",2,4.22924287,22,1157
"7684",2,4.22924287,23,1143
"7685",2,4.22924287,24,1077
"7686",2,4.22924287,25,1164
"7687",2,4.22924287,26,1104
"7688",2,4.22924287,27,1157
"7689",2,4.22924287,28,1219
"7690",2,4.22924287,29,1133
"7691",2,4.22924287,3,1134
"7692",2,4.22924287,30,1152
"7693",2,4.22924287,31,1143
"7694",2,4.22924287,32,1186
"7695",2,4.22924287,33,1107
"7696",2,4.22924287,34,1177
"7697",2,4.22924287,35,1176
"7698",2,4.22924287,36,1377
"7699",2,4.22924287,37,1349
"7700",2,4.22924287,38,1164
"7701",2,4.22924287,39,1108
"7702",2,4.22924287,4,1310
"7703",2,4.22924287,40,1210
"7704",2,4.22924287,41,1185
"7705",2,4.22924287,42,1180
"7706",2,4.22924287,43,1180
"7707",2,4.22924287,44,1381
"7708",2,4.22924287,45,1176
"7709",2,4.22924287,46,1206
"7710",2,4.22924287,47,1126
"7711",2,4.22924287,48,1133
"7712",2,4.22924287,49,1065
"7713",2,4.22924287,5,1354
"7714",2,4.22924287,50,1173
"7715",2,4.22924287,51,1184
"7716",2,4.22924287,52,1163
"7717",2,4.22924287,53,1097
"7718",2,4.22924287,54,1139
"7719",2,4.22924287,55,1154
"7720",2,4.22924287,56,1167
"7721",2,4.22924287,57,1405
"7722",2,4.22924287,58,1196
"7723",2,4.22924287,59,1137
"7724",2,4.22924287,6,1132
"7725",2,4.22924287,60,1135
"7726",2,4.22924287,61,1168
"7727",2,4.22924287,62,1141
"7728",2,4.22924287,63,1339
"7729",2,4.22924287,64,1157
"7730",2,4.22924287,65,1132
"7731",2,4.22924287,66,1379
"7732",2,4.22924287,67,1177
"7733",2,4.22924287,68,1330
"7734",2,4.22924287,69,1199
"7735",2,4.22924287,7,1199
"7736",2,4.22924287,70,1116
"7737",2,4.22924287,71,1118
"7738",2,4.22924287,72,1228
"7739",2,4.22924287,73,1150
"7740",2,4.22924287,74,1164
"7741",2,4.22924287,75,1201
"7742",2,4.22924287,76,1138
"7743",2,4.22924287,77,1311
"7744",2,4.22924287,78,1125
"7745",2,4.22924287,79,1594
"7746",2,4.22924287,8,1200
"7747",2,4.22924287,80,1192
"7748",2,4.22924287,81,1209
"7749",2,4.22924287,82,1162
"7750",2,4.22924287,83,1145
"7751",2,4.22924287,84,1175
"7752",2,4.22924287,85,1400
"7753",2,4.22924287,86,1105
"7754",2,4.22924287,87,1157
"7755",2,4.22924287,88,1124
"7756",2,4.22924287,89,1338
"7757",2,4.22924287,9,1121
"7758",2,4.22924287,90,1403
"7759",2,4.22924287,91,1139
"7760",2,4.22924287,92,1115
"7761",2,4.22924287,93,1106
"7762",2,4.22924287,94,1151
"7763",2,4.22924287,95,1174
"7764",2,4.22924287,96,1400
"7765",2,4.22924287,97,1349
"7766",2,4.22924287,98,1104
"7767",2,4.22924287,99,1450
"7768",2,4.75081016,1,1213
"7769",2,4.75081016,10,1271
"7770",2,4.75081016,100,1490
"7771",2,4.75081016,11,1519
"7772",2,4.75081016,12,1276
"7773",2,4.75081016,13,1493
"7774",2,4.75081016,14,1297
"7775",2,4.75081016,15,1313
"7776",2,4.75081016,16,1325
"7777",2,4.75081016,17,1358
"7778",2,4.75081016,18,1260
"7779",2,4.75081016,19,1567
"7780",2,4.75081016,2,1254
"7781",2,4.75081016,20,1706
"7782",2,4.75081016,21,1356
"7783",2,4.75081016,22,1361
"7784",2,4.75081016,23,1332
"7785",2,4.75081016,24,1247
"7786",2,4.75081016,25,1544
"7787",2,4.75081016,26,1302
"7788",2,4.75081016,27,1351
"7789",2,4.75081016,28,1302
"7790",2,4.75081016,29,1270
"7791",2,4.75081016,3,1537
"7792",2,4.75081016,30,1263
"7793",2,4.75081016,31,1523
"7794",2,4.75081016,32,1569
"7795",2,4.75081016,33,1568
"7796",2,4.75081016,34,1247
"7797",2,4.75081016,35,1331
"7798",2,4.75081016,36,1320
"7799",2,4.75081016,37,1229
"7800",2,4.75081016,38,1537
"7801",2,4.75081016,39,1332
"7802",2,4.75081016,4,1488
"7803",2,4.75081016,40,1332
"7804",2,4.75081016,41,1279
"7805",2,4.75081016,42,1470
"7806",2,4.75081016,43,1446
"7807",2,4.75081016,44,1315
"7808",2,4.75081016,45,1488
"7809",2,4.75081016,46,1464
"7810",2,4.75081016,47,1345
"7811",2,4.75081016,48,1299
"7812",2,4.75081016,49,1251
"7813",2,4.75081016,5,1329
"7814",2,4.75081016,50,1286
"7815",2,4.75081016,51,1305
"7816",2,4.75081016,52,1292
"7817",2,4.75081016,53,1520
"7818",2,4.75081016,54,1330
"7819",2,4.75081016,55,1327
"7820",2,4.75081016,56,1329
"7821",2,4.75081016,57,1480
"7822",2,4.75081016,58,1307
"7823",2,4.75081016,59,1354
"7824",2,4.75081016,6,1311
"7825",2,4.75081016,60,1318
"7826",2,4.75081016,61,1317
"7827",2,4.75081016,62,1338
"7828",2,4.75081016,63,1338
"7829",2,4.75081016,64,1364
"7830",2,4.75081016,65,1288
"7831",2,4.75081016,66,1243
"7832",2,4.75081016,67,1360
"7833",2,4.75081016,68,1391
"7834",2,4.75081016,69,1539
"7835",2,4.75081016,7,1262
"7836",2,4.75081016,70,1327
"7837",2,4.75081016,71,1300
"7838",2,4.75081016,72,1320
"7839",2,4.75081016,73,1285
"7840",2,4.75081016,74,1292
"7841",2,4.75081016,75,1268
"7842",2,4.75081016,76,1332
"7843",2,4.75081016,77,1314
"7844",2,4.75081016,78,1708
"7845",2,4.75081016,79,1286
"7846",2,4.75081016,8,1259
"7847",2,4.75081016,80,1641
"7848",2,4.75081016,81,1567
"7849",2,4.75081016,82,1275
"7850",2,4.75081016,83,1271
"7851",2,4.75081016,84,1276
"7852",2,4.75081016,85,1376
"7853",2,4.75081016,86,1604
"7854",2,4.75081016,87,1299
"7855",2,4.75081016,88,1315
"7856",2,4.75081016,89,1339
"7857",2,4.75081016,9,1357
"7858",2,4.75081016,90,1280
"7859",2,4.75081016,91,1280
"7860",2,4.75081016,92,1348
"7861",2,4.75081016,93,1283
"7862",2,4.75081016,94,1341
"7863",2,4.75081016,95,1290
"7864",2,4.75081016,96,1243
"7865",2,4.75081016,97,1281
"7866",2,4.75081016,98,1516
"7867",2,4.75081016,99,1341
"7868",2,43.28761281,1,12093
"7869",2,43.28761281,10,12127
"7870",2,43.28761281,100,12656
"7871",2,43.28761281,11,12401
"7872",2,43.28761281,12,11738
"7873",2,43.28761281,13,12972
"7874",2,43.28761281,14,11987
"7875",2,43.28761281,15,12417
"7876",2,43.28761281,16,12431
"7877",2,43.28761281,17,12316
"7878",2,43.28761281,18,12242
"7879",2,43.28761281,19,12106
"7880",2,43.28761281,2,12636
"7881",2,43.28761281,20,12333
"7882",2,43.28761281,21,12114
"7883",2,43.28761281,22,11970
"7884",2,43.28761281,23,11791
"7885",2,43.28761281,24,12561
"7886",2,43.28761281,25,11951
"7887",2,43.28761281,26,11959
"7888",2,43.28761281,27,12593
"7889",2,43.28761281,28,12331
"7890",2,43.28761281,29,12888
"7891",2,43.28761281,3,12470
"7892",2,43.28761281,30,12395
"7893",2,43.28761281,31,12763
"7894",2,43.28761281,32,12755
"7895",2,43.28761281,33,11866
"7896",2,43.28761281,34,13187
"7897",2,43.28761281,35,12224
"7898",2,43.28761281,36,12180
"7899",2,43.28761281,37,12704
"7900",2,43.28761281,38,12262
"7901",2,43.28761281,39,12214
"7902",2,43.28761281,4,12393
"7903",2,43.28761281,40,12482
"7904",2,43.28761281,41,11854
"7905",2,43.28761281,42,13125
"7906",2,43.28761281,43,12240
"7907",2,43.28761281,44,12028
"7908",2,43.28761281,45,12265
"7909",2,43.28761281,46,12914
"7910",2,43.28761281,47,12125
"7911",2,43.28761281,48,12320
"7912",2,43.28761281,49,12037
"7913",2,43.28761281,5,12157
"7914",2,43.28761281,50,12281
"7915",2,43.28761281,51,13039
"7916",2,43.28761281,52,12638
"7917",2,43.28761281,53,12575
"7918",2,43.28761281,54,12250
"7919",2,43.28761281,55,12730
"7920",2,43.28761281,56,12075
"7921",2,43.28761281,57,12426
"7922",2,43.28761281,58,11880
"7923",2,43.28761281,59,12573
"7924",2,43.28761281,6,12819
"7925",2,43.28761281,60,12253
"7926",2,43.28761281,61,12472
"7927",2,43.28761281,62,12720
"7928",2,43.28761281,63,12610
"7929",2,43.28761281,64,13045
"7930",2,43.28761281,65,11997
"7931",2,43.28761281,66,12628
"7932",2,43.28761281,67,12186
"7933",2,43.28761281,68,12384
"7934",2,43.28761281,69,12253
"7935",2,43.28761281,7,12179
"7936",2,43.28761281,70,12326
"7937",2,43.28761281,71,12136
"7938",2,43.28761281,72,11866
"7939",2,43.28761281,73,12783
"7940",2,43.28761281,74,12512
"7941",2,43.28761281,75,12041
"7942",2,43.28761281,76,12653
"7943",2,43.28761281,77,12991
"7944",2,43.28761281,78,12709
"7945",2,43.28761281,79,12183
"7946",2,43.28761281,8,11960
"7947",2,43.28761281,80,12315
"7948",2,43.28761281,81,12495
"7949",2,43.28761281,82,11960
"7950",2,43.28761281,83,13090
"7951",2,43.28761281,84,12683
"7952",2,43.28761281,85,12159
"7953",2,43.28761281,86,11901
"7954",2,43.28761281,87,12179
"7955",2,43.28761281,88,12399
"7956",2,43.28761281,89,12488
"7957",2,43.28761281,9,12228
"7958",2,43.28761281,90,12821
"7959",2,43.28761281,91,12038
"7960",2,43.28761281,92,12378
"7961",2,43.28761281,93,12014
"7962",2,43.28761281,94,12464
"7963",2,43.28761281,95,12149
"7964",2,43.28761281,96,12137
"7965",2,43.28761281,97,12369
"7966",2,43.28761281,98,12256
"7967",2,43.28761281,99,12262
"7968",2,443.06214576,1,126921
"7969",2,443.06214576,10,126521
"7970",2,443.06214576,100,126608
"7971",2,443.06214576,11,127903
"7972",2,443.06214576,12,126014
"7973",2,443.06214576,13,125901
"7974",2,443.06214576,14,128829
"7975",2,443.06214576,15,128372
"7976",2,443.06214576,16,126957
"7977",2,443.06214576,17,126477
"7978",2,443.06214576,18,125894
"7979",2,443.06214576,19,128486
"7980",2,443.06214576,2,126761
"7981",2,443.06214576,20,126404
"7982",2,443.06214576,21,127768
"7983",2,443.06214576,22,126212
"7984",2,443.06214576,23,126463
"7985",2,443.06214576,24,125671
"7986",2,443.06214576,25,126543
"7987",2,443.06214576,26,126482
"7988",2,443.06214576,27,127229
"7989",2,443.06214576,28,127134
"7990",2,443.06214576,29,127346
"7991",2,443.06214576,3,125642
"7992",2,443.06214576,30,126157
"7993",2,443.06214576,31,125003
"7994",2,443.06214576,32,124967
"7995",2,443.06214576,33,127360
"7996",2,443.06214576,34,128175
"7997",2,443.06214576,35,126463
"7998",2,443.06214576,36,126875
"7999",2,443.06214576,37,126654
"8000",2,443.06214576,38,126092
"8001",2,443.06214576,39,128059
"8002",2,443.06214576,4,126350
"8003",2,443.06214576,40,127417
"8004",2,443.06214576,41,129058
"8005",2,443.06214576,42,125556
"8006",2,443.06214576,43,128262
"8007",2,443.06214576,44,128139
"8008",2,443.06214576,45,127095
"8009",2,443.06214576,46,127961
"8010",2,443.06214576,47,128811
"8011",2,443.06214576,48,126259
"8012",2,443.06214576,49,128190
"8013",2,443.06214576,5,126360
"8014",2,443.06214576,50,127126
"8015",2,443.06214576,51,128433
"8016",2,443.06214576,52,128450
"8017",2,443.06214576,53,127803
"8018",2,443.06214576,54,127497
"8019",2,443.06214576,55,126393
"8020",2,443.06214576,56,126858
"8021",2,443.06214576,57,125921
"8022",2,443.06214576,58,127120
"8023",2,443.06214576,59,124309
"8024",2,443.06214576,6,128686
"8025",2,443.06214576,60,127265
"8026",2,443.06214576,61,127059
"8027",2,443.06214576,62,124899
"8028",2,443.06214576,63,127590
"8029",2,443.06214576,64,126933
"8030",2,443.06214576,65,125039
"8031",2,443.06214576,66,125876
"8032",2,443.06214576,67,126644
"8033",2,443.06214576,68,126789
"8034",2,443.06214576,69,127191
"8035",2,443.06214576,7,129502
"8036",2,443.06214576,70,127239
"8037",2,443.06214576,71,126419
"8038",2,443.06214576,72,127356
"8039",2,443.06214576,73,126675
"8040",2,443.06214576,74,125874
"8041",2,443.06214576,75,128341
"8042",2,443.06214576,76,126285
"8043",2,443.06214576,77,126153
"8044",2,443.06214576,78,127440
"8045",2,443.06214576,79,127289
"8046",2,443.06214576,8,126776
"8047",2,443.06214576,80,126074
"8048",2,443.06214576,81,127155
"8049",2,443.06214576,82,127399
"8050",2,443.06214576,83,128561
"8051",2,443.06214576,84,128284
"8052",2,443.06214576,85,126757
"8053",2,443.06214576,86,127411
"8054",2,443.06214576,87,126451
"8055",2,443.06214576,88,127248
"8056",2,443.06214576,89,126271
"8057",2,443.06214576,9,127844
"8058",2,443.06214576,90,127981
"8059",2,443.06214576,91,126543
"8060",2,443.06214576,92,127397
"8061",2,443.06214576,93,125285
"8062",2,443.06214576,94,127382
"8063",2,443.06214576,95,124992
"8064",2,443.06214576,96,131360
"8065",2,443.06214576,97,126763
"8066",2,443.06214576,98,127814
"8067",2,443.06214576,99,126428
"8068",2,48.6260158,1,13692
"8069",2,48.6260158,10,13298
"8070",2,48.6260158,100,13619
"8071",2,48.6260158,11,13298
"8072",2,48.6260158,12,13809
"8073",2,48.6260158,13,14144
"8074",2,48.6260158,14,14346
"8075",2,48.6260158,15,13573
"8076",2,48.6260158,16,13637
"8077",2,48.6260158,17,13452
"8078",2,48.6260158,18,13613
"8079",2,48.6260158,19,14133
"8080",2,48.6260158,2,14061
"8081",2,48.6260158,20,13866
"8082",2,48.6260158,21,14142
"8083",2,48.6260158,22,14234
"8084",2,48.6260158,23,13410
"8085",2,48.6260158,24,13576
"8086",2,48.6260158,25,13641
"8087",2,48.6260158,26,14664
"8088",2,48.6260158,27,13671
"8089",2,48.6260158,28,13932
"8090",2,48.6260158,29,14377
"8091",2,48.6260158,3,14283
"8092",2,48.6260158,30,13900
"8093",2,48.6260158,31,14857
"8094",2,48.6260158,32,14047
"8095",2,48.6260158,33,13343
"8096",2,48.6260158,34,13636
"8097",2,48.6260158,35,14515
"8098",2,48.6260158,36,13531
"8099",2,48.6260158,37,14023
"8100",2,48.6260158,38,14127
"8101",2,48.6260158,39,14344
"8102",2,48.6260158,4,13825
"8103",2,48.6260158,40,13728
"8104",2,48.6260158,41,13278
"8105",2,48.6260158,42,14242
"8106",2,48.6260158,43,13537
"8107",2,48.6260158,44,13500
"8108",2,48.6260158,45,13602
"8109",2,48.6260158,46,14322
"8110",2,48.6260158,47,13620
"8111",2,48.6260158,48,14048
"8112",2,48.6260158,49,14055
"8113",2,48.6260158,5,13495
"8114",2,48.6260158,50,13828
"8115",2,48.6260158,51,14407
"8116",2,48.6260158,52,14232
"8117",2,48.6260158,53,13666
"8118",2,48.6260158,54,14292
"8119",2,48.6260158,55,13965
"8120",2,48.6260158,56,13414
"8121",2,48.6260158,57,13813
"8122",2,48.6260158,58,13272
"8123",2,48.6260158,59,14373
"8124",2,48.6260158,6,13716
"8125",2,48.6260158,60,13916
"8126",2,48.6260158,61,13560
"8127",2,48.6260158,62,14358
"8128",2,48.6260158,63,14839
"8129",2,48.6260158,64,13924
"8130",2,48.6260158,65,13415
"8131",2,48.6260158,66,14229
"8132",2,48.6260158,67,13686
"8133",2,48.6260158,68,14137
"8134",2,48.6260158,69,13701
"8135",2,48.6260158,7,13753
"8136",2,48.6260158,70,14031
"8137",2,48.6260158,71,13566
"8138",2,48.6260158,72,13943
"8139",2,48.6260158,73,13740
"8140",2,48.6260158,74,13779
"8141",2,48.6260158,75,14192
"8142",2,48.6260158,76,14208
"8143",2,48.6260158,77,14434
"8144",2,48.6260158,78,14230
"8145",2,48.6260158,79,14383
"8146",2,48.6260158,8,13707
"8147",2,48.6260158,80,13825
"8148",2,48.6260158,81,14503
"8149",2,48.6260158,82,13716
"8150",2,48.6260158,83,14307
"8151",2,48.6260158,84,13471
"8152",2,48.6260158,85,14819
"8153",2,48.6260158,86,13781
"8154",2,48.6260158,87,13370
"8155",2,48.6260158,88,14527
"8156",2,48.6260158,89,13473
"8157",2,48.6260158,9,13348
"8158",2,48.6260158,90,13336
"8159",2,48.6260158,91,13729
"8160",2,48.6260158,92,13749
"8161",2,48.6260158,93,13722
"8162",2,48.6260158,94,14238
"8163",2,48.6260158,95,14245
"8164",2,48.6260158,96,13944
"8165",2,48.6260158,97,13548
"8166",2,48.6260158,98,13500
"8167",2,48.6260158,99,13750
"8168",2,497.70235643,1,145761
"8169",2,497.70235643,10,142697
"8170",2,497.70235643,100,142778
"8171",2,497.70235643,11,142473
"8172",2,497.70235643,12,144254
"8173",2,497.70235643,13,141187
"8174",2,497.70235643,14,141621
"8175",2,497.70235643,15,142776
"8176",2,497.70235643,16,142058
"8177",2,497.70235643,17,141966
"8178",2,497.70235643,18,141349
"8179",2,497.70235643,19,142270
"8180",2,497.70235643,2,141050
"8181",2,497.70235643,20,142369
"8182",2,497.70235643,21,143001
"8183",2,497.70235643,22,143646
"8184",2,497.70235643,23,144023
"8185",2,497.70235643,24,142020
"8186",2,497.70235643,25,144244
"8187",2,497.70235643,26,140226
"8188",2,497.70235643,27,141645
"8189",2,497.70235643,28,141821
"8190",2,497.70235643,29,143196
"8191",2,497.70235643,3,141355
"8192",2,497.70235643,30,141350
"8193",2,497.70235643,31,142161
"8194",2,497.70235643,32,141841
"8195",2,497.70235643,33,143025
"8196",2,497.70235643,34,143326
"8197",2,497.70235643,35,143255
"8198",2,497.70235643,36,144329
"8199",2,497.70235643,37,142034
"8200",2,497.70235643,38,144285
"8201",2,497.70235643,39,143019
"8202",2,497.70235643,4,142085
"8203",2,497.70235643,40,142923
"8204",2,497.70235643,41,141563
"8205",2,497.70235643,42,141851
"8206",2,497.70235643,43,139492
"8207",2,497.70235643,44,143822
"8208",2,497.70235643,45,143693
"8209",2,497.70235643,46,141059
"8210",2,497.70235643,47,142062
"8211",2,497.70235643,48,143683
"8212",2,497.70235643,49,142583
"8213",2,497.70235643,5,141253
"8214",2,497.70235643,50,141361
"8215",2,497.70235643,51,143925
"8216",2,497.70235643,52,140344
"8217",2,497.70235643,53,141302
"8218",2,497.70235643,54,142732
"8219",2,497.70235643,55,140884
"8220",2,497.70235643,56,144772
"8221",2,497.70235643,57,141794
"8222",2,497.70235643,58,142219
"8223",2,497.70235643,59,141558
"8224",2,497.70235643,6,142828
"8225",2,497.70235643,60,144606
"8226",2,497.70235643,61,143046
"8227",2,497.70235643,62,140549
"8228",2,497.70235643,63,141348
"8229",2,497.70235643,64,143900
"8230",2,497.70235643,65,141704
"8231",2,497.70235643,66,142183
"8232",2,497.70235643,67,142814
"8233",2,497.70235643,68,143722
"8234",2,497.70235643,69,142830
"8235",2,497.70235643,7,141527
"8236",2,497.70235643,70,141625
"8237",2,497.70235643,71,141208
"8238",2,497.70235643,72,142605
"8239",2,497.70235643,73,142491
"8240",2,497.70235643,74,141112
"8241",2,497.70235643,75,143573
"8242",2,497.70235643,76,143011
"8243",2,497.70235643,77,142972
"8244",2,497.70235643,78,144773
"8245",2,497.70235643,79,142662
"8246",2,497.70235643,8,143308
"8247",2,497.70235643,80,141118
"8248",2,497.70235643,81,142912
"8249",2,497.70235643,82,142435
"8250",2,497.70235643,83,140059
"8251",2,497.70235643,84,143233
"8252",2,497.70235643,85,142841
"8253",2,497.70235643,86,142621
"8254",2,497.70235643,87,142635
"8255",2,497.70235643,88,142751
"8256",2,497.70235643,89,141994
"8257",2,497.70235643,9,142937
"8258",2,497.70235643,90,141808
"8259",2,497.70235643,91,142956
"8260",2,497.70235643,92,142006
"8261",2,497.70235643,93,143202
"8262",2,497.70235643,94,142937
"8263",2,497.70235643,95,143502
"8264",2,497.70235643,96,141999
"8265",2,497.70235643,97,141104
"8266",2,497.70235643,98,143466
"8267",2,497.70235643,99,143134
"8268",2,5.33669923,1,1398
"8269",2,5.33669923,10,1519
"8270",2,5.33669923,100,1708
"8271",2,5.33669923,11,1492
"8272",2,5.33669923,12,1469
"8273",2,5.33669923,13,1457
"8274",2,5.33669923,14,1496
"8275",2,5.33669923,15,1457
"8276",2,5.33669923,16,1907
"8277",2,5.33669923,17,1468
"8278",2,5.33669923,18,1503
"8279",2,5.33669923,19,1413
"8280",2,5.33669923,2,1630
"8281",2,5.33669923,20,1447
"8282",2,5.33669923,21,1491
"8283",2,5.33669923,22,1479
"8284",2,5.33669923,23,1564
"8285",2,5.33669923,24,1889
"8286",2,5.33669923,25,1722
"8287",2,5.33669923,26,1504
"8288",2,5.33669923,27,1470
"8289",2,5.33669923,28,1720
"8290",2,5.33669923,29,1458
"8291",2,5.33669923,3,1472
"8292",2,5.33669923,30,1667
"8293",2,5.33669923,31,1489
"8294",2,5.33669923,32,1434
"8295",2,5.33669923,33,1485
"8296",2,5.33669923,34,1710
"8297",2,5.33669923,35,1502
"8298",2,5.33669923,36,1474
"8299",2,5.33669923,37,1610
"8300",2,5.33669923,38,1452
"8301",2,5.33669923,39,1622
"8302",2,5.33669923,4,1470
"8303",2,5.33669923,40,1475
"8304",2,5.33669923,41,1460
"8305",2,5.33669923,42,1405
"8306",2,5.33669923,43,1349
"8307",2,5.33669923,44,1488
"8308",2,5.33669923,45,1434
"8309",2,5.33669923,46,1513
"8310",2,5.33669923,47,1473
"8311",2,5.33669923,48,1486
"8312",2,5.33669923,49,1492
"8313",2,5.33669923,5,1418
"8314",2,5.33669923,50,1497
"8315",2,5.33669923,51,1859
"8316",2,5.33669923,52,1679
"8317",2,5.33669923,53,1550
"8318",2,5.33669923,54,1467
"8319",2,5.33669923,55,1481
"8320",2,5.33669923,56,1670
"8321",2,5.33669923,57,1426
"8322",2,5.33669923,58,1688
"8323",2,5.33669923,59,1503
"8324",2,5.33669923,6,1422
"8325",2,5.33669923,60,1460
"8326",2,5.33669923,61,1902
"8327",2,5.33669923,62,1657
"8328",2,5.33669923,63,1717
"8329",2,5.33669923,64,1640
"8330",2,5.33669923,65,1371
"8331",2,5.33669923,66,1469
"8332",2,5.33669923,67,1444
"8333",2,5.33669923,68,1780
"8334",2,5.33669923,69,1466
"8335",2,5.33669923,7,1485
"8336",2,5.33669923,70,1492
"8337",2,5.33669923,71,1471
"8338",2,5.33669923,72,1457
"8339",2,5.33669923,73,1444
"8340",2,5.33669923,74,1458
"8341",2,5.33669923,75,1466
"8342",2,5.33669923,76,1422
"8343",2,5.33669923,77,1428
"8344",2,5.33669923,78,1401
"8345",2,5.33669923,79,1651
"8346",2,5.33669923,8,1678
"8347",2,5.33669923,80,1452
"8348",2,5.33669923,81,1492
"8349",2,5.33669923,82,1449
"8350",2,5.33669923,83,1685
"8351",2,5.33669923,84,1415
"8352",2,5.33669923,85,1489
"8353",2,5.33669923,86,1506
"8354",2,5.33669923,87,1508
"8355",2,5.33669923,88,1656
"8356",2,5.33669923,89,1499
"8357",2,5.33669923,9,1469
"8358",2,5.33669923,90,1454
"8359",2,5.33669923,91,1463
"8360",2,5.33669923,92,1633
"8361",2,5.33669923,93,1825
"8362",2,5.33669923,94,1510
"8363",2,5.33669923,95,1689
"8364",2,5.33669923,96,1636
"8365",2,5.33669923,97,1409
"8366",2,5.33669923,98,1464
"8367",2,5.33669923,99,1481
"8368",2,5.9948425,1,1646
"8369",2,5.9948425,10,1608
"8370",2,5.9948425,100,1862
"8371",2,5.9948425,11,1762
"8372",2,5.9948425,12,1635
"8373",2,5.9948425,13,1694
"8374",2,5.9948425,14,1729
"8375",2,5.9948425,15,1676
"8376",2,5.9948425,16,1726
"8377",2,5.9948425,17,1625
"8378",2,5.9948425,18,1861
"8379",2,5.9948425,19,1624
"8380",2,5.9948425,2,1710
"8381",2,5.9948425,20,1627
"8382",2,5.9948425,21,1647
"8383",2,5.9948425,22,1667
"8384",2,5.9948425,23,1668
"8385",2,5.9948425,24,1845
"8386",2,5.9948425,25,1616
"8387",2,5.9948425,26,1608
"8388",2,5.9948425,27,1875
"8389",2,5.9948425,28,1707
"8390",2,5.9948425,29,1648
"8391",2,5.9948425,3,1883
"8392",2,5.9948425,30,1668
"8393",2,5.9948425,31,1617
"8394",2,5.9948425,32,1668
"8395",2,5.9948425,33,1660
"8396",2,5.9948425,34,2022
"8397",2,5.9948425,35,1872
"8398",2,5.9948425,36,1668
"8399",2,5.9948425,37,1902
"8400",2,5.9948425,38,1606
"8401",2,5.9948425,39,1750
"8402",2,5.9948425,4,1924
"8403",2,5.9948425,40,1659
"8404",2,5.9948425,41,2083
"8405",2,5.9948425,42,1778
"8406",2,5.9948425,43,1650
"8407",2,5.9948425,44,1681
"8408",2,5.9948425,45,1629
"8409",2,5.9948425,46,1911
"8410",2,5.9948425,47,1672
"8411",2,5.9948425,48,1664
"8412",2,5.9948425,49,1835
"8413",2,5.9948425,5,1695
"8414",2,5.9948425,50,1628
"8415",2,5.9948425,51,1790
"8416",2,5.9948425,52,1804
"8417",2,5.9948425,53,1655
"8418",2,5.9948425,54,1678
"8419",2,5.9948425,55,1766
"8420",2,5.9948425,56,1650
"8421",2,5.9948425,57,1677
"8422",2,5.9948425,58,1648
"8423",2,5.9948425,59,1703
"8424",2,5.9948425,6,1627
"8425",2,5.9948425,60,1627
"8426",2,5.9948425,61,1644
"8427",2,5.9948425,62,1884
"8428",2,5.9948425,63,1568
"8429",2,5.9948425,64,1549
"8430",2,5.9948425,65,1840
"8431",2,5.9948425,66,1663
"8432",2,5.9948425,67,1881
"8433",2,5.9948425,68,1639
"8434",2,5.9948425,69,1704
"8435",2,5.9948425,7,1663
"8436",2,5.9948425,70,1826
"8437",2,5.9948425,71,1768
"8438",2,5.9948425,72,2289
"8439",2,5.9948425,73,1658
"8440",2,5.9948425,74,1660
"8441",2,5.9948425,75,1631
"8442",2,5.9948425,76,1596
"8443",2,5.9948425,77,1644
"8444",2,5.9948425,78,1643
"8445",2,5.9948425,79,1765
"8446",2,5.9948425,8,1654
"8447",2,5.9948425,80,1941
"8448",2,5.9948425,81,1629
"8449",2,5.9948425,82,1820
"8450",2,5.9948425,83,1593
"8451",2,5.9948425,84,1750
"8452",2,5.9948425,85,1545
"8453",2,5.9948425,86,1651
"8454",2,5.9948425,87,1696
"8455",2,5.9948425,88,1874
"8456",2,5.9948425,89,1576
"8457",2,5.9948425,9,1745
"8458",2,5.9948425,90,1816
"8459",2,5.9948425,91,2065
"8460",2,5.9948425,92,1675
"8461",2,5.9948425,93,1663
"8462",2,5.9948425,94,1652
"8463",2,5.9948425,95,2095
"8464",2,5.9948425,96,1623
"8465",2,5.9948425,97,1893
"8466",2,5.9948425,98,1668
"8467",2,5.9948425,99,1852
"8468",2,54.62277218,1,15569
"8469",2,54.62277218,10,15808
"8470",2,54.62277218,100,15480
"8471",2,54.62277218,11,15865
"8472",2,54.62277218,12,15391
"8473",2,54.62277218,13,15458
"8474",2,54.62277218,14,15519
"8475",2,54.62277218,15,15428
"8476",2,54.62277218,16,15885
"8477",2,54.62277218,17,14966
"8478",2,54.62277218,18,15450
"8479",2,54.62277218,19,15992
"8480",2,54.62277218,2,15227
"8481",2,54.62277218,20,15807
"8482",2,54.62277218,21,15536
"8483",2,54.62277218,22,15943
"8484",2,54.62277218,23,15619
"8485",2,54.62277218,24,15383
"8486",2,54.62277218,25,15172
"8487",2,54.62277218,26,16058
"8488",2,54.62277218,27,15950
"8489",2,54.62277218,28,14940
"8490",2,54.62277218,29,15340
"8491",2,54.62277218,3,15567
"8492",2,54.62277218,30,15730
"8493",2,54.62277218,31,15255
"8494",2,54.62277218,32,15221
"8495",2,54.62277218,33,15360
"8496",2,54.62277218,34,15766
"8497",2,54.62277218,35,15872
"8498",2,54.62277218,36,15285
"8499",2,54.62277218,37,15776
"8500",2,54.62277218,38,14900
"8501",2,54.62277218,39,15869
"8502",2,54.62277218,4,15516
"8503",2,54.62277218,40,15141
"8504",2,54.62277218,41,16118
"8505",2,54.62277218,42,15568
"8506",2,54.62277218,43,15696
"8507",2,54.62277218,44,15876
"8508",2,54.62277218,45,15670
"8509",2,54.62277218,46,15228
"8510",2,54.62277218,47,15837
"8511",2,54.62277218,48,15056
"8512",2,54.62277218,49,15145
"8513",2,54.62277218,5,15975
"8514",2,54.62277218,50,15975
"8515",2,54.62277218,51,16087
"8516",2,54.62277218,52,15969
"8517",2,54.62277218,53,15500
"8518",2,54.62277218,54,16115
"8519",2,54.62277218,55,15923
"8520",2,54.62277218,56,16091
"8521",2,54.62277218,57,15538
"8522",2,54.62277218,58,15615
"8523",2,54.62277218,59,15323
"8524",2,54.62277218,6,15814
"8525",2,54.62277218,60,15231
"8526",2,54.62277218,61,15126
"8527",2,54.62277218,62,15581
"8528",2,54.62277218,63,15390
"8529",2,54.62277218,64,15783
"8530",2,54.62277218,65,15492
"8531",2,54.62277218,66,16430
"8532",2,54.62277218,67,16597
"8533",2,54.62277218,68,15766
"8534",2,54.62277218,69,15872
"8535",2,54.62277218,7,15237
"8536",2,54.62277218,70,15160
"8537",2,54.62277218,71,15595
"8538",2,54.62277218,72,15766
"8539",2,54.62277218,73,15970
"8540",2,54.62277218,74,15494
"8541",2,54.62277218,75,15632
"8542",2,54.62277218,76,15180
"8543",2,54.62277218,77,15604
"8544",2,54.62277218,78,15722
"8545",2,54.62277218,79,15685
"8546",2,54.62277218,8,16239
"8547",2,54.62277218,80,15975
"8548",2,54.62277218,81,15069
"8549",2,54.62277218,82,16022
"8550",2,54.62277218,83,16605
"8551",2,54.62277218,84,15745
"8552",2,54.62277218,85,15499
"8553",2,54.62277218,86,15697
"8554",2,54.62277218,87,16228
"8555",2,54.62277218,88,15688
"8556",2,54.62277218,89,16327
"8557",2,54.62277218,9,15266
"8558",2,54.62277218,90,15384
"8559",2,54.62277218,91,15742
"8560",2,54.62277218,92,15779
"8561",2,54.62277218,93,15142
"8562",2,54.62277218,94,15846
"8563",2,54.62277218,95,15062
"8564",2,54.62277218,96,15226
"8565",2,54.62277218,97,15722
"8566",2,54.62277218,98,15879
"8567",2,54.62277218,99,15803
"8568",2,559.08101825,1,160621
"8569",2,559.08101825,10,160543
"8570",2,559.08101825,100,161412
"8571",2,559.08101825,11,159497
"8572",2,559.08101825,12,159548
"8573",2,559.08101825,13,159204
"8574",2,559.08101825,14,160489
"8575",2,559.08101825,15,160776
"8576",2,559.08101825,16,161822
"8577",2,559.08101825,17,159996
"8578",2,559.08101825,18,158250
"8579",2,559.08101825,19,163959
"8580",2,559.08101825,2,158080
"8581",2,559.08101825,20,160186
"8582",2,559.08101825,21,162551
"8583",2,559.08101825,22,158761
"8584",2,559.08101825,23,162222
"8585",2,559.08101825,24,160416
"8586",2,559.08101825,25,164671
"8587",2,559.08101825,26,163312
"8588",2,559.08101825,27,158392
"8589",2,559.08101825,28,159991
"8590",2,559.08101825,29,159107
"8591",2,559.08101825,3,159765
"8592",2,559.08101825,30,160299
"8593",2,559.08101825,31,160266
"8594",2,559.08101825,32,160746
"8595",2,559.08101825,33,159826
"8596",2,559.08101825,34,161021
"8597",2,559.08101825,35,160388
"8598",2,559.08101825,36,160585
"8599",2,559.08101825,37,159737
"8600",2,559.08101825,38,162009
"8601",2,559.08101825,39,160569
"8602",2,559.08101825,4,159431
"8603",2,559.08101825,40,159591
"8604",2,559.08101825,41,159543
"8605",2,559.08101825,42,160146
"8606",2,559.08101825,43,160355
"8607",2,559.08101825,44,157390
"8608",2,559.08101825,45,160660
"8609",2,559.08101825,46,159679
"8610",2,559.08101825,47,160036
"8611",2,559.08101825,48,162330
"8612",2,559.08101825,49,161480
"8613",2,559.08101825,5,160439
"8614",2,559.08101825,50,160687
"8615",2,559.08101825,51,159049
"8616",2,559.08101825,52,161606
"8617",2,559.08101825,53,160941
"8618",2,559.08101825,54,161366
"8619",2,559.08101825,55,161314
"8620",2,559.08101825,56,160893
"8621",2,559.08101825,57,160038
"8622",2,559.08101825,58,157770
"8623",2,559.08101825,59,158864
"8624",2,559.08101825,6,161312
"8625",2,559.08101825,60,160092
"8626",2,559.08101825,61,161928
"8627",2,559.08101825,62,157685
"8628",2,559.08101825,63,159489
"8629",2,559.08101825,64,159742
"8630",2,559.08101825,65,159764
"8631",2,559.08101825,66,160552
"8632",2,559.08101825,67,157155
"8633",2,559.08101825,68,161630
"8634",2,559.08101825,69,159647
"8635",2,559.08101825,7,161162
"8636",2,559.08101825,70,161633
"8637",2,559.08101825,71,159015
"8638",2,559.08101825,72,159011
"8639",2,559.08101825,73,159113
"8640",2,559.08101825,74,159430
"8641",2,559.08101825,75,161726
"8642",2,559.08101825,76,159902
"8643",2,559.08101825,77,158401
"8644",2,559.08101825,78,159702
"8645",2,559.08101825,79,160392
"8646",2,559.08101825,8,158736
"8647",2,559.08101825,80,161020
"8648",2,559.08101825,81,159691
"8649",2,559.08101825,82,162568
"8650",2,559.08101825,83,161211
"8651",2,559.08101825,84,160901
"8652",2,559.08101825,85,160112
"8653",2,559.08101825,86,161337
"8654",2,559.08101825,87,160620
"8655",2,559.08101825,88,161058
"8656",2,559.08101825,89,160366
"8657",2,559.08101825,9,161393
"8658",2,559.08101825,90,159375
"8659",2,559.08101825,91,160753
"8660",2,559.08101825,92,162462
"8661",2,559.08101825,93,159737
"8662",2,559.08101825,94,158942
"8663",2,559.08101825,95,162783
"8664",2,559.08101825,96,158063
"8665",2,559.08101825,97,159115
"8666",2,559.08101825,98,158787
"8667",2,559.08101825,99,160341
"8668",2,6.73415066,1,1873
"8669",2,6.73415066,10,2058
"8670",2,6.73415066,100,1821
"8671",2,6.73415066,11,1877
"8672",2,6.73415066,12,1796
"8673",2,6.73415066,13,1872
"8674",2,6.73415066,14,1734
"8675",2,6.73415066,15,1780
"8676",2,6.73415066,16,1883
"8677",2,6.73415066,17,1764
"8678",2,6.73415066,18,1816
"8679",2,6.73415066,19,1833
"8680",2,6.73415066,2,1850
"8681",2,6.73415066,20,1901
"8682",2,6.73415066,21,1899
"8683",2,6.73415066,22,1918
"8684",2,6.73415066,23,1838
"8685",2,6.73415066,24,1905
"8686",2,6.73415066,25,1795
"8687",2,6.73415066,26,1815
"8688",2,6.73415066,27,1862
"8689",2,6.73415066,28,1731
"8690",2,6.73415066,29,1814
"8691",2,6.73415066,3,1883
"8692",2,6.73415066,30,1866
"8693",2,6.73415066,31,2098
"8694",2,6.73415066,32,1902
"8695",2,6.73415066,33,2041
"8696",2,6.73415066,34,1784
"8697",2,6.73415066,35,1892
"8698",2,6.73415066,36,1776
"8699",2,6.73415066,37,1853
"8700",2,6.73415066,38,1892
"8701",2,6.73415066,39,1852
"8702",2,6.73415066,4,1827
"8703",2,6.73415066,40,1866
"8704",2,6.73415066,41,1848
"8705",2,6.73415066,42,1868
"8706",2,6.73415066,43,1799
"8707",2,6.73415066,44,1823
"8708",2,6.73415066,45,1875
"8709",2,6.73415066,46,1897
"8710",2,6.73415066,47,1842
"8711",2,6.73415066,48,1776
"8712",2,6.73415066,49,1807
"8713",2,6.73415066,5,1805
"8714",2,6.73415066,50,1906
"8715",2,6.73415066,51,1876
"8716",2,6.73415066,52,1835
"8717",2,6.73415066,53,1909
"8718",2,6.73415066,54,1824
"8719",2,6.73415066,55,2080
"8720",2,6.73415066,56,2463
"8721",2,6.73415066,57,1839
"8722",2,6.73415066,58,1906
"8723",2,6.73415066,59,1830
"8724",2,6.73415066,6,1800
"8725",2,6.73415066,60,1909
"8726",2,6.73415066,61,1775
"8727",2,6.73415066,62,1908
"8728",2,6.73415066,63,1852
"8729",2,6.73415066,64,1837
"8730",2,6.73415066,65,1826
"8731",2,6.73415066,66,1835
"8732",2,6.73415066,67,1814
"8733",2,6.73415066,68,1864
"8734",2,6.73415066,69,1877
"8735",2,6.73415066,7,1841
"8736",2,6.73415066,70,2069
"8737",2,6.73415066,71,1909
"8738",2,6.73415066,72,1772
"8739",2,6.73415066,73,2031
"8740",2,6.73415066,74,1812
"8741",2,6.73415066,75,1883
"8742",2,6.73415066,76,2058
"8743",2,6.73415066,77,2044
"8744",2,6.73415066,78,1870
"8745",2,6.73415066,79,1806
"8746",2,6.73415066,8,1826
"8747",2,6.73415066,80,1825
"8748",2,6.73415066,81,1820
"8749",2,6.73415066,82,1840
"8750",2,6.73415066,83,1849
"8751",2,6.73415066,84,1787
"8752",2,6.73415066,85,1888
"8753",2,6.73415066,86,1928
"8754",2,6.73415066,87,1838
"8755",2,6.73415066,88,1934
"8756",2,6.73415066,89,1862
"8757",2,6.73415066,9,1897
"8758",2,6.73415066,90,1790
"8759",2,6.73415066,91,1860
"8760",2,6.73415066,92,1792
"8761",2,6.73415066,93,1836
"8762",2,6.73415066,94,1852
"8763",2,6.73415066,95,1926
"8764",2,6.73415066,96,1880
"8765",2,6.73415066,97,1799
"8766",2,6.73415066,98,1830
"8767",2,6.73415066,99,1929
"8768",2,61.35907273,1,18047
"8769",2,61.35907273,10,17936
"8770",2,61.35907273,100,17895
"8771",2,61.35907273,11,17213
"8772",2,61.35907273,12,17265
"8773",2,61.35907273,13,17197
"8774",2,61.35907273,14,17692
"8775",2,61.35907273,15,17464
"8776",2,61.35907273,16,17932
"8777",2,61.35907273,17,17835
"8778",2,61.35907273,18,17859
"8779",2,61.35907273,19,17125
"8780",2,61.35907273,2,16969
"8781",2,61.35907273,20,16951
"8782",2,61.35907273,21,16958
"8783",2,61.35907273,22,17868
"8784",2,61.35907273,23,17056
"8785",2,61.35907273,24,17926
"8786",2,61.35907273,25,17949
"8787",2,61.35907273,26,17080
"8788",2,61.35907273,27,16883
"8789",2,61.35907273,28,17784
"8790",2,61.35907273,29,17335
"8791",2,61.35907273,3,17293
"8792",2,61.35907273,30,17808
"8793",2,61.35907273,31,18700
"8794",2,61.35907273,32,17764
"8795",2,61.35907273,33,17750
"8796",2,61.35907273,34,17527
"8797",2,61.35907273,35,17896
"8798",2,61.35907273,36,17481
"8799",2,61.35907273,37,17058
"8800",2,61.35907273,38,17320
"8801",2,61.35907273,39,17573
"8802",2,61.35907273,4,17688
"8803",2,61.35907273,40,17581
"8804",2,61.35907273,41,18461
"8805",2,61.35907273,42,17236
"8806",2,61.35907273,43,17812
"8807",2,61.35907273,44,18237
"8808",2,61.35907273,45,18074
"8809",2,61.35907273,46,17010
"8810",2,61.35907273,47,17273
"8811",2,61.35907273,48,17181
"8812",2,61.35907273,49,16998
"8813",2,61.35907273,5,17251
"8814",2,61.35907273,50,17174
"8815",2,61.35907273,51,17721
"8816",2,61.35907273,52,17303
"8817",2,61.35907273,53,17265
"8818",2,61.35907273,54,17848
"8819",2,61.35907273,55,18252
"8820",2,61.35907273,56,16791
"8821",2,61.35907273,57,17575
"8822",2,61.35907273,58,17574
"8823",2,61.35907273,59,17706
"8824",2,61.35907273,6,17134
"8825",2,61.35907273,60,17191
"8826",2,61.35907273,61,17717
"8827",2,61.35907273,62,16942
"8828",2,61.35907273,63,17863
"8829",2,61.35907273,64,17412
"8830",2,61.35907273,65,17247
"8831",2,61.35907273,66,17863
"8832",2,61.35907273,67,17863
"8833",2,61.35907273,68,17898
"8834",2,61.35907273,69,17638
"8835",2,61.35907273,7,17312
"8836",2,61.35907273,70,17557
"8837",2,61.35907273,71,17262
"8838",2,61.35907273,72,18306
"8839",2,61.35907273,73,17598
"8840",2,61.35907273,74,17116
"8841",2,61.35907273,75,18111
"8842",2,61.35907273,76,17839
"8843",2,61.35907273,77,17682
"8844",2,61.35907273,78,17358
"8845",2,61.35907273,79,17307
"8846",2,61.35907273,8,17624
"8847",2,61.35907273,80,17575
"8848",2,61.35907273,81,17301
"8849",2,61.35907273,82,17182
"8850",2,61.35907273,83,17878
"8851",2,61.35907273,84,17092
"8852",2,61.35907273,85,17903
"8853",2,61.35907273,86,17699
"8854",2,61.35907273,87,17692
"8855",2,61.35907273,88,16754
"8856",2,61.35907273,89,17802
"8857",2,61.35907273,9,16892
"8858",2,61.35907273,90,17713
"8859",2,61.35907273,91,18197
"8860",2,61.35907273,92,18137
"8861",2,61.35907273,93,18181
"8862",2,61.35907273,94,17368
"8863",2,61.35907273,95,17705
"8864",2,61.35907273,96,17969
"8865",2,61.35907273,97,17156
"8866",2,61.35907273,98,17680
"8867",2,61.35907273,99,17964
"8868",2,628.02914418,1,178242
"8869",2,628.02914418,10,181610
"8870",2,628.02914418,100,180200
"8871",2,628.02914418,11,178961
"8872",2,628.02914418,12,179269
"8873",2,628.02914418,13,177193
"8874",2,628.02914418,14,181593
"8875",2,628.02914418,15,177697
"8876",2,628.02914418,16,180745
"8877",2,628.02914418,17,180536
"8878",2,628.02914418,18,180314
"8879",2,628.02914418,19,178743
"8880",2,628.02914418,2,178587
"8881",2,628.02914418,20,181934
"8882",2,628.02914418,21,180758
"8883",2,628.02914418,22,177841
"8884",2,628.02914418,23,181872
"8885",2,628.02914418,24,177574
"8886",2,628.02914418,25,180696
"8887",2,628.02914418,26,180840
"8888",2,628.02914418,27,180950
"8889",2,628.02914418,28,182008
"8890",2,628.02914418,29,178731
"8891",2,628.02914418,3,181714
"8892",2,628.02914418,30,179932
"8893",2,628.02914418,31,179236
"8894",2,628.02914418,32,178988
"8895",2,628.02914418,33,179864
"8896",2,628.02914418,34,177939
"8897",2,628.02914418,35,179493
"8898",2,628.02914418,36,182025
"8899",2,628.02914418,37,179691
"8900",2,628.02914418,38,180309
"8901",2,628.02914418,39,179550
"8902",2,628.02914418,4,181366
"8903",2,628.02914418,40,179432
"8904",2,628.02914418,41,178309
"8905",2,628.02914418,42,180891
"8906",2,628.02914418,43,178361
"8907",2,628.02914418,44,179335
"8908",2,628.02914418,45,179295
"8909",2,628.02914418,46,179891
"8910",2,628.02914418,47,179239
"8911",2,628.02914418,48,178360
"8912",2,628.02914418,49,178469
"8913",2,628.02914418,5,180451
"8914",2,628.02914418,50,181053
"8915",2,628.02914418,51,182383
"8916",2,628.02914418,52,177263
"8917",2,628.02914418,53,179094
"8918",2,628.02914418,54,181696
"8919",2,628.02914418,55,178221
"8920",2,628.02914418,56,180329
"8921",2,628.02914418,57,179341
"8922",2,628.02914418,58,179869
"8923",2,628.02914418,59,180895
"8924",2,628.02914418,6,180158
"8925",2,628.02914418,60,178055
"8926",2,628.02914418,61,178711
"8927",2,628.02914418,62,178876
"8928",2,628.02914418,63,182651
"8929",2,628.02914418,64,180289
"8930",2,628.02914418,65,179715
"8931",2,628.02914418,66,180616
"8932",2,628.02914418,67,179101
"8933",2,628.02914418,68,180423
"8934",2,628.02914418,69,179996
"8935",2,628.02914418,7,180082
"8936",2,628.02914418,70,182033
"8937",2,628.02914418,71,179251
"8938",2,628.02914418,72,177697
"8939",2,628.02914418,73,180820
"8940",2,628.02914418,74,179264
"8941",2,628.02914418,75,181340
"8942",2,628.02914418,76,179333
"8943",2,628.02914418,77,180595
"8944",2,628.02914418,78,181051
"8945",2,628.02914418,79,180100
"8946",2,628.02914418,8,180833
"8947",2,628.02914418,80,180033
"8948",2,628.02914418,81,179395
"8949",2,628.02914418,82,179408
"8950",2,628.02914418,83,182250
"8951",2,628.02914418,84,179921
"8952",2,628.02914418,85,179973
"8953",2,628.02914418,86,178433
"8954",2,628.02914418,87,180454
"8955",2,628.02914418,88,179647
"8956",2,628.02914418,89,180857
"8957",2,628.02914418,9,181355
"8958",2,628.02914418,90,182140
"8959",2,628.02914418,91,179330
"8960",2,628.02914418,92,179996
"8961",2,628.02914418,93,179370
"8962",2,628.02914418,94,180306
"8963",2,628.02914418,95,180449
"8964",2,628.02914418,96,180778
"8965",2,628.02914418,97,178870
"8966",2,628.02914418,98,178745
"8967",2,628.02914418,99,177953
"8968",2,68.92612104,1,19776
"8969",2,68.92612104,10,19816
"8970",2,68.92612104,100,19454
"8971",2,68.92612104,11,19638
"8972",2,68.92612104,12,19406
"8973",2,68.92612104,13,20300
"8974",2,68.92612104,14,20501
"8975",2,68.92612104,15,19781
"8976",2,68.92612104,16,19819
"8977",2,68.92612104,17,19389
"8978",2,68.92612104,18,19810
"8979",2,68.92612104,19,19568
"8980",2,68.92612104,2,20255
"8981",2,68.92612104,20,19577
"8982",2,68.92612104,21,19560
"8983",2,68.92612104,22,19239
"8984",2,68.92612104,23,19167
"8985",2,68.92612104,24,20011
"8986",2,68.92612104,25,20240
"8987",2,68.92612104,26,19521
"8988",2,68.92612104,27,19493
"8989",2,68.92612104,28,19491
"8990",2,68.92612104,29,19879
"8991",2,68.92612104,3,19327
"8992",2,68.92612104,30,19500
"8993",2,68.92612104,31,19304
"8994",2,68.92612104,32,20429
"8995",2,68.92612104,33,19385
"8996",2,68.92612104,34,19238
"8997",2,68.92612104,35,20284
"8998",2,68.92612104,36,19829
"8999",2,68.92612104,37,19373
"9000",2,68.92612104,38,19926
"9001",2,68.92612104,39,19306
"9002",2,68.92612104,4,19820
"9003",2,68.92612104,40,19561
"9004",2,68.92612104,41,19297
"9005",2,68.92612104,42,20021
"9006",2,68.92612104,43,19991
"9007",2,68.92612104,44,19619
"9008",2,68.92612104,45,19912
"9009",2,68.92612104,46,19480
"9010",2,68.92612104,47,20836
"9011",2,68.92612104,48,19352
"9012",2,68.92612104,49,19676
"9013",2,68.92612104,5,20025
"9014",2,68.92612104,50,20064
"9015",2,68.92612104,51,18944
"9016",2,68.92612104,52,19982
"9017",2,68.92612104,53,19988
"9018",2,68.92612104,54,19048
"9019",2,68.92612104,55,20246
"9020",2,68.92612104,56,19751
"9021",2,68.92612104,57,20237
"9022",2,68.92612104,58,19858
"9023",2,68.92612104,59,20127
"9024",2,68.92612104,6,19742
"9025",2,68.92612104,60,20626
"9026",2,68.92612104,61,19344
"9027",2,68.92612104,62,19534
"9028",2,68.92612104,63,18839
"9029",2,68.92612104,64,19822
"9030",2,68.92612104,65,19451
"9031",2,68.92612104,66,19791
"9032",2,68.92612104,67,19900
"9033",2,68.92612104,68,19391
"9034",2,68.92612104,69,20016
"9035",2,68.92612104,7,18896
"9036",2,68.92612104,70,20204
"9037",2,68.92612104,71,19211
"9038",2,68.92612104,72,19264
"9039",2,68.92612104,73,19917
"9040",2,68.92612104,74,19663
"9041",2,68.92612104,75,20225
"9042",2,68.92612104,76,20623
"9043",2,68.92612104,77,19961
"9044",2,68.92612104,78,18857
"9045",2,68.92612104,79,20423
"9046",2,68.92612104,8,19765
"9047",2,68.92612104,80,19450
"9048",2,68.92612104,81,19977
"9049",2,68.92612104,82,19573
"9050",2,68.92612104,83,19539
"9051",2,68.92612104,84,19589
"9052",2,68.92612104,85,19535
"9053",2,68.92612104,86,19590
"9054",2,68.92612104,87,19373
"9055",2,68.92612104,88,19990
"9056",2,68.92612104,89,19649
"9057",2,68.92612104,9,19707
"9058",2,68.92612104,90,19677
"9059",2,68.92612104,91,19493
"9060",2,68.92612104,92,19695
"9061",2,68.92612104,93,19955
"9062",2,68.92612104,94,20227
"9063",2,68.92612104,95,19570
"9064",2,68.92612104,96,20224
"9065",2,68.92612104,97,21035
"9066",2,68.92612104,98,19869
"9067",2,68.92612104,99,19734
"9068",2,7.56463328,1,2103
"9069",2,7.56463328,10,2092
"9070",2,7.56463328,100,2132
"9071",2,7.56463328,11,2008
"9072",2,7.56463328,12,2055
"9073",2,7.56463328,13,2130
"9074",2,7.56463328,14,2089
"9075",2,7.56463328,15,2078
"9076",2,7.56463328,16,2137
"9077",2,7.56463328,17,2082
"9078",2,7.56463328,18,2091
"9079",2,7.56463328,19,2056
"9080",2,7.56463328,2,2095
"9081",2,7.56463328,20,2088
"9082",2,7.56463328,21,2000
"9083",2,7.56463328,22,1991
"9084",2,7.56463328,23,2077
"9085",2,7.56463328,24,2076
"9086",2,7.56463328,25,2113
"9087",2,7.56463328,26,2109
"9088",2,7.56463328,27,2075
"9089",2,7.56463328,28,2041
"9090",2,7.56463328,29,2117
"9091",2,7.56463328,3,2009
"9092",2,7.56463328,30,2046
"9093",2,7.56463328,31,2036
"9094",2,7.56463328,32,2125
"9095",2,7.56463328,33,1978
"9096",2,7.56463328,34,2081
"9097",2,7.56463328,35,1928
"9098",2,7.56463328,36,2009
"9099",2,7.56463328,37,2517
"9100",2,7.56463328,38,2038
"9101",2,7.56463328,39,2092
"9102",2,7.56463328,4,2092
"9103",2,7.56463328,40,2085
"9104",2,7.56463328,41,2122
"9105",2,7.56463328,42,2037
"9106",2,7.56463328,43,2000
"9107",2,7.56463328,44,2129
"9108",2,7.56463328,45,2223
"9109",2,7.56463328,46,1992
"9110",2,7.56463328,47,2079
"9111",2,7.56463328,48,2056
"9112",2,7.56463328,49,2057
"9113",2,7.56463328,5,2206
"9114",2,7.56463328,50,2097
"9115",2,7.56463328,51,2252
"9116",2,7.56463328,52,2092
"9117",2,7.56463328,53,2082
"9118",2,7.56463328,54,2058
"9119",2,7.56463328,55,2029
"9120",2,7.56463328,56,2231
"9121",2,7.56463328,57,2133
"9122",2,7.56463328,58,1959
"9123",2,7.56463328,59,2306
"9124",2,7.56463328,6,2095
"9125",2,7.56463328,60,2129
"9126",2,7.56463328,61,2090
"9127",2,7.56463328,62,2100
"9128",2,7.56463328,63,2006
"9129",2,7.56463328,64,2134
"9130",2,7.56463328,65,2083
"9131",2,7.56463328,66,2110
"9132",2,7.56463328,67,2054
"9133",2,7.56463328,68,2084
"9134",2,7.56463328,69,2098
"9135",2,7.56463328,7,2107
"9136",2,7.56463328,70,2302
"9137",2,7.56463328,71,2096
"9138",2,7.56463328,72,2118
"9139",2,7.56463328,73,2130
"9140",2,7.56463328,74,2780
"9141",2,7.56463328,75,2142
"9142",2,7.56463328,76,2092
"9143",2,7.56463328,77,2074
"9144",2,7.56463328,78,2142
"9145",2,7.56463328,79,2063
"9146",2,7.56463328,8,2149
"9147",2,7.56463328,80,2142
"9148",2,7.56463328,81,2123
"9149",2,7.56463328,82,2121
"9150",2,7.56463328,83,2060
"9151",2,7.56463328,84,2344
"9152",2,7.56463328,85,2021
"9153",2,7.56463328,86,2145
"9154",2,7.56463328,87,2061
"9155",2,7.56463328,88,2131
"9156",2,7.56463328,89,2144
"9157",2,7.56463328,9,2101
"9158",2,7.56463328,90,2158
"9159",2,7.56463328,91,2027
"9160",2,7.56463328,92,2091
"9161",2,7.56463328,93,2053
"9162",2,7.56463328,94,2113
"9163",2,7.56463328,95,2034
"9164",2,7.56463328,96,2231
"9165",2,7.56463328,97,2078
"9166",2,7.56463328,98,1920
"9167",2,7.56463328,99,2158
"9168",2,705.48023107,1,203746
"9169",2,705.48023107,10,204215
"9170",2,705.48023107,100,202406
"9171",2,705.48023107,11,204397
"9172",2,705.48023107,12,200073
"9173",2,705.48023107,13,201367
"9174",2,705.48023107,14,202908
"9175",2,705.48023107,15,202532
"9176",2,705.48023107,16,201408
"9177",2,705.48023107,17,202116
"9178",2,705.48023107,18,200394
"9179",2,705.48023107,19,200681
"9180",2,705.48023107,2,200564
"9181",2,705.48023107,20,204230
"9182",2,705.48023107,21,203135
"9183",2,705.48023107,22,204147
"9184",2,705.48023107,23,202267
"9185",2,705.48023107,24,204957
"9186",2,705.48023107,25,203276
"9187",2,705.48023107,26,200906
"9188",2,705.48023107,27,201351
"9189",2,705.48023107,28,201734
"9190",2,705.48023107,29,201927
"9191",2,705.48023107,3,200152
"9192",2,705.48023107,30,202952
"9193",2,705.48023107,31,202775
"9194",2,705.48023107,32,199968
"9195",2,705.48023107,33,203559
"9196",2,705.48023107,34,201033
"9197",2,705.48023107,35,202193
"9198",2,705.48023107,36,201489
"9199",2,705.48023107,37,203328
"9200",2,705.48023107,38,202616
"9201",2,705.48023107,39,202916
"9202",2,705.48023107,4,200066
"9203",2,705.48023107,40,201894
"9204",2,705.48023107,41,201439
"9205",2,705.48023107,42,201940
"9206",2,705.48023107,43,201668
"9207",2,705.48023107,44,200172
"9208",2,705.48023107,45,200880
"9209",2,705.48023107,46,204908
"9210",2,705.48023107,47,203159
"9211",2,705.48023107,48,205049
"9212",2,705.48023107,49,201567
"9213",2,705.48023107,5,201996
"9214",2,705.48023107,50,201800
"9215",2,705.48023107,51,201675
"9216",2,705.48023107,52,202539
"9217",2,705.48023107,53,199583
"9218",2,705.48023107,54,204815
"9219",2,705.48023107,55,199229
"9220",2,705.48023107,56,201752
"9221",2,705.48023107,57,203494
"9222",2,705.48023107,58,202034
"9223",2,705.48023107,59,203126
"9224",2,705.48023107,6,202839
"9225",2,705.48023107,60,203048
"9226",2,705.48023107,61,200883
"9227",2,705.48023107,62,201090
"9228",2,705.48023107,63,200846
"9229",2,705.48023107,64,202056
"9230",2,705.48023107,65,201966
"9231",2,705.48023107,66,203779
"9232",2,705.48023107,67,200697
"9233",2,705.48023107,68,202000
"9234",2,705.48023107,69,202233
"9235",2,705.48023107,7,201601
"9236",2,705.48023107,70,203790
"9237",2,705.48023107,71,202024
"9238",2,705.48023107,72,201600
"9239",2,705.48023107,73,202350
"9240",2,705.48023107,74,202750
"9241",2,705.48023107,75,200694
"9242",2,705.48023107,76,202588
"9243",2,705.48023107,77,203770
"9244",2,705.48023107,78,201126
"9245",2,705.48023107,79,200334
"9246",2,705.48023107,8,202584
"9247",2,705.48023107,80,204468
"9248",2,705.48023107,81,199980
"9249",2,705.48023107,82,203814
"9250",2,705.48023107,83,202100
"9251",2,705.48023107,84,200623
"9252",2,705.48023107,85,200702
"9253",2,705.48023107,86,202975
"9254",2,705.48023107,87,203898
"9255",2,705.48023107,88,201820
"9256",2,705.48023107,89,201117
"9257",2,705.48023107,9,203196
"9258",2,705.48023107,90,201655
"9259",2,705.48023107,91,203111
"9260",2,705.48023107,92,202636
"9261",2,705.48023107,93,199808
"9262",2,705.48023107,94,203178
"9263",2,705.48023107,95,201921
"9264",2,705.48023107,96,205025
"9265",2,705.48023107,97,201853
"9266",2,705.48023107,98,201903
"9267",2,705.48023107,99,200993
"9268",2,77.42636827,1,21781
"9269",2,77.42636827,10,21574
"9270",2,77.42636827,100,21978
"9271",2,77.42636827,11,21897
"9272",2,77.42636827,12,21524
"9273",2,77.42636827,13,22575
"9274",2,77.42636827,14,21904
"9275",2,77.42636827,15,22053
"9276",2,77.42636827,16,22195
"9277",2,77.42636827,17,23160
"9278",2,77.42636827,18,22290
"9279",2,77.42636827,19,22233
"9280",2,77.42636827,2,21808
"9281",2,77.42636827,20,22460
"9282",2,77.42636827,21,21854
"9283",2,77.42636827,22,22544
"9284",2,77.42636827,23,21452
"9285",2,77.42636827,24,22420
"9286",2,77.42636827,25,21860
"9287",2,77.42636827,26,21900
"9288",2,77.42636827,27,21711
"9289",2,77.42636827,28,21880
"9290",2,77.42636827,29,23679
"9291",2,77.42636827,3,21277
"9292",2,77.42636827,30,21322
"9293",2,77.42636827,31,22100
"9294",2,77.42636827,32,21957
"9295",2,77.42636827,33,21870
"9296",2,77.42636827,34,21985
"9297",2,77.42636827,35,22103
"9298",2,77.42636827,36,22319
"9299",2,77.42636827,37,22692
"9300",2,77.42636827,38,21747
"9301",2,77.42636827,39,22236
"9302",2,77.42636827,4,22608
"9303",2,77.42636827,40,21754
"9304",2,77.42636827,41,21686
"9305",2,77.42636827,42,22425
"9306",2,77.42636827,43,21909
"9307",2,77.42636827,44,22185
"9308",2,77.42636827,45,22478
"9309",2,77.42636827,46,22776
"9310",2,77.42636827,47,21283
"9311",2,77.42636827,48,21456
"9312",2,77.42636827,49,22334
"9313",2,77.42636827,5,22362
"9314",2,77.42636827,50,21309
"9315",2,77.42636827,51,22583
"9316",2,77.42636827,52,21513
"9317",2,77.42636827,53,22273
"9318",2,77.42636827,54,21621
"9319",2,77.42636827,55,22948
"9320",2,77.42636827,56,22452
"9321",2,77.42636827,57,22010
"9322",2,77.42636827,58,22457
"9323",2,77.42636827,59,22474
"9324",2,77.42636827,6,22232
"9325",2,77.42636827,60,21912
"9326",2,77.42636827,61,22828
"9327",2,77.42636827,62,22365
"9328",2,77.42636827,63,22234
"9329",2,77.42636827,64,22836
"9330",2,77.42636827,65,22525
"9331",2,77.42636827,66,22383
"9332",2,77.42636827,67,22054
"9333",2,77.42636827,68,21684
"9334",2,77.42636827,69,21783
"9335",2,77.42636827,7,22042
"9336",2,77.42636827,70,21840
"9337",2,77.42636827,71,22081
"9338",2,77.42636827,72,22567
"9339",2,77.42636827,73,22171
"9340",2,77.42636827,74,23037
"9341",2,77.42636827,75,21930
"9342",2,77.42636827,76,22449
"9343",2,77.42636827,77,22218
"9344",2,77.42636827,78,22643
"9345",2,77.42636827,79,23050
"9346",2,77.42636827,8,21389
"9347",2,77.42636827,80,21864
"9348",2,77.42636827,81,22265
"9349",2,77.42636827,82,21782
"9350",2,77.42636827,83,21589
"9351",2,77.42636827,84,21519
"9352",2,77.42636827,85,22467
"9353",2,77.42636827,86,21790
"9354",2,77.42636827,87,22153
"9355",2,77.42636827,88,21262
"9356",2,77.42636827,89,21152
"9357",2,77.42636827,9,21924
"9358",2,77.42636827,90,22790
"9359",2,77.42636827,91,22179
"9360",2,77.42636827,92,22504
"9361",2,77.42636827,93,22819
"9362",2,77.42636827,94,21487
"9363",2,77.42636827,95,21686
"9364",2,77.42636827,96,22684
"9365",2,77.42636827,97,21628
"9366",2,77.42636827,98,21815
"9367",2,77.42636827,99,22022
"9368",2,792.48289835,1,226678
"9369",2,792.48289835,10,227201
"9370",2,792.48289835,100,224059
"9371",2,792.48289835,11,226905
"9372",2,792.48289835,12,227564
"9373",2,792.48289835,13,225734
"9374",2,792.48289835,14,226704
"9375",2,792.48289835,15,225645
"9376",2,792.48289835,16,225724
"9377",2,792.48289835,17,227508
"9378",2,792.48289835,18,226865
"9379",2,792.48289835,19,227699
"9380",2,792.48289835,2,225045
"9381",2,792.48289835,20,226007
"9382",2,792.48289835,21,226627
"9383",2,792.48289835,22,228572
"9384",2,792.48289835,23,227617
"9385",2,792.48289835,24,227379
"9386",2,792.48289835,25,225944
"9387",2,792.48289835,26,227697
"9388",2,792.48289835,27,225682
"9389",2,792.48289835,28,224698
"9390",2,792.48289835,29,226991
"9391",2,792.48289835,3,228001
"9392",2,792.48289835,30,229473
"9393",2,792.48289835,31,226491
"9394",2,792.48289835,32,225684
"9395",2,792.48289835,33,227622
"9396",2,792.48289835,34,227055
"9397",2,792.48289835,35,225130
"9398",2,792.48289835,36,225811
"9399",2,792.48289835,37,227434
"9400",2,792.48289835,38,228308
"9401",2,792.48289835,39,226853
"9402",2,792.48289835,4,226471
"9403",2,792.48289835,40,228580
"9404",2,792.48289835,41,227321
"9405",2,792.48289835,42,226682
"9406",2,792.48289835,43,227313
"9407",2,792.48289835,44,228196
"9408",2,792.48289835,45,227331
"9409",2,792.48289835,46,225236
"9410",2,792.48289835,47,226837
"9411",2,792.48289835,48,226612
"9412",2,792.48289835,49,228603
"9413",2,792.48289835,5,227564
"9414",2,792.48289835,50,225460
"9415",2,792.48289835,51,227046
"9416",2,792.48289835,52,225171
"9417",2,792.48289835,53,227078
"9418",2,792.48289835,54,227431
"9419",2,792.48289835,55,227393
"9420",2,792.48289835,56,227895
"9421",2,792.48289835,57,227559
"9422",2,792.48289835,58,225217
"9423",2,792.48289835,59,226006
"9424",2,792.48289835,6,226797
"9425",2,792.48289835,60,225738
"9426",2,792.48289835,61,226602
"9427",2,792.48289835,62,226067
"9428",2,792.48289835,63,227763
"9429",2,792.48289835,64,229715
"9430",2,792.48289835,65,229580
"9431",2,792.48289835,66,225156
"9432",2,792.48289835,67,225671
"9433",2,792.48289835,68,228348
"9434",2,792.48289835,69,227149
"9435",2,792.48289835,7,228443
"9436",2,792.48289835,70,223688
"9437",2,792.48289835,71,228759
"9438",2,792.48289835,72,227496
"9439",2,792.48289835,73,228568
"9440",2,792.48289835,74,226803
"9441",2,792.48289835,75,226058
"9442",2,792.48289835,76,227339
"9443",2,792.48289835,77,224516
"9444",2,792.48289835,78,224997
"9445",2,792.48289835,79,225622
"9446",2,792.48289835,8,224978
"9447",2,792.48289835,80,225380
"9448",2,792.48289835,81,227285
"9449",2,792.48289835,82,229891
"9450",2,792.48289835,83,225888
"9451",2,792.48289835,84,226866
"9452",2,792.48289835,85,228655
"9453",2,792.48289835,86,226481
"9454",2,792.48289835,87,225770
"9455",2,792.48289835,88,227548
"9456",2,792.48289835,89,226219
"9457",2,792.48289835,9,229210
"9458",2,792.48289835,90,223376
"9459",2,792.48289835,91,229187
"9460",2,792.48289835,92,226422
"9461",2,792.48289835,93,228549
"9462",2,792.48289835,94,227215
"9463",2,792.48289835,95,228553
"9464",2,792.48289835,96,227560
"9465",2,792.48289835,97,228864
"9466",2,792.48289835,98,222879
"9467",2,792.48289835,99,227070
"9468",2,8.49753436,1,2441
"9469",2,8.49753436,10,2498
"9470",2,8.49753436,100,2617
"9471",2,8.49753436,11,2353
"9472",2,8.49753436,12,2813
"9473",2,8.49753436,13,2532
"9474",2,8.49753436,14,2308
"9475",2,8.49753436,15,2512
"9476",2,8.49753436,16,2316
"9477",2,8.49753436,17,2604
"9478",2,8.49753436,18,2466
"9479",2,8.49753436,19,2583
"9480",2,8.49753436,2,2531
"9481",2,8.49753436,20,2406
"9482",2,8.49753436,21,2257
"9483",2,8.49753436,22,2283
"9484",2,8.49753436,23,2502
"9485",2,8.49753436,24,2568
"9486",2,8.49753436,25,2317
"9487",2,8.49753436,26,2739
"9488",2,8.49753436,27,2350
"9489",2,8.49753436,28,2445
"9490",2,8.49753436,29,2383
"9491",2,8.49753436,3,2522
"9492",2,8.49753436,30,2587
"9493",2,8.49753436,31,2502
"9494",2,8.49753436,32,2289
"9495",2,8.49753436,33,2735
"9496",2,8.49753436,34,2346
"9497",2,8.49753436,35,2330
"9498",2,8.49753436,36,2358
"9499",2,8.49753436,37,2337
"9500",2,8.49753436,38,2303
"9501",2,8.49753436,39,2769
"9502",2,8.49753436,4,2749
"9503",2,8.49753436,40,2535
"9504",2,8.49753436,41,2379
"9505",2,8.49753436,42,2320
"9506",2,8.49753436,43,2285
"9507",2,8.49753436,44,2362
"9508",2,8.49753436,45,2673
"9509",2,8.49753436,46,2405
"9510",2,8.49753436,47,2244
"9511",2,8.49753436,48,2380
"9512",2,8.49753436,49,2585
"9513",2,8.49753436,5,2421
"9514",2,8.49753436,50,2308
"9515",2,8.49753436,51,2606
"9516",2,8.49753436,52,2404
"9517",2,8.49753436,53,2246
"9518",2,8.49753436,54,2346
"9519",2,8.49753436,55,2469
"9520",2,8.49753436,56,2754
"9521",2,8.49753436,57,2317
"9522",2,8.49753436,58,2467
"9523",2,8.49753436,59,2332
"9524",2,8.49753436,6,2357
"9525",2,8.49753436,60,2358
"9526",2,8.49753436,61,2486
"9527",2,8.49753436,62,2266
"9528",2,8.49753436,63,2413
"9529",2,8.49753436,64,2348
"9530",2,8.49753436,65,2367
"9531",2,8.49753436,66,2432
"9532",2,8.49753436,67,2608
"9533",2,8.49753436,68,2290
"9534",2,8.49753436,69,2377
"9535",2,8.49753436,7,2450
"9536",2,8.49753436,70,2283
"9537",2,8.49753436,71,2344
"9538",2,8.49753436,72,2821
"9539",2,8.49753436,73,2312
"9540",2,8.49753436,74,2356
"9541",2,8.49753436,75,2261
"9542",2,8.49753436,76,2312
"9543",2,8.49753436,77,2610
"9544",2,8.49753436,78,2379
"9545",2,8.49753436,79,2652
"9546",2,8.49753436,8,2333
"9547",2,8.49753436,80,2430
"9548",2,8.49753436,81,2359
"9549",2,8.49753436,82,2355
"9550",2,8.49753436,83,2607
"9551",2,8.49753436,84,2395
"9552",2,8.49753436,85,2525
"9553",2,8.49753436,86,2486
"9554",2,8.49753436,87,2393
"9555",2,8.49753436,88,2529
"9556",2,8.49753436,89,2375
"9557",2,8.49753436,9,2315
"9558",2,8.49753436,90,2245
"9559",2,8.49753436,91,2299
"9560",2,8.49753436,92,2772
"9561",2,8.49753436,93,2291
"9562",2,8.49753436,94,2518
"9563",2,8.49753436,95,2260
"9564",2,8.49753436,96,2538
"9565",2,8.49753436,97,2563
"9566",2,8.49753436,98,2396
"9567",2,8.49753436,99,2438
"9568",2,86.97490026,1,24514
"9569",2,86.97490026,10,24216
"9570",2,86.97490026,100,24486
"9571",2,86.97490026,11,24562
"9572",2,86.97490026,12,24720
"9573",2,86.97490026,13,24849
"9574",2,86.97490026,14,25814
"9575",2,86.97490026,15,24859
"9576",2,86.97490026,16,24554
"9577",2,86.97490026,17,24869
"9578",2,86.97490026,18,25022
"9579",2,86.97490026,19,24723
"9580",2,86.97490026,2,24682
"9581",2,86.97490026,20,24847
"9582",2,86.97490026,21,24915
"9583",2,86.97490026,22,26218
"9584",2,86.97490026,23,26001
"9585",2,86.97490026,24,24334
"9586",2,86.97490026,25,25740
"9587",2,86.97490026,26,24345
"9588",2,86.97490026,27,25206
"9589",2,86.97490026,28,25060
"9590",2,86.97490026,29,24581
"9591",2,86.97490026,3,26014
"9592",2,86.97490026,30,25342
"9593",2,86.97490026,31,24719
"9594",2,86.97490026,32,25252
"9595",2,86.97490026,33,24242
"9596",2,86.97490026,34,25040
"9597",2,86.97490026,35,25519
"9598",2,86.97490026,36,24342
"9599",2,86.97490026,37,25278
"9600",2,86.97490026,38,24349
"9601",2,86.97490026,39,24946
"9602",2,86.97490026,4,25117
"9603",2,86.97490026,40,25279
"9604",2,86.97490026,41,24517
"9605",2,86.97490026,42,24017
"9606",2,86.97490026,43,26442
"9607",2,86.97490026,44,25121
"9608",2,86.97490026,45,24576
"9609",2,86.97490026,46,24717
"9610",2,86.97490026,47,24782
"9611",2,86.97490026,48,25123
"9612",2,86.97490026,49,25070
"9613",2,86.97490026,5,25231
"9614",2,86.97490026,50,24317
"9615",2,86.97490026,51,24533
"9616",2,86.97490026,52,25163
"9617",2,86.97490026,53,24884
"9618",2,86.97490026,54,24526
"9619",2,86.97490026,55,24434
"9620",2,86.97490026,56,24951
"9621",2,86.97490026,57,24781
"9622",2,86.97490026,58,24528
"9623",2,86.97490026,59,24662
"9624",2,86.97490026,6,25064
"9625",2,86.97490026,60,24497
"9626",2,86.97490026,61,24472
"9627",2,86.97490026,62,24682
"9628",2,86.97490026,63,25346
"9629",2,86.97490026,64,24921
"9630",2,86.97490026,65,25098
"9631",2,86.97490026,66,25156
"9632",2,86.97490026,67,24740
"9633",2,86.97490026,68,24929
"9634",2,86.97490026,69,24313
"9635",2,86.97490026,7,24757
"9636",2,86.97490026,70,25381
"9637",2,86.97490026,71,24441
"9638",2,86.97490026,72,24200
"9639",2,86.97490026,73,25005
"9640",2,86.97490026,74,24630
"9641",2,86.97490026,75,25021
"9642",2,86.97490026,76,24675
"9643",2,86.97490026,77,24890
"9644",2,86.97490026,78,25123
"9645",2,86.97490026,79,24586
"9646",2,86.97490026,8,26096
"9647",2,86.97490026,80,25231
"9648",2,86.97490026,81,25037
"9649",2,86.97490026,82,25245
"9650",2,86.97490026,83,25190
"9651",2,86.97490026,84,24967
"9652",2,86.97490026,85,24944
"9653",2,86.97490026,86,24838
"9654",2,86.97490026,87,24599
"9655",2,86.97490026,88,24316
"9656",2,86.97490026,89,25770
"9657",2,86.97490026,9,25334
"9658",2,86.97490026,90,24865
"9659",2,86.97490026,91,24702
"9660",2,86.97490026,92,24092
"9661",2,86.97490026,93,24727
"9662",2,86.97490026,94,24394
"9663",2,86.97490026,95,24686
"9664",2,86.97490026,96,24880
"9665",2,86.97490026,97,24892
"9666",2,86.97490026,98,24722
"9667",2,86.97490026,99,24837
"9668",2,890.21508545,1,253159
"9669",2,890.21508545,10,257289
"9670",2,890.21508545,100,254451
"9671",2,890.21508545,11,255372
"9672",2,890.21508545,12,256883
"9673",2,890.21508545,13,253232
"9674",2,890.21508545,14,253961
"9675",2,890.21508545,15,254397
"9676",2,890.21508545,16,254865
"9677",2,890.21508545,17,256814
"9678",2,890.21508545,18,255159
"9679",2,890.21508545,19,253594
"9680",2,890.21508545,2,253669
"9681",2,890.21508545,20,254342
"9682",2,890.21508545,21,253954
"9683",2,890.21508545,22,255357
"9684",2,890.21508545,23,257050
"9685",2,890.21508545,24,255487
"9686",2,890.21508545,25,254045
"9687",2,890.21508545,26,253565
"9688",2,890.21508545,27,256076
"9689",2,890.21508545,28,254475
"9690",2,890.21508545,29,257916
"9691",2,890.21508545,3,252471
"9692",2,890.21508545,30,254994
"9693",2,890.21508545,31,257044
"9694",2,890.21508545,32,253847
"9695",2,890.21508545,33,255524
"9696",2,890.21508545,34,256951
"9697",2,890.21508545,35,252824
"9698",2,890.21508545,36,255442
"9699",2,890.21508545,37,254847
"9700",2,890.21508545,38,256670
"9701",2,890.21508545,39,254451
"9702",2,890.21508545,4,255315
"9703",2,890.21508545,40,254718
"9704",2,890.21508545,41,254549
"9705",2,890.21508545,42,254345
"9706",2,890.21508545,43,256844
"9707",2,890.21508545,44,252039
"9708",2,890.21508545,45,254391
"9709",2,890.21508545,46,256004
"9710",2,890.21508545,47,254720
"9711",2,890.21508545,48,257209
"9712",2,890.21508545,49,255618
"9713",2,890.21508545,5,254894
"9714",2,890.21508545,50,256969
"9715",2,890.21508545,51,255002
"9716",2,890.21508545,52,251891
"9717",2,890.21508545,53,256487
"9718",2,890.21508545,54,253264
"9719",2,890.21508545,55,255427
"9720",2,890.21508545,56,253007
"9721",2,890.21508545,57,254808
"9722",2,890.21508545,58,254840
"9723",2,890.21508545,59,254634
"9724",2,890.21508545,6,254214
"9725",2,890.21508545,60,256452
"9726",2,890.21508545,61,255875
"9727",2,890.21508545,62,253336
"9728",2,890.21508545,63,253664
"9729",2,890.21508545,64,256435
"9730",2,890.21508545,65,255610
"9731",2,890.21508545,66,255210
"9732",2,890.21508545,67,254994
"9733",2,890.21508545,68,254972
"9734",2,890.21508545,69,256195
"9735",2,890.21508545,7,256654
"9736",2,890.21508545,70,255014
"9737",2,890.21508545,71,254736
"9738",2,890.21508545,72,254537
"9739",2,890.21508545,73,254326
"9740",2,890.21508545,74,256856
"9741",2,890.21508545,75,255024
"9742",2,890.21508545,76,252507
"9743",2,890.21508545,77,252969
"9744",2,890.21508545,78,253223
"9745",2,890.21508545,79,255203
"9746",2,890.21508545,8,251870
"9747",2,890.21508545,80,253587
"9748",2,890.21508545,81,256523
"9749",2,890.21508545,82,253452
"9750",2,890.21508545,83,255457
"9751",2,890.21508545,84,253953
"9752",2,890.21508545,85,257211
"9753",2,890.21508545,86,254764
"9754",2,890.21508545,87,253843
"9755",2,890.21508545,88,254879
"9756",2,890.21508545,89,251706
"9757",2,890.21508545,9,254163
"9758",2,890.21508545,90,253359
"9759",2,890.21508545,91,255816
"9760",2,890.21508545,92,255531
"9761",2,890.21508545,93,252950
"9762",2,890.21508545,94,255495
"9763",2,890.21508545,95,252822
"9764",2,890.21508545,96,255784
"9765",2,890.21508545,97,256054
"9766",2,890.21508545,98,254815
"9767",2,890.21508545,99,258946
"9768",2,9.54548457,1,2650
"9769",2,9.54548457,10,2616
"9770",2,9.54548457,100,2657
"9771",2,9.54548457,11,2676
"9772",2,9.54548457,12,2630
"9773",2,9.54548457,13,2658
"9774",2,9.54548457,14,2735
"9775",2,9.54548457,15,2574
"9776",2,9.54548457,16,2599
"9777",2,9.54548457,17,2628
"9778",2,9.54548457,18,2535
"9779",2,9.54548457,19,2534
"9780",2,9.54548457,2,2542
"9781",2,9.54548457,20,2737
"9782",2,9.54548457,21,2576
"9783",2,9.54548457,22,2735
"9784",2,9.54548457,23,2741
"9785",2,9.54548457,24,2616
"9786",2,9.54548457,25,2660
"9787",2,9.54548457,26,2697
"9788",2,9.54548457,27,2751
"9789",2,9.54548457,28,2872
"9790",2,9.54548457,29,2599
"9791",2,9.54548457,3,2558
"9792",2,9.54548457,30,2716
"9793",2,9.54548457,31,2593
"9794",2,9.54548457,32,2568
"9795",2,9.54548457,33,2638
"9796",2,9.54548457,34,2624
"9797",2,9.54548457,35,2576
"9798",2,9.54548457,36,2594
"9799",2,9.54548457,37,2645
"9800",2,9.54548457,38,2660
"9801",2,9.54548457,39,2658
"9802",2,9.54548457,4,2577
"9803",2,9.54548457,40,2664
"9804",2,9.54548457,41,2645
"9805",2,9.54548457,42,2586
"9806",2,9.54548457,43,2892
"9807",2,9.54548457,44,2664
"9808",2,9.54548457,45,2648
"9809",2,9.54548457,46,2654
"9810",2,9.54548457,47,2592
"9811",2,9.54548457,48,2557
"9812",2,9.54548457,49,2808
"9813",2,9.54548457,5,2579
"9814",2,9.54548457,50,2680
"9815",2,9.54548457,51,2665
"9816",2,9.54548457,52,2660
"9817",2,9.54548457,53,2530
"9818",2,9.54548457,54,2621
"9819",2,9.54548457,55,2585
"9820",2,9.54548457,56,2653
"9821",2,9.54548457,57,2584
"9822",2,9.54548457,58,2747
"9823",2,9.54548457,59,2726
"9824",2,9.54548457,6,2668
"9825",2,9.54548457,60,2614
"9826",2,9.54548457,61,2906
"9827",2,9.54548457,62,2621
"9828",2,9.54548457,63,2646
"9829",2,9.54548457,64,2771
"9830",2,9.54548457,65,2626
"9831",2,9.54548457,66,2772
"9832",2,9.54548457,67,2497
"9833",2,9.54548457,68,2665
"9834",2,9.54548457,69,2911
"9835",2,9.54548457,7,2547
"9836",2,9.54548457,70,2745
"9837",2,9.54548457,71,2591
"9838",2,9.54548457,72,2688
"9839",2,9.54548457,73,2653
"9840",2,9.54548457,74,2572
"9841",2,9.54548457,75,2646
"9842",2,9.54548457,76,2813
"9843",2,9.54548457,77,2724
"9844",2,9.54548457,78,2653
"9845",2,9.54548457,79,2551
"9846",2,9.54548457,8,2604
"9847",2,9.54548457,80,2667
"9848",2,9.54548457,81,2516
"9849",2,9.54548457,82,2620
"9850",2,9.54548457,83,2582
"9851",2,9.54548457,84,2619
"9852",2,9.54548457,85,2596
"9853",2,9.54548457,86,2540
"9854",2,9.54548457,87,2589
"9855",2,9.54548457,88,2686
"9856",2,9.54548457,89,2613
"9857",2,9.54548457,9,2600
"9858",2,9.54548457,90,2566
"9859",2,9.54548457,91,2745
"9860",2,9.54548457,92,2658
"9861",2,9.54548457,93,2657
"9862",2,9.54548457,94,2726
"9863",2,9.54548457,95,2552
"9864",2,9.54548457,96,2664
"9865",2,9.54548457,97,2638
"9866",2,9.54548457,98,2680
"9867",2,9.54548457,99,2614
"9868",2,97.70099573,1,29073
"9869",2,97.70099573,10,27897
"9870",2,97.70099573,100,26825
"9871",2,97.70099573,11,28237
"9872",2,97.70099573,12,28526
"9873",2,97.70099573,13,27311
"9874",2,97.70099573,14,26724
"9875",2,97.70099573,15,27923
"9876",2,97.70099573,16,28210
"9877",2,97.70099573,17,27452
"9878",2,97.70099573,18,28221
"9879",2,97.70099573,19,28487
"9880",2,97.70099573,2,27125
"9881",2,97.70099573,20,28286
"9882",2,97.70099573,21,27854
"9883",2,97.70099573,22,27750
"9884",2,97.70099573,23,27028
"9885",2,97.70099573,24,27026
"9886",2,97.70099573,25,27867
"9887",2,97.70099573,26,27757
"9888",2,97.70099573,27,27307
"9889",2,97.70099573,28,28250
"9890",2,97.70099573,29,29211
"9891",2,97.70099573,3,28591
"9892",2,97.70099573,30,26845
"9893",2,97.70099573,31,27025
"9894",2,97.70099573,32,29262
"9895",2,97.70099573,33,27400
"9896",2,97.70099573,34,28126
"9897",2,97.70099573,35,28049
"9898",2,97.70099573,36,27539
"9899",2,97.70099573,37,27343
"9900",2,97.70099573,38,28416
"9901",2,97.70099573,39,28669
"9902",2,97.70099573,4,27970
"9903",2,97.70099573,40,28567
"9904",2,97.70099573,41,28009
"9905",2,97.70099573,42,28795
"9906",2,97.70099573,43,28239
"9907",2,97.70099573,44,27432
"9908",2,97.70099573,45,28433
"9909",2,97.70099573,46,27762
"9910",2,97.70099573,47,27091
"9911",2,97.70099573,48,27911
"9912",2,97.70099573,49,28027
"9913",2,97.70099573,5,28363
"9914",2,97.70099573,50,28607
"9915",2,97.70099573,51,27909
"9916",2,97.70099573,52,27594
"9917",2,97.70099573,53,27818
"9918",2,97.70099573,54,27946
"9919",2,97.70099573,55,28700
"9920",2,97.70099573,56,28148
"9921",2,97.70099573,57,28355
"9922",2,97.70099573,58,27900
"9923",2,97.70099573,59,27466
"9924",2,97.70099573,6,27581
"9925",2,97.70099573,60,28512
"9926",2,97.70099573,61,27448
"9927",2,97.70099573,62,27806
"9928",2,97.70099573,63,28057
"9929",2,97.70099573,64,28137
"9930",2,97.70099573,65,28325
"9931",2,97.70099573,66,28510
"9932",2,97.70099573,67,28438
"9933",2,97.70099573,68,28620
"9934",2,97.70099573,69,28355
"9935",2,97.70099573,7,27518
"9936",2,97.70099573,70,28369
"9937",2,97.70099573,71,29253
"9938",2,97.70099573,72,27581
"9939",2,97.70099573,73,27513
"9940",2,97.70099573,74,27987
"9941",2,97.70099573,75,28170
"9942",2,97.70099573,76,27436
"9943",2,97.70099573,77,27797
"9944",2,97.70099573,78,27229
"9945",2,97.70099573,79,28406
"9946",2,97.70099573,8,27908
"9947",2,97.70099573,80,29041
"9948",2,97.70099573,81,28470
"9949",2,97.70099573,82,27611
"9950",2,97.70099573,83,27350
"9951",2,97.70099573,84,28152
"9952",2,97.70099573,85,28698
"9953",2,97.70099573,86,27655
"9954",2,97.70099573,87,28955
"9955",2,97.70099573,88,29082
"9956",2,97.70099573,89,27645
"9957",2,97.70099573,9,28527
"9958",2,97.70099573,90,28279
"9959",2,97.70099573,91,27924
"9960",2,97.70099573,92,27928
"9961",2,97.70099573,93,27229
"9962",2,97.70099573,94,28594
"9963",2,97.70099573,95,27219
"9964",2,97.70099573,96,28700
"9965",2,97.70099573,97,28083
"9966",2,97.70099573,98,27990
"9967",2,97.70099573,99,26693
