"","time","nu","id","tot_pfu"
"1",7,0.01592283,55,1
"2",7,0.05722368,66,580605
"3",7,0.08111308,62,824275
"4",7,0.1023531,92,1038984
"5",7,0.1149757,85,1167046
"6",7,0.1149757,88,1167083
"7",7,0.18307383,37,1860208
"8",7,0.18307383,59,1855261
"9",7,0.23101297,62,2344280
"10",7,0.23101297,90,2343000
"11",7,0.25950242,73,2632592
"12",7,0.29150531,12,2959436
"13",7,0.29150531,21,2957449
"14",7,0.36783798,22,3733981
"15",7,0.36783798,67,3736216
"16",7,0.36783798,99,3736314
"17",7,0.41320124,48,4195380
"18",7,0.41320124,72,4195277
"19",7,0.41320124,80,4199839
"20",7,0.41320124,9,4195892
"21",7,0.46415888,41,4710221
"22",7,0.46415888,61,4716591
"23",7,0.58570208,4,5949489
"24",7,0.58570208,56,5943049
"25",7,0.58570208,7,5942965
"26",7,0.58570208,90,5946893
"27",7,0.58570208,92,5945754
"28",7,0.65793322,16,6678315
"29",7,0.65793322,29,6685384
"30",7,0.65793322,54,6676472
"31",7,0.65793322,8,6682176
"32",7,0.7390722,1,7499438
"33",7,0.7390722,13,7505410
"34",7,0.7390722,25,7503770
"35",7,0.7390722,30,7506118
"36",7,0.7390722,57,7511528
"37",7,0.7390722,65,7502372
"38",7,0.7390722,91,7504738
"39",7,0.83021757,13,8429382
"40",7,0.83021757,3,8427078
"41",7,0.83021757,33,8435066
"42",7,0.83021757,84,8428391
"43",7,0.83021757,95,8433594
"44",7,1.04761575,14,10637729
"45",7,1.04761575,35,10636352
"46",7,1.04761575,36,10640899
"47",7,1.04761575,46,10641374
"48",7,1.04761575,73,10639610
"49",7,1.04761575,94,10634156
"50",7,1.32194115,29,13419626
"51",7,1.32194115,31,13424385
"52",7,1.32194115,33,13426135
"53",7,1.32194115,4,13423766
"54",7,1.32194115,42,13426409
"55",7,1.32194115,46,13417612
"56",7,1.32194115,86,13427273
"57",7,1.48496826,19,15094694
"58",7,1.48496826,26,15078967
"59",7,1.48496826,38,15080887
"60",7,1.48496826,42,15082809
"61",7,1.48496826,64,15081196
"62",7,1.48496826,65,15086148
"63",7,1.48496826,68,15084509
"64",7,1.48496826,69,15086558
"65",7,1.48496826,86,15075598
"66",7,1.48496826,96,15077354
"67",7,1.87381742,28,19028899
"68",7,1.87381742,5,19030172
"69",7,1.87381742,52,19027190
"70",7,1.87381742,62,19038197
"71",7,1.87381742,64,19024342
"72",7,1.87381742,95,19032463
"73",7,1.87381742,97,19024840
"74",7,10.72267222,1,108906359
"75",7,10.72267222,12,108891301
"76",7,10.72267222,14,108901630
"77",7,10.72267222,15,108925390
"78",7,10.72267222,16,108911992
"79",7,10.72267222,18,108908619
"80",7,10.72267222,2,108924668
"81",7,10.72267222,21,108891928
"82",7,10.72267222,22,108895027
"83",7,10.72267222,23,108927606
"84",7,10.72267222,24,108897279
"85",7,10.72267222,25,108905478
"86",7,10.72267222,26,108908000
"87",7,10.72267222,28,108904507
"88",7,10.72267222,3,108907714
"89",7,10.72267222,30,108906176
"90",7,10.72267222,31,108913547
"91",7,10.72267222,35,108906399
"92",7,10.72267222,36,108901772
"93",7,10.72267222,37,108891118
"94",7,10.72267222,38,108898128
"95",7,10.72267222,39,108909262
"96",7,10.72267222,40,108883407
"97",7,10.72267222,41,8814794
"98",7,10.72267222,43,108872702
"99",7,10.72267222,44,108905490
"100",7,10.72267222,45,108896731
"101",7,10.72267222,46,108910673
"102",7,10.72267222,47,108920304
"103",7,10.72267222,48,108893511
"104",7,10.72267222,49,108919890
"105",7,10.72267222,5,108894142
"106",7,10.72267222,51,108885345
"107",7,10.72267222,52,108886833
"108",7,10.72267222,55,108901487
"109",7,10.72267222,57,108904982
"110",7,10.72267222,59,108895946
"111",7,10.72267222,62,108909871
"112",7,10.72267222,68,108887160
"113",7,10.72267222,69,108905517
"114",7,10.72267222,7,1
"115",7,10.72267222,72,108905418
"116",7,10.72267222,74,108899827
"117",7,10.72267222,75,108888058
"118",7,10.72267222,77,108905120
"119",7,10.72267222,78,108904976
"120",7,10.72267222,79,108924183
"121",7,10.72267222,80,108900360
"122",7,10.72267222,86,108892184
"123",7,10.72267222,87,108907474
"124",7,10.72267222,91,108885464
"125",7,10.72267222,95,108912582
"126",7,10.72267222,96,108917181
"127",7,10.72267222,97,108894048
"128",7,10.72267222,99,108914608
"129",7,1000,1,10156508061
"130",7,1000,10,10156562039
"131",7,1000,100,10156390107
"132",7,1000,11,10156646737
"133",7,1000,12,10156474657
"134",7,1000,13,10156497265
"135",7,1000,14,10156258511
"136",7,1000,15,10156236641
"137",7,1000,16,10156513317
"138",7,1000,17,10156492645
"139",7,1000,18,10156347410
"140",7,1000,19,10156221484
"141",7,1000,2,10156301150
"142",7,1000,20,10156465172
"143",7,1000,21,10156245574
"144",7,1000,22,10156637345
"145",7,1000,23,10156189341
"146",7,1000,24,10156458571
"147",7,1000,25,10156430995
"148",7,1000,26,10156618834
"149",7,1000,27,10156505155
"150",7,1000,28,10156621095
"151",7,1000,29,10156465267
"152",7,1000,3,10156359671
"153",7,1000,30,10156299759
"154",7,1000,31,10156527864
"155",7,1000,32,10156394603
"156",7,1000,33,10156568315
"157",7,1000,34,10156422053
"158",7,1000,35,10156364520
"159",7,1000,36,10156164903
"160",7,1000,37,10156380089
"161",7,1000,38,10156308100
"162",7,1000,39,10156580421
"163",7,1000,4,10156313073
"164",7,1000,40,10156221946
"165",7,1000,41,10156294010
"166",7,1000,42,10156329694
"167",7,1000,43,10156186187
"168",7,1000,44,10156688555
"169",7,1000,45,10156234159
"170",7,1000,46,10156480133
"171",7,1000,47,10156229100
"172",7,1000,48,10156263168
"173",7,1000,49,10156049429
"174",7,1000,5,10156505270
"175",7,1000,50,10156320574
"176",7,1000,51,10156429060
"177",7,1000,52,10156392358
"178",7,1000,53,10156575634
"179",7,1000,54,10156599339
"180",7,1000,55,10156352523
"181",7,1000,56,10156442713
"182",7,1000,57,10156388500
"183",7,1000,58,10156550051
"184",7,1000,59,10156352690
"185",7,1000,6,10156622684
"186",7,1000,60,10156448021
"187",7,1000,61,10156268804
"188",7,1000,62,10156485595
"189",7,1000,63,10156170026
"190",7,1000,64,10156508522
"191",7,1000,65,10156530385
"192",7,1000,66,10156365181
"193",7,1000,67,10156361600
"194",7,1000,68,10156320776
"195",7,1000,69,10156585059
"196",7,1000,7,10156518671
"197",7,1000,70,10156403476
"198",7,1000,71,10156333841
"199",7,1000,72,10156526035
"200",7,1000,73,10156365014
"201",7,1000,74,10156341393
"202",7,1000,75,10156415148
"203",7,1000,76,10156585134
"204",7,1000,77,10156339254
"205",7,1000,78,10156257261
"206",7,1000,79,10156357415
"207",7,1000,8,10156489629
"208",7,1000,80,10156684006
"209",7,1000,81,10156201721
"210",7,1000,82,10156609446
"211",7,1000,83,10156225148
"212",7,1000,84,10156404295
"213",7,1000,85,10156260886
"214",7,1000,86,10156409458
"215",7,1000,87,10156430127
"216",7,1000,88,10156438797
"217",7,1000,89,10156262520
"218",7,1000,9,10156644221
"219",7,1000,90,10156352690
"220",7,1000,91,10156589005
"221",7,1000,92,10156609929
"222",7,1000,93,10156497259
"223",7,1000,94,10156430995
"224",7,1000,95,10156278575
"225",7,1000,96,10156174838
"226",7,1000,97,10156279426
"227",7,1000,98,10156265322
"228",7,1000,99,10156391867
"229",7,109.74987655,1,1114633261
"230",7,109.74987655,10,1114651475
"231",7,109.74987655,100,1114699430
"232",7,109.74987655,11,1114703420
"233",7,109.74987655,12,1114609456
"234",7,109.74987655,13,1114736184
"235",7,109.74987655,14,1114653155
"236",7,109.74987655,15,1114734976
"237",7,109.74987655,16,1114687535
"238",7,109.74987655,17,1114765968
"239",7,109.74987655,18,1114724862
"240",7,109.74987655,19,1114620835
"241",7,109.74987655,2,1114671811
"242",7,109.74987655,20,1114614397
"243",7,109.74987655,21,1114690656
"244",7,109.74987655,22,1114706328
"245",7,109.74987655,23,1114701081
"246",7,109.74987655,24,1114647289
"247",7,109.74987655,25,1114652934
"248",7,109.74987655,26,1114654373
"249",7,109.74987655,27,1114654470
"250",7,109.74987655,28,1114634948
"251",7,109.74987655,29,1114677988
"252",7,109.74987655,3,1114625081
"253",7,109.74987655,30,1114652158
"254",7,109.74987655,31,1114664856
"255",7,109.74987655,32,1114617396
"256",7,109.74987655,33,1114696429
"257",7,109.74987655,34,1114670629
"258",7,109.74987655,35,1114696563
"259",7,109.74987655,36,1114699348
"260",7,109.74987655,37,1114705637
"261",7,109.74987655,38,1114633891
"262",7,109.74987655,39,1114689821
"263",7,109.74987655,4,1114689066
"264",7,109.74987655,40,1114687390
"265",7,109.74987655,41,1114726083
"266",7,109.74987655,42,1114618858
"267",7,109.74987655,43,1114713926
"268",7,109.74987655,44,1114719812
"269",7,109.74987655,45,1114675162
"270",7,109.74987655,46,1114675047
"271",7,109.74987655,47,1114707845
"272",7,109.74987655,48,1114704167
"273",7,109.74987655,49,1114662792
"274",7,109.74987655,5,1114639738
"275",7,109.74987655,50,1114686927
"276",7,109.74987655,51,1114679720
"277",7,109.74987655,52,1114696282
"278",7,109.74987655,53,1114782745
"279",7,109.74987655,54,1114652010
"280",7,109.74987655,55,1114698831
"281",7,109.74987655,56,1114668322
"282",7,109.74987655,57,1114604895
"283",7,109.74987655,58,1114661418
"284",7,109.74987655,59,1114560243
"285",7,109.74987655,6,1114681527
"286",7,109.74987655,60,1114665533
"287",7,109.74987655,61,1114695804
"288",7,109.74987655,62,1114700290
"289",7,109.74987655,63,1114694201
"290",7,109.74987655,64,1114710821
"291",7,109.74987655,65,1114637194
"292",7,109.74987655,66,1114671313
"293",7,109.74987655,67,1114681345
"294",7,109.74987655,68,1114620635
"295",7,109.74987655,69,1114661204
"296",7,109.74987655,7,1114695291
"297",7,109.74987655,70,1114680570
"298",7,109.74987655,71,1114677143
"299",7,109.74987655,72,1114773747
"300",7,109.74987655,73,1114627195
"301",7,109.74987655,74,1114602804
"302",7,109.74987655,75,1114633583
"303",7,109.74987655,76,1114641474
"304",7,109.74987655,77,1114505473
"305",7,109.74987655,78,1114709466
"306",7,109.74987655,79,1114662455
"307",7,109.74987655,8,1114728492
"308",7,109.74987655,80,1114625111
"309",7,109.74987655,81,1114637590
"310",7,109.74987655,82,1114642640
"311",7,109.74987655,83,1114701927
"312",7,109.74987655,84,1114710268
"313",7,109.74987655,85,1114723942
"314",7,109.74987655,86,1114589620
"315",7,109.74987655,87,1114662046
"316",7,109.74987655,88,1114651054
"317",7,109.74987655,89,1114695299
"318",7,109.74987655,9,1114709872
"319",7,109.74987655,90,1114677823
"320",7,109.74987655,91,1114673806
"321",7,109.74987655,92,1114598266
"322",7,109.74987655,93,1114646616
"323",7,109.74987655,94,1114652832
"324",7,109.74987655,95,1114731456
"325",7,109.74987655,96,1114668012
"326",7,109.74987655,97,1114644144
"327",7,109.74987655,98,1114673055
"328",7,109.74987655,99,1114760214
"329",7,12.0450354,1,122327391
"330",7,12.0450354,10,122340895
"331",7,12.0450354,12,122327765
"332",7,12.0450354,14,122345797
"333",7,12.0450354,15,122330180
"334",7,12.0450354,16,122334531
"335",7,12.0450354,18,122329969
"336",7,12.0450354,19,122346209
"337",7,12.0450354,20,122308746
"338",7,12.0450354,21,122328032
"339",7,12.0450354,24,122328930
"340",7,12.0450354,25,122324284
"341",7,12.0450354,27,122337925
"342",7,12.0450354,28,122340746
"343",7,12.0450354,30,122332409
"344",7,12.0450354,35,122339264
"345",7,12.0450354,38,122350080
"346",7,12.0450354,39,122337386
"347",7,12.0450354,40,122318917
"348",7,12.0450354,41,122348584
"349",7,12.0450354,42,122331728
"350",7,12.0450354,43,122328028
"351",7,12.0450354,45,122323921
"352",7,12.0450354,46,122329111
"353",7,12.0450354,47,122322946
"354",7,12.0450354,48,122332030
"355",7,12.0450354,5,122333225
"356",7,12.0450354,50,122325991
"357",7,12.0450354,54,122333826
"358",7,12.0450354,55,122287494
"359",7,12.0450354,59,122326040
"360",7,12.0450354,6,122319430
"361",7,12.0450354,60,122313387
"362",7,12.0450354,61,122334357
"363",7,12.0450354,65,122324712
"364",7,12.0450354,66,122344444
"365",7,12.0450354,71,122333160
"366",7,12.0450354,72,122345975
"367",7,12.0450354,73,122317698
"368",7,12.0450354,74,122326582
"369",7,12.0450354,75,122310328
"370",7,12.0450354,77,122329510
"371",7,12.0450354,78,122351365
"372",7,12.0450354,79,122332760
"373",7,12.0450354,8,122344025
"374",7,12.0450354,80,122323027
"375",7,12.0450354,81,1
"376",7,12.0450354,82,122330112
"377",7,12.0450354,83,122365745
"378",7,12.0450354,84,122327549
"379",7,12.0450354,85,122343240
"380",7,12.0450354,86,122339634
"381",7,12.0450354,87,122325052
"382",7,12.0450354,88,122325355
"383",7,12.0450354,90,122335327
"384",7,12.0450354,91,122337561
"385",7,12.0450354,92,122341518
"386",7,12.0450354,94,122348890
"387",7,12.0450354,95,122344864
"388",7,12.0450354,96,122335543
"389",7,123.28467394,1,1252105695
"390",7,123.28467394,10,1252107219
"391",7,123.28467394,100,1252110498
"392",7,123.28467394,11,1252091382
"393",7,123.28467394,12,1252125824
"394",7,123.28467394,13,1252162986
"395",7,123.28467394,14,1252157843
"396",7,123.28467394,15,1252157056
"397",7,123.28467394,16,1252118237
"398",7,123.28467394,17,1252056857
"399",7,123.28467394,18,1252126379
"400",7,123.28467394,19,1252062554
"401",7,123.28467394,2,1252076720
"402",7,123.28467394,20,1252077854
"403",7,123.28467394,21,1252165271
"404",7,123.28467394,22,1252069683
"405",7,123.28467394,23,1252128598
"406",7,123.28467394,24,1252110182
"407",7,123.28467394,25,1252164858
"408",7,123.28467394,26,1252194614
"409",7,123.28467394,27,1252151746
"410",7,123.28467394,28,1252129488
"411",7,123.28467394,29,1252112854
"412",7,123.28467394,3,1252191796
"413",7,123.28467394,30,1252185395
"414",7,123.28467394,31,1252080470
"415",7,123.28467394,32,1252146992
"416",7,123.28467394,33,1252130856
"417",7,123.28467394,34,1252121459
"418",7,123.28467394,35,1252110649
"419",7,123.28467394,36,1252174687
"420",7,123.28467394,37,1252142282
"421",7,123.28467394,38,1252121143
"422",7,123.28467394,39,1252080801
"423",7,123.28467394,4,1252104925
"424",7,123.28467394,40,1252137184
"425",7,123.28467394,41,1252146333
"426",7,123.28467394,42,1252091958
"427",7,123.28467394,43,1252122801
"428",7,123.28467394,44,1252075706
"429",7,123.28467394,45,1252186197
"430",7,123.28467394,46,1252222375
"431",7,123.28467394,47,1252296661
"432",7,123.28467394,48,1252107152
"433",7,123.28467394,49,1252162931
"434",7,123.28467394,5,1252229900
"435",7,123.28467394,50,1252142451
"436",7,123.28467394,51,1252046436
"437",7,123.28467394,52,1252200228
"438",7,123.28467394,53,1252221526
"439",7,123.28467394,54,1252141570
"440",7,123.28467394,55,1252125431
"441",7,123.28467394,56,1252149937
"442",7,123.28467394,57,1252126904
"443",7,123.28467394,58,1252143925
"444",7,123.28467394,59,1252222372
"445",7,123.28467394,6,1252120428
"446",7,123.28467394,60,1252133679
"447",7,123.28467394,61,1252074456
"448",7,123.28467394,62,1252157946
"449",7,123.28467394,63,1252116074
"450",7,123.28467394,64,1252177492
"451",7,123.28467394,65,1252185241
"452",7,123.28467394,66,1252071660
"453",7,123.28467394,67,1252086510
"454",7,123.28467394,68,1252113866
"455",7,123.28467394,69,1252154748
"456",7,123.28467394,7,1252063868
"457",7,123.28467394,70,1252140352
"458",7,123.28467394,71,1252225433
"459",7,123.28467394,72,1252092099
"460",7,123.28467394,73,1252241212
"461",7,123.28467394,74,1252195497
"462",7,123.28467394,75,1252129603
"463",7,123.28467394,76,1252129817
"464",7,123.28467394,77,1252132529
"465",7,123.28467394,78,1252090181
"466",7,123.28467394,79,1252103561
"467",7,123.28467394,8,1252176172
"468",7,123.28467394,80,1252186885
"469",7,123.28467394,81,1252138228
"470",7,123.28467394,82,1252166502
"471",7,123.28467394,83,1252160601
"472",7,123.28467394,84,1252108781
"473",7,123.28467394,85,1252130938
"474",7,123.28467394,86,1252183252
"475",7,123.28467394,87,1252030585
"476",7,123.28467394,88,1252141714
"477",7,123.28467394,89,1252178750
"478",7,123.28467394,9,1252124091
"479",7,123.28467394,90,1252163813
"480",7,123.28467394,91,1252123813
"481",7,123.28467394,92,1252038041
"482",7,123.28467394,93,1252130413
"483",7,123.28467394,94,1252153589
"484",7,123.28467394,95,1252132456
"485",7,123.28467394,96,1252260542
"486",7,123.28467394,97,1252196442
"487",7,123.28467394,98,1252191092
"488",7,123.28467394,99,1252290519
"489",7,13.53047775,1,137416149
"490",7,13.53047775,100,137429245
"491",7,13.53047775,12,137406517
"492",7,13.53047775,13,137408080
"493",7,13.53047775,17,1
"494",7,13.53047775,19,137434990
"495",7,13.53047775,20,137421176
"496",7,13.53047775,22,137419068
"497",7,13.53047775,24,137424953
"498",7,13.53047775,27,137419314
"499",7,13.53047775,28,137420070
"500",7,13.53047775,29,137407977
"501",7,13.53047775,3,137425118
"502",7,13.53047775,31,137430558
"503",7,13.53047775,32,137420882
"504",7,13.53047775,33,137412012
"505",7,13.53047775,35,137432856
"506",7,13.53047775,36,137427619
"507",7,13.53047775,37,137424001
"508",7,13.53047775,38,137400644
"509",7,13.53047775,39,137439439
"510",7,13.53047775,41,137398415
"511",7,13.53047775,42,137425204
"512",7,13.53047775,45,137446513
"513",7,13.53047775,49,137415280
"514",7,13.53047775,5,137437840
"515",7,13.53047775,51,137424667
"516",7,13.53047775,52,137419721
"517",7,13.53047775,53,137401680
"518",7,13.53047775,54,137403757
"519",7,13.53047775,55,137425585
"520",7,13.53047775,57,137411752
"521",7,13.53047775,58,137463874
"522",7,13.53047775,59,137420509
"523",7,13.53047775,6,137404483
"524",7,13.53047775,61,137419068
"525",7,13.53047775,62,137397262
"526",7,13.53047775,64,137427233
"527",7,13.53047775,68,137434321
"528",7,13.53047775,69,137426805
"529",7,13.53047775,70,137434930
"530",7,13.53047775,71,137412067
"531",7,13.53047775,73,137417149
"532",7,13.53047775,75,137442300
"533",7,13.53047775,76,137442258
"534",7,13.53047775,77,137413100
"535",7,13.53047775,78,137417329
"536",7,13.53047775,8,137455192
"537",7,13.53047775,80,137402693
"538",7,13.53047775,81,137420316
"539",7,13.53047775,84,137432592
"540",7,13.53047775,85,137393757
"541",7,13.53047775,87,137401984
"542",7,13.53047775,88,137400511
"543",7,13.53047775,89,137418041
"544",7,13.53047775,9,137418078
"545",7,13.53047775,91,137434214
"546",7,13.53047775,92,137432199
"547",7,13.53047775,93,137429903
"548",7,13.53047775,97,137411453
"549",7,138.48863714,1,1406470908
"550",7,138.48863714,10,1406501782
"551",7,138.48863714,100,1406565012
"552",7,138.48863714,11,1406504103
"553",7,138.48863714,12,1406532811
"554",7,138.48863714,13,1406519105
"555",7,138.48863714,14,1406480219
"556",7,138.48863714,15,1406480965
"557",7,138.48863714,16,1406533268
"558",7,138.48863714,17,1406509117
"559",7,138.48863714,18,1406593529
"560",7,138.48863714,19,1406522096
"561",7,138.48863714,2,1406555121
"562",7,138.48863714,20,1406479568
"563",7,138.48863714,21,1406615531
"564",7,138.48863714,22,1406535050
"565",7,138.48863714,23,1406568319
"566",7,138.48863714,24,1406619036
"567",7,138.48863714,25,1406644105
"568",7,138.48863714,26,1406587651
"569",7,138.48863714,27,1406558413
"570",7,138.48863714,28,1406547338
"571",7,138.48863714,29,1406499488
"572",7,138.48863714,3,1406444797
"573",7,138.48863714,30,1406584572
"574",7,138.48863714,31,1406507160
"575",7,138.48863714,32,1406541695
"576",7,138.48863714,33,1406514763
"577",7,138.48863714,34,1406493495
"578",7,138.48863714,35,1406582257
"579",7,138.48863714,36,1406572499
"580",7,138.48863714,37,1406629384
"581",7,138.48863714,38,1406480490
"582",7,138.48863714,39,1406558499
"583",7,138.48863714,4,1406561283
"584",7,138.48863714,40,1406494318
"585",7,138.48863714,41,1406540329
"586",7,138.48863714,42,1406568686
"587",7,138.48863714,43,1406604242
"588",7,138.48863714,44,1406489035
"589",7,138.48863714,45,1406586239
"590",7,138.48863714,46,1406486927
"591",7,138.48863714,47,1406500132
"592",7,138.48863714,48,1406555285
"593",7,138.48863714,49,1406579366
"594",7,138.48863714,5,1406427685
"595",7,138.48863714,50,1406648101
"596",7,138.48863714,51,1406526711
"597",7,138.48863714,52,1406654997
"598",7,138.48863714,53,1406444666
"599",7,138.48863714,54,1406516132
"600",7,138.48863714,55,1406593347
"601",7,138.48863714,56,1406615425
"602",7,138.48863714,57,1406505253
"603",7,138.48863714,58,1406486452
"604",7,138.48863714,59,1406594050
"605",7,138.48863714,6,1406606623
"606",7,138.48863714,60,1406551362
"607",7,138.48863714,61,1406615531
"608",7,138.48863714,62,1406557724
"609",7,138.48863714,63,1406505520
"610",7,138.48863714,64,1406574202
"611",7,138.48863714,65,1406587304
"612",7,138.48863714,66,1406500344
"613",7,138.48863714,67,1406565422
"614",7,138.48863714,68,1406619208
"615",7,138.48863714,69,1406553637
"616",7,138.48863714,7,1406560080
"617",7,138.48863714,70,1406515755
"618",7,138.48863714,71,1406514983
"619",7,138.48863714,72,1406520979
"620",7,138.48863714,73,1406574743
"621",7,138.48863714,74,1406485830
"622",7,138.48863714,75,1406567188
"623",7,138.48863714,76,1406620687
"624",7,138.48863714,77,1406593964
"625",7,138.48863714,78,1406531003
"626",7,138.48863714,79,1406589276
"627",7,138.48863714,8,1406586168
"628",7,138.48863714,80,1406592555
"629",7,138.48863714,81,1406502203
"630",7,138.48863714,82,1406543253
"631",7,138.48863714,83,1406547338
"632",7,138.48863714,84,1406502669
"633",7,138.48863714,85,1406569858
"634",7,138.48863714,86,1406521140
"635",7,138.48863714,87,1406578767
"636",7,138.48863714,88,1406563629
"637",7,138.48863714,89,1406459597
"638",7,138.48863714,9,1406455072
"639",7,138.48863714,90,1406608650
"640",7,138.48863714,91,1406557354
"641",7,138.48863714,92,1406552751
"642",7,138.48863714,93,1406551967
"643",7,138.48863714,94,1406560082
"644",7,138.48863714,95,1406467646
"645",7,138.48863714,96,1406519722
"646",7,138.48863714,97,1406517209
"647",7,138.48863714,98,1406660896
"648",7,138.48863714,99,1406513640
"649",7,15.19911083,1,154362690
"650",7,15.19911083,10,154389170
"651",7,15.19911083,100,154380835
"652",7,15.19911083,11,154408991
"653",7,15.19911083,12,154374016
"654",7,15.19911083,15,154375463
"655",7,15.19911083,16,154365042
"656",7,15.19911083,17,154366142
"657",7,15.19911083,19,154355178
"658",7,15.19911083,2,154349354
"659",7,15.19911083,22,154366742
"660",7,15.19911083,24,154383043
"661",7,15.19911083,25,154375766
"662",7,15.19911083,27,154402343
"663",7,15.19911083,28,154342067
"664",7,15.19911083,29,154358872
"665",7,15.19911083,3,154355543
"666",7,15.19911083,31,154377575
"667",7,15.19911083,34,154368257
"668",7,15.19911083,35,154366208
"669",7,15.19911083,36,154382021
"670",7,15.19911083,37,154364842
"671",7,15.19911083,38,154345319
"672",7,15.19911083,39,154350049
"673",7,15.19911083,40,154351687
"674",7,15.19911083,41,154342733
"675",7,15.19911083,43,154362414
"676",7,15.19911083,44,154364785
"677",7,15.19911083,48,154360041
"678",7,15.19911083,49,154371240
"679",7,15.19911083,50,154372628
"680",7,15.19911083,53,154367594
"681",7,15.19911083,54,154354943
"682",7,15.19911083,55,154390352
"683",7,15.19911083,57,154376611
"684",7,15.19911083,59,154366848
"685",7,15.19911083,6,154351013
"686",7,15.19911083,60,154365839
"687",7,15.19911083,62,154351088
"688",7,15.19911083,64,154353095
"689",7,15.19911083,65,154365949
"690",7,15.19911083,68,154340941
"691",7,15.19911083,69,154383499
"692",7,15.19911083,7,154373323
"693",7,15.19911083,70,154361272
"694",7,15.19911083,71,154382847
"695",7,15.19911083,72,154365415
"696",7,15.19911083,75,154356755
"697",7,15.19911083,76,154351456
"698",7,15.19911083,77,154355090
"699",7,15.19911083,78,154351109
"700",7,15.19911083,8,154381657
"701",7,15.19911083,83,154373950
"702",7,15.19911083,85,154351742
"703",7,15.19911083,87,154385046
"704",7,15.19911083,89,154397724
"705",7,15.19911083,9,1
"706",7,15.19911083,90,154352935
"707",7,15.19911083,92,154355317
"708",7,15.19911083,96,154380545
"709",7,15.19911083,98,154355219
"710",7,155.56761439,1,1579993283
"711",7,155.56761439,10,1580046253
"712",7,155.56761439,100,1579939516
"713",7,155.56761439,11,1580003082
"714",7,155.56761439,12,1580096307
"715",7,155.56761439,13,1579992259
"716",7,155.56761439,14,1579981327
"717",7,155.56761439,15,1580032774
"718",7,155.56761439,16,1579961713
"719",7,155.56761439,17,1580061537
"720",7,155.56761439,18,1579943044
"721",7,155.56761439,19,1580086503
"722",7,155.56761439,2,1579962131
"723",7,155.56761439,20,1579986463
"724",7,155.56761439,21,1579996697
"725",7,155.56761439,22,1579999317
"726",7,155.56761439,23,1579984597
"727",7,155.56761439,24,1579992660
"728",7,155.56761439,25,1580018596
"729",7,155.56761439,26,1579967137
"730",7,155.56761439,27,1579950884
"731",7,155.56761439,28,1579940331
"732",7,155.56761439,29,1580023691
"733",7,155.56761439,3,1580024264
"734",7,155.56761439,30,1579994031
"735",7,155.56761439,31,1579998791
"736",7,155.56761439,32,1580007662
"737",7,155.56761439,33,1579981985
"738",7,155.56761439,34,1580002044
"739",7,155.56761439,35,1580046200
"740",7,155.56761439,36,1580071917
"741",7,155.56761439,37,1580003510
"742",7,155.56761439,38,1579970168
"743",7,155.56761439,39,1580093009
"744",7,155.56761439,4,1579978571
"745",7,155.56761439,40,1579957791
"746",7,155.56761439,41,1579998154
"747",7,155.56761439,42,1580039494
"748",7,155.56761439,43,1580110901
"749",7,155.56761439,44,1579943224
"750",7,155.56761439,45,1580097857
"751",7,155.56761439,46,1579979218
"752",7,155.56761439,47,1580082189
"753",7,155.56761439,48,1580041565
"754",7,155.56761439,49,1580013332
"755",7,155.56761439,5,1580010463
"756",7,155.56761439,50,1579967618
"757",7,155.56761439,51,1579911301
"758",7,155.56761439,52,1580022850
"759",7,155.56761439,53,1579996672
"760",7,155.56761439,54,1579950245
"761",7,155.56761439,55,1579979881
"762",7,155.56761439,56,1579987421
"763",7,155.56761439,57,1580164681
"764",7,155.56761439,58,1579924133
"765",7,155.56761439,59,1580075907
"766",7,155.56761439,6,1580046533
"767",7,155.56761439,60,1580046253
"768",7,155.56761439,61,1579971111
"769",7,155.56761439,62,1579935512
"770",7,155.56761439,63,1579996695
"771",7,155.56761439,64,1579916768
"772",7,155.56761439,65,1579989754
"773",7,155.56761439,66,1579937905
"774",7,155.56761439,67,1580031514
"775",7,155.56761439,68,1580084210
"776",7,155.56761439,69,1579984668
"777",7,155.56761439,7,1579967290
"778",7,155.56761439,70,1580029812
"779",7,155.56761439,71,1580053877
"780",7,155.56761439,72,1579936090
"781",7,155.56761439,73,1579901632
"782",7,155.56761439,74,1580007844
"783",7,155.56761439,75,1579991255
"784",7,155.56761439,76,1580000896
"785",7,155.56761439,77,1579989358
"786",7,155.56761439,78,1580058053
"787",7,155.56761439,79,1579945540
"788",7,155.56761439,8,1579964177
"789",7,155.56761439,80,1579986554
"790",7,155.56761439,81,1580064367
"791",7,155.56761439,82,1580050507
"792",7,155.56761439,83,1580109909
"793",7,155.56761439,84,1579990470
"794",7,155.56761439,85,1580112476
"795",7,155.56761439,86,1580083421
"796",7,155.56761439,87,1580082612
"797",7,155.56761439,88,1580014642
"798",7,155.56761439,89,1579983066
"799",7,155.56761439,9,1580050234
"800",7,155.56761439,90,1579987325
"801",7,155.56761439,91,1580112095
"802",7,155.56761439,92,1580011644
"803",7,155.56761439,93,1580137948
"804",7,155.56761439,94,1579966745
"805",7,155.56761439,95,1580022818
"806",7,155.56761439,96,1579955266
"807",7,155.56761439,97,1580053096
"808",7,155.56761439,98,1579885769
"809",7,155.56761439,99,1579953151
"810",7,17.07352647,100,173379309
"811",7,17.07352647,15,173405581
"812",7,17.07352647,16,173436680
"813",7,17.07352647,21,173403734
"814",7,17.07352647,28,173404600
"815",7,17.07352647,40,173408184
"816",7,17.07352647,43,173389933
"817",7,17.07352647,50,173409679
"818",7,17.07352647,51,173395979
"819",7,17.07352647,62,173396748
"820",7,17.07352647,66,173407328
"821",7,17.07352647,69,173386359
"822",7,17.07352647,76,173407247
"823",7,17.07352647,79,173396071
"824",7,17.07352647,81,173414477
"825",7,17.07352647,84,173416946
"826",7,17.07352647,87,173374206
"827",7,17.07352647,95,173388641
"828",7,17.07352647,96,173388414
"829",7,17.07352647,98,173416918
"830",7,174.75284,1,1774913209
"831",7,174.75284,10,1774888073
"832",7,174.75284,100,1774867724
"833",7,174.75284,11,1774800678
"834",7,174.75284,12,1774943785
"835",7,174.75284,13,1774884605
"836",7,174.75284,14,1774831811
"837",7,174.75284,15,1774818129
"838",7,174.75284,16,1774751403
"839",7,174.75284,17,1774890755
"840",7,174.75284,18,1775042230
"841",7,174.75284,19,1774874910
"842",7,174.75284,2,1774815190
"843",7,174.75284,20,1774903646
"844",7,174.75284,21,1774861399
"845",7,174.75284,22,1774836458
"846",7,174.75284,23,1774995019
"847",7,174.75284,24,1774798076
"848",7,174.75284,25,1774905266
"849",7,174.75284,26,1774905264
"850",7,174.75284,27,1774868393
"851",7,174.75284,28,1774783397
"852",7,174.75284,29,1774905560
"853",7,174.75284,3,1774923859
"854",7,174.75284,30,1774886314
"855",7,174.75284,31,1774911668
"856",7,174.75284,32,1774852925
"857",7,174.75284,33,1774932076
"858",7,174.75284,34,1774843091
"859",7,174.75284,35,1774925133
"860",7,174.75284,36,1774884070
"861",7,174.75284,37,1774829300
"862",7,174.75284,38,1774925856
"863",7,174.75284,39,1774916066
"864",7,174.75284,4,1774931287
"865",7,174.75284,40,1774811128
"866",7,174.75284,41,1774885844
"867",7,174.75284,42,1774923751
"868",7,174.75284,43,1774871215
"869",7,174.75284,44,1774860360
"870",7,174.75284,45,1774927970
"871",7,174.75284,46,1774840233
"872",7,174.75284,47,1774875197
"873",7,174.75284,48,1774801353
"874",7,174.75284,49,1774804906
"875",7,174.75284,5,1774865246
"876",7,174.75284,50,1774865593
"877",7,174.75284,51,1774830919
"878",7,174.75284,52,1774898238
"879",7,174.75284,53,1774795878
"880",7,174.75284,54,1774857301
"881",7,174.75284,55,1774780056
"882",7,174.75284,56,1774928050
"883",7,174.75284,57,1774826249
"884",7,174.75284,58,1774807365
"885",7,174.75284,59,1774993616
"886",7,174.75284,6,1774823675
"887",7,174.75284,60,1774837484
"888",7,174.75284,61,1774968821
"889",7,174.75284,62,1774833574
"890",7,174.75284,63,1774880693
"891",7,174.75284,64,1774888859
"892",7,174.75284,65,1774876688
"893",7,174.75284,66,1774889853
"894",7,174.75284,67,1774844971
"895",7,174.75284,68,1774805199
"896",7,174.75284,69,1774864184
"897",7,174.75284,7,1774871780
"898",7,174.75284,70,1774888816
"899",7,174.75284,71,1774730875
"900",7,174.75284,72,1774940303
"901",7,174.75284,73,1774864652
"902",7,174.75284,74,1774857037
"903",7,174.75284,75,1774868579
"904",7,174.75284,76,1774750473
"905",7,174.75284,77,1774769375
"906",7,174.75284,78,1774826480
"907",7,174.75284,79,1774745142
"908",7,174.75284,8,1774855787
"909",7,174.75284,80,1774990348
"910",7,174.75284,81,1774823102
"911",7,174.75284,82,1774988666
"912",7,174.75284,83,1774852408
"913",7,174.75284,84,1774874889
"914",7,174.75284,85,1774874670
"915",7,174.75284,86,1774827911
"916",7,174.75284,87,1774919921
"917",7,174.75284,88,1774818560
"918",7,174.75284,89,1774901538
"919",7,174.75284,9,1774764470
"920",7,174.75284,90,1774863499
"921",7,174.75284,91,1774799396
"922",7,174.75284,92,1774847736
"923",7,174.75284,93,1774940211
"924",7,174.75284,94,1774794149
"925",7,174.75284,95,1774861741
"926",7,174.75284,96,1774837550
"927",7,174.75284,97,1774934549
"928",7,174.75284,98,1774750055
"929",7,174.75284,99,1774892001
"930",7,19.17910262,10,194791993
"931",7,19.17910262,100,194773734
"932",7,19.17910262,11,194845645
"933",7,19.17910262,12,194794609
"934",7,19.17910262,14,194793839
"935",7,19.17910262,15,194790315
"936",7,19.17910262,17,194749945
"937",7,19.17910262,18,194784318
"938",7,19.17910262,19,194783128
"939",7,19.17910262,2,194780170
"940",7,19.17910262,22,194767895
"941",7,19.17910262,23,194788892
"942",7,19.17910262,24,194794503
"943",7,19.17910262,25,194816451
"944",7,19.17910262,28,194799990
"945",7,19.17910262,29,194758329
"946",7,19.17910262,3,194801890
"947",7,19.17910262,30,194783578
"948",7,19.17910262,31,194777593
"949",7,19.17910262,32,194763946
"950",7,19.17910262,33,194768631
"951",7,19.17910262,34,194797589
"952",7,19.17910262,35,194787712
"953",7,19.17910262,37,194769609
"954",7,19.17910262,38,194778451
"955",7,19.17910262,4,194780531
"956",7,19.17910262,40,194791584
"957",7,19.17910262,41,194785791
"958",7,19.17910262,43,194791102
"959",7,19.17910262,44,194789888
"960",7,19.17910262,45,194772707
"961",7,19.17910262,47,194800368
"962",7,19.17910262,48,194828676
"963",7,19.17910262,50,194779574
"964",7,19.17910262,51,194764458
"965",7,19.17910262,52,194778945
"966",7,19.17910262,53,194757079
"967",7,19.17910262,54,194777244
"968",7,19.17910262,55,194781118
"969",7,19.17910262,57,194794030
"970",7,19.17910262,58,194816697
"971",7,19.17910262,59,194774582
"972",7,19.17910262,6,194790192
"973",7,19.17910262,61,194807104
"974",7,19.17910262,62,194799512
"975",7,19.17910262,63,194784577
"976",7,19.17910262,64,194794810
"977",7,19.17910262,65,194783789
"978",7,19.17910262,66,194782151
"979",7,19.17910262,68,194796429
"980",7,19.17910262,69,194797449
"981",7,19.17910262,7,194761819
"982",7,19.17910262,71,194796286
"983",7,19.17910262,73,194791523
"984",7,19.17910262,75,194811679
"985",7,19.17910262,76,194780515
"986",7,19.17910262,77,194772759
"987",7,19.17910262,78,194798287
"988",7,19.17910262,79,194790531
"989",7,19.17910262,8,194777238
"990",7,19.17910262,80,194781520
"991",7,19.17910262,81,194765291
"992",7,19.17910262,82,194808689
"993",7,19.17910262,83,194796824
"994",7,19.17910262,84,194753476
"995",7,19.17910262,85,194799502
"996",7,19.17910262,87,194775861
"997",7,19.17910262,89,194764489
"998",7,19.17910262,9,194788895
"999",7,19.17910262,90,194772821
"1000",7,19.17910262,91,194780682
"1001",7,19.17910262,92,194785442
"1002",7,19.17910262,93,194782763
"1003",7,19.17910262,95,194792638
"1004",7,19.17910262,97,194777587
"1005",7,19.17910262,98,194796052
"1006",7,196.304065,1,1993702003
"1007",7,196.304065,10,1993754292
"1008",7,196.304065,100,1993782678
"1009",7,196.304065,11,1993811697
"1010",7,196.304065,12,1993716155
"1011",7,196.304065,13,1993716980
"1012",7,196.304065,14,1993764032
"1013",7,196.304065,15,1993719124
"1014",7,196.304065,16,1993668752
"1015",7,196.304065,17,1993785095
"1016",7,196.304065,18,1993779088
"1017",7,196.304065,19,1993828920
"1018",7,196.304065,2,1993771048
"1019",7,196.304065,20,1993730851
"1020",7,196.304065,21,1993703012
"1021",7,196.304065,22,1993785456
"1022",7,196.304065,23,1993798522
"1023",7,196.304065,24,1993697998
"1024",7,196.304065,25,1993712592
"1025",7,196.304065,26,1993746016
"1026",7,196.304065,27,1993769964
"1027",7,196.304065,28,1993858903
"1028",7,196.304065,29,1993697806
"1029",7,196.304065,3,1993797648
"1030",7,196.304065,30,1993746328
"1031",7,196.304065,31,1993699110
"1032",7,196.304065,32,1993676256
"1033",7,196.304065,33,1993724870
"1034",7,196.304065,34,1993701561
"1035",7,196.304065,35,1993657172
"1036",7,196.304065,36,1993783278
"1037",7,196.304065,37,1993732079
"1038",7,196.304065,38,1993696601
"1039",7,196.304065,39,1993725132
"1040",7,196.304065,4,1993716999
"1041",7,196.304065,40,1993772285
"1042",7,196.304065,41,1993723225
"1043",7,196.304065,42,1993856832
"1044",7,196.304065,43,1993730734
"1045",7,196.304065,44,1993796500
"1046",7,196.304065,45,1993740132
"1047",7,196.304065,46,1993670702
"1048",7,196.304065,47,1993781001
"1049",7,196.304065,48,1993795451
"1050",7,196.304065,49,1993833954
"1051",7,196.304065,5,1993798703
"1052",7,196.304065,50,1993692772
"1053",7,196.304065,51,1993790778
"1054",7,196.304065,52,1993777953
"1055",7,196.304065,53,1993762844
"1056",7,196.304065,54,1993765519
"1057",7,196.304065,55,1993685476
"1058",7,196.304065,56,1993712020
"1059",7,196.304065,57,1993758795
"1060",7,196.304065,58,1993693453
"1061",7,196.304065,59,1993763016
"1062",7,196.304065,6,1993670695
"1063",7,196.304065,60,1993696586
"1064",7,196.304065,61,1993752658
"1065",7,196.304065,62,1993654015
"1066",7,196.304065,63,1993646948
"1067",7,196.304065,64,1993763440
"1068",7,196.304065,65,1993732871
"1069",7,196.304065,66,1993735784
"1070",7,196.304065,67,1993868280
"1071",7,196.304065,68,1993728669
"1072",7,196.304065,69,1993800513
"1073",7,196.304065,7,1993860006
"1074",7,196.304065,70,1993723225
"1075",7,196.304065,71,1993818762
"1076",7,196.304065,72,1993794322
"1077",7,196.304065,73,1993740230
"1078",7,196.304065,74,1993630466
"1079",7,196.304065,75,1993739100
"1080",7,196.304065,76,1993764689
"1081",7,196.304065,77,1993707577
"1082",7,196.304065,78,1993869449
"1083",7,196.304065,79,1993615189
"1084",7,196.304065,8,1993646109
"1085",7,196.304065,80,1993756208
"1086",7,196.304065,81,1993791961
"1087",7,196.304065,82,1993747579
"1088",7,196.304065,83,1993813773
"1089",7,196.304065,84,1993709744
"1090",7,196.304065,85,1993783471
"1091",7,196.304065,86,1993647133
"1092",7,196.304065,87,1993674523
"1093",7,196.304065,88,1993763484
"1094",7,196.304065,89,1993719390
"1095",7,196.304065,9,1993683678
"1096",7,196.304065,90,1993726570
"1097",7,196.304065,91,1993745143
"1098",7,196.304065,92,1993750256
"1099",7,196.304065,93,1993755772
"1100",7,196.304065,94,1993696915
"1101",7,196.304065,95,1993704447
"1102",7,196.304065,96,1993781411
"1103",7,196.304065,97,1993702887
"1104",7,196.304065,98,1993789047
"1105",7,196.304065,99,1993900212
"1106",7,2.10490414,27,21376193
"1107",7,2.10490414,3,21378097
"1108",7,2.10490414,34,21370977
"1109",7,2.10490414,50,21369139
"1110",7,2.10490414,57,21371030
"1111",7,2.10490414,59,21368832
"1112",7,2.10490414,71,21370384
"1113",7,2.10490414,79,21371183
"1114",7,2.10490414,83,21376212
"1115",7,2.10490414,86,21372686
"1116",7,2.10490414,93,21373063
"1117",7,2.10490414,95,21376677
"1118",7,2.36448941,13,24015275
"1119",7,2.36448941,15,24014129
"1120",7,2.36448941,63,24012863
"1121",7,2.36448941,65,24015594
"1122",7,2.36448941,71,24014595
"1123",7,2.36448941,76,24007172
"1124",7,2.36448941,84,24015593
"1125",7,2.36448941,87,24019184
"1126",7,2.36448941,91,24019907
"1127",7,2.65608778,1,26976356
"1128",7,2.65608778,21,26972239
"1129",7,2.65608778,3,26962711
"1130",7,2.65608778,33,26973316
"1131",7,2.65608778,48,26975917
"1132",7,2.65608778,51,26978572
"1133",7,2.65608778,54,26975351
"1134",7,2.65608778,59,26974091
"1135",7,2.65608778,64,26966813
"1136",7,2.65608778,7,26976921
"1137",7,2.65608778,72,26973211
"1138",7,2.65608778,78,26981286
"1139",7,2.65608778,80,26984427
"1140",7,2.65608778,89,26978003
"1141",7,2.65608778,95,26978155
"1142",7,2.65608778,99,1
"1143",7,2.98364724,10,30300957
"1144",7,2.98364724,100,30290031
"1145",7,2.98364724,13,30315284
"1146",7,2.98364724,26,30303068
"1147",7,2.98364724,39,30305335
"1148",7,2.98364724,40,30307496
"1149",7,2.98364724,43,30301387
"1150",7,2.98364724,44,30296989
"1151",7,2.98364724,45,30297261
"1152",7,2.98364724,48,30308021
"1153",7,2.98364724,58,30295233
"1154",7,2.98364724,6,30304565
"1155",7,2.98364724,60,30297364
"1156",7,2.98364724,61,30304557
"1157",7,2.98364724,66,30301469
"1158",7,2.98364724,67,2
"1159",7,2.98364724,76,30298801
"1160",7,2.98364724,8,30291245
"1161",7,2.98364724,85,30303271
"1162",7,2.98364724,89,30297235
"1163",7,2.98364724,92,30301727
"1164",7,2.98364724,93,30299743
"1165",7,2.98364724,94,30304946
"1166",7,2.98364724,98,30302902
"1167",7,21.5443469,1,218824904
"1168",7,21.5443469,10,218803306
"1169",7,21.5443469,11,218799445
"1170",7,21.5443469,12,218802329
"1171",7,21.5443469,14,218822118
"1172",7,21.5443469,15,218809726
"1173",7,21.5443469,16,218821341
"1174",7,21.5443469,17,218809993
"1175",7,21.5443469,18,218809832
"1176",7,21.5443469,2,218794294
"1177",7,21.5443469,21,218818051
"1178",7,21.5443469,23,218791034
"1179",7,21.5443469,24,218838404
"1180",7,21.5443469,25,218817375
"1181",7,21.5443469,27,218820712
"1182",7,21.5443469,28,218812334
"1183",7,21.5443469,29,218823820
"1184",7,21.5443469,30,218793823
"1185",7,21.5443469,31,218799510
"1186",7,21.5443469,32,218808333
"1187",7,21.5443469,33,218814699
"1188",7,21.5443469,34,218804173
"1189",7,21.5443469,35,218790729
"1190",7,21.5443469,36,218812702
"1191",7,21.5443469,37,218804680
"1192",7,21.5443469,38,218826838
"1193",7,21.5443469,39,218801221
"1194",7,21.5443469,4,218803536
"1195",7,21.5443469,40,218834369
"1196",7,21.5443469,41,218816683
"1197",7,21.5443469,44,218809330
"1198",7,21.5443469,45,218809972
"1199",7,21.5443469,46,218814260
"1200",7,21.5443469,47,218829498
"1201",7,21.5443469,48,218817294
"1202",7,21.5443469,49,218836452
"1203",7,21.5443469,5,218820434
"1204",7,21.5443469,50,218823322
"1205",7,21.5443469,51,218814771
"1206",7,21.5443469,52,218814874
"1207",7,21.5443469,53,218834110
"1208",7,21.5443469,54,218784211
"1209",7,21.5443469,56,218815948
"1210",7,21.5443469,57,218819037
"1211",7,21.5443469,58,218821977
"1212",7,21.5443469,59,218842346
"1213",7,21.5443469,6,218812441
"1214",7,21.5443469,60,218796126
"1215",7,21.5443469,61,218806294
"1216",7,21.5443469,63,218827516
"1217",7,21.5443469,64,218826894
"1218",7,21.5443469,65,218807391
"1219",7,21.5443469,66,218786156
"1220",7,21.5443469,67,218832561
"1221",7,21.5443469,69,218817888
"1222",7,21.5443469,7,218824269
"1223",7,21.5443469,70,218815140
"1224",7,21.5443469,72,218818892
"1225",7,21.5443469,73,218809186
"1226",7,21.5443469,74,218787973
"1227",7,21.5443469,75,218816454
"1228",7,21.5443469,77,218807516
"1229",7,21.5443469,78,218782465
"1230",7,21.5443469,79,218806123
"1231",7,21.5443469,8,218799477
"1232",7,21.5443469,80,218807564
"1233",7,21.5443469,81,218807401
"1234",7,21.5443469,82,218811722
"1235",7,21.5443469,85,218837203
"1236",7,21.5443469,87,218829676
"1237",7,21.5443469,88,218814913
"1238",7,21.5443469,89,218802283
"1239",7,21.5443469,9,218777507
"1240",7,21.5443469,90,218832832
"1241",7,21.5443469,91,218809562
"1242",7,21.5443469,92,218833057
"1243",7,21.5443469,93,218828553
"1244",7,21.5443469,94,218814441
"1245",7,21.5443469,95,218804124
"1246",7,21.5443469,99,218831419
"1247",7,220.51307399,1,2239640327
"1248",7,220.51307399,10,2239542416
"1249",7,220.51307399,100,2239591390
"1250",7,220.51307399,11,2239633994
"1251",7,220.51307399,12,2239598874
"1252",7,220.51307399,13,2239600585
"1253",7,220.51307399,14,2239562409
"1254",7,220.51307399,15,2239592272
"1255",7,220.51307399,16,2239753221
"1256",7,220.51307399,17,2239501378
"1257",7,220.51307399,18,2239570058
"1258",7,220.51307399,19,2239596617
"1259",7,220.51307399,2,2239740317
"1260",7,220.51307399,20,2239656064
"1261",7,220.51307399,21,2239518273
"1262",7,220.51307399,22,2239497079
"1263",7,220.51307399,23,2239583919
"1264",7,220.51307399,24,2239627675
"1265",7,220.51307399,25,2239737913
"1266",7,220.51307399,26,2239660322
"1267",7,220.51307399,27,2239592709
"1268",7,220.51307399,28,2239617504
"1269",7,220.51307399,29,2239629610
"1270",7,220.51307399,3,2239726896
"1271",7,220.51307399,30,2239634641
"1272",7,220.51307399,31,2239679587
"1273",7,220.51307399,32,2239574403
"1274",7,220.51307399,33,2239583078
"1275",7,220.51307399,34,2239688082
"1276",7,220.51307399,35,2239547759
"1277",7,220.51307399,36,2239700417
"1278",7,220.51307399,37,2239644249
"1279",7,220.51307399,38,2239567922
"1280",7,220.51307399,39,2239616563
"1281",7,220.51307399,4,2239562252
"1282",7,220.51307399,40,2239615741
"1283",7,220.51307399,41,2239752266
"1284",7,220.51307399,42,2239683514
"1285",7,220.51307399,43,2239701682
"1286",7,220.51307399,44,2239540538
"1287",7,220.51307399,45,2239646810
"1288",7,220.51307399,46,2239511324
"1289",7,220.51307399,47,2239593473
"1290",7,220.51307399,48,2239684969
"1291",7,220.51307399,49,2239606514
"1292",7,220.51307399,5,2239616858
"1293",7,220.51307399,50,2239571680
"1294",7,220.51307399,51,2239692082
"1295",7,220.51307399,52,2239764742
"1296",7,220.51307399,53,2239592398
"1297",7,220.51307399,54,2239611863
"1298",7,220.51307399,55,2239686374
"1299",7,220.51307399,56,2239694926
"1300",7,220.51307399,57,2239559203
"1301",7,220.51307399,58,2239615262
"1302",7,220.51307399,59,2239635462
"1303",7,220.51307399,6,2239658789
"1304",7,220.51307399,60,2239557150
"1305",7,220.51307399,61,2239635380
"1306",7,220.51307399,62,2239593704
"1307",7,220.51307399,63,2239554609
"1308",7,220.51307399,64,2239603250
"1309",7,220.51307399,65,2239708843
"1310",7,220.51307399,66,2239611179
"1311",7,220.51307399,67,2239598476
"1312",7,220.51307399,68,2239583388
"1313",7,220.51307399,69,2239601773
"1314",7,220.51307399,7,2239551603
"1315",7,220.51307399,70,2239651860
"1316",7,220.51307399,71,2239520967
"1317",7,220.51307399,72,2239630894
"1318",7,220.51307399,73,2239528146
"1319",7,220.51307399,74,2239622603
"1320",7,220.51307399,75,2239698279
"1321",7,220.51307399,76,2239601326
"1322",7,220.51307399,77,2239583425
"1323",7,220.51307399,78,2239651242
"1324",7,220.51307399,79,2239643863
"1325",7,220.51307399,8,2239608744
"1326",7,220.51307399,80,2239545273
"1327",7,220.51307399,81,2239655332
"1328",7,220.51307399,82,2239560602
"1329",7,220.51307399,83,2239668739
"1330",7,220.51307399,84,2239620499
"1331",7,220.51307399,85,2239599062
"1332",7,220.51307399,86,2239584627
"1333",7,220.51307399,87,2239575407
"1334",7,220.51307399,88,2239625191
"1335",7,220.51307399,89,2239671195
"1336",7,220.51307399,9,2239499387
"1337",7,220.51307399,90,2239557975
"1338",7,220.51307399,91,2239613100
"1339",7,220.51307399,92,2239697825
"1340",7,220.51307399,93,2239603711
"1341",7,220.51307399,94,2239652762
"1342",7,220.51307399,95,2239643020
"1343",7,220.51307399,96,2239749622
"1344",7,220.51307399,97,2239656067
"1345",7,220.51307399,98,2239640493
"1346",7,220.51307399,99,2239604793
"1347",7,24.20128265,1,245772806
"1348",7,24.20128265,10,245806331
"1349",7,24.20128265,12,245788790
"1350",7,24.20128265,13,245776745
"1351",7,24.20128265,14,245780409
"1352",7,24.20128265,15,245813155
"1353",7,24.20128265,16,245781227
"1354",7,24.20128265,17,245807016
"1355",7,24.20128265,18,245764572
"1356",7,24.20128265,19,245791153
"1357",7,24.20128265,2,245807692
"1358",7,24.20128265,20,245828494
"1359",7,24.20128265,21,245787824
"1360",7,24.20128265,22,245799589
"1361",7,24.20128265,23,245799670
"1362",7,24.20128265,25,245853502
"1363",7,24.20128265,27,245796505
"1364",7,24.20128265,28,245764729
"1365",7,24.20128265,29,245809875
"1366",7,24.20128265,3,245787030
"1367",7,24.20128265,30,245777892
"1368",7,24.20128265,31,245814156
"1369",7,24.20128265,32,245815317
"1370",7,24.20128265,33,245854366
"1371",7,24.20128265,34,245810436
"1372",7,24.20128265,35,245803933
"1373",7,24.20128265,37,245808488
"1374",7,24.20128265,38,245795685
"1375",7,24.20128265,39,245782289
"1376",7,24.20128265,40,245799542
"1377",7,24.20128265,41,245777499
"1378",7,24.20128265,42,245777939
"1379",7,24.20128265,43,245775610
"1380",7,24.20128265,44,245793979
"1381",7,24.20128265,45,245794170
"1382",7,24.20128265,46,245782434
"1383",7,24.20128265,47,245791018
"1384",7,24.20128265,48,245853612
"1385",7,24.20128265,49,245779024
"1386",7,24.20128265,5,245788156
"1387",7,24.20128265,50,245776127
"1388",7,24.20128265,51,245802564
"1389",7,24.20128265,52,245797892
"1390",7,24.20128265,53,245763422
"1391",7,24.20128265,54,245811929
"1392",7,24.20128265,55,245789838
"1393",7,24.20128265,56,245804804
"1394",7,24.20128265,57,245794234
"1395",7,24.20128265,58,245787769
"1396",7,24.20128265,6,1
"1397",7,24.20128265,60,245788126
"1398",7,24.20128265,61,245786032
"1399",7,24.20128265,62,245798176
"1400",7,24.20128265,63,245809791
"1401",7,24.20128265,64,245818099
"1402",7,24.20128265,65,245796246
"1403",7,24.20128265,66,245786088
"1404",7,24.20128265,68,245811036
"1405",7,24.20128265,69,245782724
"1406",7,24.20128265,7,245767242
"1407",7,24.20128265,71,245799670
"1408",7,24.20128265,72,245813121
"1409",7,24.20128265,75,245820296
"1410",7,24.20128265,76,245802098
"1411",7,24.20128265,77,245771228
"1412",7,24.20128265,78,245808548
"1413",7,24.20128265,79,245782094
"1414",7,24.20128265,8,245787310
"1415",7,24.20128265,80,245845737
"1416",7,24.20128265,81,245802198
"1417",7,24.20128265,82,245816214
"1418",7,24.20128265,83,245777833
"1419",7,24.20128265,84,245798477
"1420",7,24.20128265,85,245807333
"1421",7,24.20128265,87,245810149
"1422",7,24.20128265,89,245806424
"1423",7,24.20128265,90,245777501
"1424",7,24.20128265,91,245780896
"1425",7,24.20128265,92,245775568
"1426",7,24.20128265,93,245788341
"1427",7,24.20128265,94,245819259
"1428",7,24.20128265,95,245794891
"1429",7,24.20128265,96,245826917
"1430",7,24.20128265,97,245759222
"1431",7,24.20128265,98,245842063
"1432",7,24.20128265,99,245781861
"1433",7,247.7076356,1,2515804500
"1434",7,247.7076356,10,2515763546
"1435",7,247.7076356,100,2515909431
"1436",7,247.7076356,11,2515889180
"1437",7,247.7076356,12,2515802238
"1438",7,247.7076356,13,2516006061
"1439",7,247.7076356,14,2515807743
"1440",7,247.7076356,15,2515919793
"1441",7,247.7076356,16,2515847265
"1442",7,247.7076356,17,2515848187
"1443",7,247.7076356,18,2515747992
"1444",7,247.7076356,19,2515875508
"1445",7,247.7076356,2,2515828399
"1446",7,247.7076356,20,2515819465
"1447",7,247.7076356,21,2515908556
"1448",7,247.7076356,22,2515868755
"1449",7,247.7076356,23,2515806054
"1450",7,247.7076356,24,2515773370
"1451",7,247.7076356,25,2515825101
"1452",7,247.7076356,26,2515876537
"1453",7,247.7076356,27,2515765633
"1454",7,247.7076356,28,2515775783
"1455",7,247.7076356,29,2515864767
"1456",7,247.7076356,3,2515778044
"1457",7,247.7076356,30,2515889399
"1458",7,247.7076356,31,2515856462
"1459",7,247.7076356,32,2515817703
"1460",7,247.7076356,33,2515839398
"1461",7,247.7076356,34,2515790821
"1462",7,247.7076356,35,2515841127
"1463",7,247.7076356,36,2515751212
"1464",7,247.7076356,37,2515700609
"1465",7,247.7076356,38,2515894751
"1466",7,247.7076356,39,2515770345
"1467",7,247.7076356,4,2515825101
"1468",7,247.7076356,40,2515714291
"1469",7,247.7076356,41,2515870964
"1470",7,247.7076356,42,2515764018
"1471",7,247.7076356,43,2515891656
"1472",7,247.7076356,44,2515815916
"1473",7,247.7076356,45,2515736000
"1474",7,247.7076356,46,2515738165
"1475",7,247.7076356,47,2515760322
"1476",7,247.7076356,48,2515815462
"1477",7,247.7076356,49,2515823847
"1478",7,247.7076356,5,2515887555
"1479",7,247.7076356,50,2515746548
"1480",7,247.7076356,51,2515888286
"1481",7,247.7076356,52,2515752109
"1482",7,247.7076356,53,2515806736
"1483",7,247.7076356,54,2515759237
"1484",7,247.7076356,55,2515813313
"1485",7,247.7076356,56,2515809941
"1486",7,247.7076356,57,2515858922
"1487",7,247.7076356,58,2515794568
"1488",7,247.7076356,59,2515796024
"1489",7,247.7076356,6,2515802602
"1490",7,247.7076356,60,2515865533
"1491",7,247.7076356,61,2515842894
"1492",7,247.7076356,62,2515811213
"1493",7,247.7076356,63,2515886599
"1494",7,247.7076356,64,2515807286
"1495",7,247.7076356,65,2515923748
"1496",7,247.7076356,66,2515851903
"1497",7,247.7076356,67,2515704775
"1498",7,247.7076356,68,2515819531
"1499",7,247.7076356,69,2515870235
"1500",7,247.7076356,7,2515821419
"1501",7,247.7076356,70,2515813662
"1502",7,247.7076356,71,2515837006
"1503",7,247.7076356,72,2515870365
"1504",7,247.7076356,73,2515860217
"1505",7,247.7076356,74,2516010041
"1506",7,247.7076356,75,2515850115
"1507",7,247.7076356,76,2515842228
"1508",7,247.7076356,77,2515866136
"1509",7,247.7076356,78,2515919174
"1510",7,247.7076356,79,2515866462
"1511",7,247.7076356,8,2515830760
"1512",7,247.7076356,80,2515853381
"1513",7,247.7076356,81,2515871584
"1514",7,247.7076356,82,2515830238
"1515",7,247.7076356,83,2515781063
"1516",7,247.7076356,84,2515792481
"1517",7,247.7076356,85,2515863678
"1518",7,247.7076356,86,2515876294
"1519",7,247.7076356,87,2515805675
"1520",7,247.7076356,88,2515816137
"1521",7,247.7076356,89,2515757315
"1522",7,247.7076356,9,2515806383
"1523",7,247.7076356,90,2515726349
"1524",7,247.7076356,91,2515665445
"1525",7,247.7076356,92,2515773246
"1526",7,247.7076356,93,2515764288
"1527",7,247.7076356,94,2515847732
"1528",7,247.7076356,95,2515803634
"1529",7,247.7076356,96,2515778532
"1530",7,247.7076356,97,2515756390
"1531",7,247.7076356,98,2515830079
"1532",7,247.7076356,99,2515896094
"1533",7,27.18588243,1,276093074
"1534",7,27.18588243,10,276094526
"1535",7,27.18588243,100,276117151
"1536",7,27.18588243,11,276095374
"1537",7,27.18588243,12,276100278
"1538",7,27.18588243,13,276107365
"1539",7,27.18588243,15,276110339
"1540",7,27.18588243,17,276076321
"1541",7,27.18588243,18,276107925
"1542",7,27.18588243,19,276118574
"1543",7,27.18588243,2,276115458
"1544",7,27.18588243,20,276121937
"1545",7,27.18588243,21,276101329
"1546",7,27.18588243,22,276106451
"1547",7,27.18588243,23,276102712
"1548",7,27.18588243,24,276116956
"1549",7,27.18588243,25,276116892
"1550",7,27.18588243,26,276122806
"1551",7,27.18588243,27,276101252
"1552",7,27.18588243,28,276136694
"1553",7,27.18588243,29,276107255
"1554",7,27.18588243,3,276128025
"1555",7,27.18588243,30,276095675
"1556",7,27.18588243,31,276123607
"1557",7,27.18588243,32,276100622
"1558",7,27.18588243,33,276099774
"1559",7,27.18588243,34,276110856
"1560",7,27.18588243,35,276119690
"1561",7,27.18588243,36,276119384
"1562",7,27.18588243,39,276117959
"1563",7,27.18588243,4,276120749
"1564",7,27.18588243,40,276115828
"1565",7,27.18588243,41,276147970
"1566",7,27.18588243,43,276109077
"1567",7,27.18588243,44,276099223
"1568",7,27.18588243,45,276093829
"1569",7,27.18588243,46,276125076
"1570",7,27.18588243,47,276055433
"1571",7,27.18588243,48,276138607
"1572",7,27.18588243,5,276126020
"1573",7,27.18588243,50,276097069
"1574",7,27.18588243,51,276116440
"1575",7,27.18588243,52,276090347
"1576",7,27.18588243,54,276090756
"1577",7,27.18588243,55,276108079
"1578",7,27.18588243,56,276121603
"1579",7,27.18588243,58,276070035
"1580",7,27.18588243,59,276108852
"1581",7,27.18588243,6,276130799
"1582",7,27.18588243,60,276100762
"1583",7,27.18588243,61,276094653
"1584",7,27.18588243,62,276087480
"1585",7,27.18588243,63,276104766
"1586",7,27.18588243,64,276087209
"1587",7,27.18588243,65,276111119
"1588",7,27.18588243,66,276118521
"1589",7,27.18588243,67,276087571
"1590",7,27.18588243,68,276111289
"1591",7,27.18588243,69,276094424
"1592",7,27.18588243,7,276113110
"1593",7,27.18588243,70,276131061
"1594",7,27.18588243,71,276103550
"1595",7,27.18588243,72,276110637
"1596",7,27.18588243,73,276095569
"1597",7,27.18588243,75,276144466
"1598",7,27.18588243,76,276119423
"1599",7,27.18588243,77,276167622
"1600",7,27.18588243,78,276111995
"1601",7,27.18588243,79,276131755
"1602",7,27.18588243,8,276127892
"1603",7,27.18588243,80,276071265
"1604",7,27.18588243,81,276103141
"1605",7,27.18588243,82,276115125
"1606",7,27.18588243,84,276123857
"1607",7,27.18588243,85,276123433
"1608",7,27.18588243,86,276117959
"1609",7,27.18588243,87,276107012
"1610",7,27.18588243,88,276111614
"1611",7,27.18588243,89,276097683
"1612",7,27.18588243,90,276113361
"1613",7,27.18588243,91,276127105
"1614",7,27.18588243,92,276126477
"1615",7,27.18588243,93,276085804
"1616",7,27.18588243,95,276107759
"1617",7,27.18588243,96,276109062
"1618",7,27.18588243,97,276085223
"1619",7,27.18588243,98,276108479
"1620",7,27.18588243,99,276106529
"1621",7,278.25594022,1,2826121848
"1622",7,278.25594022,10,2826009461
"1623",7,278.25594022,100,2826133702
"1624",7,278.25594022,11,2826075398
"1625",7,278.25594022,12,2826042782
"1626",7,278.25594022,13,2826107333
"1627",7,278.25594022,14,2826065297
"1628",7,278.25594022,15,2826139452
"1629",7,278.25594022,16,2826064772
"1630",7,278.25594022,17,2826046746
"1631",7,278.25594022,18,2826048178
"1632",7,278.25594022,19,2826036823
"1633",7,278.25594022,2,2826060017
"1634",7,278.25594022,20,2826030856
"1635",7,278.25594022,21,2826028902
"1636",7,278.25594022,22,2826004424
"1637",7,278.25594022,23,2826107642
"1638",7,278.25594022,24,2826246244
"1639",7,278.25594022,25,2826134573
"1640",7,278.25594022,26,2826013703
"1641",7,278.25594022,27,2826010981
"1642",7,278.25594022,28,2826092750
"1643",7,278.25594022,29,2826015839
"1644",7,278.25594022,3,2825994029
"1645",7,278.25594022,30,2826095431
"1646",7,278.25594022,31,2826230401
"1647",7,278.25594022,32,2826057717
"1648",7,278.25594022,33,2826045864
"1649",7,278.25594022,34,2826160802
"1650",7,278.25594022,35,2826013214
"1651",7,278.25594022,36,2826031612
"1652",7,278.25594022,37,2826102686
"1653",7,278.25594022,38,2826067211
"1654",7,278.25594022,39,2826030563
"1655",7,278.25594022,4,2826000752
"1656",7,278.25594022,40,2826227210
"1657",7,278.25594022,41,2826090400
"1658",7,278.25594022,42,2826156225
"1659",7,278.25594022,43,2826189383
"1660",7,278.25594022,44,2826050713
"1661",7,278.25594022,45,2826016476
"1662",7,278.25594022,46,2826118308
"1663",7,278.25594022,47,2826245898
"1664",7,278.25594022,48,2826144493
"1665",7,278.25594022,49,2826075210
"1666",7,278.25594022,5,2826181998
"1667",7,278.25594022,50,2826084131
"1668",7,278.25594022,51,2826062887
"1669",7,278.25594022,52,2826239334
"1670",7,278.25594022,53,2826145428
"1671",7,278.25594022,54,2826082264
"1672",7,278.25594022,55,2826077951
"1673",7,278.25594022,56,2826125849
"1674",7,278.25594022,57,2826035992
"1675",7,278.25594022,58,2826148423
"1676",7,278.25594022,59,2826096732
"1677",7,278.25594022,6,2826121401
"1678",7,278.25594022,60,2826055275
"1679",7,278.25594022,61,2826190631
"1680",7,278.25594022,62,2826103882
"1681",7,278.25594022,63,2825935909
"1682",7,278.25594022,64,2826038697
"1683",7,278.25594022,65,2825990801
"1684",7,278.25594022,66,2826089606
"1685",7,278.25594022,67,2825973635
"1686",7,278.25594022,68,2825997042
"1687",7,278.25594022,69,2826049916
"1688",7,278.25594022,7,2826150683
"1689",7,278.25594022,70,2826183758
"1690",7,278.25594022,71,2826103831
"1691",7,278.25594022,72,2826143087
"1692",7,278.25594022,73,2826027049
"1693",7,278.25594022,74,2826038514
"1694",7,278.25594022,75,2826014226
"1695",7,278.25594022,76,2826117811
"1696",7,278.25594022,77,2826054224
"1697",7,278.25594022,78,2826037592
"1698",7,278.25594022,79,2825994193
"1699",7,278.25594022,8,2826160703
"1700",7,278.25594022,80,2825945908
"1701",7,278.25594022,81,2826095309
"1702",7,278.25594022,82,2826073096
"1703",7,278.25594022,83,2826142687
"1704",7,278.25594022,84,2826109891
"1705",7,278.25594022,85,2826186127
"1706",7,278.25594022,86,2826062177
"1707",7,278.25594022,87,2826072684
"1708",7,278.25594022,88,2826154031
"1709",7,278.25594022,89,2826000408
"1710",7,278.25594022,9,2826027238
"1711",7,278.25594022,90,2826040213
"1712",7,278.25594022,91,2826090814
"1713",7,278.25594022,92,2826193700
"1714",7,278.25594022,93,2826017260
"1715",7,278.25594022,94,2826101404
"1716",7,278.25594022,95,2826068653
"1717",7,278.25594022,96,2826009075
"1718",7,278.25594022,97,2826097407
"1719",7,278.25594022,98,2826052293
"1720",7,278.25594022,99,2826030511
"1721",7,3.35160265,1,34034011
"1722",7,3.35160265,10,34036741
"1723",7,3.35160265,100,34035180
"1724",7,3.35160265,22,34036458
"1725",7,3.35160265,3,34041175
"1726",7,3.35160265,34,34037713
"1727",7,3.35160265,41,34038045
"1728",7,3.35160265,42,34035878
"1729",7,3.35160265,43,34032529
"1730",7,3.35160265,5,34026292
"1731",7,3.35160265,57,34043422
"1732",7,3.35160265,67,34036899
"1733",7,3.35160265,68,34032782
"1734",7,3.35160265,74,34041054
"1735",7,3.35160265,75,34043308
"1736",7,3.35160265,76,34036609
"1737",7,3.35160265,77,34028493
"1738",7,3.35160265,78,34030669
"1739",7,3.35160265,87,34042373
"1740",7,3.35160265,95,34048854
"1741",7,3.76493581,1,38236383
"1742",7,3.76493581,100,38239840
"1743",7,3.76493581,12,38231983
"1744",7,3.76493581,28,38248566
"1745",7,3.76493581,34,38239073
"1746",7,3.76493581,41,38239590
"1747",7,3.76493581,43,38234861
"1748",7,3.76493581,44,38233998
"1749",7,3.76493581,49,38232814
"1750",7,3.76493581,52,38229607
"1751",7,3.76493581,53,38246406
"1752",7,3.76493581,60,38237349
"1753",7,3.76493581,63,38224254
"1754",7,3.76493581,64,38237081
"1755",7,3.76493581,65,38218352
"1756",7,3.76493581,74,38248259
"1757",7,3.76493581,76,38240768
"1758",7,3.76493581,77,38242993
"1759",7,3.76493581,93,38240498
"1760",7,3.76493581,94,38233339
"1761",7,30.53855509,1,310162547
"1762",7,30.53855509,10,310187733
"1763",7,30.53855509,100,310197786
"1764",7,30.53855509,12,310174927
"1765",7,30.53855509,13,310181492
"1766",7,30.53855509,14,310173588
"1767",7,30.53855509,15,310189298
"1768",7,30.53855509,16,310194533
"1769",7,30.53855509,17,310108536
"1770",7,30.53855509,18,310178438
"1771",7,30.53855509,19,310173668
"1772",7,30.53855509,2,310142180
"1773",7,30.53855509,20,310186248
"1774",7,30.53855509,21,310177542
"1775",7,30.53855509,22,310157435
"1776",7,30.53855509,23,310171974
"1777",7,30.53855509,24,310185526
"1778",7,30.53855509,25,310162164
"1779",7,30.53855509,26,310173833
"1780",7,30.53855509,28,310142634
"1781",7,30.53855509,29,310151945
"1782",7,30.53855509,3,310176547
"1783",7,30.53855509,30,310189192
"1784",7,30.53855509,31,310150090
"1785",7,30.53855509,32,310161628
"1786",7,30.53855509,33,310185983
"1787",7,30.53855509,34,310176207
"1788",7,30.53855509,35,310150780
"1789",7,30.53855509,37,310158784
"1790",7,30.53855509,38,310137449
"1791",7,30.53855509,39,310170893
"1792",7,30.53855509,4,310184211
"1793",7,30.53855509,40,310163262
"1794",7,30.53855509,41,310212470
"1795",7,30.53855509,42,310181118
"1796",7,30.53855509,43,310170374
"1797",7,30.53855509,44,310129127
"1798",7,30.53855509,45,310140335
"1799",7,30.53855509,46,310153439
"1800",7,30.53855509,47,310156449
"1801",7,30.53855509,48,310159691
"1802",7,30.53855509,49,310162178
"1803",7,30.53855509,5,310116563
"1804",7,30.53855509,50,310154232
"1805",7,30.53855509,51,1
"1806",7,30.53855509,52,310173836
"1807",7,30.53855509,53,310141574
"1808",7,30.53855509,54,310170977
"1809",7,30.53855509,55,310141528
"1810",7,30.53855509,57,310151625
"1811",7,30.53855509,58,310165050
"1812",7,30.53855509,59,310139758
"1813",7,30.53855509,6,310175360
"1814",7,30.53855509,60,310155626
"1815",7,30.53855509,61,310152494
"1816",7,30.53855509,63,310144612
"1817",7,30.53855509,65,310171335
"1818",7,30.53855509,66,310142635
"1819",7,30.53855509,67,310156275
"1820",7,30.53855509,68,310176495
"1821",7,30.53855509,69,310167410
"1822",7,30.53855509,7,310141896
"1823",7,30.53855509,70,310169312
"1824",7,30.53855509,71,310144391
"1825",7,30.53855509,72,310168033
"1826",7,30.53855509,74,308401657
"1827",7,30.53855509,76,310175097
"1828",7,30.53855509,78,310135636
"1829",7,30.53855509,79,310160433
"1830",7,30.53855509,8,310132042
"1831",7,30.53855509,80,310201313
"1832",7,30.53855509,81,310143496
"1833",7,30.53855509,83,310192629
"1834",7,30.53855509,84,310151273
"1835",7,30.53855509,85,310181352
"1836",7,30.53855509,86,310146803
"1837",7,30.53855509,88,310186272
"1838",7,30.53855509,89,310179563
"1839",7,30.53855509,9,310161427
"1840",7,30.53855509,90,310145017
"1841",7,30.53855509,92,310164834
"1842",7,30.53855509,94,310124771
"1843",7,30.53855509,95,310177055
"1844",7,30.53855509,96,310201116
"1845",7,30.53855509,97,310204593
"1846",7,30.53855509,98,310223364
"1847",7,30.53855509,99,310176806
"1848",7,312.57158497,1,3174665301
"1849",7,312.57158497,10,3174575984
"1850",7,312.57158497,100,3174642883
"1851",7,312.57158497,11,3174559661
"1852",7,312.57158497,12,3174565872
"1853",7,312.57158497,13,3174590505
"1854",7,312.57158497,14,3174663681
"1855",7,312.57158497,15,3174538005
"1856",7,312.57158497,16,3174656098
"1857",7,312.57158497,17,3174763813
"1858",7,312.57158497,18,3174625743
"1859",7,312.57158497,19,3174512706
"1860",7,312.57158497,2,3174408333
"1861",7,312.57158497,20,3174602952
"1862",7,312.57158497,21,3174589269
"1863",7,312.57158497,22,3174678767
"1864",7,312.57158497,23,3174500717
"1865",7,312.57158497,24,3174601358
"1866",7,312.57158497,25,3174668880
"1867",7,312.57158497,26,3174623820
"1868",7,312.57158497,27,3174703600
"1869",7,312.57158497,28,3174623826
"1870",7,312.57158497,29,3174702544
"1871",7,312.57158497,3,3174608109
"1872",7,312.57158497,30,3174705983
"1873",7,312.57158497,31,3174670953
"1874",7,312.57158497,32,3174610270
"1875",7,312.57158497,33,3174512250
"1876",7,312.57158497,34,3174694411
"1877",7,312.57158497,35,3174543834
"1878",7,312.57158497,36,3174541598
"1879",7,312.57158497,37,3174481426
"1880",7,312.57158497,38,3174595664
"1881",7,312.57158497,39,3174593647
"1882",7,312.57158497,4,3174656386
"1883",7,312.57158497,40,3174556731
"1884",7,312.57158497,41,3174542846
"1885",7,312.57158497,42,3174513846
"1886",7,312.57158497,43,3174583214
"1887",7,312.57158497,44,3174514457
"1888",7,312.57158497,45,3174543696
"1889",7,312.57158497,46,3174717515
"1890",7,312.57158497,47,3174572178
"1891",7,312.57158497,48,3174659669
"1892",7,312.57158497,49,3174534650
"1893",7,312.57158497,5,3174715911
"1894",7,312.57158497,50,3174681212
"1895",7,312.57158497,51,3174666193
"1896",7,312.57158497,52,3174587590
"1897",7,312.57158497,53,3174677479
"1898",7,312.57158497,54,3174541107
"1899",7,312.57158497,55,3174496651
"1900",7,312.57158497,56,3174592155
"1901",7,312.57158497,57,3174647456
"1902",7,312.57158497,58,3174551868
"1903",7,312.57158497,59,3174729078
"1904",7,312.57158497,6,3174619886
"1905",7,312.57158497,60,3174626885
"1906",7,312.57158497,61,3174553015
"1907",7,312.57158497,62,3174584969
"1908",7,312.57158497,63,3174653733
"1909",7,312.57158497,64,3174579598
"1910",7,312.57158497,65,3174555254
"1911",7,312.57158497,66,3174562215
"1912",7,312.57158497,67,3174487533
"1913",7,312.57158497,68,3174678342
"1914",7,312.57158497,69,3174439820
"1915",7,312.57158497,7,3174607834
"1916",7,312.57158497,70,3174491553
"1917",7,312.57158497,71,3174703548
"1918",7,312.57158497,72,3174627286
"1919",7,312.57158497,73,3174637696
"1920",7,312.57158497,74,3174654068
"1921",7,312.57158497,75,3174570389
"1922",7,312.57158497,76,3174560729
"1923",7,312.57158497,77,3174707056
"1924",7,312.57158497,78,3174548712
"1925",7,312.57158497,79,3174620928
"1926",7,312.57158497,8,3174496282
"1927",7,312.57158497,80,3174548476
"1928",7,312.57158497,81,3174515184
"1929",7,312.57158497,82,3174685432
"1930",7,312.57158497,83,3174596778
"1931",7,312.57158497,84,3174587600
"1932",7,312.57158497,85,3174707355
"1933",7,312.57158497,86,3174574064
"1934",7,312.57158497,87,3174635370
"1935",7,312.57158497,88,3174640538
"1936",7,312.57158497,89,3174662285
"1937",7,312.57158497,9,3174649578
"1938",7,312.57158497,90,3174583887
"1939",7,312.57158497,91,3174565233
"1940",7,312.57158497,92,3174586381
"1941",7,312.57158497,93,3174710659
"1942",7,312.57158497,94,3174666882
"1943",7,312.57158497,95,3174657828
"1944",7,312.57158497,96,3174583483
"1945",7,312.57158497,97,3174661187
"1946",7,312.57158497,98,3174694060
"1947",7,312.57158497,99,3174658284
"1948",7,34.30469286,1,348414693
"1949",7,34.30469286,11,348397083
"1950",7,34.30469286,12,348408512
"1951",7,34.30469286,13,348455708
"1952",7,34.30469286,14,348409539
"1953",7,34.30469286,15,348441967
"1954",7,34.30469286,16,348450037
"1955",7,34.30469286,17,348384206
"1956",7,34.30469286,18,348409968
"1957",7,34.30469286,19,348431651
"1958",7,34.30469286,2,348378843
"1959",7,34.30469286,20,348434536
"1960",7,34.30469286,21,348456036
"1961",7,34.30469286,22,348409052
"1962",7,34.30469286,23,348435632
"1963",7,34.30469286,24,348403295
"1964",7,34.30469286,25,348414696
"1965",7,34.30469286,26,348409613
"1966",7,34.30469286,27,348382093
"1967",7,34.30469286,28,348425795
"1968",7,34.30469286,29,348416131
"1969",7,34.30469286,3,348429462
"1970",7,34.30469286,30,348429595
"1971",7,34.30469286,31,348420965
"1972",7,34.30469286,32,348414552
"1973",7,34.30469286,33,348409306
"1974",7,34.30469286,34,348375370
"1975",7,34.30469286,35,348406554
"1976",7,34.30469286,36,348408763
"1977",7,34.30469286,37,348384543
"1978",7,34.30469286,38,348442050
"1979",7,34.30469286,39,348424481
"1980",7,34.30469286,4,348432927
"1981",7,34.30469286,40,348401390
"1982",7,34.30469286,41,348427071
"1983",7,34.30469286,42,348429644
"1984",7,34.30469286,44,348384225
"1985",7,34.30469286,45,348408562
"1986",7,34.30469286,46,348413748
"1987",7,34.30469286,47,348419585
"1988",7,34.30469286,48,348372434
"1989",7,34.30469286,49,348418881
"1990",7,34.30469286,5,348435842
"1991",7,34.30469286,50,348411353
"1992",7,34.30469286,51,348402593
"1993",7,34.30469286,52,348397862
"1994",7,34.30469286,53,348422013
"1995",7,34.30469286,54,348378726
"1996",7,34.30469286,55,348421429
"1997",7,34.30469286,56,348411410
"1998",7,34.30469286,57,348389966
"1999",7,34.30469286,58,348451677
"2000",7,34.30469286,59,348390014
"2001",7,34.30469286,6,348406513
"2002",7,34.30469286,60,348398227
"2003",7,34.30469286,61,348391801
"2004",7,34.30469286,62,348434803
"2005",7,34.30469286,64,348378548
"2006",7,34.30469286,65,348404503
"2007",7,34.30469286,66,348427055
"2008",7,34.30469286,67,348388025
"2009",7,34.30469286,68,348409138
"2010",7,34.30469286,69,348428976
"2011",7,34.30469286,7,348422914
"2012",7,34.30469286,70,348449486
"2013",7,34.30469286,71,348424688
"2014",7,34.30469286,72,348428304
"2015",7,34.30469286,73,348394533
"2016",7,34.30469286,74,348439539
"2017",7,34.30469286,75,348392614
"2018",7,34.30469286,76,348383212
"2019",7,34.30469286,77,348428765
"2020",7,34.30469286,78,348434711
"2021",7,34.30469286,79,348436535
"2022",7,34.30469286,8,348399998
"2023",7,34.30469286,80,348424254
"2024",7,34.30469286,81,348431236
"2025",7,34.30469286,82,348442030
"2026",7,34.30469286,83,348452240
"2027",7,34.30469286,84,348418677
"2028",7,34.30469286,86,348415287
"2029",7,34.30469286,87,348381150
"2030",7,34.30469286,88,348454393
"2031",7,34.30469286,89,348408895
"2032",7,34.30469286,9,348432864
"2033",7,34.30469286,90,348423205
"2034",7,34.30469286,91,348417650
"2035",7,34.30469286,92,348423417
"2036",7,34.30469286,94,348422372
"2037",7,34.30469286,95,348409296
"2038",7,34.30469286,96,348397201
"2039",7,34.30469286,97,348389577
"2040",7,34.30469286,98,348378988
"2041",7,34.30469286,99,348423438
"2042",7,351.11917342,1,3566021632
"2043",7,351.11917342,10,3566084699
"2044",7,351.11917342,100,3566188132
"2045",7,351.11917342,11,3566124595
"2046",7,351.11917342,12,3566025619
"2047",7,351.11917342,13,3566313387
"2048",7,351.11917342,14,3566244477
"2049",7,351.11917342,15,3566026985
"2050",7,351.11917342,16,3566145110
"2051",7,351.11917342,17,3566066582
"2052",7,351.11917342,18,3566114999
"2053",7,351.11917342,19,3566051391
"2054",7,351.11917342,2,3566011542
"2055",7,351.11917342,20,3566035218
"2056",7,351.11917342,21,3566088574
"2057",7,351.11917342,22,3566100533
"2058",7,351.11917342,23,3566086740
"2059",7,351.11917342,24,3566034752
"2060",7,351.11917342,25,3566156956
"2061",7,351.11917342,26,3566092442
"2062",7,351.11917342,27,3566131893
"2063",7,351.11917342,28,3566098772
"2064",7,351.11917342,29,3566110199
"2065",7,351.11917342,3,3565948916
"2066",7,351.11917342,30,3566050532
"2067",7,351.11917342,31,3566028769
"2068",7,351.11917342,32,3566037982
"2069",7,351.11917342,33,3566036938
"2070",7,351.11917342,34,3566146924
"2071",7,351.11917342,35,3566117248
"2072",7,351.11917342,36,3566248629
"2073",7,351.11917342,37,3566072441
"2074",7,351.11917342,38,3566054849
"2075",7,351.11917342,39,3566068268
"2076",7,351.11917342,4,3566130029
"2077",7,351.11917342,40,3566051915
"2078",7,351.11917342,41,3566257038
"2079",7,351.11917342,42,3566123909
"2080",7,351.11917342,43,3566092201
"2081",7,351.11917342,44,3566147657
"2082",7,351.11917342,45,3566102784
"2083",7,351.11917342,46,3566075407
"2084",7,351.11917342,47,3566089891
"2085",7,351.11917342,48,3566136864
"2086",7,351.11917342,49,3566178848
"2087",7,351.11917342,5,3566179796
"2088",7,351.11917342,50,3566124923
"2089",7,351.11917342,51,3566074695
"2090",7,351.11917342,52,3566058906
"2091",7,351.11917342,53,3565923170
"2092",7,351.11917342,54,3566041120
"2093",7,351.11917342,55,3566061003
"2094",7,351.11917342,56,3566000616
"2095",7,351.11917342,57,3566062176
"2096",7,351.11917342,58,3566263795
"2097",7,351.11917342,59,3566091021
"2098",7,351.11917342,6,3566078771
"2099",7,351.11917342,60,3566101214
"2100",7,351.11917342,61,3566080009
"2101",7,351.11917342,62,3565976388
"2102",7,351.11917342,63,3566082040
"2103",7,351.11917342,64,3566227530
"2104",7,351.11917342,65,3565996716
"2105",7,351.11917342,66,3566121405
"2106",7,351.11917342,67,3566010504
"2107",7,351.11917342,68,3566074534
"2108",7,351.11917342,69,3566091162
"2109",7,351.11917342,7,3566244477
"2110",7,351.11917342,70,3566044166
"2111",7,351.11917342,71,3566098030
"2112",7,351.11917342,72,3566086190
"2113",7,351.11917342,73,3566195780
"2114",7,351.11917342,74,3566220888
"2115",7,351.11917342,75,3566022083
"2116",7,351.11917342,76,3566090589
"2117",7,351.11917342,77,3566184541
"2118",7,351.11917342,78,3566170509
"2119",7,351.11917342,79,3566159117
"2120",7,351.11917342,8,3566163479
"2121",7,351.11917342,80,3566141771
"2122",7,351.11917342,81,3566108344
"2123",7,351.11917342,82,3566261989
"2124",7,351.11917342,83,3566067261
"2125",7,351.11917342,84,3566208020
"2126",7,351.11917342,85,3566059038
"2127",7,351.11917342,86,3566096680
"2128",7,351.11917342,87,3566139410
"2129",7,351.11917342,88,3566040640
"2130",7,351.11917342,89,3566114777
"2131",7,351.11917342,9,3566069685
"2132",7,351.11917342,90,3565969413
"2133",7,351.11917342,91,3566062047
"2134",7,351.11917342,92,3566102502
"2135",7,351.11917342,93,3566051486
"2136",7,351.11917342,94,3566048644
"2137",7,351.11917342,95,3566047921
"2138",7,351.11917342,96,3566313439
"2139",7,351.11917342,97,3566096973
"2140",7,351.11917342,98,3566141427
"2141",7,351.11917342,99,3566140727
"2142",7,38.53528594,1,391403891
"2143",7,38.53528594,10,391395828
"2144",7,38.53528594,100,391386351
"2145",7,38.53528594,11,391387374
"2146",7,38.53528594,13,391361831
"2147",7,38.53528594,14,391337186
"2148",7,38.53528594,15,391374917
"2149",7,38.53528594,16,391379186
"2150",7,38.53528594,17,391371153
"2151",7,38.53528594,18,391419532
"2152",7,38.53528594,19,391394742
"2153",7,38.53528594,2,391361604
"2154",7,38.53528594,20,391360677
"2155",7,38.53528594,21,391411569
"2156",7,38.53528594,22,391438673
"2157",7,38.53528594,23,391382865
"2158",7,38.53528594,24,391381694
"2159",7,38.53528594,25,391345104
"2160",7,38.53528594,26,391346693
"2161",7,38.53528594,27,391371578
"2162",7,38.53528594,28,391382636
"2163",7,38.53528594,29,391345637
"2164",7,38.53528594,3,391366245
"2165",7,38.53528594,30,391361463
"2166",7,38.53528594,31,391364783
"2167",7,38.53528594,32,391346669
"2168",7,38.53528594,33,391413655
"2169",7,38.53528594,34,391345179
"2170",7,38.53528594,35,391399234
"2171",7,38.53528594,37,391397416
"2172",7,38.53528594,38,391412890
"2173",7,38.53528594,39,391396809
"2174",7,38.53528594,4,391401553
"2175",7,38.53528594,40,391386306
"2176",7,38.53528594,41,391389978
"2177",7,38.53528594,42,391356309
"2178",7,38.53528594,43,391350610
"2179",7,38.53528594,44,391389159
"2180",7,38.53528594,45,391376223
"2181",7,38.53528594,46,391364172
"2182",7,38.53528594,47,391393365
"2183",7,38.53528594,48,391354887
"2184",7,38.53528594,49,391390042
"2185",7,38.53528594,5,391417163
"2186",7,38.53528594,50,391377776
"2187",7,38.53528594,51,391379735
"2188",7,38.53528594,52,391379195
"2189",7,38.53528594,53,391409945
"2190",7,38.53528594,55,391351155
"2191",7,38.53528594,56,391418226
"2192",7,38.53528594,57,391419046
"2193",7,38.53528594,58,391407290
"2194",7,38.53528594,59,391405475
"2195",7,38.53528594,6,391400399
"2196",7,38.53528594,60,391386450
"2197",7,38.53528594,61,391339326
"2198",7,38.53528594,62,391402090
"2199",7,38.53528594,64,391379056
"2200",7,38.53528594,65,391423104
"2201",7,38.53528594,66,391393982
"2202",7,38.53528594,67,391368812
"2203",7,38.53528594,68,391397062
"2204",7,38.53528594,69,391407155
"2205",7,38.53528594,7,391358840
"2206",7,38.53528594,70,391387034
"2207",7,38.53528594,71,391369626
"2208",7,38.53528594,72,391386332
"2209",7,38.53528594,73,391384321
"2210",7,38.53528594,75,391400798
"2211",7,38.53528594,76,391357039
"2212",7,38.53528594,77,391376030
"2213",7,38.53528594,78,391366459
"2214",7,38.53528594,79,391388252
"2215",7,38.53528594,8,391448557
"2216",7,38.53528594,80,391376989
"2217",7,38.53528594,81,391334763
"2218",7,38.53528594,82,391387202
"2219",7,38.53528594,83,391362745
"2220",7,38.53528594,84,391409446
"2221",7,38.53528594,85,391362742
"2222",7,38.53528594,86,391389502
"2223",7,38.53528594,87,391405727
"2224",7,38.53528594,88,391283638
"2225",7,38.53528594,89,391383576
"2226",7,38.53528594,9,391392676
"2227",7,38.53528594,91,391343712
"2228",7,38.53528594,92,391379069
"2229",7,38.53528594,93,391355239
"2230",7,38.53528594,94,391351328
"2231",7,38.53528594,95,391366784
"2232",7,38.53528594,96,391345773
"2233",7,38.53528594,97,391412283
"2234",7,38.53528594,98,391390038
"2235",7,38.53528594,99,391407221
"2236",7,394.42060594,1,4005967280
"2237",7,394.42060594,10,4005874543
"2238",7,394.42060594,100,4005961301
"2239",7,394.42060594,11,4005906044
"2240",7,394.42060594,12,4005711267
"2241",7,394.42060594,13,4005968964
"2242",7,394.42060594,14,4005916647
"2243",7,394.42060594,15,4005963807
"2244",7,394.42060594,16,4005865564
"2245",7,394.42060594,17,4005880982
"2246",7,394.42060594,18,4005988241
"2247",7,394.42060594,19,4005922263
"2248",7,394.42060594,2,4005993105
"2249",7,394.42060594,20,4005993105
"2250",7,394.42060594,21,4005816057
"2251",7,394.42060594,22,4005818544
"2252",7,394.42060594,23,4005816322
"2253",7,394.42060594,24,4005906246
"2254",7,394.42060594,25,4005972065
"2255",7,394.42060594,26,4005964353
"2256",7,394.42060594,27,4005853782
"2257",7,394.42060594,28,4005941012
"2258",7,394.42060594,29,4005802488
"2259",7,394.42060594,3,4005752627
"2260",7,394.42060594,30,4005916531
"2261",7,394.42060594,31,4005928938
"2262",7,394.42060594,32,4005889105
"2263",7,394.42060594,33,4006031175
"2264",7,394.42060594,34,4005870790
"2265",7,394.42060594,35,4005916076
"2266",7,394.42060594,36,4005983333
"2267",7,394.42060594,37,4005970466
"2268",7,394.42060594,38,4005853173
"2269",7,394.42060594,39,4005998629
"2270",7,394.42060594,4,4005856380
"2271",7,394.42060594,40,4005871363
"2272",7,394.42060594,41,4005907127
"2273",7,394.42060594,42,4005764058
"2274",7,394.42060594,43,4005915424
"2275",7,394.42060594,44,4005899799
"2276",7,394.42060594,45,4005897458
"2277",7,394.42060594,46,4005804901
"2278",7,394.42060594,47,4005886871
"2279",7,394.42060594,48,4005851623
"2280",7,394.42060594,49,4006009342
"2281",7,394.42060594,5,4005858054
"2282",7,394.42060594,50,4005866908
"2283",7,394.42060594,51,4005881834
"2284",7,394.42060594,52,4005930540
"2285",7,394.42060594,53,4005790847
"2286",7,394.42060594,54,4005964410
"2287",7,394.42060594,55,4005899110
"2288",7,394.42060594,56,4005711342
"2289",7,394.42060594,57,4005934817
"2290",7,394.42060594,58,4005962198
"2291",7,394.42060594,59,4005875234
"2292",7,394.42060594,6,4005849039
"2293",7,394.42060594,60,4005898198
"2294",7,394.42060594,61,4005935421
"2295",7,394.42060594,62,4005902343
"2296",7,394.42060594,63,4005874114
"2297",7,394.42060594,64,4005815175
"2298",7,394.42060594,65,4005784408
"2299",7,394.42060594,66,4005849528
"2300",7,394.42060594,67,4005877711
"2301",7,394.42060594,68,4005843565
"2302",7,394.42060594,69,4005897956
"2303",7,394.42060594,7,4006044455
"2304",7,394.42060594,70,4005978065
"2305",7,394.42060594,71,4005827076
"2306",7,394.42060594,72,4005813946
"2307",7,394.42060594,73,4005940885
"2308",7,394.42060594,74,4005861604
"2309",7,394.42060594,75,4005767032
"2310",7,394.42060594,76,4005924673
"2311",7,394.42060594,77,4005926845
"2312",7,394.42060594,78,4005784302
"2313",7,394.42060594,79,4005813424
"2314",7,394.42060594,8,4005893562
"2315",7,394.42060594,80,4005888996
"2316",7,394.42060594,81,4005955899
"2317",7,394.42060594,82,4005910436
"2318",7,394.42060594,83,4005944067
"2319",7,394.42060594,84,4005945242
"2320",7,394.42060594,85,4005830314
"2321",7,394.42060594,86,4005936502
"2322",7,394.42060594,87,4005780385
"2323",7,394.42060594,88,4005838529
"2324",7,394.42060594,89,4005969453
"2325",7,394.42060594,9,4005949144
"2326",7,394.42060594,90,4005792759
"2327",7,394.42060594,91,4005816908
"2328",7,394.42060594,92,4005896511
"2329",7,394.42060594,93,4005975823
"2330",7,394.42060594,94,4005861641
"2331",7,394.42060594,95,4005840781
"2332",7,394.42060594,96,4005936238
"2333",7,394.42060594,97,4005856860
"2334",7,394.42060594,98,4005879819
"2335",7,394.42060594,99,4005896902
"2336",7,4.22924287,10,42947158
"2337",7,4.22924287,14,42956853
"2338",7,4.22924287,16,42949901
"2339",7,4.22924287,34,42967933
"2340",7,4.22924287,36,42947185
"2341",7,4.22924287,37,42939907
"2342",7,4.22924287,4,42955941
"2343",7,4.22924287,44,42943595
"2344",7,4.22924287,5,42952936
"2345",7,4.22924287,57,42962080
"2346",7,4.22924287,58,42965893
"2347",7,4.22924287,63,42952143
"2348",7,4.22924287,66,42948568
"2349",7,4.22924287,68,42957502
"2350",7,4.22924287,72,42956383
"2351",7,4.22924287,77,42949068
"2352",7,4.22924287,79,42949022
"2353",7,4.22924287,85,42950618
"2354",7,4.22924287,89,42954214
"2355",7,4.22924287,90,42954230
"2356",7,4.22924287,96,42952969
"2357",7,4.22924287,97,42940341
"2358",7,4.22924287,99,42951365
"2359",7,4.75081016,100,48245867
"2360",7,4.75081016,11,48249881
"2361",7,4.75081016,13,48235739
"2362",7,4.75081016,19,48253019
"2363",7,4.75081016,20,48243279
"2364",7,4.75081016,25,48235020
"2365",7,4.75081016,3,48256246
"2366",7,4.75081016,31,48232099
"2367",7,4.75081016,32,48243625
"2368",7,4.75081016,33,48243268
"2369",7,4.75081016,38,48252351
"2370",7,4.75081016,4,48256833
"2371",7,4.75081016,42,48250645
"2372",7,4.75081016,43,48251531
"2373",7,4.75081016,45,48254876
"2374",7,4.75081016,46,48240811
"2375",7,4.75081016,53,48238687
"2376",7,4.75081016,57,48253734
"2377",7,4.75081016,68,48250100
"2378",7,4.75081016,69,48239090
"2379",7,4.75081016,78,48241634
"2380",7,4.75081016,80,48258339
"2381",7,4.75081016,81,48253019
"2382",7,4.75081016,86,48243016
"2383",7,4.75081016,92,48244615
"2384",7,4.75081016,98,48247805
"2385",7,43.28761281,1,439675686
"2386",7,43.28761281,10,439676898
"2387",7,43.28761281,100,439578335
"2388",7,43.28761281,11,439621469
"2389",7,43.28761281,13,439644787
"2390",7,43.28761281,14,439691772
"2391",7,43.28761281,15,439640668
"2392",7,43.28761281,16,439633682
"2393",7,43.28761281,17,439663990
"2394",7,43.28761281,18,439654322
"2395",7,43.28761281,19,439612501
"2396",7,43.28761281,2,439626010
"2397",7,43.28761281,20,439644125
"2398",7,43.28761281,21,439650800
"2399",7,43.28761281,22,439681196
"2400",7,43.28761281,24,439673060
"2401",7,43.28761281,25,439643143
"2402",7,43.28761281,27,439658755
"2403",7,43.28761281,28,439675225
"2404",7,43.28761281,29,439621356
"2405",7,43.28761281,3,439655055
"2406",7,43.28761281,30,439634600
"2407",7,43.28761281,31,439645617
"2408",7,43.28761281,32,439647997
"2409",7,43.28761281,34,439630468
"2410",7,43.28761281,35,439640416
"2411",7,43.28761281,36,439636634
"2412",7,43.28761281,37,439638588
"2413",7,43.28761281,38,439660214
"2414",7,43.28761281,39,439686554
"2415",7,43.28761281,4,439650257
"2416",7,43.28761281,40,439651119
"2417",7,43.28761281,41,439678569
"2418",7,43.28761281,42,439651253
"2419",7,43.28761281,43,439641229
"2420",7,43.28761281,44,439641126
"2421",7,43.28761281,45,439659378
"2422",7,43.28761281,46,439637998
"2423",7,43.28761281,47,439657951
"2424",7,43.28761281,48,439648869
"2425",7,43.28761281,49,439640769
"2426",7,43.28761281,5,439656383
"2427",7,43.28761281,50,439634854
"2428",7,43.28761281,51,439631828
"2429",7,43.28761281,52,439597933
"2430",7,43.28761281,53,439628261
"2431",7,43.28761281,54,439674334
"2432",7,43.28761281,55,439636472
"2433",7,43.28761281,56,439661152
"2434",7,43.28761281,57,439616002
"2435",7,43.28761281,58,439684946
"2436",7,43.28761281,59,439649689
"2437",7,43.28761281,6,439630670
"2438",7,43.28761281,60,439657677
"2439",7,43.28761281,61,439633747
"2440",7,43.28761281,62,439651911
"2441",7,43.28761281,63,439651613
"2442",7,43.28761281,64,439623595
"2443",7,43.28761281,65,439646278
"2444",7,43.28761281,66,439627845
"2445",7,43.28761281,67,439634523
"2446",7,43.28761281,68,439633269
"2447",7,43.28761281,69,439663431
"2448",7,43.28761281,7,439678952
"2449",7,43.28761281,70,439651414
"2450",7,43.28761281,71,439637740
"2451",7,43.28761281,73,439611599
"2452",7,43.28761281,74,439644237
"2453",7,43.28761281,75,439664490
"2454",7,43.28761281,76,439656832
"2455",7,43.28761281,77,439618142
"2456",7,43.28761281,78,439681080
"2457",7,43.28761281,79,439654806
"2458",7,43.28761281,8,439670710
"2459",7,43.28761281,80,439677080
"2460",7,43.28761281,81,439627500
"2461",7,43.28761281,83,439661064
"2462",7,43.28761281,84,439637679
"2463",7,43.28761281,85,439659805
"2464",7,43.28761281,86,439668040
"2465",7,43.28761281,87,439668422
"2466",7,43.28761281,88,439644118
"2467",7,43.28761281,89,439636457
"2468",7,43.28761281,9,439650041
"2469",7,43.28761281,90,439662173
"2470",7,43.28761281,91,439678108
"2471",7,43.28761281,92,439656809
"2472",7,43.28761281,93,439688568
"2473",7,43.28761281,94,439624535
"2474",7,43.28761281,95,439663553
"2475",7,43.28761281,96,439681029
"2476",7,43.28761281,97,439669205
"2477",7,43.28761281,98,439666070
"2478",7,43.28761281,99,439660214
"2479",7,443.06214576,1,4499790104
"2480",7,443.06214576,10,4500045414
"2481",7,443.06214576,100,4499890693
"2482",7,443.06214576,11,4499993599
"2483",7,443.06214576,12,4499944246
"2484",7,443.06214576,13,4499987321
"2485",7,443.06214576,14,4499781912
"2486",7,443.06214576,15,4499787201
"2487",7,443.06214576,16,4499970289
"2488",7,443.06214576,17,4499816024
"2489",7,443.06214576,18,4500079600
"2490",7,443.06214576,19,4500032385
"2491",7,443.06214576,2,4499990868
"2492",7,443.06214576,20,4500047862
"2493",7,443.06214576,21,4499822403
"2494",7,443.06214576,22,4499913269
"2495",7,443.06214576,23,4499891173
"2496",7,443.06214576,24,4499881885
"2497",7,443.06214576,25,4499971757
"2498",7,443.06214576,26,4499913445
"2499",7,443.06214576,27,4499764681
"2500",7,443.06214576,28,4499874819
"2501",7,443.06214576,29,4499930450
"2502",7,443.06214576,3,4500056659
"2503",7,443.06214576,30,4499809628
"2504",7,443.06214576,31,4499945057
"2505",7,443.06214576,32,4500070046
"2506",7,443.06214576,33,4499850344
"2507",7,443.06214576,34,4499953642
"2508",7,443.06214576,35,4499835243
"2509",7,443.06214576,36,4499851169
"2510",7,443.06214576,37,4499961076
"2511",7,443.06214576,38,4499968843
"2512",7,443.06214576,39,4499834810
"2513",7,443.06214576,4,4499798514
"2514",7,443.06214576,40,4499934597
"2515",7,443.06214576,41,4499859608
"2516",7,443.06214576,42,4499856616
"2517",7,443.06214576,43,4499830450
"2518",7,443.06214576,44,4500012833
"2519",7,443.06214576,45,4499836559
"2520",7,443.06214576,46,4499904939
"2521",7,443.06214576,47,4499801095
"2522",7,443.06214576,48,4500058652
"2523",7,443.06214576,49,4499910753
"2524",7,443.06214576,5,4499895036
"2525",7,443.06214576,50,4499903264
"2526",7,443.06214576,51,4499845163
"2527",7,443.06214576,52,4499798911
"2528",7,443.06214576,53,4499853176
"2529",7,443.06214576,54,4499819499
"2530",7,443.06214576,55,4499965879
"2531",7,443.06214576,56,4499964096
"2532",7,443.06214576,57,4500063792
"2533",7,443.06214576,58,4499851644
"2534",7,443.06214576,59,4500017812
"2535",7,443.06214576,6,4499933689
"2536",7,443.06214576,60,4499979459
"2537",7,443.06214576,61,4500018015
"2538",7,443.06214576,62,4499918264
"2539",7,443.06214576,63,4499904350
"2540",7,443.06214576,64,4499882412
"2541",7,443.06214576,65,4500085360
"2542",7,443.06214576,66,4499988302
"2543",7,443.06214576,67,4499883507
"2544",7,443.06214576,68,4500026863
"2545",7,443.06214576,69,4499806283
"2546",7,443.06214576,7,4499842268
"2547",7,443.06214576,70,4499802693
"2548",7,443.06214576,71,4499784158
"2549",7,443.06214576,72,4499733133
"2550",7,443.06214576,73,4499995074
"2551",7,443.06214576,74,4500026316
"2552",7,443.06214576,75,4499812690
"2553",7,443.06214576,76,4499978298
"2554",7,443.06214576,77,4500031389
"2555",7,443.06214576,78,4499833162
"2556",7,443.06214576,79,4499972848
"2557",7,443.06214576,8,4499975793
"2558",7,443.06214576,80,4499850549
"2559",7,443.06214576,81,4499839336
"2560",7,443.06214576,82,4499933012
"2561",7,443.06214576,83,4499919584
"2562",7,443.06214576,84,4499866359
"2563",7,443.06214576,85,4499840594
"2564",7,443.06214576,86,4499887434
"2565",7,443.06214576,87,4499891988
"2566",7,443.06214576,88,4499881806
"2567",7,443.06214576,89,4499958131
"2568",7,443.06214576,9,4499856836
"2569",7,443.06214576,90,4499850109
"2570",7,443.06214576,91,4499938210
"2571",7,443.06214576,92,4499845130
"2572",7,443.06214576,93,4500072166
"2573",7,443.06214576,94,4499850325
"2574",7,443.06214576,95,4500013801
"2575",7,443.06214576,96,4499741580
"2576",7,443.06214576,97,4499954114
"2577",7,443.06214576,98,4499877434
"2578",7,443.06214576,99,4499855751
"2579",7,48.6260158,1,493874906
"2580",7,48.6260158,10,493838702
"2581",7,48.6260158,100,493860141
"2582",7,48.6260158,11,493838702
"2583",7,48.6260158,12,493875016
"2584",7,48.6260158,13,493899576
"2585",7,48.6260158,14,493858533
"2586",7,48.6260158,15,493901304
"2587",7,48.6260158,16,493899613
"2588",7,48.6260158,17,493910249
"2589",7,48.6260158,18,493904589
"2590",7,48.6260158,19,493861200
"2591",7,48.6260158,2,493891133
"2592",7,48.6260158,20,493905022
"2593",7,48.6260158,21,493879621
"2594",7,48.6260158,22,493865180
"2595",7,48.6260158,23,493919017
"2596",7,48.6260158,24,493919930
"2597",7,48.6260158,25,493859496
"2598",7,48.6260158,26,493889421
"2599",7,48.6260158,27,493863767
"2600",7,48.6260158,28,493883182
"2601",7,48.6260158,29,493867408
"2602",7,48.6260158,3,493872142
"2603",7,48.6260158,30,493874529
"2604",7,48.6260158,31,493848159
"2605",7,48.6260158,32,493877723
"2606",7,48.6260158,34,493887288
"2607",7,48.6260158,35,493870671
"2608",7,48.6260158,36,493849180
"2609",7,48.6260158,37,493855064
"2610",7,48.6260158,38,493854912
"2611",7,48.6260158,39,493858676
"2612",7,48.6260158,4,493895705
"2613",7,48.6260158,40,493868573
"2614",7,48.6260158,41,1
"2615",7,48.6260158,42,493812413
"2616",7,48.6260158,44,493861258
"2617",7,48.6260158,45,493882752
"2618",7,48.6260158,46,493883064
"2619",7,48.6260158,47,493888333
"2620",7,48.6260158,48,493857887
"2621",7,48.6260158,49,493862646
"2622",7,48.6260158,50,493889993
"2623",7,48.6260158,51,493856532
"2624",7,48.6260158,52,493840523
"2625",7,48.6260158,53,493840458
"2626",7,48.6260158,54,493853279
"2627",7,48.6260158,55,493835314
"2628",7,48.6260158,57,493885810
"2629",7,48.6260158,59,493874585
"2630",7,48.6260158,6,493905992
"2631",7,48.6260158,60,493861066
"2632",7,48.6260158,61,493916323
"2633",7,48.6260158,62,493862415
"2634",7,48.6260158,63,493832877
"2635",7,48.6260158,64,493853443
"2636",7,48.6260158,66,493840190
"2637",7,48.6260158,67,493870046
"2638",7,48.6260158,68,493857663
"2639",7,48.6260158,69,493915127
"2640",7,48.6260158,7,493870452
"2641",7,48.6260158,70,493866073
"2642",7,48.6260158,71,493883064
"2643",7,48.6260158,72,493842770
"2644",7,48.6260158,73,493887934
"2645",7,48.6260158,74,493885572
"2646",7,48.6260158,75,493869487
"2647",7,48.6260158,76,493827267
"2648",7,48.6260158,77,493822897
"2649",7,48.6260158,78,493860605
"2650",7,48.6260158,79,493865075
"2651",7,48.6260158,8,493881443
"2652",7,48.6260158,80,493855101
"2653",7,48.6260158,81,493862212
"2654",7,48.6260158,82,493855622
"2655",7,48.6260158,83,493838262
"2656",7,48.6260158,85,493867663
"2657",7,48.6260158,86,493891918
"2658",7,48.6260158,87,493894188
"2659",7,48.6260158,88,493834079
"2660",7,48.6260158,89,493890150
"2661",7,48.6260158,91,493855409
"2662",7,48.6260158,92,493862681
"2663",7,48.6260158,93,493878449
"2664",7,48.6260158,94,493887100
"2665",7,48.6260158,95,493823012
"2666",7,48.6260158,96,493894340
"2667",7,48.6260158,97,1
"2668",7,48.6260158,98,493914944
"2669",7,48.6260158,99,493892786
"2670",7,497.70235643,1,5054604252
"2671",7,497.70235643,10,5054891297
"2672",7,497.70235643,100,5054857605
"2673",7,497.70235643,11,5054735823
"2674",7,497.70235643,12,5055000848
"2675",7,497.70235643,13,5054946981
"2676",7,497.70235643,14,5054842753
"2677",7,497.70235643,15,5054897716
"2678",7,497.70235643,16,5054818711
"2679",7,497.70235643,17,5054895557
"2680",7,497.70235643,18,5054770130
"2681",7,497.70235643,19,5054981020
"2682",7,497.70235643,2,5054875222
"2683",7,497.70235643,20,5054839847
"2684",7,497.70235643,21,5054890123
"2685",7,497.70235643,22,5054843834
"2686",7,497.70235643,23,5054807280
"2687",7,497.70235643,24,5054929811
"2688",7,497.70235643,25,5054967239
"2689",7,497.70235643,26,5054923171
"2690",7,497.70235643,27,5054713639
"2691",7,497.70235643,28,5054933080
"2692",7,497.70235643,29,5054878598
"2693",7,497.70235643,3,5055031087
"2694",7,497.70235643,30,5054917369
"2695",7,497.70235643,31,5054869519
"2696",7,497.70235643,32,5054863980
"2697",7,497.70235643,33,5054830914
"2698",7,497.70235643,34,5054686568
"2699",7,497.70235643,35,5054791006
"2700",7,497.70235643,36,5054785505
"2701",7,497.70235643,37,5054952636
"2702",7,497.70235643,38,5054784560
"2703",7,497.70235643,39,5054910462
"2704",7,497.70235643,4,5054881855
"2705",7,497.70235643,40,5054883112
"2706",7,497.70235643,41,5054876816
"2707",7,497.70235643,42,5054852707
"2708",7,497.70235643,43,5054962278
"2709",7,497.70235643,44,5054824560
"2710",7,497.70235643,45,5054746368
"2711",7,497.70235643,46,5054769687
"2712",7,497.70235643,47,5054838003
"2713",7,497.70235643,48,5054746966
"2714",7,497.70235643,49,5054861853
"2715",7,497.70235643,5,5054919062
"2716",7,497.70235643,50,5054847287
"2717",7,497.70235643,51,5054642467
"2718",7,497.70235643,52,5055039467
"2719",7,497.70235643,53,5054867693
"2720",7,497.70235643,54,5054687829
"2721",7,497.70235643,55,5055074319
"2722",7,497.70235643,56,5054882538
"2723",7,497.70235643,57,5054916452
"2724",7,497.70235643,58,5054894189
"2725",7,497.70235643,59,5054922801
"2726",7,497.70235643,6,5054840560
"2727",7,497.70235643,60,5054668004
"2728",7,497.70235643,61,5054874623
"2729",7,497.70235643,62,5054804652
"2730",7,497.70235643,63,5054835596
"2731",7,497.70235643,64,5054930342
"2732",7,497.70235643,65,5054894396
"2733",7,497.70235643,66,5054833551
"2734",7,497.70235643,67,5055026512
"2735",7,497.70235643,68,5054786203
"2736",7,497.70235643,69,5054679232
"2737",7,497.70235643,7,5054872565
"2738",7,497.70235643,70,5054888471
"2739",7,497.70235643,71,5054904222
"2740",7,497.70235643,72,5054748804
"2741",7,497.70235643,73,5054930943
"2742",7,497.70235643,74,5054917276
"2743",7,497.70235643,75,5055016914
"2744",7,497.70235643,76,5054901177
"2745",7,497.70235643,77,5054753159
"2746",7,497.70235643,78,5054810735
"2747",7,497.70235643,79,5054923721
"2748",7,497.70235643,8,5054993167
"2749",7,497.70235643,80,5054925883
"2750",7,497.70235643,81,5054966761
"2751",7,497.70235643,82,5054791439
"2752",7,497.70235643,83,5055069225
"2753",7,497.70235643,84,5054791145
"2754",7,497.70235643,85,5054923108
"2755",7,497.70235643,86,5054924642
"2756",7,497.70235643,87,5054780796
"2757",7,497.70235643,88,5054820763
"2758",7,497.70235643,89,5054793199
"2759",7,497.70235643,9,5054829938
"2760",7,497.70235643,90,5054935907
"2761",7,497.70235643,91,5054832501
"2762",7,497.70235643,92,5054944763
"2763",7,497.70235643,93,5054875008
"2764",7,497.70235643,94,5054799577
"2765",7,497.70235643,95,5054685850
"2766",7,497.70235643,96,5054975784
"2767",7,497.70235643,97,5054918832
"2768",7,497.70235643,98,5054814101
"2769",7,497.70235643,99,5054857187
"2770",7,5.33669923,1,54202961
"2771",7,5.33669923,100,54200382
"2772",7,5.33669923,13,54203165
"2773",7,5.33669923,16,54194907
"2774",7,5.33669923,2,54196154
"2775",7,5.33669923,23,54213262
"2776",7,5.33669923,24,54190694
"2777",7,5.33669923,25,54188777
"2778",7,5.33669923,28,54196303
"2779",7,5.33669923,30,54196887
"2780",7,5.33669923,34,54208281
"2781",7,5.33669923,37,54201582
"2782",7,5.33669923,39,54189119
"2783",7,5.33669923,44,54216811
"2784",7,5.33669923,51,54192627
"2785",7,5.33669923,52,54205325
"2786",7,5.33669923,54,54219092
"2787",7,5.33669923,56,54195287
"2788",7,5.33669923,58,54214035
"2789",7,5.33669923,61,54195326
"2790",7,5.33669923,62,54189622
"2791",7,5.33669923,63,54190639
"2792",7,5.33669923,64,54207523
"2793",7,5.33669923,68,54198682
"2794",7,5.33669923,79,54191054
"2795",7,5.33669923,8,54204297
"2796",7,5.33669923,83,54196305
"2797",7,5.33669923,87,54196589
"2798",7,5.33669923,88,54201528
"2799",7,5.33669923,92,54215868
"2800",7,5.33669923,93,54190945
"2801",7,5.33669923,95,54193880
"2802",7,5.33669923,96,54190436
"2803",7,5.9948425,1,60896736
"2804",7,5.9948425,100,60882984
"2805",7,5.9948425,18,60888575
"2806",7,5.9948425,24,60886725
"2807",7,5.9948425,27,60870611
"2808",7,5.9948425,3,60884034
"2809",7,5.9948425,34,60882953
"2810",7,5.9948425,35,60889710
"2811",7,5.9948425,37,60879292
"2812",7,5.9948425,38,60894999
"2813",7,5.9948425,4,60884601
"2814",7,5.9948425,41,60876879
"2815",7,5.9948425,42,60880293
"2816",7,5.9948425,46,60886245
"2817",7,5.9948425,49,60876559
"2818",7,5.9948425,51,60880243
"2819",7,5.9948425,52,60877707
"2820",7,5.9948425,55,60896168
"2821",7,5.9948425,62,60884323
"2822",7,5.9948425,65,60874471
"2823",7,5.9948425,67,60881524
"2824",7,5.9948425,70,60892004
"2825",7,5.9948425,72,60879107
"2826",7,5.9948425,79,60884292
"2827",7,5.9948425,80,60876536
"2828",7,5.9948425,82,60880503
"2829",7,5.9948425,88,60882858
"2830",7,5.9948425,90,60885245
"2831",7,5.9948425,91,60891314
"2832",7,5.9948425,95,60882359
"2833",7,5.9948425,97,60878164
"2834",7,5.9948425,99,60870471
"2835",7,54.62277218,1,554777932
"2836",7,54.62277218,10,554765091
"2837",7,54.62277218,100,554768013
"2838",7,54.62277218,11,554767308
"2839",7,54.62277218,12,554833099
"2840",7,54.62277218,13,554769563
"2841",7,54.62277218,14,554801980
"2842",7,54.62277218,15,554789573
"2843",7,54.62277218,16,554731117
"2844",7,54.62277218,17,554813851
"2845",7,54.62277218,18,554842344
"2846",7,54.62277218,19,554778891
"2847",7,54.62277218,2,554805374
"2848",7,54.62277218,20,554757711
"2849",7,54.62277218,21,554809699
"2850",7,54.62277218,22,554761493
"2851",7,54.62277218,23,554771079
"2852",7,54.62277218,24,554832484
"2853",7,54.62277218,25,554789821
"2854",7,54.62277218,26,554742865
"2855",7,54.62277218,27,554741141
"2856",7,54.62277218,28,554807433
"2857",7,54.62277218,29,554780357
"2858",7,54.62277218,3,554795587
"2859",7,54.62277218,30,554774804
"2860",7,54.62277218,32,554803706
"2861",7,54.62277218,33,554784943
"2862",7,54.62277218,34,554746360
"2863",7,54.62277218,35,554735715
"2864",7,54.62277218,36,554784721
"2865",7,54.62277218,37,554793077
"2866",7,54.62277218,38,554806798
"2867",7,54.62277218,39,554767220
"2868",7,54.62277218,4,554746431
"2869",7,54.62277218,40,554821346
"2870",7,54.62277218,41,554743077
"2871",7,54.62277218,42,554763341
"2872",7,54.62277218,43,554766001
"2873",7,54.62277218,44,554688893
"2874",7,54.62277218,45,554800524
"2875",7,54.62277218,46,554778725
"2876",7,54.62277218,47,554789432
"2877",7,54.62277218,48,554807197
"2878",7,54.62277218,49,554781075
"2879",7,54.62277218,5,554749956
"2880",7,54.62277218,50,554775626
"2881",7,54.62277218,51,554745541
"2882",7,54.62277218,52,554793535
"2883",7,54.62277218,53,554796673
"2884",7,54.62277218,54,554753395
"2885",7,54.62277218,55,554753448
"2886",7,54.62277218,56,554777658
"2887",7,54.62277218,57,554776394
"2888",7,54.62277218,58,554768087
"2889",7,54.62277218,59,554756522
"2890",7,54.62277218,6,554709819
"2891",7,54.62277218,60,554760372
"2892",7,54.62277218,61,554765540
"2893",7,54.62277218,62,554774830
"2894",7,54.62277218,63,554795377
"2895",7,54.62277218,64,554768425
"2896",7,54.62277218,65,554767991
"2897",7,54.62277218,66,554735664
"2898",7,54.62277218,67,554789023
"2899",7,54.62277218,68,554785226
"2900",7,54.62277218,69,554752830
"2901",7,54.62277218,7,554843755
"2902",7,54.62277218,70,554773512
"2903",7,54.62277218,71,554773595
"2904",7,54.62277218,72,554798580
"2905",7,54.62277218,73,554781498
"2906",7,54.62277218,74,554766242
"2907",7,54.62277218,75,554797364
"2908",7,54.62277218,76,554810307
"2909",7,54.62277218,77,554825547
"2910",7,54.62277218,78,554739826
"2911",7,54.62277218,79,554722097
"2912",7,54.62277218,8,554742544
"2913",7,54.62277218,80,554745445
"2914",7,54.62277218,81,554762152
"2915",7,54.62277218,82,554789878
"2916",7,54.62277218,83,554748018
"2917",7,54.62277218,84,554787149
"2918",7,54.62277218,85,554790250
"2919",7,54.62277218,86,554768161
"2920",7,54.62277218,87,554746530
"2921",7,54.62277218,88,554844424
"2922",7,54.62277218,89,554747374
"2923",7,54.62277218,9,554778580
"2924",7,54.62277218,90,554798474
"2925",7,54.62277218,91,554800002
"2926",7,54.62277218,92,554759667
"2927",7,54.62277218,93,554812651
"2928",7,54.62277218,94,554776029
"2929",7,54.62277218,95,554836860
"2930",7,54.62277218,96,554798497
"2931",7,54.62277218,97,554818952
"2932",7,54.62277218,98,554759597
"2933",7,54.62277218,99,554737700
"2934",7,559.08101825,1,5678193103
"2935",7,559.08101825,10,5678281850
"2936",7,559.08101825,100,5678301139
"2937",7,559.08101825,11,5678377649
"2938",7,559.08101825,12,5678173011
"2939",7,559.08101825,13,5678165045
"2940",7,559.08101825,14,5678239303
"2941",7,559.08101825,15,5678125886
"2942",7,559.08101825,16,5678155331
"2943",7,559.08101825,17,5678257116
"2944",7,559.08101825,18,5678336314
"2945",7,559.08101825,19,5678073201
"2946",7,559.08101825,2,5678293147
"2947",7,559.08101825,20,5678217829
"2948",7,559.08101825,21,5678144772
"2949",7,559.08101825,22,5678151130
"2950",7,559.08101825,23,5678372852
"2951",7,559.08101825,24,5678281938
"2952",7,559.08101825,25,5678300547
"2953",7,559.08101825,26,5678177969
"2954",7,559.08101825,27,5678486506
"2955",7,559.08101825,28,5678247858
"2956",7,559.08101825,29,5678240352
"2957",7,559.08101825,3,5678230187
"2958",7,559.08101825,30,5678249520
"2959",7,559.08101825,31,5678217445
"2960",7,559.08101825,32,5678268816
"2961",7,559.08101825,33,5678224850
"2962",7,559.08101825,34,5678172596
"2963",7,559.08101825,35,5678398020
"2964",7,559.08101825,36,5678266364
"2965",7,559.08101825,37,5678106833
"2966",7,559.08101825,38,5678300850
"2967",7,559.08101825,39,5678267258
"2968",7,559.08101825,4,5678175929
"2969",7,559.08101825,40,5678186936
"2970",7,559.08101825,41,5678234097
"2971",7,559.08101825,42,5678223215
"2972",7,559.08101825,43,5678372530
"2973",7,559.08101825,44,5678367272
"2974",7,559.08101825,45,5678224014
"2975",7,559.08101825,46,5678311074
"2976",7,559.08101825,47,5678178997
"2977",7,559.08101825,48,5678283089
"2978",7,559.08101825,49,5678138519
"2979",7,559.08101825,5,5678232530
"2980",7,559.08101825,50,5678347358
"2981",7,559.08101825,51,5678270414
"2982",7,559.08101825,52,5678176292
"2983",7,559.08101825,53,5678361317
"2984",7,559.08101825,54,5678206494
"2985",7,559.08101825,55,5678298584
"2986",7,559.08101825,56,5678146891
"2987",7,559.08101825,57,5678077559
"2988",7,559.08101825,58,5678415130
"2989",7,559.08101825,59,5678388542
"2990",7,559.08101825,6,5678016094
"2991",7,559.08101825,60,5678319941
"2992",7,559.08101825,61,5678116845
"2993",7,559.08101825,62,5678512333
"2994",7,559.08101825,63,5678216922
"2995",7,559.08101825,64,5678312361
"2996",7,559.08101825,65,5678203216
"2997",7,559.08101825,66,5678211762
"2998",7,559.08101825,67,5678538346
"2999",7,559.08101825,68,5678190792
"3000",7,559.08101825,69,5678342750
"3001",7,559.08101825,7,5678315252
"3002",7,559.08101825,70,5678104011
"3003",7,559.08101825,71,5678260308
"3004",7,559.08101825,72,5678358619
"3005",7,559.08101825,73,5678360422
"3006",7,559.08101825,74,5678369441
"3007",7,559.08101825,75,5678191009
"3008",7,559.08101825,76,5678202137
"3009",7,559.08101825,77,5678168201
"3010",7,559.08101825,78,5678138367
"3011",7,559.08101825,79,5678240698
"3012",7,559.08101825,8,5678340907
"3013",7,559.08101825,80,5678259304
"3014",7,559.08101825,81,5678260078
"3015",7,559.08101825,82,5678016083
"3016",7,559.08101825,83,5678034889
"3017",7,559.08101825,84,5678163691
"3018",7,559.08101825,85,5678237733
"3019",7,559.08101825,86,5678168509
"3020",7,559.08101825,87,5678246950
"3021",7,559.08101825,88,5678159294
"3022",7,559.08101825,89,5678170994
"3023",7,559.08101825,9,5678235008
"3024",7,559.08101825,90,5678108928
"3025",7,559.08101825,91,5678267441
"3026",7,559.08101825,92,5678130204
"3027",7,559.08101825,93,5678072746
"3028",7,559.08101825,94,5678260956
"3029",7,559.08101825,95,5678133298
"3030",7,559.08101825,96,5678353991
"3031",7,559.08101825,97,5678252547
"3032",7,559.08101825,98,5678331488
"3033",7,559.08101825,99,5678230219
"3034",7,6.73415066,10,68379138
"3035",7,6.73415066,31,68412711
"3036",7,6.73415066,33,68399386
"3037",7,6.73415066,55,68397863
"3038",7,6.73415066,56,68386096
"3039",7,6.73415066,70,68397215
"3040",7,6.73415066,73,68400936
"3041",7,6.73415066,76,68400506
"3042",7,6.73415066,77,68392588
"3043",7,61.35907273,1,623147827
"3044",7,61.35907273,10,623172682
"3045",7,61.35907273,100,623224007
"3046",7,61.35907273,11,623192547
"3047",7,61.35907273,12,623227529
"3048",7,61.35907273,13,623179351
"3049",7,61.35907273,14,623171843
"3050",7,61.35907273,15,623246689
"3051",7,61.35907273,16,623188395
"3052",7,61.35907273,17,623147289
"3053",7,61.35907273,18,623241525
"3054",7,61.35907273,19,623298420
"3055",7,61.35907273,2,623266736
"3056",7,61.35907273,20,623225321
"3057",7,61.35907273,21,623266427
"3058",7,61.35907273,22,623182819
"3059",7,61.35907273,23,623209835
"3060",7,61.35907273,24,623186851
"3061",7,61.35907273,25,623174537
"3062",7,61.35907273,26,1
"3063",7,61.35907273,27,623251693
"3064",7,61.35907273,28,623165553
"3065",7,61.35907273,29,623200950
"3066",7,61.35907273,3,623183222
"3067",7,61.35907273,30,623167298
"3068",7,61.35907273,31,623154037
"3069",7,61.35907273,32,623207348
"3070",7,61.35907273,33,623110073
"3071",7,61.35907273,34,623219391
"3072",7,61.35907273,35,623213864
"3073",7,61.35907273,36,623152924
"3074",7,61.35907273,37,623225149
"3075",7,61.35907273,38,623267771
"3076",7,61.35907273,39,623208615
"3077",7,61.35907273,4,623212255
"3078",7,61.35907273,40,623177909
"3079",7,61.35907273,41,623152349
"3080",7,61.35907273,42,623205197
"3081",7,61.35907273,43,623186173
"3082",7,61.35907273,44,623218383
"3083",7,61.35907273,45,623164697
"3084",7,61.35907273,46,623232752
"3085",7,61.35907273,47,623196400
"3086",7,61.35907273,48,623230446
"3087",7,61.35907273,49,623228212
"3088",7,61.35907273,5,623230335
"3089",7,61.35907273,50,623203170
"3090",7,61.35907273,51,623199254
"3091",7,61.35907273,52,623218480
"3092",7,61.35907273,53,623224752
"3093",7,61.35907273,54,623153941
"3094",7,61.35907273,55,623181527
"3095",7,61.35907273,56,623237403
"3096",7,61.35907273,57,623180138
"3097",7,61.35907273,58,623175017
"3098",7,61.35907273,59,623216352
"3099",7,61.35907273,6,623214690
"3100",7,61.35907273,60,623169577
"3101",7,61.35907273,61,623168697
"3102",7,61.35907273,62,623258752
"3103",7,61.35907273,63,623140952
"3104",7,61.35907273,64,623143621
"3105",7,61.35907273,65,623215222
"3106",7,61.35907273,66,623179975
"3107",7,61.35907273,67,623157113
"3108",7,61.35907273,68,623148467
"3109",7,61.35907273,69,623177321
"3110",7,61.35907273,7,623242544
"3111",7,61.35907273,70,623178542
"3112",7,61.35907273,71,623218446
"3113",7,61.35907273,72,623154167
"3114",7,61.35907273,73,623157177
"3115",7,61.35907273,74,623236374
"3116",7,61.35907273,75,623119135
"3117",7,61.35907273,76,623176425
"3118",7,61.35907273,77,623198955
"3119",7,61.35907273,78,623228644
"3120",7,61.35907273,79,623221107
"3121",7,61.35907273,8,623236461
"3122",7,61.35907273,80,623125676
"3123",7,61.35907273,81,623200326
"3124",7,61.35907273,82,623213914
"3125",7,61.35907273,83,623177289
"3126",7,61.35907273,84,623215283
"3127",7,61.35907273,85,623156838
"3128",7,61.35907273,86,623188914
"3129",7,61.35907273,87,623182464
"3130",7,61.35907273,89,623201739
"3131",7,61.35907273,9,623194164
"3132",7,61.35907273,90,623165483
"3133",7,61.35907273,91,623191045
"3134",7,61.35907273,92,623156744
"3135",7,61.35907273,93,623181170
"3136",7,61.35907273,94,623205056
"3137",7,61.35907273,95,623157163
"3138",7,61.35907273,96,623193302
"3139",7,61.35907273,97,623257344
"3140",7,61.35907273,98,623180406
"3141",7,61.35907273,99,623166771
"3142",7,628.02914418,1,6378568115
"3143",7,628.02914418,10,6378458739
"3144",7,628.02914418,100,6378594057
"3145",7,628.02914418,11,6378388319
"3146",7,628.02914418,12,6378535278
"3147",7,628.02914418,13,6378513635
"3148",7,628.02914418,14,6378583178
"3149",7,628.02914418,15,6378625099
"3150",7,628.02914418,16,6378369790
"3151",7,628.02914418,17,6378594157
"3152",7,628.02914418,18,6378699050
"3153",7,628.02914418,19,6378494410
"3154",7,628.02914418,2,6378513173
"3155",7,628.02914418,20,6378543945
"3156",7,628.02914418,21,6378437493
"3157",7,628.02914418,22,6378667764
"3158",7,628.02914418,23,6378510595
"3159",7,628.02914418,24,6378541119
"3160",7,628.02914418,25,6378671975
"3161",7,628.02914418,26,6378676808
"3162",7,628.02914418,27,6378400340
"3163",7,628.02914418,28,6378310158
"3164",7,628.02914418,29,6378463529
"3165",7,628.02914418,3,6378404859
"3166",7,628.02914418,30,6378495547
"3167",7,628.02914418,31,6378515522
"3168",7,628.02914418,32,6378645956
"3169",7,628.02914418,33,6378510661
"3170",7,628.02914418,34,6378570557
"3171",7,628.02914418,35,6378343994
"3172",7,628.02914418,36,6378548690
"3173",7,628.02914418,37,6378621044
"3174",7,628.02914418,38,6378524778
"3175",7,628.02914418,39,6378473558
"3176",7,628.02914418,4,6378519930
"3177",7,628.02914418,40,6378508845
"3178",7,628.02914418,41,6378614219
"3179",7,628.02914418,42,6378332565
"3180",7,628.02914418,43,6378549232
"3181",7,628.02914418,44,6378592321
"3182",7,628.02914418,45,6378578293
"3183",7,628.02914418,46,6378608695
"3184",7,628.02914418,47,6378350378
"3185",7,628.02914418,48,6378434684
"3186",7,628.02914418,49,6378487083
"3187",7,628.02914418,5,6378352742
"3188",7,628.02914418,50,6378348410
"3189",7,628.02914418,51,6378317755
"3190",7,628.02914418,52,6378632872
"3191",7,628.02914418,53,6378510758
"3192",7,628.02914418,54,6378446755
"3193",7,628.02914418,55,6378635138
"3194",7,628.02914418,56,6378460052
"3195",7,628.02914418,57,6378715978
"3196",7,628.02914418,58,6378475806
"3197",7,628.02914418,59,6378603543
"3198",7,628.02914418,6,6378397377
"3199",7,628.02914418,60,6378584389
"3200",7,628.02914418,61,6378650085
"3201",7,628.02914418,62,6378540718
"3202",7,628.02914418,63,6378474920
"3203",7,628.02914418,64,6378432341
"3204",7,628.02914418,65,6378510240
"3205",7,628.02914418,66,6378450879
"3206",7,628.02914418,67,6378709612
"3207",7,628.02914418,68,6378541000
"3208",7,628.02914418,69,6378393565
"3209",7,628.02914418,7,6378535473
"3210",7,628.02914418,70,6378469774
"3211",7,628.02914418,71,6378437543
"3212",7,628.02914418,72,6378544270
"3213",7,628.02914418,73,6378491105
"3214",7,628.02914418,74,6378517136
"3215",7,628.02914418,75,6378360875
"3216",7,628.02914418,76,6378535559
"3217",7,628.02914418,77,6378483394
"3218",7,628.02914418,78,6378469412
"3219",7,628.02914418,79,6378468835
"3220",7,628.02914418,8,6378441248
"3221",7,628.02914418,80,6378571872
"3222",7,628.02914418,81,6378564608
"3223",7,628.02914418,82,6378596927
"3224",7,628.02914418,83,6378441523
"3225",7,628.02914418,84,6378436933
"3226",7,628.02914418,85,6378490924
"3227",7,628.02914418,86,6378696705
"3228",7,628.02914418,87,6378492429
"3229",7,628.02914418,88,6378550590
"3230",7,628.02914418,89,6378412530
"3231",7,628.02914418,9,6378455823
"3232",7,628.02914418,90,6378430939
"3233",7,628.02914418,91,6378489600
"3234",7,628.02914418,92,6378458787
"3235",7,628.02914418,93,6378586012
"3236",7,628.02914418,94,6378613427
"3237",7,628.02914418,95,6378590253
"3238",7,628.02914418,96,6378540145
"3239",7,628.02914418,97,6378414646
"3240",7,628.02914418,98,6378509385
"3241",7,628.02914418,99,6378541916
"3242",7,68.92612104,1,700000334
"3243",7,68.92612104,10,700046282
"3244",7,68.92612104,100,700083930
"3245",7,68.92612104,11,700021394
"3246",7,68.92612104,12,700046540
"3247",7,68.92612104,13,700040991
"3248",7,68.92612104,14,700006786
"3249",7,68.92612104,15,700070222
"3250",7,68.92612104,16,700069136
"3251",7,68.92612104,17,700052381
"3252",7,68.92612104,18,699967231
"3253",7,68.92612104,19,700031863
"3254",7,68.92612104,2,700021378
"3255",7,68.92612104,20,700003664
"3256",7,68.92612104,21,700040480
"3257",7,68.92612104,22,700085785
"3258",7,68.92612104,23,700174098
"3259",7,68.92612104,24,700051863
"3260",7,68.92612104,25,700038855
"3261",7,68.92612104,26,700059613
"3262",7,68.92612104,27,700084700
"3263",7,68.92612104,28,700048036
"3264",7,68.92612104,29,700091646
"3265",7,68.92612104,3,700054671
"3266",7,68.92612104,30,700035601
"3267",7,68.92612104,31,700075392
"3268",7,68.92612104,32,700042163
"3269",7,68.92612104,33,700101937
"3270",7,68.92612104,34,700044211
"3271",7,68.92612104,35,700033996
"3272",7,68.92612104,36,700058836
"3273",7,68.92612104,37,700038303
"3274",7,68.92612104,38,700093868
"3275",7,68.92612104,39,700048548
"3276",7,68.92612104,4,699989726
"3277",7,68.92612104,40,700035973
"3278",7,68.92612104,41,700069827
"3279",7,68.92612104,42,700059346
"3280",7,68.92612104,43,700079266
"3281",7,68.92612104,44,700026862
"3282",7,68.92612104,45,700089004
"3283",7,68.92612104,46,700085334
"3284",7,68.92612104,47,700031313
"3285",7,68.92612104,48,700019312
"3286",7,68.92612104,49,700038380
"3287",7,68.92612104,5,700071717
"3288",7,68.92612104,50,700035948
"3289",7,68.92612104,51,700125660
"3290",7,68.92612104,52,700063179
"3291",7,68.92612104,53,700027568
"3292",7,68.92612104,54,700126506
"3293",7,68.92612104,55,700066565
"3294",7,68.92612104,56,700062469
"3295",7,68.92612104,57,700002345
"3296",7,68.92612104,58,700038920
"3297",7,68.92612104,59,700024035
"3298",7,68.92612104,6,699989671
"3299",7,68.92612104,60,700063568
"3300",7,68.92612104,61,700042737
"3301",7,68.92612104,62,700067825
"3302",7,68.92612104,63,700044760
"3303",7,68.92612104,64,700066825
"3304",7,68.92612104,65,700107854
"3305",7,68.92612104,66,700058833
"3306",7,68.92612104,67,700069643
"3307",7,68.92612104,68,700066393
"3308",7,68.92612104,69,700072672
"3309",7,68.92612104,70,700008090
"3310",7,68.92612104,71,700069027
"3311",7,68.92612104,72,700049578
"3312",7,68.92612104,73,700079796
"3313",7,68.92612104,74,699984692
"3314",7,68.92612104,75,700017660
"3315",7,68.92612104,76,700025655
"3316",7,68.92612104,77,699998732
"3317",7,68.92612104,79,700052376
"3318",7,68.92612104,8,700049421
"3319",7,68.92612104,80,700034268
"3320",7,68.92612104,81,700054583
"3321",7,68.92612104,82,700005418
"3322",7,68.92612104,83,700006579
"3323",7,68.92612104,84,700047124
"3324",7,68.92612104,85,700016478
"3325",7,68.92612104,86,700035928
"3326",7,68.92612104,87,700091323
"3327",7,68.92612104,88,700030981
"3328",7,68.92612104,89,699998188
"3329",7,68.92612104,9,700065596
"3330",7,68.92612104,90,700049741
"3331",7,68.92612104,91,700036737
"3332",7,68.92612104,92,700060619
"3333",7,68.92612104,93,700027829
"3334",7,68.92612104,94,700012926
"3335",7,68.92612104,95,700033943
"3336",7,68.92612104,96,700064722
"3337",7,68.92612104,97,700056049
"3338",7,68.92612104,98,700040553
"3339",7,68.92612104,99,699986846
"3340",7,7.56463328,25,1
"3341",7,7.56463328,37,76818346
"3342",7,7.56463328,44,76846545
"3343",7,7.56463328,45,76828824
"3344",7,7.56463328,5,76827162
"3345",7,7.56463328,51,76829528
"3346",7,7.56463328,56,76813390
"3347",7,7.56463328,59,76828107
"3348",7,7.56463328,70,76812222
"3349",7,7.56463328,74,76818256
"3350",7,7.56463328,84,76817834
"3351",7,7.56463328,96,76833750
"3352",7,705.48023107,1,7165108904
"3353",7,705.48023107,10,7164948053
"3354",7,705.48023107,100,7165030903
"3355",7,705.48023107,11,7165102508
"3356",7,705.48023107,12,7165191490
"3357",7,705.48023107,13,7165179063
"3358",7,705.48023107,14,7165177137
"3359",7,705.48023107,15,7165211582
"3360",7,705.48023107,16,7164953537
"3361",7,705.48023107,17,7165163828
"3362",7,705.48023107,18,7165204212
"3363",7,705.48023107,19,7165102398
"3364",7,705.48023107,2,7165099650
"3365",7,705.48023107,20,7165244786
"3366",7,705.48023107,21,7165100536
"3367",7,705.48023107,22,7165093618
"3368",7,705.48023107,23,7165175186
"3369",7,705.48023107,24,7165206067
"3370",7,705.48023107,25,7165076194
"3371",7,705.48023107,26,7165224730
"3372",7,705.48023107,27,7164984232
"3373",7,705.48023107,28,7165100063
"3374",7,705.48023107,29,7164973221
"3375",7,705.48023107,3,7165052909
"3376",7,705.48023107,30,7164984170
"3377",7,705.48023107,31,7165117906
"3378",7,705.48023107,32,7165226934
"3379",7,705.48023107,33,7165111685
"3380",7,705.48023107,34,7165255762
"3381",7,705.48023107,35,7165108261
"3382",7,705.48023107,36,7165089722
"3383",7,705.48023107,37,7165165571
"3384",7,705.48023107,38,7165261940
"3385",7,705.48023107,39,7165133958
"3386",7,705.48023107,4,7165248158
"3387",7,705.48023107,40,7165145858
"3388",7,705.48023107,41,7165032307
"3389",7,705.48023107,42,7165174624
"3390",7,705.48023107,43,7165187479
"3391",7,705.48023107,44,7165232847
"3392",7,705.48023107,45,7165124267
"3393",7,705.48023107,46,7165124842
"3394",7,705.48023107,47,7165268439
"3395",7,705.48023107,48,7165063081
"3396",7,705.48023107,49,7165236676
"3397",7,705.48023107,5,7165126063
"3398",7,705.48023107,50,7164976624
"3399",7,705.48023107,51,7165108077
"3400",7,705.48023107,52,7165105167
"3401",7,705.48023107,53,7165329601
"3402",7,705.48023107,54,7165082775
"3403",7,705.48023107,55,7165222038
"3404",7,705.48023107,56,7165083361
"3405",7,705.48023107,57,7164936113
"3406",7,705.48023107,58,7165043608
"3407",7,705.48023107,59,7165133206
"3408",7,705.48023107,6,7165134326
"3409",7,705.48023107,60,7165192116
"3410",7,705.48023107,61,7165430505
"3411",7,705.48023107,62,7165038068
"3412",7,705.48023107,63,7165170513
"3413",7,705.48023107,64,7165157852
"3414",7,705.48023107,65,7165084385
"3415",7,705.48023107,66,7165038658
"3416",7,705.48023107,67,7165061948
"3417",7,705.48023107,68,7165138418
"3418",7,705.48023107,69,7165234079
"3419",7,705.48023107,7,7165250065
"3420",7,705.48023107,70,7165098899
"3421",7,705.48023107,71,7165297490
"3422",7,705.48023107,72,7165132989
"3423",7,705.48023107,73,7165101919
"3424",7,705.48023107,74,7165074749
"3425",7,705.48023107,75,7165154668
"3426",7,705.48023107,76,7165189025
"3427",7,705.48023107,77,7164957461
"3428",7,705.48023107,78,7165233151
"3429",7,705.48023107,79,7165209985
"3430",7,705.48023107,8,7165033630
"3431",7,705.48023107,80,7165031958
"3432",7,705.48023107,81,7165222194
"3433",7,705.48023107,82,7165069209
"3434",7,705.48023107,83,7165084282
"3435",7,705.48023107,84,7165162946
"3436",7,705.48023107,85,7165333954
"3437",7,705.48023107,86,7165108685
"3438",7,705.48023107,87,7165051164
"3439",7,705.48023107,88,7165125440
"3440",7,705.48023107,89,7165211518
"3441",7,705.48023107,9,7165108006
"3442",7,705.48023107,90,7165080333
"3443",7,705.48023107,91,7164952777
"3444",7,705.48023107,92,7165157585
"3445",7,705.48023107,93,7165252432
"3446",7,705.48023107,94,7165154277
"3447",7,705.48023107,95,7165151647
"3448",7,705.48023107,96,7165060924
"3449",7,705.48023107,97,7165260170
"3450",7,705.48023107,98,7165076573
"3451",7,705.48023107,99,7165164569
"3452",7,77.42636827,1,786380390
"3453",7,77.42636827,10,786395771
"3454",7,77.42636827,100,786367853
"3455",7,77.42636827,11,786340855
"3456",7,77.42636827,12,786414070
"3457",7,77.42636827,13,786338227
"3458",7,77.42636827,14,786409488
"3459",7,77.42636827,15,786347490
"3460",7,77.42636827,16,786371894
"3461",7,77.42636827,17,786366687
"3462",7,77.42636827,18,786393430
"3463",7,77.42636827,19,786364545
"3464",7,77.42636827,2,786402791
"3465",7,77.42636827,20,786350395
"3466",7,77.42636827,21,786374165
"3467",7,77.42636827,22,786373423
"3468",7,77.42636827,23,786416049
"3469",7,77.42636827,24,786388116
"3470",7,77.42636827,25,786407014
"3471",7,77.42636827,26,786460473
"3472",7,77.42636827,27,786374988
"3473",7,77.42636827,28,786367209
"3474",7,77.42636827,29,786332532
"3475",7,77.42636827,3,786419020
"3476",7,77.42636827,30,786463620
"3477",7,77.42636827,31,786349170
"3478",7,77.42636827,32,786320211
"3479",7,77.42636827,33,786386731
"3480",7,77.42636827,34,786417598
"3481",7,77.42636827,35,786326493
"3482",7,77.42636827,36,786395213
"3483",7,77.42636827,37,786304257
"3484",7,77.42636827,38,786388140
"3485",7,77.42636827,39,786332150
"3486",7,77.42636827,4,786363590
"3487",7,77.42636827,40,786388292
"3488",7,77.42636827,41,786372232
"3489",7,77.42636827,42,786361082
"3490",7,77.42636827,43,786438713
"3491",7,77.42636827,44,786404165
"3492",7,77.42636827,45,786352983
"3493",7,77.42636827,46,786393169
"3494",7,77.42636827,48,786406305
"3495",7,77.42636827,49,786349321
"3496",7,77.42636827,5,786347657
"3497",7,77.42636827,51,786362504
"3498",7,77.42636827,52,786435088
"3499",7,77.42636827,53,786353321
"3500",7,77.42636827,54,786321400
"3501",7,77.42636827,55,786344036
"3502",7,77.42636827,56,786352252
"3503",7,77.42636827,57,786359367
"3504",7,77.42636827,58,786380914
"3505",7,77.42636827,59,786397339
"3506",7,77.42636827,6,786374792
"3507",7,77.42636827,60,786376788
"3508",7,77.42636827,61,786357942
"3509",7,77.42636827,62,786382277
"3510",7,77.42636827,63,786328791
"3511",7,77.42636827,64,786404023
"3512",7,77.42636827,65,786316754
"3513",7,77.42636827,66,786381401
"3514",7,77.42636827,67,786392132
"3515",7,77.42636827,68,786370161
"3516",7,77.42636827,69,786361236
"3517",7,77.42636827,7,786358460
"3518",7,77.42636827,70,786321812
"3519",7,77.42636827,71,786332384
"3520",7,77.42636827,72,786327975
"3521",7,77.42636827,73,786365869
"3522",7,77.42636827,74,786388635
"3523",7,77.42636827,75,786386305
"3524",7,77.42636827,76,786338569
"3525",7,77.42636827,77,786359597
"3526",7,77.42636827,78,786343951
"3527",7,77.42636827,79,786330476
"3528",7,77.42636827,8,786430410
"3529",7,77.42636827,80,786340259
"3530",7,77.42636827,81,786367403
"3531",7,77.42636827,82,786403631
"3532",7,77.42636827,83,786373166
"3533",7,77.42636827,84,786410992
"3534",7,77.42636827,85,786360359
"3535",7,77.42636827,86,786413952
"3536",7,77.42636827,87,786347696
"3537",7,77.42636827,88,786439709
"3538",7,77.42636827,9,786365442
"3539",7,77.42636827,90,786324449
"3540",7,77.42636827,91,786406599
"3541",7,77.42636827,92,786407031
"3542",7,77.42636827,93,786387949
"3543",7,77.42636827,94,786433968
"3544",7,77.42636827,95,786441360
"3545",7,77.42636827,96,786344720
"3546",7,77.42636827,97,786406589
"3547",7,77.42636827,98,786421271
"3548",7,77.42636827,99,786360640
"3549",7,792.48289835,1,8048865011
"3550",7,792.48289835,10,8048814817
"3551",7,792.48289835,100,8049028409
"3552",7,792.48289835,11,8048808477
"3553",7,792.48289835,12,8048996173
"3554",7,792.48289835,13,8048671415
"3555",7,792.48289835,14,8048843373
"3556",7,792.48289835,15,8048805194
"3557",7,792.48289835,16,8048688891
"3558",7,792.48289835,17,8048644462
"3559",7,792.48289835,18,8048622497
"3560",7,792.48289835,19,8048600919
"3561",7,792.48289835,2,8048831982
"3562",7,792.48289835,20,8048718575
"3563",7,792.48289835,21,8048838210
"3564",7,792.48289835,22,8048602346
"3565",7,792.48289835,23,8048660225
"3566",7,792.48289835,24,8048726317
"3567",7,792.48289835,25,8048772851
"3568",7,792.48289835,26,8048770660
"3569",7,792.48289835,27,8048957088
"3570",7,792.48289835,28,8048831711
"3571",7,792.48289835,29,8048735731
"3572",7,792.48289835,3,8048752004
"3573",7,792.48289835,30,8048685064
"3574",7,792.48289835,31,8048873189
"3575",7,792.48289835,32,8048969498
"3576",7,792.48289835,33,8048634504
"3577",7,792.48289835,34,8048853874
"3578",7,792.48289835,35,8048926257
"3579",7,792.48289835,36,8048617666
"3580",7,792.48289835,37,8048707109
"3581",7,792.48289835,38,8048823414
"3582",7,792.48289835,39,8048580454
"3583",7,792.48289835,4,8048666845
"3584",7,792.48289835,40,8048878076
"3585",7,792.48289835,41,8048804196
"3586",7,792.48289835,42,8048565675
"3587",7,792.48289835,43,8048705085
"3588",7,792.48289835,44,8048606987
"3589",7,792.48289835,45,8048665638
"3590",7,792.48289835,46,8048846724
"3591",7,792.48289835,47,8048759555
"3592",7,792.48289835,48,8048821329
"3593",7,792.48289835,49,8048809178
"3594",7,792.48289835,5,8048693724
"3595",7,792.48289835,50,8048830928
"3596",7,792.48289835,51,8048708798
"3597",7,792.48289835,52,8048698674
"3598",7,792.48289835,53,8048560928
"3599",7,792.48289835,54,8048874849
"3600",7,792.48289835,55,8048786173
"3601",7,792.48289835,56,8048648518
"3602",7,792.48289835,57,8048644130
"3603",7,792.48289835,58,8048799127
"3604",7,792.48289835,59,8048647855
"3605",7,792.48289835,6,8048729103
"3606",7,792.48289835,60,8048934970
"3607",7,792.48289835,61,8048833765
"3608",7,792.48289835,62,8048720160
"3609",7,792.48289835,63,8048745648
"3610",7,792.48289835,64,8048686682
"3611",7,792.48289835,65,8048554085
"3612",7,792.48289835,66,8048702332
"3613",7,792.48289835,67,8048820488
"3614",7,792.48289835,68,8048748184
"3615",7,792.48289835,69,8048766392
"3616",7,792.48289835,7,8048703333
"3617",7,792.48289835,70,8048966870
"3618",7,792.48289835,71,8048587285
"3619",7,792.48289835,72,8048574257
"3620",7,792.48289835,73,8048791817
"3621",7,792.48289835,74,8048817311
"3622",7,792.48289835,75,8048926417
"3623",7,792.48289835,76,8048735396
"3624",7,792.48289835,77,8048723686
"3625",7,792.48289835,78,8048875944
"3626",7,792.48289835,79,8048960761
"3627",7,792.48289835,8,8048892661
"3628",7,792.48289835,80,8048864620
"3629",7,792.48289835,81,8048709182
"3630",7,792.48289835,82,8048789625
"3631",7,792.48289835,83,8048569392
"3632",7,792.48289835,84,8048800262
"3633",7,792.48289835,85,8048771044
"3634",7,792.48289835,86,8048759908
"3635",7,792.48289835,87,8048804556
"3636",7,792.48289835,88,8048799823
"3637",7,792.48289835,89,8048744837
"3638",7,792.48289835,9,8048793070
"3639",7,792.48289835,90,8048772639
"3640",7,792.48289835,91,8048661296
"3641",7,792.48289835,92,8048953848
"3642",7,792.48289835,93,8048817995
"3643",7,792.48289835,94,8048679717
"3644",7,792.48289835,95,8048821342
"3645",7,792.48289835,96,8048790928
"3646",7,792.48289835,97,8048758407
"3647",7,792.48289835,98,8049052193
"3648",7,792.48289835,99,8048755085
"3649",7,8.49753436,1,86311221
"3650",7,8.49753436,10,86292565
"3651",7,8.49753436,100,86308762
"3652",7,8.49753436,12,86295283
"3653",7,8.49753436,13,86289362
"3654",7,8.49753436,15,86295174
"3655",7,8.49753436,17,86299471
"3656",7,8.49753436,18,86293153
"3657",7,8.49753436,19,86290374
"3658",7,8.49753436,2,86312772
"3659",7,8.49753436,20,86309724
"3660",7,8.49753436,23,86311697
"3661",7,8.49753436,24,86308767
"3662",7,8.49753436,26,86307321
"3663",7,8.49753436,28,86293988
"3664",7,8.49753436,3,86303163
"3665",7,8.49753436,30,86285737
"3666",7,8.49753436,31,86304388
"3667",7,8.49753436,32,1
"3668",7,8.49753436,33,86278434
"3669",7,8.49753436,39,86303433
"3670",7,8.49753436,4,86303376
"3671",7,8.49753436,40,86304962
"3672",7,8.49753436,45,86291863
"3673",7,8.49753436,47,86323567
"3674",7,8.49753436,49,86295457
"3675",7,8.49753436,5,86330533
"3676",7,8.49753436,51,86301986
"3677",7,8.49753436,52,86301731
"3678",7,8.49753436,55,86309903
"3679",7,8.49753436,56,86294792
"3680",7,8.49753436,58,86294548
"3681",7,8.49753436,61,86297991
"3682",7,8.49753436,63,86299420
"3683",7,8.49753436,67,86313858
"3684",7,8.49753436,72,86309986
"3685",7,8.49753436,77,86309402
"3686",7,8.49753436,79,86317504
"3687",7,8.49753436,8,86326193
"3688",7,8.49753436,80,86308491
"3689",7,8.49753436,83,86307165
"3690",7,8.49753436,85,86312119
"3691",7,8.49753436,86,86303422
"3692",7,8.49753436,88,86307682
"3693",7,8.49753436,90,86321751
"3694",7,8.49753436,92,86298602
"3695",7,8.49753436,94,86316866
"3696",7,8.49753436,96,86306646
"3697",7,8.49753436,97,86304150
"3698",7,8.49753436,99,86294935
"3699",7,86.97490026,1,883349745
"3700",7,86.97490026,10,883311966
"3701",7,86.97490026,100,883378513
"3702",7,86.97490026,11,883358177
"3703",7,86.97490026,12,883304486
"3704",7,86.97490026,13,883323712
"3705",7,86.97490026,14,883334868
"3706",7,86.97490026,15,883354034
"3707",7,86.97490026,16,883343634
"3708",7,86.97490026,17,883314395
"3709",7,86.97490026,18,883329683
"3710",7,86.97490026,19,883368765
"3711",7,86.97490026,2,883339340
"3712",7,86.97490026,20,883327988
"3713",7,86.97490026,21,883291676
"3714",7,86.97490026,22,883330103
"3715",7,86.97490026,23,883309852
"3716",7,86.97490026,24,883339522
"3717",7,86.97490026,25,883271418
"3718",7,86.97490026,26,883397577
"3719",7,86.97490026,27,883317860
"3720",7,86.97490026,28,883307705
"3721",7,86.97490026,29,883385980
"3722",7,86.97490026,3,883352681
"3723",7,86.97490026,30,883357671
"3724",7,86.97490026,31,883372844
"3725",7,86.97490026,32,883324907
"3726",7,86.97490026,33,883401341
"3727",7,86.97490026,34,883314423
"3728",7,86.97490026,35,883374994
"3729",7,86.97490026,36,883412309
"3730",7,86.97490026,37,883371687
"3731",7,86.97490026,38,883383626
"3732",7,86.97490026,39,883336784
"3733",7,86.97490026,4,883333217
"3734",7,86.97490026,40,883346523
"3735",7,86.97490026,41,883320451
"3736",7,86.97490026,42,883442013
"3737",7,86.97490026,43,883291057
"3738",7,86.97490026,44,883335785
"3739",7,86.97490026,45,883349693
"3740",7,86.97490026,46,883368727
"3741",7,86.97490026,47,883308604
"3742",7,86.97490026,48,883408439
"3743",7,86.97490026,49,883408932
"3744",7,86.97490026,5,883337399
"3745",7,86.97490026,50,883428924
"3746",7,86.97490026,51,883409871
"3747",7,86.97490026,52,883299028
"3748",7,86.97490026,53,883393078
"3749",7,86.97490026,54,883340327
"3750",7,86.97490026,55,883382597
"3751",7,86.97490026,56,883402461
"3752",7,86.97490026,57,883367485
"3753",7,86.97490026,58,883401813
"3754",7,86.97490026,59,883375373
"3755",7,86.97490026,6,883369246
"3756",7,86.97490026,60,883393594
"3757",7,86.97490026,61,883428196
"3758",7,86.97490026,62,883416709
"3759",7,86.97490026,63,883381201
"3760",7,86.97490026,64,883349794
"3761",7,86.97490026,65,883379738
"3762",7,86.97490026,66,883308406
"3763",7,86.97490026,67,883350585
"3764",7,86.97490026,68,883347698
"3765",7,86.97490026,69,883347946
"3766",7,86.97490026,7,883403651
"3767",7,86.97490026,70,883281679
"3768",7,86.97490026,71,883373981
"3769",7,86.97490026,72,883384826
"3770",7,86.97490026,73,883347926
"3771",7,86.97490026,74,883357707
"3772",7,86.97490026,75,883315704
"3773",7,86.97490026,76,883415610
"3774",7,86.97490026,77,883384486
"3775",7,86.97490026,78,883338535
"3776",7,86.97490026,79,883335965
"3777",7,86.97490026,8,883273126
"3778",7,86.97490026,80,883372339
"3779",7,86.97490026,81,883349409
"3780",7,86.97490026,82,883289778
"3781",7,86.97490026,83,883307686
"3782",7,86.97490026,84,883335213
"3783",7,86.97490026,85,883348729
"3784",7,86.97490026,86,883386215
"3785",7,86.97490026,87,883336830
"3786",7,86.97490026,88,883393448
"3787",7,86.97490026,89,883315099
"3788",7,86.97490026,9,883367055
"3789",7,86.97490026,90,883354000
"3790",7,86.97490026,91,883298372
"3791",7,86.97490026,92,883481465
"3792",7,86.97490026,93,883405530
"3793",7,86.97490026,94,883404095
"3794",7,86.97490026,95,883337361
"3795",7,86.97490026,96,883290042
"3796",7,86.97490026,97,883339010
"3797",7,86.97490026,98,883329957
"3798",7,86.97490026,99,883401110
"3799",7,890.21508545,1,9041385919
"3800",7,890.21508545,10,9041267842
"3801",7,890.21508545,100,9041382797
"3802",7,890.21508545,11,9041435683
"3803",7,890.21508545,12,9041155147
"3804",7,890.21508545,13,9041647332
"3805",7,890.21508545,14,9041318443
"3806",7,890.21508545,15,9041336222
"3807",7,890.21508545,16,9041495360
"3808",7,890.21508545,17,9041325370
"3809",7,890.21508545,18,9041414695
"3810",7,890.21508545,19,9041395423
"3811",7,890.21508545,2,9041386413
"3812",7,890.21508545,20,9041276216
"3813",7,890.21508545,21,9041230286
"3814",7,890.21508545,22,9041487130
"3815",7,890.21508545,23,9041410795
"3816",7,890.21508545,24,9041531434
"3817",7,890.21508545,25,9041240255
"3818",7,890.21508545,26,9041509447
"3819",7,890.21508545,27,9041189167
"3820",7,890.21508545,28,9041299079
"3821",7,890.21508545,29,9041446119
"3822",7,890.21508545,3,9041634041
"3823",7,890.21508545,30,9041276677
"3824",7,890.21508545,31,9041307137
"3825",7,890.21508545,32,9041213371
"3826",7,890.21508545,33,9041458946
"3827",7,890.21508545,34,9041372894
"3828",7,890.21508545,35,9041404759
"3829",7,890.21508545,36,9041190376
"3830",7,890.21508545,37,9041292874
"3831",7,890.21508545,38,9041358299
"3832",7,890.21508545,39,9041382797
"3833",7,890.21508545,4,9041482913
"3834",7,890.21508545,40,9041416347
"3835",7,890.21508545,41,9041671110
"3836",7,890.21508545,42,9041493204
"3837",7,890.21508545,43,9041304772
"3838",7,890.21508545,44,9041404841
"3839",7,890.21508545,45,9041353571
"3840",7,890.21508545,46,9041456116
"3841",7,890.21508545,47,9041526327
"3842",7,890.21508545,48,9041546291
"3843",7,890.21508545,49,9041591339
"3844",7,890.21508545,5,9041296198
"3845",7,890.21508545,50,9041328083
"3846",7,890.21508545,51,9041101259
"3847",7,890.21508545,52,9041463925
"3848",7,890.21508545,53,9041334348
"3849",7,890.21508545,54,9041319933
"3850",7,890.21508545,55,9041244826
"3851",7,890.21508545,56,9041550326
"3852",7,890.21508545,57,9041319541
"3853",7,890.21508545,58,9041515383
"3854",7,890.21508545,59,9041385994
"3855",7,890.21508545,6,9041389656
"3856",7,890.21508545,60,9041362266
"3857",7,890.21508545,61,9041148303
"3858",7,890.21508545,62,9041306082
"3859",7,890.21508545,63,9041575626
"3860",7,890.21508545,64,9041218764
"3861",7,890.21508545,65,9041450181
"3862",7,890.21508545,66,9041366486
"3863",7,890.21508545,67,9041276677
"3864",7,890.21508545,68,9041350531
"3865",7,890.21508545,69,9041246514
"3866",7,890.21508545,7,9041231958
"3867",7,890.21508545,70,9041393001
"3868",7,890.21508545,71,9041157848
"3869",7,890.21508545,72,9041406222
"3870",7,890.21508545,73,9041442620
"3871",7,890.21508545,74,9041282793
"3872",7,890.21508545,75,9041419025
"3873",7,890.21508545,76,9041536326
"3874",7,890.21508545,77,9041414122
"3875",7,890.21508545,78,9041379636
"3876",7,890.21508545,79,9041188048
"3877",7,890.21508545,8,9041583326
"3878",7,890.21508545,80,9041406115
"3879",7,890.21508545,81,9041267232
"3880",7,890.21508545,82,9041230117
"3881",7,890.21508545,83,9041232871
"3882",7,890.21508545,84,9041506873
"3883",7,890.21508545,85,9041273508
"3884",7,890.21508545,86,9041434756
"3885",7,890.21508545,87,9041214903
"3886",7,890.21508545,88,9041381441
"3887",7,890.21508545,89,9041557212
"3888",7,890.21508545,9,9041249853
"3889",7,890.21508545,90,9041516549
"3890",7,890.21508545,91,9041405401
"3891",7,890.21508545,92,9041258929
"3892",7,890.21508545,93,9041412509
"3893",7,890.21508545,94,9041545311
"3894",7,890.21508545,95,9041606647
"3895",7,890.21508545,96,9041385144
"3896",7,890.21508545,97,9041446518
"3897",7,890.21508545,98,9041303837
"3898",7,890.21508545,99,9041325493
"3899",7,9.54548457,22,96943135
"3900",7,9.54548457,28,96930845
"3901",7,9.54548457,30,96958828
"3902",7,9.54548457,43,96950279
"3903",7,9.54548457,49,96932496
"3904",7,9.54548457,57,1
"3905",7,9.54548457,58,96951401
"3906",7,9.54548457,61,96946416
"3907",7,9.54548457,64,96942214
"3908",7,9.54548457,69,96947508
"3909",7,9.54548457,76,96946943
"3910",7,9.54548457,89,96959542
"3911",7,97.70099573,1,992240782
"3912",7,97.70099573,10,992289517
"3913",7,97.70099573,100,992401702
"3914",7,97.70099573,11,992232008
"3915",7,97.70099573,12,992301115
"3916",7,97.70099573,13,992315947
"3917",7,97.70099573,15,992314146
"3918",7,97.70099573,16,992286535
"3919",7,97.70099573,17,992326928
"3920",7,97.70099573,18,992257261
"3921",7,97.70099573,19,992240163
"3922",7,97.70099573,2,992362555
"3923",7,97.70099573,20,992257350
"3924",7,97.70099573,21,992343348
"3925",7,97.70099573,22,992361034
"3926",7,97.70099573,23,992350117
"3927",7,97.70099573,24,992436998
"3928",7,97.70099573,25,992286530
"3929",7,97.70099573,26,992232276
"3930",7,97.70099573,27,992395909
"3931",7,97.70099573,28,992243693
"3932",7,97.70099573,29,992257309
"3933",7,97.70099573,3,992319724
"3934",7,97.70099573,30,992414817
"3935",7,97.70099573,31,992378589
"3936",7,97.70099573,32,992267300
"3937",7,97.70099573,33,992334421
"3938",7,97.70099573,34,992247283
"3939",7,97.70099573,35,992325058
"3940",7,97.70099573,36,992307891
"3941",7,97.70099573,37,992351093
"3942",7,97.70099573,38,992266360
"3943",7,97.70099573,39,992291956
"3944",7,97.70099573,4,992288944
"3945",7,97.70099573,40,992280779
"3946",7,97.70099573,41,992253384
"3947",7,97.70099573,42,992260782
"3948",7,97.70099573,43,992240287
"3949",7,97.70099573,44,992320261
"3950",7,97.70099573,45,992271262
"3951",7,97.70099573,46,992331254
"3952",7,97.70099573,47,992302095
"3953",7,97.70099573,48,992211653
"3954",7,97.70099573,49,992313927
"3955",7,97.70099573,5,992280569
"3956",7,97.70099573,50,992319075
"3957",7,97.70099573,51,992257540
"3958",7,97.70099573,52,992310995
"3959",7,97.70099573,53,992334961
"3960",7,97.70099573,54,992296991
"3961",7,97.70099573,55,992267345
"3962",7,97.70099573,56,992229906
"3963",7,97.70099573,57,992341078
"3964",7,97.70099573,58,992312501
"3965",7,97.70099573,59,992360313
"3966",7,97.70099573,6,992318395
"3967",7,97.70099573,60,992257017
"3968",7,97.70099573,61,992375101
"3969",7,97.70099573,62,992271333
"3970",7,97.70099573,63,992336374
"3971",7,97.70099573,64,992274302
"3972",7,97.70099573,65,992274240
"3973",7,97.70099573,66,992264079
"3974",7,97.70099573,67,992298780
"3975",7,97.70099573,68,992298336
"3976",7,97.70099573,69,992259025
"3977",7,97.70099573,7,992295352
"3978",7,97.70099573,70,992270089
"3979",7,97.70099573,71,992276223
"3980",7,97.70099573,72,992348882
"3981",7,97.70099573,73,992336816
"3982",7,97.70099573,74,992292261
"3983",7,97.70099573,75,992313301
"3984",7,97.70099573,76,992277963
"3985",7,97.70099573,77,992282808
"3986",7,97.70099573,78,992368617
"3987",7,97.70099573,79,992269162
"3988",7,97.70099573,8,992256508
"3989",7,97.70099573,80,992262129
"3990",7,97.70099573,81,992238203
"3991",7,97.70099573,82,992350022
"3992",7,97.70099573,83,992304410
"3993",7,97.70099573,84,992231098
"3994",7,97.70099573,85,992241679
"3995",7,97.70099573,86,992361100
"3996",7,97.70099573,87,992286525
"3997",7,97.70099573,88,992269847
"3998",7,97.70099573,89,992282074
"3999",7,97.70099573,9,992284814
"4000",7,97.70099573,90,992387716
"4001",7,97.70099573,91,992253368
"4002",7,97.70099573,92,992312861
"4003",7,97.70099573,93,992337688
"4004",7,97.70099573,94,992287931
"4005",7,97.70099573,95,992300318
"4006",7,97.70099573,96,992252543
"4007",7,97.70099573,97,992301216
"4008",7,97.70099573,98,992300390
"4009",7,97.70099573,99,992392344
