"","time","nu","id","tot_pfu"
"1",8,0.01592283,55,1
"2",8,0.05722368,66,579138
"3",8,0.08111308,62,825008
"4",8,0.1023531,92,1037966
"5",8,0.1149757,85,1166016
"6",8,0.1149757,88,1165688
"7",8,0.18307383,37,1858624
"8",8,0.18307383,59,1855841
"9",8,0.23101297,62,2345417
"10",8,0.23101297,90,2346105
"11",8,0.25950242,73,2634243
"12",8,0.29150531,12,2960586
"13",8,0.29150531,21,2957048
"14",8,0.36783798,22,3735440
"15",8,0.36783798,67,3736959
"16",8,0.36783798,99,3733629
"17",8,0.41320124,48,4195731
"18",8,0.41320124,72,4200778
"19",8,0.41320124,80,4195229
"20",8,0.41320124,9,4197093
"21",8,0.46415888,41,4712417
"22",8,0.46415888,61,4709688
"23",8,0.58570208,4,5954301
"24",8,0.58570208,56,5947281
"25",8,0.58570208,7,5939488
"26",8,0.58570208,90,5945820
"27",8,0.58570208,92,5949005
"28",8,0.65793322,16,6677260
"29",8,0.65793322,29,6684126
"30",8,0.65793322,54,6683521
"31",8,0.65793322,8,6681575
"32",8,0.7390722,1,7503258
"33",8,0.7390722,13,7507478
"34",8,0.7390722,25,7511301
"35",8,0.7390722,30,7506359
"36",8,0.7390722,57,7505637
"37",8,0.7390722,65,7500504
"38",8,0.7390722,91,7505145
"39",8,0.83021757,13,8427361
"40",8,0.83021757,3,8434134
"41",8,0.83021757,33,8430596
"42",8,0.83021757,84,8429908
"43",8,0.83021757,95,8431761
"44",8,1.04761575,14,10633696
"45",8,1.04761575,35,10631739
"46",8,1.04761575,36,10641651
"47",8,1.04761575,46,10639949
"48",8,1.04761575,73,10634480
"49",8,1.04761575,94,10636286
"50",8,1.32194115,29,13422587
"51",8,1.32194115,31,13426588
"52",8,1.32194115,33,13423533
"53",8,1.32194115,4,13428559
"54",8,1.32194115,42,13422014
"55",8,1.32194115,46,13419174
"56",8,1.32194115,86,13422066
"57",8,1.48496826,19,15082149
"58",8,1.48496826,26,15090365
"59",8,1.48496826,38,15075829
"60",8,1.48496826,42,15082186
"61",8,1.48496826,64,15080386
"62",8,1.48496826,65,15084966
"63",8,1.48496826,68,15079600
"64",8,1.48496826,69,15082105
"65",8,1.48496826,86,15086278
"66",8,1.48496826,96,15080025
"67",8,1.87381742,28,19036052
"68",8,1.87381742,5,19032393
"69",8,1.87381742,52,19034058
"70",8,1.87381742,62,19023938
"71",8,1.87381742,64,19031202
"72",8,1.87381742,95,19028318
"73",8,1.87381742,97,19027489
"74",8,10.72267222,1,108890080
"75",8,10.72267222,12,108911073
"76",8,10.72267222,14,108890878
"77",8,10.72267222,15,108903897
"78",8,10.72267222,16,108899201
"79",8,10.72267222,18,108896621
"80",8,10.72267222,2,108914045
"81",8,10.72267222,21,108895075
"82",8,10.72267222,22,108908222
"83",8,10.72267222,23,108891459
"84",8,10.72267222,24,108870529
"85",8,10.72267222,25,108886549
"86",8,10.72267222,26,108866309
"87",8,10.72267222,28,108889445
"88",8,10.72267222,3,108888505
"89",8,10.72267222,30,108896584
"90",8,10.72267222,31,108902308
"91",8,10.72267222,35,108888858
"92",8,10.72267222,36,108908573
"93",8,10.72267222,37,108893473
"94",8,10.72267222,38,108877257
"95",8,10.72267222,39,108902287
"96",8,10.72267222,40,108885713
"97",8,10.72267222,41,108925319
"98",8,10.72267222,43,108887101
"99",8,10.72267222,44,108897819
"100",8,10.72267222,45,108888729
"101",8,10.72267222,46,108910124
"102",8,10.72267222,47,108911126
"103",8,10.72267222,48,108888705
"104",8,10.72267222,49,108909632
"105",8,10.72267222,5,108890667
"106",8,10.72267222,51,108899410
"107",8,10.72267222,52,108897959
"108",8,10.72267222,55,108887480
"109",8,10.72267222,57,108911990
"110",8,10.72267222,59,108905900
"111",8,10.72267222,62,108892207
"112",8,10.72267222,68,108886372
"113",8,10.72267222,69,108892510
"114",8,10.72267222,7,1
"115",8,10.72267222,72,108907807
"116",8,10.72267222,74,108910175
"117",8,10.72267222,75,108905155
"118",8,10.72267222,77,108884747
"119",8,10.72267222,78,108910163
"120",8,10.72267222,79,108894731
"121",8,10.72267222,80,108886745
"122",8,10.72267222,86,108888095
"123",8,10.72267222,87,108890116
"124",8,10.72267222,91,108872579
"125",8,10.72267222,95,108914644
"126",8,10.72267222,96,108876911
"127",8,10.72267222,97,108902402
"128",8,10.72267222,99,108914526
"129",8,1000,1,10156059217
"130",8,1000,10,10155835797
"131",8,1000,100,10156115180
"132",8,1000,11,10156082684
"133",8,1000,12,10156255444
"134",8,1000,13,10155983845
"135",8,1000,14,10156035334
"136",8,1000,15,10155793292
"137",8,1000,16,10155797752
"138",8,1000,17,10156199997
"139",8,1000,18,10155912233
"140",8,1000,19,10155993894
"141",8,1000,2,10155985647
"142",8,1000,20,10155892759
"143",8,1000,21,10155880797
"144",8,1000,22,10156066765
"145",8,1000,23,10155727228
"146",8,1000,24,10155896508
"147",8,1000,25,10156010614
"148",8,1000,26,10156062512
"149",8,1000,27,10156172094
"150",8,1000,28,10155915773
"151",8,1000,29,10156109124
"152",8,1000,3,10155967853
"153",8,1000,30,10155990306
"154",8,1000,31,10156150192
"155",8,1000,32,10155884364
"156",8,1000,33,10155969988
"157",8,1000,34,10155938910
"158",8,1000,35,10155933486
"159",8,1000,36,10155822361
"160",8,1000,37,10156007580
"161",8,1000,38,10155881966
"162",8,1000,39,10156138950
"163",8,1000,4,10156091850
"164",8,1000,40,10156039533
"165",8,1000,41,10155909704
"166",8,1000,42,10156085252
"167",8,1000,43,10156179205
"168",8,1000,44,10156073388
"169",8,1000,45,10155825061
"170",8,1000,46,10155812502
"171",8,1000,47,10155957719
"172",8,1000,48,10156271747
"173",8,1000,49,10155925097
"174",8,1000,5,10156176447
"175",8,1000,50,10156038283
"176",8,1000,51,10156210683
"177",8,1000,52,10156158222
"178",8,1000,53,10156218405
"179",8,1000,54,10155772479
"180",8,1000,55,10156052885
"181",8,1000,56,10156104906
"182",8,1000,57,10156222678
"183",8,1000,58,10155852280
"184",8,1000,59,10156201190
"185",8,1000,6,10156049639
"186",8,1000,60,10155966775
"187",8,1000,61,10155853265
"188",8,1000,62,10156108278
"189",8,1000,63,10155982521
"190",8,1000,64,10156086183
"191",8,1000,65,10155998372
"192",8,1000,66,10155847737
"193",8,1000,67,10156060008
"194",8,1000,68,10156054842
"195",8,1000,69,10156096313
"196",8,1000,7,10156108436
"197",8,1000,70,10156190521
"198",8,1000,71,10156105861
"199",8,1000,72,10156102064
"200",8,1000,73,10155904039
"201",8,1000,74,10155935385
"202",8,1000,75,10156060859
"203",8,1000,76,10156136015
"204",8,1000,77,10155954761
"205",8,1000,78,10156115299
"206",8,1000,79,10156088875
"207",8,1000,8,10156165546
"208",8,1000,80,10156112065
"209",8,1000,81,10156081186
"210",8,1000,82,10155957045
"211",8,1000,83,10155967172
"212",8,1000,84,10155992537
"213",8,1000,85,10155850272
"214",8,1000,86,10155980872
"215",8,1000,87,10156092340
"216",8,1000,88,10156051555
"217",8,1000,89,10156265295
"218",8,1000,9,10156158617
"219",8,1000,90,10156201190
"220",8,1000,91,10156113947
"221",8,1000,92,10156075208
"222",8,1000,93,10156027040
"223",8,1000,94,10156010614
"224",8,1000,95,10155868851
"225",8,1000,96,10156063173
"226",8,1000,97,10155969123
"227",8,1000,98,10155937075
"228",8,1000,99,10156093996
"229",8,109.74987655,1,1114648119
"230",8,109.74987655,10,1114623050
"231",8,109.74987655,100,1114641450
"232",8,109.74987655,11,1114774306
"233",8,109.74987655,12,1114595627
"234",8,109.74987655,13,1114610308
"235",8,109.74987655,14,1114667011
"236",8,109.74987655,15,1114750654
"237",8,109.74987655,16,1114606869
"238",8,109.74987655,17,1114672458
"239",8,109.74987655,18,1114613035
"240",8,109.74987655,19,1114614018
"241",8,109.74987655,2,1114576008
"242",8,109.74987655,20,1114607955
"243",8,109.74987655,21,1114609822
"244",8,109.74987655,22,1114609733
"245",8,109.74987655,23,1114632760
"246",8,109.74987655,24,1114692167
"247",8,109.74987655,25,1114637862
"248",8,109.74987655,26,1114554142
"249",8,109.74987655,27,1114676892
"250",8,109.74987655,28,1114652187
"251",8,109.74987655,29,1114653867
"252",8,109.74987655,3,1114618563
"253",8,109.74987655,30,1114627409
"254",8,109.74987655,31,1114634097
"255",8,109.74987655,32,1114536864
"256",8,109.74987655,33,1114634449
"257",8,109.74987655,34,1114571874
"258",8,109.74987655,35,1114633898
"259",8,109.74987655,36,1114661631
"260",8,109.74987655,37,1114675769
"261",8,109.74987655,38,1114633353
"262",8,109.74987655,39,1114553369
"263",8,109.74987655,4,1114617154
"264",8,109.74987655,40,1114641935
"265",8,109.74987655,41,1114674750
"266",8,109.74987655,42,1114629970
"267",8,109.74987655,43,1114645985
"268",8,109.74987655,44,1114656662
"269",8,109.74987655,45,1114621144
"270",8,109.74987655,46,1114647076
"271",8,109.74987655,47,1114707226
"272",8,109.74987655,48,1114630086
"273",8,109.74987655,49,1114611048
"274",8,109.74987655,5,1114619660
"275",8,109.74987655,50,1114602344
"276",8,109.74987655,51,1114678158
"277",8,109.74987655,52,1114609287
"278",8,109.74987655,53,1114696045
"279",8,109.74987655,54,1114587897
"280",8,109.74987655,55,1114578138
"281",8,109.74987655,56,1114555814
"282",8,109.74987655,57,1114581482
"283",8,109.74987655,58,1114624432
"284",8,109.74987655,59,1114602292
"285",8,109.74987655,6,1114655306
"286",8,109.74987655,60,1114651160
"287",8,109.74987655,61,1114704694
"288",8,109.74987655,62,1114642152
"289",8,109.74987655,63,1114594411
"290",8,109.74987655,64,1114647571
"291",8,109.74987655,65,1114665704
"292",8,109.74987655,66,1114619199
"293",8,109.74987655,67,1114657898
"294",8,109.74987655,68,1114564549
"295",8,109.74987655,69,1114600969
"296",8,109.74987655,7,1114670605
"297",8,109.74987655,70,1114666173
"298",8,109.74987655,71,1114626341
"299",8,109.74987655,72,1114666463
"300",8,109.74987655,73,1114664395
"301",8,109.74987655,74,1114610194
"302",8,109.74987655,75,1114574812
"303",8,109.74987655,76,1114651164
"304",8,109.74987655,77,1114548966
"305",8,109.74987655,78,1114665779
"306",8,109.74987655,79,1114540039
"307",8,109.74987655,8,1114667951
"308",8,109.74987655,80,1114581304
"309",8,109.74987655,81,1114607099
"310",8,109.74987655,82,1114714396
"311",8,109.74987655,83,1114599673
"312",8,109.74987655,84,1114637157
"313",8,109.74987655,85,1114678821
"314",8,109.74987655,86,1114598653
"315",8,109.74987655,87,1114662773
"316",8,109.74987655,88,1114647702
"317",8,109.74987655,89,1114590950
"318",8,109.74987655,9,1114707936
"319",8,109.74987655,90,1114661299
"320",8,109.74987655,91,1114657110
"321",8,109.74987655,92,1114571151
"322",8,109.74987655,93,1114580211
"323",8,109.74987655,94,1114606247
"324",8,109.74987655,95,1114635044
"325",8,109.74987655,96,1114667346
"326",8,109.74987655,97,1114585528
"327",8,109.74987655,98,1114651340
"328",8,109.74987655,99,1114657518
"329",8,12.0450354,1,122317812
"330",8,12.0450354,10,122339667
"331",8,12.0450354,12,122315027
"332",8,12.0450354,14,122323131
"333",8,12.0450354,15,122333779
"334",8,12.0450354,16,122329645
"335",8,12.0450354,18,122312376
"336",8,12.0450354,19,122328093
"337",8,12.0450354,20,122333288
"338",8,12.0450354,21,122303375
"339",8,12.0450354,24,122320647
"340",8,12.0450354,25,122327737
"341",8,12.0450354,27,122344663
"342",8,12.0450354,28,122336871
"343",8,12.0450354,30,122324631
"344",8,12.0450354,35,122358773
"345",8,12.0450354,38,122322931
"346",8,12.0450354,39,122325653
"347",8,12.0450354,40,122327429
"348",8,12.0450354,41,122329896
"349",8,12.0450354,42,122312901
"350",8,12.0450354,43,122329328
"351",8,12.0450354,45,122339999
"352",8,12.0450354,46,122330340
"353",8,12.0450354,47,122327389
"354",8,12.0450354,48,122344980
"355",8,12.0450354,5,122336350
"356",8,12.0450354,50,122332882
"357",8,12.0450354,54,122319884
"358",8,12.0450354,55,122318872
"359",8,12.0450354,59,122323634
"360",8,12.0450354,6,122324702
"361",8,12.0450354,60,122321286
"362",8,12.0450354,61,122313659
"363",8,12.0450354,65,122340753
"364",8,12.0450354,66,122333024
"365",8,12.0450354,71,122333958
"366",8,12.0450354,72,122329119
"367",8,12.0450354,73,122320958
"368",8,12.0450354,74,122333603
"369",8,12.0450354,75,122319620
"370",8,12.0450354,77,122314406
"371",8,12.0450354,78,122340514
"372",8,12.0450354,79,122313958
"373",8,12.0450354,8,122351765
"374",8,12.0450354,80,122327435
"375",8,12.0450354,82,122325512
"376",8,12.0450354,83,122367635
"377",8,12.0450354,84,122318402
"378",8,12.0450354,85,122329998
"379",8,12.0450354,86,122327037
"380",8,12.0450354,87,122320936
"381",8,12.0450354,88,122336623
"382",8,12.0450354,90,122334873
"383",8,12.0450354,91,122325614
"384",8,12.0450354,92,122342284
"385",8,12.0450354,94,122340558
"386",8,12.0450354,95,122326777
"387",8,12.0450354,96,122330475
"388",8,123.28467394,1,1252075972
"389",8,123.28467394,10,1252114820
"390",8,123.28467394,100,1252113233
"391",8,123.28467394,11,1252065158
"392",8,123.28467394,12,1252037868
"393",8,123.28467394,13,1252169206
"394",8,123.28467394,14,1252060446
"395",8,123.28467394,15,1252105513
"396",8,123.28467394,16,1251993119
"397",8,123.28467394,17,1252035197
"398",8,123.28467394,18,1252001092
"399",8,123.28467394,19,1252063237
"400",8,123.28467394,2,1252089732
"401",8,123.28467394,20,1252035214
"402",8,123.28467394,21,1252104904
"403",8,123.28467394,22,1252062808
"404",8,123.28467394,23,1252121091
"405",8,123.28467394,24,1252065495
"406",8,123.28467394,25,1252147531
"407",8,123.28467394,26,1252094041
"408",8,123.28467394,27,1251997212
"409",8,123.28467394,28,1252065807
"410",8,123.28467394,29,1252079098
"411",8,123.28467394,3,1252076875
"412",8,123.28467394,30,1252072842
"413",8,123.28467394,31,1252083158
"414",8,123.28467394,32,1252046968
"415",8,123.28467394,33,1252045253
"416",8,123.28467394,34,1252080878
"417",8,123.28467394,35,1252065029
"418",8,123.28467394,36,1252056005
"419",8,123.28467394,37,1252131487
"420",8,123.28467394,38,1252117164
"421",8,123.28467394,39,1252088816
"422",8,123.28467394,4,1252096235
"423",8,123.28467394,40,1252132735
"424",8,123.28467394,41,1252077641
"425",8,123.28467394,42,1252118164
"426",8,123.28467394,43,1252132899
"427",8,123.28467394,44,1252047730
"428",8,123.28467394,45,1252075499
"429",8,123.28467394,46,1252125725
"430",8,123.28467394,47,1252304154
"431",8,123.28467394,48,1252074276
"432",8,123.28467394,49,1252137268
"433",8,123.28467394,5,1252116736
"434",8,123.28467394,50,1252087543
"435",8,123.28467394,51,1252093014
"436",8,123.28467394,52,1252115412
"437",8,123.28467394,53,1252197830
"438",8,123.28467394,54,1252062656
"439",8,123.28467394,55,1252034740
"440",8,123.28467394,56,1252100242
"441",8,123.28467394,57,1252097675
"442",8,123.28467394,58,1252135443
"443",8,123.28467394,59,1252076274
"444",8,123.28467394,6,1252091727
"445",8,123.28467394,60,1252096659
"446",8,123.28467394,61,1252150118
"447",8,123.28467394,62,1252084073
"448",8,123.28467394,63,1252052336
"449",8,123.28467394,64,1252060548
"450",8,123.28467394,65,1252199937
"451",8,123.28467394,66,1251980170
"452",8,123.28467394,67,1252081881
"453",8,123.28467394,68,1252085676
"454",8,123.28467394,69,1252044257
"455",8,123.28467394,7,1252109022
"456",8,123.28467394,70,1252086231
"457",8,123.28467394,71,1252139474
"458",8,123.28467394,72,1252072533
"459",8,123.28467394,73,1252175536
"460",8,123.28467394,74,1252093563
"461",8,123.28467394,75,1252033065
"462",8,123.28467394,76,1252118456
"463",8,123.28467394,77,1252119974
"464",8,123.28467394,78,1252062112
"465",8,123.28467394,79,1252105741
"466",8,123.28467394,8,1252037771
"467",8,123.28467394,80,1252097650
"468",8,123.28467394,81,1252104463
"469",8,123.28467394,82,1252061724
"470",8,123.28467394,83,1252041149
"471",8,123.28467394,84,1252086773
"472",8,123.28467394,85,1252053704
"473",8,123.28467394,86,1252106399
"474",8,123.28467394,87,1252007712
"475",8,123.28467394,88,1252067835
"476",8,123.28467394,89,1252160325
"477",8,123.28467394,9,1252078026
"478",8,123.28467394,90,1252029305
"479",8,123.28467394,91,1252039916
"480",8,123.28467394,92,1252078922
"481",8,123.28467394,93,1252078040
"482",8,123.28467394,94,1252060645
"483",8,123.28467394,95,1251978609
"484",8,123.28467394,96,1252131776
"485",8,123.28467394,97,1252181547
"486",8,123.28467394,98,1252103769
"487",8,123.28467394,99,1252116584
"488",8,13.53047775,1,137418950
"489",8,13.53047775,100,137427122
"490",8,13.53047775,12,137435030
"491",8,13.53047775,13,137406176
"492",8,13.53047775,19,137438313
"493",8,13.53047775,20,137423585
"494",8,13.53047775,22,137411278
"495",8,13.53047775,24,137417602
"496",8,13.53047775,27,137403450
"497",8,13.53047775,28,137393515
"498",8,13.53047775,29,137429545
"499",8,13.53047775,3,137422560
"500",8,13.53047775,31,137420858
"501",8,13.53047775,32,137409569
"502",8,13.53047775,33,137419098
"503",8,13.53047775,35,137439089
"504",8,13.53047775,36,137418245
"505",8,13.53047775,37,137425648
"506",8,13.53047775,38,137420426
"507",8,13.53047775,39,137402895
"508",8,13.53047775,41,137411819
"509",8,13.53047775,42,137429895
"510",8,13.53047775,45,137412347
"511",8,13.53047775,49,137417060
"512",8,13.53047775,5,137423295
"513",8,13.53047775,51,137439581
"514",8,13.53047775,52,137373499
"515",8,13.53047775,53,137391912
"516",8,13.53047775,54,137441322
"517",8,13.53047775,55,137403752
"518",8,13.53047775,57,137420411
"519",8,13.53047775,58,137425373
"520",8,13.53047775,59,137415653
"521",8,13.53047775,6,137423438
"522",8,13.53047775,61,137406740
"523",8,13.53047775,62,137401615
"524",8,13.53047775,64,137411271
"525",8,13.53047775,68,137436209
"526",8,13.53047775,69,137402035
"527",8,13.53047775,70,137413184
"528",8,13.53047775,71,137399912
"529",8,13.53047775,73,137431216
"530",8,13.53047775,75,137399857
"531",8,13.53047775,76,137431446
"532",8,13.53047775,77,137419247
"533",8,13.53047775,78,137416755
"534",8,13.53047775,8,137426121
"535",8,13.53047775,80,137409404
"536",8,13.53047775,81,137407252
"537",8,13.53047775,84,137419864
"538",8,13.53047775,85,137413077
"539",8,13.53047775,87,137415987
"540",8,13.53047775,88,137408778
"541",8,13.53047775,89,137421064
"542",8,13.53047775,9,137410830
"543",8,13.53047775,91,137401516
"544",8,13.53047775,92,137391094
"545",8,13.53047775,93,137426019
"546",8,13.53047775,97,137431997
"547",8,138.48863714,1,1406467383
"548",8,138.48863714,10,1406471011
"549",8,138.48863714,100,1406515044
"550",8,138.48863714,11,1406475273
"551",8,138.48863714,12,1406500928
"552",8,138.48863714,13,1406484795
"553",8,138.48863714,14,1406508697
"554",8,138.48863714,15,1406426371
"555",8,138.48863714,16,1406487621
"556",8,138.48863714,17,1406494772
"557",8,138.48863714,18,1406563613
"558",8,138.48863714,19,1406454095
"559",8,138.48863714,2,1406518283
"560",8,138.48863714,20,1406485153
"561",8,138.48863714,21,1406614575
"562",8,138.48863714,22,1406518297
"563",8,138.48863714,23,1406544043
"564",8,138.48863714,24,1406610746
"565",8,138.48863714,25,1406525263
"566",8,138.48863714,26,1406568085
"567",8,138.48863714,27,1406484320
"568",8,138.48863714,28,1406493376
"569",8,138.48863714,29,1406462178
"570",8,138.48863714,3,1406484649
"571",8,138.48863714,30,1406515920
"572",8,138.48863714,31,1406470111
"573",8,138.48863714,32,1406499797
"574",8,138.48863714,33,1406478715
"575",8,138.48863714,34,1406415222
"576",8,138.48863714,35,1406540004
"577",8,138.48863714,36,1406439621
"578",8,138.48863714,37,1406485030
"579",8,138.48863714,38,1406482110
"580",8,138.48863714,39,1406454319
"581",8,138.48863714,4,1406546145
"582",8,138.48863714,40,1406498314
"583",8,138.48863714,41,1406534407
"584",8,138.48863714,42,1406533867
"585",8,138.48863714,43,1406522940
"586",8,138.48863714,44,1406512345
"587",8,138.48863714,45,1406448244
"588",8,138.48863714,46,1406526332
"589",8,138.48863714,47,1406473474
"590",8,138.48863714,48,1406497186
"591",8,138.48863714,49,1406495572
"592",8,138.48863714,5,1406537221
"593",8,138.48863714,50,1406501797
"594",8,138.48863714,51,1406386622
"595",8,138.48863714,52,1406558502
"596",8,138.48863714,53,1406486441
"597",8,138.48863714,54,1406459690
"598",8,138.48863714,55,1406497403
"599",8,138.48863714,56,1406466205
"600",8,138.48863714,57,1406439163
"601",8,138.48863714,58,1406496598
"602",8,138.48863714,59,1406445131
"603",8,138.48863714,6,1406538196
"604",8,138.48863714,60,1406521670
"605",8,138.48863714,61,1406614575
"606",8,138.48863714,62,1406484630
"607",8,138.48863714,63,1406581559
"608",8,138.48863714,64,1406431346
"609",8,138.48863714,65,1406528552
"610",8,138.48863714,66,1406539878
"611",8,138.48863714,67,1406572032
"612",8,138.48863714,68,1406528490
"613",8,138.48863714,69,1406447280
"614",8,138.48863714,7,1406496857
"615",8,138.48863714,70,1406439025
"616",8,138.48863714,71,1406538453
"617",8,138.48863714,72,1406508765
"618",8,138.48863714,73,1406489716
"619",8,138.48863714,74,1406432901
"620",8,138.48863714,75,1406430045
"621",8,138.48863714,76,1406473440
"622",8,138.48863714,77,1406484574
"623",8,138.48863714,78,1406519480
"624",8,138.48863714,79,1406539674
"625",8,138.48863714,8,1406578044
"626",8,138.48863714,80,1406535421
"627",8,138.48863714,81,1406560199
"628",8,138.48863714,82,1406468582
"629",8,138.48863714,83,1406493376
"630",8,138.48863714,84,1406518388
"631",8,138.48863714,85,1406490334
"632",8,138.48863714,86,1406529228
"633",8,138.48863714,87,1406549802
"634",8,138.48863714,88,1406473904
"635",8,138.48863714,89,1406524800
"636",8,138.48863714,9,1406439598
"637",8,138.48863714,90,1406549379
"638",8,138.48863714,91,1406452609
"639",8,138.48863714,92,1406558211
"640",8,138.48863714,93,1406473014
"641",8,138.48863714,94,1406456181
"642",8,138.48863714,95,1406482906
"643",8,138.48863714,96,1406526956
"644",8,138.48863714,97,1406421712
"645",8,138.48863714,98,1406469954
"646",8,138.48863714,99,1406520976
"647",8,15.19911083,1,154371563
"648",8,15.19911083,10,154365521
"649",8,15.19911083,100,154378438
"650",8,15.19911083,11,154403730
"651",8,15.19911083,12,154367718
"652",8,15.19911083,15,154354777
"653",8,15.19911083,16,154352738
"654",8,15.19911083,17,154354096
"655",8,15.19911083,19,154358757
"656",8,15.19911083,2,154347466
"657",8,15.19911083,22,154350465
"658",8,15.19911083,24,154359205
"659",8,15.19911083,25,154373856
"660",8,15.19911083,27,154378426
"661",8,15.19911083,28,154349713
"662",8,15.19911083,29,154374914
"663",8,15.19911083,3,154361948
"664",8,15.19911083,31,154357956
"665",8,15.19911083,34,154359933
"666",8,15.19911083,35,154361448
"667",8,15.19911083,36,154353165
"668",8,15.19911083,37,154361306
"669",8,15.19911083,38,154342258
"670",8,15.19911083,39,154372667
"671",8,15.19911083,40,154350759
"672",8,15.19911083,41,154338680
"673",8,15.19911083,43,154358415
"674",8,15.19911083,44,154348785
"675",8,15.19911083,48,154343723
"676",8,15.19911083,49,154354634
"677",8,15.19911083,50,154362386
"678",8,15.19911083,53,154374637
"679",8,15.19911083,54,154359179
"680",8,15.19911083,55,154367799
"681",8,15.19911083,57,154337715
"682",8,15.19911083,59,154350215
"683",8,15.19911083,6,154337512
"684",8,15.19911083,60,154355087
"685",8,15.19911083,62,154357191
"686",8,15.19911083,64,154363158
"687",8,15.19911083,65,154379623
"688",8,15.19911083,68,154360409
"689",8,15.19911083,69,154332277
"690",8,15.19911083,7,154348014
"691",8,15.19911083,70,154345740
"692",8,15.19911083,71,154360274
"693",8,15.19911083,72,154341001
"694",8,15.19911083,75,154369935
"695",8,15.19911083,76,154359439
"696",8,15.19911083,77,154363139
"697",8,15.19911083,78,154371378
"698",8,15.19911083,8,154372374
"699",8,15.19911083,83,154369593
"700",8,15.19911083,85,154363395
"701",8,15.19911083,87,154362861
"702",8,15.19911083,89,154373070
"703",8,15.19911083,90,154350057
"704",8,15.19911083,92,154337414
"705",8,15.19911083,96,154371899
"706",8,15.19911083,98,154355350
"707",8,155.56761439,1,1579896036
"708",8,155.56761439,10,1579844845
"709",8,155.56761439,100,1579989579
"710",8,155.56761439,11,1580003374
"711",8,155.56761439,12,1579995851
"712",8,155.56761439,13,1579982980
"713",8,155.56761439,14,1579987048
"714",8,155.56761439,15,1580012771
"715",8,155.56761439,16,1579939385
"716",8,155.56761439,17,1579992519
"717",8,155.56761439,18,1579962349
"718",8,155.56761439,19,1579975554
"719",8,155.56761439,2,1579997871
"720",8,155.56761439,20,1579895509
"721",8,155.56761439,21,1579887579
"722",8,155.56761439,22,1580039198
"723",8,155.56761439,23,1579883264
"724",8,155.56761439,24,1579965299
"725",8,155.56761439,25,1579968419
"726",8,155.56761439,26,1579861518
"727",8,155.56761439,27,1579977862
"728",8,155.56761439,28,1579965309
"729",8,155.56761439,29,1579919430
"730",8,155.56761439,3,1579940834
"731",8,155.56761439,30,1579935399
"732",8,155.56761439,31,1579883269
"733",8,155.56761439,32,1579905465
"734",8,155.56761439,33,1579956300
"735",8,155.56761439,34,1579969878
"736",8,155.56761439,35,1579913206
"737",8,155.56761439,36,1579977007
"738",8,155.56761439,37,1579931911
"739",8,155.56761439,38,1579869824
"740",8,155.56761439,39,1579988960
"741",8,155.56761439,4,1579928845
"742",8,155.56761439,40,1579860220
"743",8,155.56761439,41,1579982126
"744",8,155.56761439,42,1579936071
"745",8,155.56761439,43,1579991569
"746",8,155.56761439,44,1579927676
"747",8,155.56761439,45,1579970009
"748",8,155.56761439,46,1579970216
"749",8,155.56761439,47,1579920584
"750",8,155.56761439,48,1580002446
"751",8,155.56761439,49,1579970924
"752",8,155.56761439,5,1579833254
"753",8,155.56761439,50,1579926737
"754",8,155.56761439,51,1579954926
"755",8,155.56761439,52,1579991662
"756",8,155.56761439,53,1579994533
"757",8,155.56761439,54,1579932096
"758",8,155.56761439,55,1579935071
"759",8,155.56761439,56,1579951008
"760",8,155.56761439,57,1580038092
"761",8,155.56761439,58,1579923050
"762",8,155.56761439,59,1579957766
"763",8,155.56761439,6,1580054246
"764",8,155.56761439,60,1579844845
"765",8,155.56761439,61,1579858755
"766",8,155.56761439,62,1579960030
"767",8,155.56761439,63,1579947855
"768",8,155.56761439,64,1579836997
"769",8,155.56761439,65,1579975668
"770",8,155.56761439,66,1579970977
"771",8,155.56761439,67,1579906259
"772",8,155.56761439,68,1579925181
"773",8,155.56761439,69,1579941276
"774",8,155.56761439,7,1579936976
"775",8,155.56761439,70,1579875370
"776",8,155.56761439,71,1579954637
"777",8,155.56761439,72,1579899229
"778",8,155.56761439,73,1579901321
"779",8,155.56761439,74,1579948904
"780",8,155.56761439,75,1579945601
"781",8,155.56761439,76,1579906740
"782",8,155.56761439,77,1579961133
"783",8,155.56761439,78,1580003908
"784",8,155.56761439,79,1579920567
"785",8,155.56761439,8,1579950077
"786",8,155.56761439,80,1579982948
"787",8,155.56761439,81,1579963280
"788",8,155.56761439,82,1579989985
"789",8,155.56761439,83,1579982998
"790",8,155.56761439,84,1579928742
"791",8,155.56761439,85,1580052447
"792",8,155.56761439,86,1580063130
"793",8,155.56761439,87,1580119793
"794",8,155.56761439,88,1579925203
"795",8,155.56761439,89,1579991748
"796",8,155.56761439,9,1579994028
"797",8,155.56761439,90,1580029586
"798",8,155.56761439,91,1579924274
"799",8,155.56761439,92,1579898867
"800",8,155.56761439,93,1579970007
"801",8,155.56761439,94,1579872927
"802",8,155.56761439,95,1579948223
"803",8,155.56761439,96,1579859745
"804",8,155.56761439,97,1579890352
"805",8,155.56761439,98,1579913007
"806",8,155.56761439,99,1579924934
"807",8,17.07352647,100,173393085
"808",8,17.07352647,15,173396340
"809",8,17.07352647,16,173406752
"810",8,17.07352647,21,173402045
"811",8,17.07352647,28,173394665
"812",8,17.07352647,40,173400405
"813",8,17.07352647,43,173397068
"814",8,17.07352647,50,173396329
"815",8,17.07352647,51,173394233
"816",8,17.07352647,62,173387985
"817",8,17.07352647,66,173398601
"818",8,17.07352647,69,173397508
"819",8,17.07352647,76,173383815
"820",8,17.07352647,79,173414757
"821",8,17.07352647,81,173398480
"822",8,17.07352647,84,173415383
"823",8,17.07352647,87,173391262
"824",8,17.07352647,95,173416200
"825",8,17.07352647,96,173387903
"826",8,17.07352647,98,173399905
"827",8,174.75284,1,1774790650
"828",8,174.75284,10,1774706989
"829",8,174.75284,100,1774788661
"830",8,174.75284,11,1774680751
"831",8,174.75284,12,1774745511
"832",8,174.75284,13,1774771387
"833",8,174.75284,14,1774849250
"834",8,174.75284,15,1774771904
"835",8,174.75284,16,1774764530
"836",8,174.75284,17,1774832457
"837",8,174.75284,18,1774983205
"838",8,174.75284,19,1774738639
"839",8,174.75284,2,1774751456
"840",8,174.75284,20,1774799849
"841",8,174.75284,21,1774854787
"842",8,174.75284,22,1774764846
"843",8,174.75284,23,1774789070
"844",8,174.75284,24,1774754806
"845",8,174.75284,25,1774825001
"846",8,174.75284,26,1774833269
"847",8,174.75284,27,1774789548
"848",8,174.75284,28,1774787248
"849",8,174.75284,29,1774919891
"850",8,174.75284,3,1774727261
"851",8,174.75284,30,1774843585
"852",8,174.75284,31,1774865807
"853",8,174.75284,32,1774762118
"854",8,174.75284,33,1774814923
"855",8,174.75284,34,1774787120
"856",8,174.75284,35,1774809118
"857",8,174.75284,36,1774720835
"858",8,174.75284,37,1774814451
"859",8,174.75284,38,1774836998
"860",8,174.75284,39,1774891743
"861",8,174.75284,4,1774809763
"862",8,174.75284,40,1774839461
"863",8,174.75284,41,1774689457
"864",8,174.75284,42,1774786929
"865",8,174.75284,43,1774765684
"866",8,174.75284,44,1774887274
"867",8,174.75284,45,1774844791
"868",8,174.75284,46,1774811775
"869",8,174.75284,47,1774812003
"870",8,174.75284,48,1774808213
"871",8,174.75284,49,1774876873
"872",8,174.75284,5,1774759511
"873",8,174.75284,50,1774750473
"874",8,174.75284,51,1774764370
"875",8,174.75284,52,1774867671
"876",8,174.75284,53,1774857589
"877",8,174.75284,54,1774865909
"878",8,174.75284,55,1774742810
"879",8,174.75284,56,1774880148
"880",8,174.75284,57,1774767824
"881",8,174.75284,58,1774752152
"882",8,174.75284,59,1774845896
"883",8,174.75284,6,1774852469
"884",8,174.75284,60,1774833996
"885",8,174.75284,61,1774823664
"886",8,174.75284,62,1774735429
"887",8,174.75284,63,1774759683
"888",8,174.75284,64,1774830434
"889",8,174.75284,65,1774763386
"890",8,174.75284,66,1774841725
"891",8,174.75284,67,1774734473
"892",8,174.75284,68,1774817409
"893",8,174.75284,69,1774861069
"894",8,174.75284,7,1774753533
"895",8,174.75284,70,1774713391
"896",8,174.75284,71,1774765559
"897",8,174.75284,72,1774816307
"898",8,174.75284,73,1774738336
"899",8,174.75284,74,1774840522
"900",8,174.75284,75,1774793159
"901",8,174.75284,76,1774801075
"902",8,174.75284,77,1774727522
"903",8,174.75284,78,1774751016
"904",8,174.75284,79,1774754638
"905",8,174.75284,8,1774758814
"906",8,174.75284,80,1774856968
"907",8,174.75284,81,1774783263
"908",8,174.75284,82,1774831345
"909",8,174.75284,83,1774793882
"910",8,174.75284,84,1774827928
"911",8,174.75284,85,1774873191
"912",8,174.75284,86,1774696370
"913",8,174.75284,87,1774865303
"914",8,174.75284,88,1774804232
"915",8,174.75284,89,1774807143
"916",8,174.75284,9,1774682272
"917",8,174.75284,90,1774770761
"918",8,174.75284,91,1774725267
"919",8,174.75284,92,1774843399
"920",8,174.75284,93,1774823291
"921",8,174.75284,94,1774812378
"922",8,174.75284,95,1774835260
"923",8,174.75284,96,1774816331
"924",8,174.75284,97,1774695446
"925",8,174.75284,98,1774786970
"926",8,174.75284,99,1774843548
"927",8,19.17910262,10,194771418
"928",8,19.17910262,100,194764801
"929",8,19.17910262,11,194788542
"930",8,19.17910262,12,194780020
"931",8,19.17910262,14,194792012
"932",8,19.17910262,15,194791615
"933",8,19.17910262,17,194773136
"934",8,19.17910262,18,194814332
"935",8,19.17910262,19,194785309
"936",8,19.17910262,2,194790818
"937",8,19.17910262,22,194771163
"938",8,19.17910262,23,194778743
"939",8,19.17910262,24,194755002
"940",8,19.17910262,25,194788420
"941",8,19.17910262,28,194811650
"942",8,19.17910262,29,194770486
"943",8,19.17910262,3,194756947
"944",8,19.17910262,30,194764140
"945",8,19.17910262,31,194778344
"946",8,19.17910262,32,194767448
"947",8,19.17910262,33,194782042
"948",8,19.17910262,34,194778799
"949",8,19.17910262,35,194753762
"950",8,19.17910262,37,194772863
"951",8,19.17910262,38,194764893
"952",8,19.17910262,4,194774456
"953",8,19.17910262,40,194769391
"954",8,19.17910262,41,194780604
"955",8,19.17910262,43,194791533
"956",8,19.17910262,44,194794753
"957",8,19.17910262,45,194771902
"958",8,19.17910262,47,194785000
"959",8,19.17910262,48,194806264
"960",8,19.17910262,50,194759841
"961",8,19.17910262,51,194766571
"962",8,19.17910262,52,194774294
"963",8,19.17910262,53,194775642
"964",8,19.17910262,54,194774763
"965",8,19.17910262,55,194782220
"966",8,19.17910262,57,194779890
"967",8,19.17910262,58,194795788
"968",8,19.17910262,59,194775059
"969",8,19.17910262,6,194800699
"970",8,19.17910262,61,194771925
"971",8,19.17910262,62,194774041
"972",8,19.17910262,63,194770877
"973",8,19.17910262,64,194790286
"974",8,19.17910262,65,194773663
"975",8,19.17910262,66,194785219
"976",8,19.17910262,68,194771652
"977",8,19.17910262,69,194770153
"978",8,19.17910262,7,194766173
"979",8,19.17910262,71,194789345
"980",8,19.17910262,73,194805531
"981",8,19.17910262,75,194804703
"982",8,19.17910262,76,194764718
"983",8,19.17910262,77,194769316
"984",8,19.17910262,78,194787944
"985",8,19.17910262,79,194794659
"986",8,19.17910262,8,194767909
"987",8,19.17910262,80,194734249
"988",8,19.17910262,81,194774707
"989",8,19.17910262,82,194811451
"990",8,19.17910262,83,194768679
"991",8,19.17910262,84,194779523
"992",8,19.17910262,85,194788527
"993",8,19.17910262,87,194761369
"994",8,19.17910262,89,194769671
"995",8,19.17910262,9,194771592
"996",8,19.17910262,90,194802392
"997",8,19.17910262,91,194805179
"998",8,19.17910262,92,194785081
"999",8,19.17910262,93,194763814
"1000",8,19.17910262,95,194758350
"1001",8,19.17910262,97,194785674
"1002",8,19.17910262,98,194779195
"1003",8,196.304065,1,1993700840
"1004",8,196.304065,10,1993773099
"1005",8,196.304065,100,1993761216
"1006",8,196.304065,11,1993669111
"1007",8,196.304065,12,1993747589
"1008",8,196.304065,13,1993640625
"1009",8,196.304065,14,1993701970
"1010",8,196.304065,15,1993668743
"1011",8,196.304065,16,1993652851
"1012",8,196.304065,17,1993669741
"1013",8,196.304065,18,1993646969
"1014",8,196.304065,19,1993812846
"1015",8,196.304065,2,1993727590
"1016",8,196.304065,20,1993586980
"1017",8,196.304065,21,1993591685
"1018",8,196.304065,22,1993723352
"1019",8,196.304065,23,1993734617
"1020",8,196.304065,24,1993634654
"1021",8,196.304065,25,1993650600
"1022",8,196.304065,26,1993719196
"1023",8,196.304065,27,1993662189
"1024",8,196.304065,28,1993746153
"1025",8,196.304065,29,1993671168
"1026",8,196.304065,3,1993667873
"1027",8,196.304065,30,1993678836
"1028",8,196.304065,31,1993593063
"1029",8,196.304065,32,1993612307
"1030",8,196.304065,33,1993703013
"1031",8,196.304065,34,1993621167
"1032",8,196.304065,35,1993647712
"1033",8,196.304065,36,1993721002
"1034",8,196.304065,37,1993630429
"1035",8,196.304065,38,1993627360
"1036",8,196.304065,39,1993737376
"1037",8,196.304065,4,1993606658
"1038",8,196.304065,40,1993657486
"1039",8,196.304065,41,1993616509
"1040",8,196.304065,42,1993720756
"1041",8,196.304065,43,1993553324
"1042",8,196.304065,44,1993634242
"1043",8,196.304065,45,1993633598
"1044",8,196.304065,46,1993597940
"1045",8,196.304065,47,1993617661
"1046",8,196.304065,48,1993783207
"1047",8,196.304065,49,1993813060
"1048",8,196.304065,5,1993621547
"1049",8,196.304065,50,1993638421
"1050",8,196.304065,51,1993670334
"1051",8,196.304065,52,1993664639
"1052",8,196.304065,53,1993666834
"1053",8,196.304065,54,1993606813
"1054",8,196.304065,55,1993782575
"1055",8,196.304065,56,1993572324
"1056",8,196.304065,57,1993739449
"1057",8,196.304065,58,1993709651
"1058",8,196.304065,59,1993671750
"1059",8,196.304065,6,1993609008
"1060",8,196.304065,60,1993542593
"1061",8,196.304065,61,1993625058
"1062",8,196.304065,62,1993671435
"1063",8,196.304065,63,1993655635
"1064",8,196.304065,64,1993575232
"1065",8,196.304065,65,1993584740
"1066",8,196.304065,66,1993567047
"1067",8,196.304065,67,1993730663
"1068",8,196.304065,68,1993643905
"1069",8,196.304065,69,1993653936
"1070",8,196.304065,7,1993612674
"1071",8,196.304065,70,1993616509
"1072",8,196.304065,71,1993748245
"1073",8,196.304065,72,1993691815
"1074",8,196.304065,73,1993638125
"1075",8,196.304065,74,1993640423
"1076",8,196.304065,75,1993615872
"1077",8,196.304065,76,1993657355
"1078",8,196.304065,77,1993677087
"1079",8,196.304065,78,1993682395
"1080",8,196.304065,79,1993623728
"1081",8,196.304065,8,1993745877
"1082",8,196.304065,80,1993575703
"1083",8,196.304065,81,1993742507
"1084",8,196.304065,82,1993656758
"1085",8,196.304065,83,1993640421
"1086",8,196.304065,84,1993709019
"1087",8,196.304065,85,1993635694
"1088",8,196.304065,86,1993687537
"1089",8,196.304065,87,1993662916
"1090",8,196.304065,88,1993713461
"1091",8,196.304065,89,1993773272
"1092",8,196.304065,9,1993657725
"1093",8,196.304065,90,1993680778
"1094",8,196.304065,91,1993622920
"1095",8,196.304065,92,1993678343
"1096",8,196.304065,93,1993718297
"1097",8,196.304065,94,1993659384
"1098",8,196.304065,95,1993704968
"1099",8,196.304065,96,1993603542
"1100",8,196.304065,97,1993696025
"1101",8,196.304065,98,1993756102
"1102",8,196.304065,99,1993781719
"1103",8,2.10490414,27,21383226
"1104",8,2.10490414,3,21370662
"1105",8,2.10490414,34,21365604
"1106",8,2.10490414,50,21371789
"1107",8,2.10490414,57,21380281
"1108",8,2.10490414,59,21377421
"1109",8,2.10490414,71,21376086
"1110",8,2.10490414,79,21386743
"1111",8,2.10490414,83,21374958
"1112",8,2.10490414,86,21380762
"1113",8,2.10490414,93,21378192
"1114",8,2.10490414,95,21376879
"1115",8,2.36448941,13,24013278
"1116",8,2.36448941,15,24011595
"1117",8,2.36448941,63,24007670
"1118",8,2.36448941,65,24012811
"1119",8,2.36448941,71,24021827
"1120",8,2.36448941,76,24009592
"1121",8,2.36448941,84,24004439
"1122",8,2.36448941,87,24013710
"1123",8,2.36448941,91,24011876
"1124",8,2.65608778,1,26971333
"1125",8,2.65608778,21,26972869
"1126",8,2.65608778,3,26968800
"1127",8,2.65608778,33,26971344
"1128",8,2.65608778,48,26970492
"1129",8,2.65608778,51,26982299
"1130",8,2.65608778,54,26965167
"1131",8,2.65608778,59,26975537
"1132",8,2.65608778,64,26969448
"1133",8,2.65608778,7,26974390
"1134",8,2.65608778,72,26969710
"1135",8,2.65608778,78,26974337
"1136",8,2.65608778,80,26982803
"1137",8,2.65608778,89,26972696
"1138",8,2.65608778,95,26975748
"1139",8,2.98364724,10,30310306
"1140",8,2.98364724,100,30297208
"1141",8,2.98364724,13,30309324
"1142",8,2.98364724,26,30300447
"1143",8,2.98364724,39,30315155
"1144",8,2.98364724,40,30301834
"1145",8,2.98364724,43,30301389
"1146",8,2.98364724,44,30298845
"1147",8,2.98364724,45,30294948
"1148",8,2.98364724,48,30308842
"1149",8,2.98364724,58,30295256
"1150",8,2.98364724,6,30289392
"1151",8,2.98364724,60,30297240
"1152",8,2.98364724,61,30306562
"1153",8,2.98364724,66,30309755
"1154",8,2.98364724,76,30302804
"1155",8,2.98364724,8,30287997
"1156",8,2.98364724,85,30295931
"1157",8,2.98364724,89,30299751
"1158",8,2.98364724,92,30303409
"1159",8,2.98364724,93,30290513
"1160",8,2.98364724,94,30291875
"1161",8,2.98364724,98,30303827
"1162",8,21.5443469,1,218816154
"1163",8,21.5443469,10,218844825
"1164",8,21.5443469,11,218815514
"1165",8,21.5443469,12,218815879
"1166",8,21.5443469,14,218805822
"1167",8,21.5443469,15,218807102
"1168",8,21.5443469,16,218836351
"1169",8,21.5443469,17,218797564
"1170",8,21.5443469,18,218818995
"1171",8,21.5443469,2,218817963
"1172",8,21.5443469,21,218786607
"1173",8,21.5443469,23,218793685
"1174",8,21.5443469,24,218821845
"1175",8,21.5443469,25,218818455
"1176",8,21.5443469,27,218808716
"1177",8,21.5443469,28,218837782
"1178",8,21.5443469,29,218793039
"1179",8,21.5443469,30,218790623
"1180",8,21.5443469,31,218825754
"1181",8,21.5443469,32,218819952
"1182",8,21.5443469,33,218806971
"1183",8,21.5443469,34,218793823
"1184",8,21.5443469,35,218787723
"1185",8,21.5443469,36,218797606
"1186",8,21.5443469,37,218798490
"1187",8,21.5443469,38,218775164
"1188",8,21.5443469,39,218777822
"1189",8,21.5443469,4,218821211
"1190",8,21.5443469,40,218801435
"1191",8,21.5443469,41,218816938
"1192",8,21.5443469,44,218837198
"1193",8,21.5443469,45,218812117
"1194",8,21.5443469,46,218800667
"1195",8,21.5443469,47,218787472
"1196",8,21.5443469,48,218754425
"1197",8,21.5443469,49,218790070
"1198",8,21.5443469,5,218802000
"1199",8,21.5443469,50,218783487
"1200",8,21.5443469,51,218782613
"1201",8,21.5443469,52,218787659
"1202",8,21.5443469,53,218826315
"1203",8,21.5443469,54,218800034
"1204",8,21.5443469,56,218783880
"1205",8,21.5443469,57,218807737
"1206",8,21.5443469,58,218806004
"1207",8,21.5443469,59,218819004
"1208",8,21.5443469,6,218777163
"1209",8,21.5443469,60,218788366
"1210",8,21.5443469,61,218811464
"1211",8,21.5443469,63,218788772
"1212",8,21.5443469,64,218790469
"1213",8,21.5443469,65,218800729
"1214",8,21.5443469,66,218816180
"1215",8,21.5443469,67,218787256
"1216",8,21.5443469,69,218822477
"1217",8,21.5443469,7,218793246
"1218",8,21.5443469,70,218772500
"1219",8,21.5443469,72,218779501
"1220",8,21.5443469,73,218787582
"1221",8,21.5443469,74,218790969
"1222",8,21.5443469,75,218800788
"1223",8,21.5443469,77,218797745
"1224",8,21.5443469,78,218772692
"1225",8,21.5443469,79,218796720
"1226",8,21.5443469,8,218793480
"1227",8,21.5443469,80,218793648
"1228",8,21.5443469,81,218802837
"1229",8,21.5443469,82,218793311
"1230",8,21.5443469,85,218803372
"1231",8,21.5443469,87,218822014
"1232",8,21.5443469,88,218810485
"1233",8,21.5443469,89,218792357
"1234",8,21.5443469,9,218790734
"1235",8,21.5443469,90,218829014
"1236",8,21.5443469,91,218822889
"1237",8,21.5443469,92,218827429
"1238",8,21.5443469,93,218810113
"1239",8,21.5443469,94,218800096
"1240",8,21.5443469,95,218794356
"1241",8,21.5443469,99,218806762
"1242",8,220.51307399,1,2239463049
"1243",8,220.51307399,10,2239464435
"1244",8,220.51307399,100,2239544194
"1245",8,220.51307399,11,2239574507
"1246",8,220.51307399,12,2239527830
"1247",8,220.51307399,13,2239572037
"1248",8,220.51307399,14,2239513779
"1249",8,220.51307399,15,2239552027
"1250",8,220.51307399,16,2239486096
"1251",8,220.51307399,17,2239546767
"1252",8,220.51307399,18,2239485753
"1253",8,220.51307399,19,2239537778
"1254",8,220.51307399,2,2239607967
"1255",8,220.51307399,20,2239477347
"1256",8,220.51307399,21,2239400519
"1257",8,220.51307399,22,2239547504
"1258",8,220.51307399,23,2239546750
"1259",8,220.51307399,24,2239552258
"1260",8,220.51307399,25,2239644812
"1261",8,220.51307399,26,2239526932
"1262",8,220.51307399,27,2239494767
"1263",8,220.51307399,28,2239558767
"1264",8,220.51307399,29,2239489830
"1265",8,220.51307399,3,2239568313
"1266",8,220.51307399,30,2239451539
"1267",8,220.51307399,31,2239509065
"1268",8,220.51307399,32,2239460496
"1269",8,220.51307399,33,2239502110
"1270",8,220.51307399,34,2239637275
"1271",8,220.51307399,35,2239546428
"1272",8,220.51307399,36,2239528602
"1273",8,220.51307399,37,2239640961
"1274",8,220.51307399,38,2239587831
"1275",8,220.51307399,39,2239592368
"1276",8,220.51307399,4,2239513761
"1277",8,220.51307399,40,2239665435
"1278",8,220.51307399,41,2239619736
"1279",8,220.51307399,42,2239652707
"1280",8,220.51307399,43,2239538118
"1281",8,220.51307399,44,2239530159
"1282",8,220.51307399,45,2239543748
"1283",8,220.51307399,46,2239466524
"1284",8,220.51307399,47,2239573099
"1285",8,220.51307399,48,2239601183
"1286",8,220.51307399,49,2239587467
"1287",8,220.51307399,5,2239550274
"1288",8,220.51307399,50,2239573209
"1289",8,220.51307399,51,2239629461
"1290",8,220.51307399,52,2239612398
"1291",8,220.51307399,53,2239526617
"1292",8,220.51307399,54,2239502509
"1293",8,220.51307399,55,2239553600
"1294",8,220.51307399,56,2239502263
"1295",8,220.51307399,57,2239484868
"1296",8,220.51307399,58,2239564187
"1297",8,220.51307399,59,2239475009
"1298",8,220.51307399,6,2239517269
"1299",8,220.51307399,60,2239611147
"1300",8,220.51307399,61,2239499960
"1301",8,220.51307399,62,2239527955
"1302",8,220.51307399,63,2239567249
"1303",8,220.51307399,64,2239568896
"1304",8,220.51307399,65,2239623248
"1305",8,220.51307399,66,2239538516
"1306",8,220.51307399,67,2239602400
"1307",8,220.51307399,68,2239399520
"1308",8,220.51307399,69,2239593175
"1309",8,220.51307399,7,2239505501
"1310",8,220.51307399,70,2239624828
"1311",8,220.51307399,71,2239537882
"1312",8,220.51307399,72,2239507832
"1313",8,220.51307399,73,2239523933
"1314",8,220.51307399,74,2239496437
"1315",8,220.51307399,75,2239660310
"1316",8,220.51307399,76,2239510247
"1317",8,220.51307399,77,2239488619
"1318",8,220.51307399,78,2239607120
"1319",8,220.51307399,79,2239612931
"1320",8,220.51307399,8,2239566348
"1321",8,220.51307399,80,2239562203
"1322",8,220.51307399,81,2239611370
"1323",8,220.51307399,82,2239531008
"1324",8,220.51307399,83,2239568074
"1325",8,220.51307399,84,2239542269
"1326",8,220.51307399,85,2239532000
"1327",8,220.51307399,86,2239601872
"1328",8,220.51307399,87,2239610698
"1329",8,220.51307399,88,2239493877
"1330",8,220.51307399,89,2239513279
"1331",8,220.51307399,9,2239532013
"1332",8,220.51307399,90,2239575360
"1333",8,220.51307399,91,2239523382
"1334",8,220.51307399,92,2239602977
"1335",8,220.51307399,93,2239525737
"1336",8,220.51307399,94,2239504949
"1337",8,220.51307399,95,2239598329
"1338",8,220.51307399,96,2239653549
"1339",8,220.51307399,97,2239452426
"1340",8,220.51307399,98,2239498247
"1341",8,220.51307399,99,2239460444
"1342",8,24.20128265,1,245788664
"1343",8,24.20128265,10,245839886
"1344",8,24.20128265,12,245771901
"1345",8,24.20128265,13,245793073
"1346",8,24.20128265,14,245773976
"1347",8,24.20128265,15,245800526
"1348",8,24.20128265,16,245765564
"1349",8,24.20128265,17,245806118
"1350",8,24.20128265,18,245813726
"1351",8,24.20128265,19,245790908
"1352",8,24.20128265,2,245798732
"1353",8,24.20128265,20,245797607
"1354",8,24.20128265,21,245812109
"1355",8,24.20128265,22,245765468
"1356",8,24.20128265,23,245807193
"1357",8,24.20128265,25,245807628
"1358",8,24.20128265,27,245795309
"1359",8,24.20128265,28,245770722
"1360",8,24.20128265,29,245781559
"1361",8,24.20128265,3,245772108
"1362",8,24.20128265,30,245789369
"1363",8,24.20128265,31,245807525
"1364",8,24.20128265,32,245801914
"1365",8,24.20128265,33,245827793
"1366",8,24.20128265,34,245761823
"1367",8,24.20128265,35,245774213
"1368",8,24.20128265,37,245780896
"1369",8,24.20128265,38,245800943
"1370",8,24.20128265,39,245793438
"1371",8,24.20128265,40,245792852
"1372",8,24.20128265,41,245789093
"1373",8,24.20128265,42,245799777
"1374",8,24.20128265,43,245778756
"1375",8,24.20128265,44,245796380
"1376",8,24.20128265,45,245789849
"1377",8,24.20128265,46,245769863
"1378",8,24.20128265,47,245802011
"1379",8,24.20128265,48,245835619
"1380",8,24.20128265,49,245782815
"1381",8,24.20128265,5,245796872
"1382",8,24.20128265,50,245785082
"1383",8,24.20128265,51,245789515
"1384",8,24.20128265,52,245815150
"1385",8,24.20128265,53,245776940
"1386",8,24.20128265,54,245802271
"1387",8,24.20128265,55,245744740
"1388",8,24.20128265,56,245770459
"1389",8,24.20128265,57,245763902
"1390",8,24.20128265,58,245742389
"1391",8,24.20128265,60,245799377
"1392",8,24.20128265,61,245783489
"1393",8,24.20128265,62,245784363
"1394",8,24.20128265,63,245796238
"1395",8,24.20128265,64,245794100
"1396",8,24.20128265,65,245773323
"1397",8,24.20128265,66,245774850
"1398",8,24.20128265,68,245761913
"1399",8,24.20128265,69,245790136
"1400",8,24.20128265,7,245795641
"1401",8,24.20128265,71,245807193
"1402",8,24.20128265,72,245769278
"1403",8,24.20128265,75,245799987
"1404",8,24.20128265,76,245807563
"1405",8,24.20128265,77,245778131
"1406",8,24.20128265,78,245804439
"1407",8,24.20128265,79,245784755
"1408",8,24.20128265,8,245787537
"1409",8,24.20128265,80,245811097
"1410",8,24.20128265,81,245795638
"1411",8,24.20128265,82,245776966
"1412",8,24.20128265,83,245783172
"1413",8,24.20128265,84,245822012
"1414",8,24.20128265,85,245783133
"1415",8,24.20128265,87,245836303
"1416",8,24.20128265,89,245797168
"1417",8,24.20128265,90,245771000
"1418",8,24.20128265,91,245769408
"1419",8,24.20128265,92,245794617
"1420",8,24.20128265,93,245789025
"1421",8,24.20128265,94,245794835
"1422",8,24.20128265,95,245780615
"1423",8,24.20128265,96,245834125
"1424",8,24.20128265,97,245753961
"1425",8,24.20128265,98,245846822
"1426",8,24.20128265,99,245804735
"1427",8,247.7076356,1,2515620852
"1428",8,247.7076356,10,2515775702
"1429",8,247.7076356,100,2515822222
"1430",8,247.7076356,11,2515767268
"1431",8,247.7076356,12,2515787818
"1432",8,247.7076356,13,2515938422
"1433",8,247.7076356,14,2515741638
"1434",8,247.7076356,15,2515836704
"1435",8,247.7076356,16,2515729352
"1436",8,247.7076356,17,2515771601
"1437",8,247.7076356,18,2515630406
"1438",8,247.7076356,19,2515783393
"1439",8,247.7076356,2,2515720504
"1440",8,247.7076356,20,2515713467
"1441",8,247.7076356,21,2515798024
"1442",8,247.7076356,22,2515736870
"1443",8,247.7076356,23,2515703650
"1444",8,247.7076356,24,2515746609
"1445",8,247.7076356,25,2515750445
"1446",8,247.7076356,26,2515830267
"1447",8,247.7076356,27,2515745941
"1448",8,247.7076356,28,2515805430
"1449",8,247.7076356,29,2515856166
"1450",8,247.7076356,3,2515650366
"1451",8,247.7076356,30,2515790864
"1452",8,247.7076356,31,2515748974
"1453",8,247.7076356,32,2515689445
"1454",8,247.7076356,33,2515752941
"1455",8,247.7076356,34,2515597618
"1456",8,247.7076356,35,2515773776
"1457",8,247.7076356,36,2515709628
"1458",8,247.7076356,37,2515668728
"1459",8,247.7076356,38,2515646988
"1460",8,247.7076356,39,2515662173
"1461",8,247.7076356,4,2515750445
"1462",8,247.7076356,40,2515724508
"1463",8,247.7076356,41,2515744155
"1464",8,247.7076356,42,2515640284
"1465",8,247.7076356,43,2515700581
"1466",8,247.7076356,44,2515692358
"1467",8,247.7076356,45,2515714954
"1468",8,247.7076356,46,2515714857
"1469",8,247.7076356,47,2515633222
"1470",8,247.7076356,48,2515625624
"1471",8,247.7076356,49,2515719852
"1472",8,247.7076356,5,2515746951
"1473",8,247.7076356,50,2515707250
"1474",8,247.7076356,51,2515777288
"1475",8,247.7076356,52,2515573299
"1476",8,247.7076356,53,2515635203
"1477",8,247.7076356,54,2515729829
"1478",8,247.7076356,55,2515750187
"1479",8,247.7076356,56,2515719193
"1480",8,247.7076356,57,2515716306
"1481",8,247.7076356,58,2515769631
"1482",8,247.7076356,59,2515730078
"1483",8,247.7076356,6,2515696103
"1484",8,247.7076356,60,2515718829
"1485",8,247.7076356,61,2515780737
"1486",8,247.7076356,62,2515671809
"1487",8,247.7076356,63,2515805015
"1488",8,247.7076356,64,2515654561
"1489",8,247.7076356,65,2515860756
"1490",8,247.7076356,66,2515682283
"1491",8,247.7076356,67,2515761336
"1492",8,247.7076356,68,2515739596
"1493",8,247.7076356,69,2515721831
"1494",8,247.7076356,7,2515701431
"1495",8,247.7076356,70,2515718067
"1496",8,247.7076356,71,2515762167
"1497",8,247.7076356,72,2515735476
"1498",8,247.7076356,73,2515688042
"1499",8,247.7076356,74,2515809783
"1500",8,247.7076356,75,2515809428
"1501",8,247.7076356,76,2515749957
"1502",8,247.7076356,77,2515763540
"1503",8,247.7076356,78,2515645516
"1504",8,247.7076356,79,2515726119
"1505",8,247.7076356,8,2515718429
"1506",8,247.7076356,80,2515725697
"1507",8,247.7076356,81,2515798144
"1508",8,247.7076356,82,2515848844
"1509",8,247.7076356,83,2515681356
"1510",8,247.7076356,84,2515705553
"1511",8,247.7076356,85,2515635733
"1512",8,247.7076356,86,2515708671
"1513",8,247.7076356,87,2515698461
"1514",8,247.7076356,88,2515637059
"1515",8,247.7076356,89,2515617810
"1516",8,247.7076356,9,2515684037
"1517",8,247.7076356,90,2515752752
"1518",8,247.7076356,91,2515589150
"1519",8,247.7076356,92,2515705284
"1520",8,247.7076356,93,2515742094
"1521",8,247.7076356,94,2515686841
"1522",8,247.7076356,95,2515683019
"1523",8,247.7076356,96,2515739143
"1524",8,247.7076356,97,2515707206
"1525",8,247.7076356,98,2515829702
"1526",8,247.7076356,99,2515803154
"1527",8,27.18588243,1,276085523
"1528",8,27.18588243,10,276095282
"1529",8,27.18588243,100,276103172
"1530",8,27.18588243,11,276099388
"1531",8,27.18588243,12,276117158
"1532",8,27.18588243,13,276095412
"1533",8,27.18588243,15,276073164
"1534",8,27.18588243,17,276108637
"1535",8,27.18588243,18,276072199
"1536",8,27.18588243,19,276090963
"1537",8,27.18588243,2,276107536
"1538",8,27.18588243,20,276092323
"1539",8,27.18588243,21,276062549
"1540",8,27.18588243,22,276103740
"1541",8,27.18588243,23,276078421
"1542",8,27.18588243,24,276089832
"1543",8,27.18588243,25,276124478
"1544",8,27.18588243,26,276099502
"1545",8,27.18588243,27,276077422
"1546",8,27.18588243,28,276117825
"1547",8,27.18588243,29,276092281
"1548",8,27.18588243,3,276085005
"1549",8,27.18588243,30,276085635
"1550",8,27.18588243,31,276106041
"1551",8,27.18588243,32,276094238
"1552",8,27.18588243,33,276102540
"1553",8,27.18588243,34,276079590
"1554",8,27.18588243,35,276110376
"1555",8,27.18588243,36,276083044
"1556",8,27.18588243,39,276103236
"1557",8,27.18588243,4,276107997
"1558",8,27.18588243,40,276105152
"1559",8,27.18588243,41,276116143
"1560",8,27.18588243,43,276127542
"1561",8,27.18588243,44,276080713
"1562",8,27.18588243,45,276103795
"1563",8,27.18588243,46,276155043
"1564",8,27.18588243,47,276054522
"1565",8,27.18588243,48,276111391
"1566",8,27.18588243,5,276090229
"1567",8,27.18588243,50,276114312
"1568",8,27.18588243,51,276097499
"1569",8,27.18588243,52,276113879
"1570",8,27.18588243,54,276112876
"1571",8,27.18588243,55,276099122
"1572",8,27.18588243,56,276081584
"1573",8,27.18588243,58,276096641
"1574",8,27.18588243,59,276072015
"1575",8,27.18588243,6,276108306
"1576",8,27.18588243,60,276086089
"1577",8,27.18588243,61,276116523
"1578",8,27.18588243,62,276104804
"1579",8,27.18588243,63,276099402
"1580",8,27.18588243,64,276082448
"1581",8,27.18588243,65,276152061
"1582",8,27.18588243,66,276107459
"1583",8,27.18588243,67,276101019
"1584",8,27.18588243,68,276085198
"1585",8,27.18588243,69,276113770
"1586",8,27.18588243,7,276093382
"1587",8,27.18588243,70,276083711
"1588",8,27.18588243,71,276110465
"1589",8,27.18588243,72,276096202
"1590",8,27.18588243,73,276096939
"1591",8,27.18588243,75,276125857
"1592",8,27.18588243,76,276103842
"1593",8,27.18588243,77,276135092
"1594",8,27.18588243,78,276091065
"1595",8,27.18588243,79,276086173
"1596",8,27.18588243,8,276062364
"1597",8,27.18588243,80,276066067
"1598",8,27.18588243,81,276105515
"1599",8,27.18588243,82,276105811
"1600",8,27.18588243,84,276129706
"1601",8,27.18588243,85,276088315
"1602",8,27.18588243,86,276103236
"1603",8,27.18588243,87,276079754
"1604",8,27.18588243,88,276088662
"1605",8,27.18588243,89,276121414
"1606",8,27.18588243,90,276084787
"1607",8,27.18588243,91,276117251
"1608",8,27.18588243,92,276121064
"1609",8,27.18588243,93,276098511
"1610",8,27.18588243,95,276083652
"1611",8,27.18588243,96,276114092
"1612",8,27.18588243,97,276112753
"1613",8,27.18588243,98,276082737
"1614",8,27.18588243,99,276098512
"1615",8,278.25594022,1,2825947598
"1616",8,278.25594022,10,2825884361
"1617",8,278.25594022,100,2826134189
"1618",8,278.25594022,11,2825981639
"1619",8,278.25594022,12,2825858652
"1620",8,278.25594022,13,2825927465
"1621",8,278.25594022,14,2825958796
"1622",8,278.25594022,15,2826084625
"1623",8,278.25594022,16,2826047865
"1624",8,278.25594022,17,2825930373
"1625",8,278.25594022,18,2825966778
"1626",8,278.25594022,19,2826032426
"1627",8,278.25594022,2,2825963481
"1628",8,278.25594022,20,2825965227
"1629",8,278.25594022,21,2826002560
"1630",8,278.25594022,22,2825916408
"1631",8,278.25594022,23,2825986029
"1632",8,278.25594022,24,2826176239
"1633",8,278.25594022,25,2825979324
"1634",8,278.25594022,26,2825911222
"1635",8,278.25594022,27,2825876229
"1636",8,278.25594022,28,2826031934
"1637",8,278.25594022,29,2825976144
"1638",8,278.25594022,3,2825894646
"1639",8,278.25594022,30,2825916410
"1640",8,278.25594022,31,2826017024
"1641",8,278.25594022,32,2826019085
"1642",8,278.25594022,33,2825951232
"1643",8,278.25594022,34,2825958814
"1644",8,278.25594022,35,2825983527
"1645",8,278.25594022,36,2826042744
"1646",8,278.25594022,37,2826131652
"1647",8,278.25594022,38,2825906501
"1648",8,278.25594022,39,2825969361
"1649",8,278.25594022,4,2825930661
"1650",8,278.25594022,40,2826115769
"1651",8,278.25594022,41,2825878741
"1652",8,278.25594022,42,2825991596
"1653",8,278.25594022,43,2825952637
"1654",8,278.25594022,44,2825924647
"1655",8,278.25594022,45,2825951321
"1656",8,278.25594022,46,2825865964
"1657",8,278.25594022,47,2826071817
"1658",8,278.25594022,48,2826004221
"1659",8,278.25594022,49,2825932142
"1660",8,278.25594022,5,2826054162
"1661",8,278.25594022,50,2826035861
"1662",8,278.25594022,51,2825986418
"1663",8,278.25594022,52,2826098261
"1664",8,278.25594022,53,2826028355
"1665",8,278.25594022,54,2825907687
"1666",8,278.25594022,55,2826102028
"1667",8,278.25594022,56,2825944571
"1668",8,278.25594022,57,2825913897
"1669",8,278.25594022,58,2826018914
"1670",8,278.25594022,59,2825915393
"1671",8,278.25594022,6,2825958924
"1672",8,278.25594022,60,2825960180
"1673",8,278.25594022,61,2826055216
"1674",8,278.25594022,62,2826009914
"1675",8,278.25594022,63,2825894994
"1676",8,278.25594022,64,2825964228
"1677",8,278.25594022,65,2825917673
"1678",8,278.25594022,66,2825967039
"1679",8,278.25594022,67,2825960111
"1680",8,278.25594022,68,2826092188
"1681",8,278.25594022,69,2825981260
"1682",8,278.25594022,7,2826062156
"1683",8,278.25594022,70,2825990592
"1684",8,278.25594022,71,2825942790
"1685",8,278.25594022,72,2826015761
"1686",8,278.25594022,73,2825871050
"1687",8,278.25594022,74,2826146495
"1688",8,278.25594022,75,2825928228
"1689",8,278.25594022,76,2825923453
"1690",8,278.25594022,77,2826059596
"1691",8,278.25594022,78,2825970113
"1692",8,278.25594022,79,2826011951
"1693",8,278.25594022,8,2825991339
"1694",8,278.25594022,80,2825969285
"1695",8,278.25594022,81,2825916302
"1696",8,278.25594022,82,2825947518
"1697",8,278.25594022,83,2825949599
"1698",8,278.25594022,84,2826028398
"1699",8,278.25594022,85,2826023039
"1700",8,278.25594022,86,2825902001
"1701",8,278.25594022,87,2825892429
"1702",8,278.25594022,88,2825994235
"1703",8,278.25594022,89,2825913734
"1704",8,278.25594022,9,2826026492
"1705",8,278.25594022,90,2825948264
"1706",8,278.25594022,91,2825954887
"1707",8,278.25594022,92,2825918053
"1708",8,278.25594022,93,2826082960
"1709",8,278.25594022,94,2826023958
"1710",8,278.25594022,95,2826028876
"1711",8,278.25594022,96,2825917949
"1712",8,278.25594022,97,2825922141
"1713",8,278.25594022,98,2826107223
"1714",8,278.25594022,99,2825970331
"1715",8,3.35160265,1,34024095
"1716",8,3.35160265,10,34042879
"1717",8,3.35160265,100,34033312
"1718",8,3.35160265,22,34028231
"1719",8,3.35160265,3,34044410
"1720",8,3.35160265,34,34039732
"1721",8,3.35160265,41,34044406
"1722",8,3.35160265,42,34042639
"1723",8,3.35160265,43,34033115
"1724",8,3.35160265,5,34038681
"1725",8,3.35160265,57,34035285
"1726",8,3.35160265,67,34047432
"1727",8,3.35160265,68,34045095
"1728",8,3.35160265,74,34036059
"1729",8,3.35160265,75,34032961
"1730",8,3.35160265,76,34043961
"1731",8,3.35160265,77,34030256
"1732",8,3.35160265,78,34046060
"1733",8,3.35160265,87,34043517
"1734",8,3.35160265,95,34035919
"1735",8,3.76493581,1,38229479
"1736",8,3.76493581,100,38236245
"1737",8,3.76493581,12,38239020
"1738",8,3.76493581,28,38245888
"1739",8,3.76493581,34,38230397
"1740",8,3.76493581,41,38247136
"1741",8,3.76493581,43,38230225
"1742",8,3.76493581,44,38229752
"1743",8,3.76493581,49,38232734
"1744",8,3.76493581,52,38239972
"1745",8,3.76493581,53,38241447
"1746",8,3.76493581,60,38229786
"1747",8,3.76493581,63,38229658
"1748",8,3.76493581,64,38221775
"1749",8,3.76493581,65,38223694
"1750",8,3.76493581,74,38239230
"1751",8,3.76493581,76,38223759
"1752",8,3.76493581,77,38238370
"1753",8,3.76493581,93,38236895
"1754",8,3.76493581,94,38230997
"1755",8,30.53855509,1,310168714
"1756",8,30.53855509,10,310146539
"1757",8,30.53855509,100,310186654
"1758",8,30.53855509,12,310154095
"1759",8,30.53855509,13,310163473
"1760",8,30.53855509,14,310153280
"1761",8,30.53855509,15,310124032
"1762",8,30.53855509,16,310193873
"1763",8,30.53855509,17,310100211
"1764",8,30.53855509,18,310148750
"1765",8,30.53855509,19,310132059
"1766",8,30.53855509,2,310151250
"1767",8,30.53855509,20,310133921
"1768",8,30.53855509,21,310126717
"1769",8,30.53855509,22,310155791
"1770",8,30.53855509,23,310131987
"1771",8,30.53855509,24,310131080
"1772",8,30.53855509,25,310142602
"1773",8,30.53855509,26,310149886
"1774",8,30.53855509,28,310112274
"1775",8,30.53855509,29,310126911
"1776",8,30.53855509,3,310164179
"1777",8,30.53855509,30,310193983
"1778",8,30.53855509,31,310154996
"1779",8,30.53855509,32,310112885
"1780",8,30.53855509,33,310179801
"1781",8,30.53855509,34,310122523
"1782",8,30.53855509,35,310135627
"1783",8,30.53855509,37,310177889
"1784",8,30.53855509,38,310129228
"1785",8,30.53855509,39,310157870
"1786",8,30.53855509,4,310188206
"1787",8,30.53855509,40,310161293
"1788",8,30.53855509,41,310145485
"1789",8,30.53855509,42,310126124
"1790",8,30.53855509,43,310151438
"1791",8,30.53855509,44,310140764
"1792",8,30.53855509,45,310153468
"1793",8,30.53855509,46,310145365
"1794",8,30.53855509,47,310157867
"1795",8,30.53855509,48,310151703
"1796",8,30.53855509,49,310134920
"1797",8,30.53855509,5,310168398
"1798",8,30.53855509,50,310111125
"1799",8,30.53855509,52,310149729
"1800",8,30.53855509,53,310144316
"1801",8,30.53855509,54,310156495
"1802",8,30.53855509,55,310133220
"1803",8,30.53855509,57,310162813
"1804",8,30.53855509,58,310162130
"1805",8,30.53855509,59,310171995
"1806",8,30.53855509,6,310129842
"1807",8,30.53855509,60,310127316
"1808",8,30.53855509,61,310155468
"1809",8,30.53855509,63,310125000
"1810",8,30.53855509,65,310213456
"1811",8,30.53855509,66,310175026
"1812",8,30.53855509,67,310127563
"1813",8,30.53855509,68,310130226
"1814",8,30.53855509,69,310137171
"1815",8,30.53855509,7,310133812
"1816",8,30.53855509,70,310151929
"1817",8,30.53855509,71,310143794
"1818",8,30.53855509,72,310099775
"1819",8,30.53855509,74,310231236
"1820",8,30.53855509,76,310156517
"1821",8,30.53855509,78,310136165
"1822",8,30.53855509,79,310189515
"1823",8,30.53855509,8,310136682
"1824",8,30.53855509,80,310187351
"1825",8,30.53855509,81,310147298
"1826",8,30.53855509,83,310136614
"1827",8,30.53855509,84,310180504
"1828",8,30.53855509,85,310150916
"1829",8,30.53855509,86,310136761
"1830",8,30.53855509,88,310164302
"1831",8,30.53855509,89,310138024
"1832",8,30.53855509,9,310148402
"1833",8,30.53855509,90,310156052
"1834",8,30.53855509,92,310144480
"1835",8,30.53855509,94,310145765
"1836",8,30.53855509,95,310166188
"1837",8,30.53855509,96,310173654
"1838",8,30.53855509,97,310160827
"1839",8,30.53855509,98,310190291
"1840",8,30.53855509,99,310151945
"1841",8,312.57158497,1,3174467409
"1842",8,312.57158497,10,3174509003
"1843",8,312.57158497,100,3174453470
"1844",8,312.57158497,11,3174503233
"1845",8,312.57158497,12,3174463532
"1846",8,312.57158497,13,3174460501
"1847",8,312.57158497,14,3174544587
"1848",8,312.57158497,15,3174547608
"1849",8,312.57158497,16,3174412847
"1850",8,312.57158497,17,3174492512
"1851",8,312.57158497,18,3174575846
"1852",8,312.57158497,19,3174507636
"1853",8,312.57158497,2,3174473517
"1854",8,312.57158497,20,3174416319
"1855",8,312.57158497,21,3174475966
"1856",8,312.57158497,22,3174496671
"1857",8,312.57158497,23,3174459710
"1858",8,312.57158497,24,3174497320
"1859",8,312.57158497,25,3174528755
"1860",8,312.57158497,26,3174496681
"1861",8,312.57158497,27,3174616506
"1862",8,312.57158497,28,3174476772
"1863",8,312.57158497,29,3174542928
"1864",8,312.57158497,3,3174380202
"1865",8,312.57158497,30,3174580378
"1866",8,312.57158497,31,3174495310
"1867",8,312.57158497,32,3174485052
"1868",8,312.57158497,33,3174508855
"1869",8,312.57158497,34,3174578967
"1870",8,312.57158497,35,3174383860
"1871",8,312.57158497,36,3174357839
"1872",8,312.57158497,37,3174498833
"1873",8,312.57158497,38,3174482443
"1874",8,312.57158497,39,3174506632
"1875",8,312.57158497,4,3174473673
"1876",8,312.57158497,40,3174495584
"1877",8,312.57158497,41,3174516899
"1878",8,312.57158497,42,3174656617
"1879",8,312.57158497,43,3174439446
"1880",8,312.57158497,44,3174403392
"1881",8,312.57158497,45,3174496638
"1882",8,312.57158497,46,3174616715
"1883",8,312.57158497,47,3174387291
"1884",8,312.57158497,48,3174387662
"1885",8,312.57158497,49,3174566010
"1886",8,312.57158497,5,3174590686
"1887",8,312.57158497,50,3174430286
"1888",8,312.57158497,51,3174471932
"1889",8,312.57158497,52,3174431381
"1890",8,312.57158497,53,3174444015
"1891",8,312.57158497,54,3174460063
"1892",8,312.57158497,55,3174414323
"1893",8,312.57158497,56,3174415223
"1894",8,312.57158497,57,3174433307
"1895",8,312.57158497,58,3174374949
"1896",8,312.57158497,59,3174451088
"1897",8,312.57158497,6,3174560141
"1898",8,312.57158497,60,3174525940
"1899",8,312.57158497,61,3174432639
"1900",8,312.57158497,62,3174420919
"1901",8,312.57158497,63,3174492559
"1902",8,312.57158497,64,3174463011
"1903",8,312.57158497,65,3174399317
"1904",8,312.57158497,66,3174436037
"1905",8,312.57158497,67,3174502727
"1906",8,312.57158497,68,3174559281
"1907",8,312.57158497,69,3174505688
"1908",8,312.57158497,7,3174419504
"1909",8,312.57158497,70,3174479508
"1910",8,312.57158497,71,3174537667
"1911",8,312.57158497,72,3174385156
"1912",8,312.57158497,73,3174556196
"1913",8,312.57158497,74,3174571586
"1914",8,312.57158497,75,3174504696
"1915",8,312.57158497,76,3174577289
"1916",8,312.57158497,77,3174476066
"1917",8,312.57158497,78,3174487106
"1918",8,312.57158497,79,3174458848
"1919",8,312.57158497,8,3174516801
"1920",8,312.57158497,80,3174497288
"1921",8,312.57158497,81,3174423035
"1922",8,312.57158497,82,3174614608
"1923",8,312.57158497,83,3174579331
"1924",8,312.57158497,84,3174574711
"1925",8,312.57158497,85,3174416612
"1926",8,312.57158497,86,3174601988
"1927",8,312.57158497,87,3174643684
"1928",8,312.57158497,88,3174495739
"1929",8,312.57158497,89,3174427870
"1930",8,312.57158497,9,3174535788
"1931",8,312.57158497,90,3174527263
"1932",8,312.57158497,91,3174489553
"1933",8,312.57158497,92,3174524136
"1934",8,312.57158497,93,3174524874
"1935",8,312.57158497,94,3174542013
"1936",8,312.57158497,95,3174597692
"1937",8,312.57158497,96,3174493372
"1938",8,312.57158497,97,3174516949
"1939",8,312.57158497,98,3174620706
"1940",8,312.57158497,99,3174490059
"1941",8,34.30469286,1,348412326
"1942",8,34.30469286,11,348408603
"1943",8,34.30469286,12,348396122
"1944",8,34.30469286,13,348417188
"1945",8,34.30469286,14,348395837
"1946",8,34.30469286,15,348419678
"1947",8,34.30469286,16,348427722
"1948",8,34.30469286,17,348413923
"1949",8,34.30469286,18,348339362
"1950",8,34.30469286,19,348442335
"1951",8,34.30469286,2,348412128
"1952",8,34.30469286,20,348412489
"1953",8,34.30469286,21,348397918
"1954",8,34.30469286,22,348407874
"1955",8,34.30469286,23,348406550
"1956",8,34.30469286,24,348367965
"1957",8,34.30469286,25,348393512
"1958",8,34.30469286,26,348433932
"1959",8,34.30469286,27,348447480
"1960",8,34.30469286,28,348439174
"1961",8,34.30469286,29,348401114
"1962",8,34.30469286,3,348411119
"1963",8,34.30469286,30,348424355
"1964",8,34.30469286,31,348398325
"1965",8,34.30469286,32,348389433
"1966",8,34.30469286,33,348388409
"1967",8,34.30469286,34,348397774
"1968",8,34.30469286,35,348385182
"1969",8,34.30469286,36,348380429
"1970",8,34.30469286,37,348398522
"1971",8,34.30469286,38,348432769
"1972",8,34.30469286,39,348399785
"1973",8,34.30469286,4,348392246
"1974",8,34.30469286,40,348447466
"1975",8,34.30469286,41,348402596
"1976",8,34.30469286,42,348410907
"1977",8,34.30469286,44,348377415
"1978",8,34.30469286,45,348439185
"1979",8,34.30469286,46,348396152
"1980",8,34.30469286,47,348384773
"1981",8,34.30469286,48,348410670
"1982",8,34.30469286,49,348414294
"1983",8,34.30469286,5,348402153
"1984",8,34.30469286,50,348381249
"1985",8,34.30469286,51,348380231
"1986",8,34.30469286,52,348405161
"1987",8,34.30469286,53,348407134
"1988",8,34.30469286,54,348382024
"1989",8,34.30469286,55,348388345
"1990",8,34.30469286,56,348375504
"1991",8,34.30469286,57,348390006
"1992",8,34.30469286,58,348420307
"1993",8,34.30469286,59,348416517
"1994",8,34.30469286,6,348379556
"1995",8,34.30469286,60,348382238
"1996",8,34.30469286,61,348404888
"1997",8,34.30469286,62,348407075
"1998",8,34.30469286,64,348370161
"1999",8,34.30469286,65,348387926
"2000",8,34.30469286,66,348411826
"2001",8,34.30469286,67,348423950
"2002",8,34.30469286,68,348354711
"2003",8,34.30469286,69,348420323
"2004",8,34.30469286,7,348382199
"2005",8,34.30469286,70,348371941
"2006",8,34.30469286,71,348403074
"2007",8,34.30469286,72,348348416
"2008",8,34.30469286,73,348410652
"2009",8,34.30469286,74,348439562
"2010",8,34.30469286,75,348381387
"2011",8,34.30469286,76,348401829
"2012",8,34.30469286,77,348402398
"2013",8,34.30469286,78,348386944
"2014",8,34.30469286,79,348381545
"2015",8,34.30469286,8,348391438
"2016",8,34.30469286,80,348390713
"2017",8,34.30469286,81,348389392
"2018",8,34.30469286,82,348383459
"2019",8,34.30469286,83,348479859
"2020",8,34.30469286,84,348400703
"2021",8,34.30469286,86,348395045
"2022",8,34.30469286,87,348419903
"2023",8,34.30469286,88,348452258
"2024",8,34.30469286,89,348403699
"2025",8,34.30469286,9,348382430
"2026",8,34.30469286,90,348377164
"2027",8,34.30469286,91,348374128
"2028",8,34.30469286,92,348430247
"2029",8,34.30469286,94,348395039
"2030",8,34.30469286,95,348402646
"2031",8,34.30469286,96,348405941
"2032",8,34.30469286,97,348392314
"2033",8,34.30469286,98,348423640
"2034",8,34.30469286,99,348383806
"2035",8,351.11917342,1,3565932154
"2036",8,351.11917342,10,3565985042
"2037",8,351.11917342,100,3566097798
"2038",8,351.11917342,11,3565978315
"2039",8,351.11917342,12,3565965641
"2040",8,351.11917342,13,3566070510
"2041",8,351.11917342,14,3566095286
"2042",8,351.11917342,15,3565830177
"2043",8,351.11917342,16,3565817425
"2044",8,351.11917342,17,3565827842
"2045",8,351.11917342,18,3565897803
"2046",8,351.11917342,19,3565978661
"2047",8,351.11917342,2,3565848516
"2048",8,351.11917342,20,3565824041
"2049",8,351.11917342,21,3565981313
"2050",8,351.11917342,22,3565967073
"2051",8,351.11917342,23,3565903138
"2052",8,351.11917342,24,3565796359
"2053",8,351.11917342,25,3565971169
"2054",8,351.11917342,26,3566026132
"2055",8,351.11917342,27,3566036166
"2056",8,351.11917342,28,3565877342
"2057",8,351.11917342,29,3565966552
"2058",8,351.11917342,3,3566031508
"2059",8,351.11917342,30,3565975906
"2060",8,351.11917342,31,3565977459
"2061",8,351.11917342,32,3565883966
"2062",8,351.11917342,33,3565882518
"2063",8,351.11917342,34,3566008216
"2064",8,351.11917342,35,3565982618
"2065",8,351.11917342,36,3566030159
"2066",8,351.11917342,37,3565927568
"2067",8,351.11917342,38,3565991214
"2068",8,351.11917342,39,3565943798
"2069",8,351.11917342,4,3565932645
"2070",8,351.11917342,40,3565885893
"2071",8,351.11917342,41,3566106943
"2072",8,351.11917342,42,3565965609
"2073",8,351.11917342,43,3566023376
"2074",8,351.11917342,44,3566018004
"2075",8,351.11917342,45,3565899557
"2076",8,351.11917342,46,3566012573
"2077",8,351.11917342,47,3566015546
"2078",8,351.11917342,48,3566062262
"2079",8,351.11917342,49,3566043241
"2080",8,351.11917342,5,3566076608
"2081",8,351.11917342,50,3565939456
"2082",8,351.11917342,51,3565909177
"2083",8,351.11917342,52,3565839564
"2084",8,351.11917342,53,3565938093
"2085",8,351.11917342,54,3565963808
"2086",8,351.11917342,55,3565978196
"2087",8,351.11917342,56,3565865971
"2088",8,351.11917342,57,3566003527
"2089",8,351.11917342,58,3565956491
"2090",8,351.11917342,59,3565950915
"2091",8,351.11917342,6,3566051741
"2092",8,351.11917342,60,3566075790
"2093",8,351.11917342,61,3565916575
"2094",8,351.11917342,62,3566007789
"2095",8,351.11917342,63,3565937421
"2096",8,351.11917342,64,3566014208
"2097",8,351.11917342,65,3566043565
"2098",8,351.11917342,66,3566063606
"2099",8,351.11917342,67,3565863911
"2100",8,351.11917342,68,3565927371
"2101",8,351.11917342,69,3565868490
"2102",8,351.11917342,7,3566095286
"2103",8,351.11917342,70,3565738450
"2104",8,351.11917342,71,3566001316
"2105",8,351.11917342,72,3565803187
"2106",8,351.11917342,73,3566098114
"2107",8,351.11917342,74,3565977558
"2108",8,351.11917342,75,3565767848
"2109",8,351.11917342,76,3565933326
"2110",8,351.11917342,77,3566015230
"2111",8,351.11917342,78,3566029759
"2112",8,351.11917342,79,3565937173
"2113",8,351.11917342,8,3566013937
"2114",8,351.11917342,80,3565917567
"2115",8,351.11917342,81,3565971726
"2116",8,351.11917342,82,3565908173
"2117",8,351.11917342,83,3565905398
"2118",8,351.11917342,84,3566046841
"2119",8,351.11917342,85,3565892078
"2120",8,351.11917342,86,3565969725
"2121",8,351.11917342,87,3565987207
"2122",8,351.11917342,88,3565975868
"2123",8,351.11917342,89,3565908216
"2124",8,351.11917342,9,3566027418
"2125",8,351.11917342,90,3565975635
"2126",8,351.11917342,91,3566016557
"2127",8,351.11917342,92,3566130464
"2128",8,351.11917342,93,3565976132
"2129",8,351.11917342,94,3565955420
"2130",8,351.11917342,95,3565848895
"2131",8,351.11917342,96,3566126153
"2132",8,351.11917342,97,3565983207
"2133",8,351.11917342,98,3565927238
"2134",8,351.11917342,99,3566011837
"2135",8,38.53528594,1,391376944
"2136",8,38.53528594,10,391361098
"2137",8,38.53528594,100,391373421
"2138",8,38.53528594,11,391352746
"2139",8,38.53528594,13,391343468
"2140",8,38.53528594,14,391369848
"2141",8,38.53528594,15,391375867
"2142",8,38.53528594,16,391330915
"2143",8,38.53528594,17,391371835
"2144",8,38.53528594,18,391341334
"2145",8,38.53528594,19,391333310
"2146",8,38.53528594,2,391358940
"2147",8,38.53528594,20,391367717
"2148",8,38.53528594,21,391392617
"2149",8,38.53528594,22,391448467
"2150",8,38.53528594,23,391359712
"2151",8,38.53528594,24,391366279
"2152",8,38.53528594,25,391341817
"2153",8,38.53528594,26,391360906
"2154",8,38.53528594,27,391400404
"2155",8,38.53528594,28,391337222
"2156",8,38.53528594,29,391341530
"2157",8,38.53528594,3,391362887
"2158",8,38.53528594,30,391362094
"2159",8,38.53528594,31,391392922
"2160",8,38.53528594,32,391347411
"2161",8,38.53528594,33,391376540
"2162",8,38.53528594,34,391369570
"2163",8,38.53528594,35,391400831
"2164",8,38.53528594,37,391350703
"2165",8,38.53528594,38,391389833
"2166",8,38.53528594,39,391371225
"2167",8,38.53528594,4,391385089
"2168",8,38.53528594,40,391365511
"2169",8,38.53528594,41,391383598
"2170",8,38.53528594,42,391331688
"2171",8,38.53528594,43,391369418
"2172",8,38.53528594,44,391345268
"2173",8,38.53528594,45,391359407
"2174",8,38.53528594,46,391381739
"2175",8,38.53528594,47,391379409
"2176",8,38.53528594,48,391344017
"2177",8,38.53528594,49,391362036
"2178",8,38.53528594,5,391330033
"2179",8,38.53528594,50,391377150
"2180",8,38.53528594,51,391365779
"2181",8,38.53528594,52,391348775
"2182",8,38.53528594,53,391398385
"2183",8,38.53528594,55,391373434
"2184",8,38.53528594,56,391398903
"2185",8,38.53528594,57,391399005
"2186",8,38.53528594,58,391359069
"2187",8,38.53528594,59,391359250
"2188",8,38.53528594,6,391356706
"2189",8,38.53528594,60,391389645
"2190",8,38.53528594,61,391354059
"2191",8,38.53528594,62,391344728
"2192",8,38.53528594,64,391337415
"2193",8,38.53528594,65,391395699
"2194",8,38.53528594,66,391414882
"2195",8,38.53528594,67,391363756
"2196",8,38.53528594,68,391360471
"2197",8,38.53528594,69,391357969
"2198",8,38.53528594,7,391340122
"2199",8,38.53528594,70,391385848
"2200",8,38.53528594,71,391368414
"2201",8,38.53528594,72,391379040
"2202",8,38.53528594,73,391363235
"2203",8,38.53528594,75,391388608
"2204",8,38.53528594,76,391361370
"2205",8,38.53528594,77,391341510
"2206",8,38.53528594,78,391378947
"2207",8,38.53528594,79,391322299
"2208",8,38.53528594,8,391422710
"2209",8,38.53528594,80,391376385
"2210",8,38.53528594,81,391408192
"2211",8,38.53528594,82,391391356
"2212",8,38.53528594,83,391382045
"2213",8,38.53528594,84,391380780
"2214",8,38.53528594,85,391403524
"2215",8,38.53528594,86,391381744
"2216",8,38.53528594,87,391362691
"2217",8,38.53528594,88,391356499
"2218",8,38.53528594,89,391366307
"2219",8,38.53528594,9,391382275
"2220",8,38.53528594,91,391359054
"2221",8,38.53528594,92,391315168
"2222",8,38.53528594,93,391369094
"2223",8,38.53528594,94,391393356
"2224",8,38.53528594,95,391393932
"2225",8,38.53528594,96,391387333
"2226",8,38.53528594,97,391402251
"2227",8,38.53528594,98,391351730
"2228",8,38.53528594,99,391402124
"2229",8,394.42060594,1,4005658323
"2230",8,394.42060594,10,4005758535
"2231",8,394.42060594,100,4005802917
"2232",8,394.42060594,11,4005695016
"2233",8,394.42060594,12,4005648800
"2234",8,394.42060594,13,4005873715
"2235",8,394.42060594,14,4005556893
"2236",8,394.42060594,15,4005781393
"2237",8,394.42060594,16,4005836144
"2238",8,394.42060594,17,4005838140
"2239",8,394.42060594,18,4005824346
"2240",8,394.42060594,19,4005865414
"2241",8,394.42060594,2,4005816725
"2242",8,394.42060594,20,4005816725
"2243",8,394.42060594,21,4005680772
"2244",8,394.42060594,22,4005659391
"2245",8,394.42060594,23,4005759475
"2246",8,394.42060594,24,4005813605
"2247",8,394.42060594,25,4005730394
"2248",8,394.42060594,26,4005800249
"2249",8,394.42060594,27,4005756624
"2250",8,394.42060594,28,4005741092
"2251",8,394.42060594,29,4005670823
"2252",8,394.42060594,3,4005742854
"2253",8,394.42060594,30,4005643028
"2254",8,394.42060594,31,4005855186
"2255",8,394.42060594,32,4005736581
"2256",8,394.42060594,33,4005756326
"2257",8,394.42060594,34,4005807255
"2258",8,394.42060594,35,4005734033
"2259",8,394.42060594,36,4005732815
"2260",8,394.42060594,37,4005674401
"2261",8,394.42060594,38,4005757499
"2262",8,394.42060594,39,4005839849
"2263",8,394.42060594,4,4005785174
"2264",8,394.42060594,40,4005773991
"2265",8,394.42060594,41,4005768633
"2266",8,394.42060594,42,4005836661
"2267",8,394.42060594,43,4005725243
"2268",8,394.42060594,44,4005837016
"2269",8,394.42060594,45,4005581017
"2270",8,394.42060594,46,4005717978
"2271",8,394.42060594,47,4005620136
"2272",8,394.42060594,48,4005716427
"2273",8,394.42060594,49,4005720324
"2274",8,394.42060594,5,4005812103
"2275",8,394.42060594,50,4005738199
"2276",8,394.42060594,51,4005868147
"2277",8,394.42060594,52,4005846391
"2278",8,394.42060594,53,4005608807
"2279",8,394.42060594,54,4005837778
"2280",8,394.42060594,55,4005745647
"2281",8,394.42060594,56,4005824582
"2282",8,394.42060594,57,4005703155
"2283",8,394.42060594,58,4005743525
"2284",8,394.42060594,59,4005910412
"2285",8,394.42060594,6,4005766080
"2286",8,394.42060594,60,4005810696
"2287",8,394.42060594,61,4005768368
"2288",8,394.42060594,62,4005751942
"2289",8,394.42060594,63,4005811681
"2290",8,394.42060594,64,4005734002
"2291",8,394.42060594,65,4005769398
"2292",8,394.42060594,66,4005648667
"2293",8,394.42060594,67,4005746003
"2294",8,394.42060594,68,4005781734
"2295",8,394.42060594,69,4005786303
"2296",8,394.42060594,7,4005929008
"2297",8,394.42060594,70,4005856868
"2298",8,394.42060594,71,4005739291
"2299",8,394.42060594,72,4005738943
"2300",8,394.42060594,73,4005715913
"2301",8,394.42060594,74,4005691179
"2302",8,394.42060594,75,4005879470
"2303",8,394.42060594,76,4005863906
"2304",8,394.42060594,77,4005817584
"2305",8,394.42060594,78,4005787771
"2306",8,394.42060594,79,4005714141
"2307",8,394.42060594,8,4005767589
"2308",8,394.42060594,80,4005836060
"2309",8,394.42060594,81,4005740344
"2310",8,394.42060594,82,4005810970
"2311",8,394.42060594,83,4005813149
"2312",8,394.42060594,84,4005799651
"2313",8,394.42060594,85,4005713715
"2314",8,394.42060594,86,4005669916
"2315",8,394.42060594,87,4005776376
"2316",8,394.42060594,88,4005727071
"2317",8,394.42060594,89,4005751552
"2318",8,394.42060594,9,4005715545
"2319",8,394.42060594,90,4005736146
"2320",8,394.42060594,91,4005772928
"2321",8,394.42060594,92,4005590540
"2322",8,394.42060594,93,4005705707
"2323",8,394.42060594,94,4005889478
"2324",8,394.42060594,95,4005815164
"2325",8,394.42060594,96,4005952446
"2326",8,394.42060594,97,4005704531
"2327",8,394.42060594,98,4005795802
"2328",8,394.42060594,99,4005669982
"2329",8,4.22924287,10,42938314
"2330",8,4.22924287,14,42949893
"2331",8,4.22924287,16,42948335
"2332",8,4.22924287,34,42957108
"2333",8,4.22924287,36,42940620
"2334",8,4.22924287,37,42941024
"2335",8,4.22924287,4,42951061
"2336",8,4.22924287,44,42946279
"2337",8,4.22924287,5,42937349
"2338",8,4.22924287,57,42933751
"2339",8,4.22924287,58,42956506
"2340",8,4.22924287,63,42964140
"2341",8,4.22924287,66,42935053
"2342",8,4.22924287,68,42962216
"2343",8,4.22924287,72,42959118
"2344",8,4.22924287,77,42959947
"2345",8,4.22924287,79,42953984
"2346",8,4.22924287,85,42939880
"2347",8,4.22924287,89,42951263
"2348",8,4.22924287,90,42956634
"2349",8,4.22924287,96,42956938
"2350",8,4.22924287,97,42933240
"2351",8,4.22924287,99,42957978
"2352",8,4.75081016,100,48255835
"2353",8,4.75081016,11,48244665
"2354",8,4.75081016,13,48241738
"2355",8,4.75081016,19,48247050
"2356",8,4.75081016,20,48244285
"2357",8,4.75081016,25,48253985
"2358",8,4.75081016,3,48245732
"2359",8,4.75081016,31,48248025
"2360",8,4.75081016,32,48252689
"2361",8,4.75081016,33,48265179
"2362",8,4.75081016,38,48238301
"2363",8,4.75081016,4,48254245
"2364",8,4.75081016,42,48250473
"2365",8,4.75081016,43,48249323
"2366",8,4.75081016,45,48256956
"2367",8,4.75081016,46,48245153
"2368",8,4.75081016,53,48249594
"2369",8,4.75081016,57,48251966
"2370",8,4.75081016,68,48246192
"2371",8,4.75081016,69,48248513
"2372",8,4.75081016,78,48244806
"2373",8,4.75081016,80,48250393
"2374",8,4.75081016,81,48247050
"2375",8,4.75081016,86,48241792
"2376",8,4.75081016,92,48254016
"2377",8,4.75081016,98,48257296
"2378",8,43.28761281,1,439688452
"2379",8,43.28761281,10,439667144
"2380",8,43.28761281,100,439615818
"2381",8,43.28761281,11,439616254
"2382",8,43.28761281,13,439599425
"2383",8,43.28761281,14,439674803
"2384",8,43.28761281,15,439622456
"2385",8,43.28761281,16,439605787
"2386",8,43.28761281,17,439578520
"2387",8,43.28761281,18,439595218
"2388",8,43.28761281,19,439640519
"2389",8,43.28761281,2,439583291
"2390",8,43.28761281,20,439631700
"2391",8,43.28761281,21,439616050
"2392",8,43.28761281,22,439684981
"2393",8,43.28761281,24,439634611
"2394",8,43.28761281,25,439649396
"2395",8,43.28761281,27,439645329
"2396",8,43.28761281,28,439635457
"2397",8,43.28761281,29,439625210
"2398",8,43.28761281,3,439628728
"2399",8,43.28761281,30,439620395
"2400",8,43.28761281,31,439620096
"2401",8,43.28761281,32,439595650
"2402",8,43.28761281,34,439624221
"2403",8,43.28761281,35,439597597
"2404",8,43.28761281,36,439654525
"2405",8,43.28761281,37,439572128
"2406",8,43.28761281,38,439656145
"2407",8,43.28761281,39,439661226
"2408",8,43.28761281,4,439618909
"2409",8,43.28761281,40,439628043
"2410",8,43.28761281,41,439662903
"2411",8,43.28761281,42,439605035
"2412",8,43.28761281,43,439659260
"2413",8,43.28761281,44,439660991
"2414",8,43.28761281,45,439663320
"2415",8,43.28761281,46,439617141
"2416",8,43.28761281,47,439623580
"2417",8,43.28761281,48,439657646
"2418",8,43.28761281,49,439627010
"2419",8,43.28761281,5,439614843
"2420",8,43.28761281,50,439621952
"2421",8,43.28761281,51,439631982
"2422",8,43.28761281,52,439635152
"2423",8,43.28761281,53,439619780
"2424",8,43.28761281,54,439675971
"2425",8,43.28761281,55,439604402
"2426",8,43.28761281,56,439681071
"2427",8,43.28761281,57,439608416
"2428",8,43.28761281,58,439612042
"2429",8,43.28761281,59,439621681
"2430",8,43.28761281,6,439625575
"2431",8,43.28761281,60,439645388
"2432",8,43.28761281,61,439640402
"2433",8,43.28761281,62,439623927
"2434",8,43.28761281,63,439612688
"2435",8,43.28761281,64,439626817
"2436",8,43.28761281,65,439610027
"2437",8,43.28761281,66,439620077
"2438",8,43.28761281,67,439620226
"2439",8,43.28761281,68,439634597
"2440",8,43.28761281,69,439685553
"2441",8,43.28761281,7,439626156
"2442",8,43.28761281,70,439674219
"2443",8,43.28761281,71,439634283
"2444",8,43.28761281,73,439606971
"2445",8,43.28761281,74,439623840
"2446",8,43.28761281,75,439636392
"2447",8,43.28761281,76,439598481
"2448",8,43.28761281,77,439603612
"2449",8,43.28761281,78,439625062
"2450",8,43.28761281,79,439652110
"2451",8,43.28761281,8,439677912
"2452",8,43.28761281,80,439673112
"2453",8,43.28761281,81,439648159
"2454",8,43.28761281,83,439583954
"2455",8,43.28761281,84,439619152
"2456",8,43.28761281,85,439648695
"2457",8,43.28761281,86,439623565
"2458",8,43.28761281,87,439670918
"2459",8,43.28761281,88,439662666
"2460",8,43.28761281,89,439615989
"2461",8,43.28761281,9,439663897
"2462",8,43.28761281,90,439629629
"2463",8,43.28761281,91,439622652
"2464",8,43.28761281,92,439645423
"2465",8,43.28761281,93,439644914
"2466",8,43.28761281,94,439615319
"2467",8,43.28761281,95,439660884
"2468",8,43.28761281,96,439603170
"2469",8,43.28761281,97,439635913
"2470",8,43.28761281,98,439641828
"2471",8,43.28761281,99,439656145
"2472",8,443.06214576,1,4499773512
"2473",8,443.06214576,10,4499803425
"2474",8,443.06214576,100,4499773545
"2475",8,443.06214576,11,4499740495
"2476",8,443.06214576,12,4499710710
"2477",8,443.06214576,13,4499620298
"2478",8,443.06214576,14,4499600787
"2479",8,443.06214576,15,4499618947
"2480",8,443.06214576,16,4499644947
"2481",8,443.06214576,17,4499921052
"2482",8,443.06214576,18,4499800573
"2483",8,443.06214576,19,4499730465
"2484",8,443.06214576,2,4499816309
"2485",8,443.06214576,20,4499926372
"2486",8,443.06214576,21,4499630855
"2487",8,443.06214576,22,4499717003
"2488",8,443.06214576,23,4499723139
"2489",8,443.06214576,24,4499819277
"2490",8,443.06214576,25,4499692589
"2491",8,443.06214576,26,4499673114
"2492",8,443.06214576,27,4499713137
"2493",8,443.06214576,28,4499636242
"2494",8,443.06214576,29,4499805410
"2495",8,443.06214576,3,4499781944
"2496",8,443.06214576,30,4499796065
"2497",8,443.06214576,31,4499781194
"2498",8,443.06214576,32,4499829579
"2499",8,443.06214576,33,4499835243
"2500",8,443.06214576,34,4499747991
"2501",8,443.06214576,35,4499700028
"2502",8,443.06214576,36,4499744141
"2503",8,443.06214576,37,4499698397
"2504",8,443.06214576,38,4499735715
"2505",8,443.06214576,39,4499627711
"2506",8,443.06214576,4,4499753139
"2507",8,443.06214576,40,4499645963
"2508",8,443.06214576,41,4499704608
"2509",8,443.06214576,42,4499764160
"2510",8,443.06214576,43,4499740202
"2511",8,443.06214576,44,4499681736
"2512",8,443.06214576,45,4499756055
"2513",8,443.06214576,46,4499721673
"2514",8,443.06214576,47,4499736806
"2515",8,443.06214576,48,4499661903
"2516",8,443.06214576,49,4499646738
"2517",8,443.06214576,5,4499788248
"2518",8,443.06214576,50,4499692379
"2519",8,443.06214576,51,4499563841
"2520",8,443.06214576,52,4499639112
"2521",8,443.06214576,53,4499776475
"2522",8,443.06214576,54,4499642945
"2523",8,443.06214576,55,4499702198
"2524",8,443.06214576,56,4499755857
"2525",8,443.06214576,57,4499800249
"2526",8,443.06214576,58,4499767201
"2527",8,443.06214576,59,4499925720
"2528",8,443.06214576,6,4499608473
"2529",8,443.06214576,60,4499714397
"2530",8,443.06214576,61,4499778134
"2531",8,443.06214576,62,4499756140
"2532",8,443.06214576,63,4499651057
"2533",8,443.06214576,64,4499777899
"2534",8,443.06214576,65,4499785031
"2535",8,443.06214576,66,4499741357
"2536",8,443.06214576,67,4499664476
"2537",8,443.06214576,68,4499733798
"2538",8,443.06214576,69,4499734127
"2539",8,443.06214576,7,4499500437
"2540",8,443.06214576,70,4499646899
"2541",8,443.06214576,71,4499776010
"2542",8,443.06214576,72,4499665702
"2543",8,443.06214576,73,4499928753
"2544",8,443.06214576,74,4499803660
"2545",8,443.06214576,75,4499672973
"2546",8,443.06214576,76,4499777967
"2547",8,443.06214576,77,4499836481
"2548",8,443.06214576,78,4499757792
"2549",8,443.06214576,79,4499755278
"2550",8,443.06214576,8,4499721340
"2551",8,443.06214576,80,4499706224
"2552",8,443.06214576,81,4499750397
"2553",8,443.06214576,82,4499658327
"2554",8,443.06214576,83,4499707328
"2555",8,443.06214576,84,4499691568
"2556",8,443.06214576,85,4499690954
"2557",8,443.06214576,86,4499694831
"2558",8,443.06214576,87,4499807665
"2559",8,443.06214576,88,4499648564
"2560",8,443.06214576,89,4499687253
"2561",8,443.06214576,9,4499768521
"2562",8,443.06214576,90,4499770144
"2563",8,443.06214576,91,4499818297
"2564",8,443.06214576,92,4499597189
"2565",8,443.06214576,93,4499797366
"2566",8,443.06214576,94,4499634380
"2567",8,443.06214576,95,4499909355
"2568",8,443.06214576,96,4499654130
"2569",8,443.06214576,97,4499728675
"2570",8,443.06214576,98,4499764428
"2571",8,443.06214576,99,4499686897
"2572",8,48.6260158,1,493854029
"2573",8,48.6260158,10,493871083
"2574",8,48.6260158,100,493847530
"2575",8,48.6260158,11,493871083
"2576",8,48.6260158,12,493831277
"2577",8,48.6260158,13,493860891
"2578",8,48.6260158,14,493842246
"2579",8,48.6260158,15,493849381
"2580",8,48.6260158,16,493875264
"2581",8,48.6260158,17,493831922
"2582",8,48.6260158,18,493879397
"2583",8,48.6260158,19,493828503
"2584",8,48.6260158,2,493833313
"2585",8,48.6260158,20,493847224
"2586",8,48.6260158,21,493867016
"2587",8,48.6260158,22,493836847
"2588",8,48.6260158,23,493874978
"2589",8,48.6260158,24,493874191
"2590",8,48.6260158,25,493824354
"2591",8,48.6260158,26,493830774
"2592",8,48.6260158,27,493849928
"2593",8,48.6260158,28,493832657
"2594",8,48.6260158,29,493865460
"2595",8,48.6260158,3,493837139
"2596",8,48.6260158,30,493852537
"2597",8,48.6260158,31,493817467
"2598",8,48.6260158,32,493829250
"2599",8,48.6260158,34,493894090
"2600",8,48.6260158,35,493838670
"2601",8,48.6260158,36,493882652
"2602",8,48.6260158,37,493853143
"2603",8,48.6260158,38,493862271
"2604",8,48.6260158,39,493868193
"2605",8,48.6260158,4,493863193
"2606",8,48.6260158,40,493868346
"2607",8,48.6260158,42,493861510
"2608",8,48.6260158,44,493878137
"2609",8,48.6260158,45,493873169
"2610",8,48.6260158,46,493850854
"2611",8,48.6260158,47,493859269
"2612",8,48.6260158,48,493836453
"2613",8,48.6260158,49,493827298
"2614",8,48.6260158,50,493802886
"2615",8,48.6260158,51,493840931
"2616",8,48.6260158,52,493765047
"2617",8,48.6260158,53,493835365
"2618",8,48.6260158,54,493809213
"2619",8,48.6260158,55,493847548
"2620",8,48.6260158,57,493836119
"2621",8,48.6260158,59,493814026
"2622",8,48.6260158,6,493894871
"2623",8,48.6260158,60,493854816
"2624",8,48.6260158,61,493870990
"2625",8,48.6260158,62,493819441
"2626",8,48.6260158,63,493830228
"2627",8,48.6260158,64,493856106
"2628",8,48.6260158,66,493834978
"2629",8,48.6260158,67,493854618
"2630",8,48.6260158,68,493866503
"2631",8,48.6260158,69,493885919
"2632",8,48.6260158,7,493855498
"2633",8,48.6260158,70,493844257
"2634",8,48.6260158,71,493872401
"2635",8,48.6260158,72,493836728
"2636",8,48.6260158,73,493877699
"2637",8,48.6260158,74,493865296
"2638",8,48.6260158,75,493824886
"2639",8,48.6260158,76,493852985
"2640",8,48.6260158,77,493830925
"2641",8,48.6260158,78,493835651
"2642",8,48.6260158,79,493865675
"2643",8,48.6260158,8,493884209
"2644",8,48.6260158,80,493830477
"2645",8,48.6260158,81,493834777
"2646",8,48.6260158,82,493887419
"2647",8,48.6260158,83,493859657
"2648",8,48.6260158,85,493882136
"2649",8,48.6260158,86,493842713
"2650",8,48.6260158,87,493864703
"2651",8,48.6260158,88,493824925
"2652",8,48.6260158,89,493877713
"2653",8,48.6260158,91,493890986
"2654",8,48.6260158,92,493879568
"2655",8,48.6260158,93,493849420
"2656",8,48.6260158,94,493805594
"2657",8,48.6260158,95,493831875
"2658",8,48.6260158,96,493834732
"2659",8,48.6260158,98,493849069
"2660",8,48.6260158,99,493837471
"2661",8,497.70235643,1,5054712189
"2662",8,497.70235643,10,5054522002
"2663",8,497.70235643,100,5054634358
"2664",8,497.70235643,11,5054612841
"2665",8,497.70235643,12,5054627750
"2666",8,497.70235643,13,5054840227
"2667",8,497.70235643,14,5054561227
"2668",8,497.70235643,15,5054652529
"2669",8,497.70235643,16,5054553720
"2670",8,497.70235643,17,5054789084
"2671",8,497.70235643,18,5054611474
"2672",8,497.70235643,19,5054647690
"2673",8,497.70235643,2,5054726924
"2674",8,497.70235643,20,5054663597
"2675",8,497.70235643,21,5054649465
"2676",8,497.70235643,22,5054715467
"2677",8,497.70235643,23,5054609589
"2678",8,497.70235643,24,5054574778
"2679",8,497.70235643,25,5054762847
"2680",8,497.70235643,26,5054749186
"2681",8,497.70235643,27,5054628879
"2682",8,497.70235643,28,5054669731
"2683",8,497.70235643,29,5054714604
"2684",8,497.70235643,3,5054693952
"2685",8,497.70235643,30,5054633269
"2686",8,497.70235643,31,5054618632
"2687",8,497.70235643,32,5054657458
"2688",8,497.70235643,33,5054565558
"2689",8,497.70235643,34,5054704256
"2690",8,497.70235643,35,5054666865
"2691",8,497.70235643,36,5054595736
"2692",8,497.70235643,37,5054697659
"2693",8,497.70235643,38,5054652836
"2694",8,497.70235643,39,5054713486
"2695",8,497.70235643,4,5054696197
"2696",8,497.70235643,40,5054688910
"2697",8,497.70235643,41,5054652727
"2698",8,497.70235643,42,5054705860
"2699",8,497.70235643,43,5054875689
"2700",8,497.70235643,44,5054602979
"2701",8,497.70235643,45,5054630976
"2702",8,497.70235643,46,5054694906
"2703",8,497.70235643,47,5054635718
"2704",8,497.70235643,48,5054541952
"2705",8,497.70235643,49,5054568742
"2706",8,497.70235643,5,5054698131
"2707",8,497.70235643,50,5054635830
"2708",8,497.70235643,51,5054646966
"2709",8,497.70235643,52,5054680980
"2710",8,497.70235643,53,5054636607
"2711",8,497.70235643,54,5054652649
"2712",8,497.70235643,55,5054806411
"2713",8,497.70235643,56,5054537975
"2714",8,497.70235643,57,5054687272
"2715",8,497.70235643,58,5054538540
"2716",8,497.70235643,59,5054719615
"2717",8,497.70235643,6,5054745435
"2718",8,497.70235643,60,5054525224
"2719",8,497.70235643,61,5054564849
"2720",8,497.70235643,62,5054802005
"2721",8,497.70235643,63,5054744951
"2722",8,497.70235643,64,5054649005
"2723",8,497.70235643,65,5054764262
"2724",8,497.70235643,66,5054748385
"2725",8,497.70235643,67,5054788453
"2726",8,497.70235643,68,5054574911
"2727",8,497.70235643,69,5054532175
"2728",8,497.70235643,7,5054675437
"2729",8,497.70235643,70,5054669872
"2730",8,497.70235643,71,5054580078
"2731",8,497.70235643,72,5054558886
"2732",8,497.70235643,73,5054668695
"2733",8,497.70235643,74,5054734699
"2734",8,497.70235643,75,5054653909
"2735",8,497.70235643,76,5054656504
"2736",8,497.70235643,77,5054620724
"2737",8,497.70235643,78,5054757299
"2738",8,497.70235643,79,5054533649
"2739",8,497.70235643,8,5054774811
"2740",8,497.70235643,80,5054777080
"2741",8,497.70235643,81,5054578599
"2742",8,497.70235643,82,5054633621
"2743",8,497.70235643,83,5054687283
"2744",8,497.70235643,84,5054751820
"2745",8,497.70235643,85,5054654244
"2746",8,497.70235643,86,5054637498
"2747",8,497.70235643,87,5054706882
"2748",8,497.70235643,88,5054748638
"2749",8,497.70235643,89,5054635226
"2750",8,497.70235643,9,5054605098
"2751",8,497.70235643,90,5054698943
"2752",8,497.70235643,91,5054700452
"2753",8,497.70235643,92,5054623534
"2754",8,497.70235643,93,5054828605
"2755",8,497.70235643,94,5054678775
"2756",8,497.70235643,95,5054613609
"2757",8,497.70235643,96,5054717759
"2758",8,497.70235643,97,5054761494
"2759",8,497.70235643,98,5054618625
"2760",8,497.70235643,99,5054599883
"2761",8,5.33669923,1,54211573
"2762",8,5.33669923,100,54187382
"2763",8,5.33669923,13,54187649
"2764",8,5.33669923,16,54190631
"2765",8,5.33669923,2,54195441
"2766",8,5.33669923,23,54214274
"2767",8,5.33669923,24,54209863
"2768",8,5.33669923,25,54191241
"2769",8,5.33669923,28,54188524
"2770",8,5.33669923,30,54194651
"2771",8,5.33669923,34,54191651
"2772",8,5.33669923,37,54206383
"2773",8,5.33669923,39,54184475
"2774",8,5.33669923,44,54204890
"2775",8,5.33669923,51,54205612
"2776",8,5.33669923,52,54200484
"2777",8,5.33669923,54,54213751
"2778",8,5.33669923,56,54179975
"2779",8,5.33669923,58,54210662
"2780",8,5.33669923,61,54195771
"2781",8,5.33669923,62,54208212
"2782",8,5.33669923,63,54188650
"2783",8,5.33669923,64,54192030
"2784",8,5.33669923,68,54191275
"2785",8,5.33669923,79,54203686
"2786",8,5.33669923,8,54212787
"2787",8,5.33669923,83,54192661
"2788",8,5.33669923,87,54205780
"2789",8,5.33669923,88,54189893
"2790",8,5.33669923,92,54199538
"2791",8,5.33669923,93,54203628
"2792",8,5.33669923,95,54189614
"2793",8,5.33669923,96,54183586
"2794",8,5.9948425,1,60892488
"2795",8,5.9948425,100,60868897
"2796",8,5.9948425,18,60878975
"2797",8,5.9948425,24,60865608
"2798",8,5.9948425,27,60879993
"2799",8,5.9948425,3,60874827
"2800",8,5.9948425,34,60885420
"2801",8,5.9948425,35,60873534
"2802",8,5.9948425,37,60885536
"2803",8,5.9948425,38,60884801
"2804",8,5.9948425,4,60892119
"2805",8,5.9948425,41,60873373
"2806",8,5.9948425,42,60876117
"2807",8,5.9948425,46,60878677
"2808",8,5.9948425,49,60896425
"2809",8,5.9948425,51,60883690
"2810",8,5.9948425,52,60885582
"2811",8,5.9948425,55,60891959
"2812",8,5.9948425,62,60887677
"2813",8,5.9948425,65,60875831
"2814",8,5.9948425,67,60887174
"2815",8,5.9948425,70,60886342
"2816",8,5.9948425,72,60876529
"2817",8,5.9948425,79,60895658
"2818",8,5.9948425,80,60889890
"2819",8,5.9948425,82,60887960
"2820",8,5.9948425,88,60877625
"2821",8,5.9948425,90,60887547
"2822",8,5.9948425,91,60874737
"2823",8,5.9948425,95,60886673
"2824",8,5.9948425,97,60868436
"2825",8,5.9948425,99,60879402
"2826",8,54.62277218,1,554724555
"2827",8,54.62277218,10,554784329
"2828",8,54.62277218,100,554774128
"2829",8,54.62277218,11,554742223
"2830",8,54.62277218,12,554714351
"2831",8,54.62277218,13,554758137
"2832",8,54.62277218,14,554781684
"2833",8,54.62277218,15,554796724
"2834",8,54.62277218,16,554737324
"2835",8,54.62277218,17,554729772
"2836",8,54.62277218,18,554792156
"2837",8,54.62277218,19,554719636
"2838",8,54.62277218,2,554771019
"2839",8,54.62277218,20,554726562
"2840",8,54.62277218,21,554775399
"2841",8,54.62277218,22,554764447
"2842",8,54.62277218,23,554741671
"2843",8,54.62277218,24,554787042
"2844",8,54.62277218,25,554746073
"2845",8,54.62277218,26,554753375
"2846",8,54.62277218,27,554753796
"2847",8,54.62277218,28,554772449
"2848",8,54.62277218,29,554761884
"2849",8,54.62277218,3,554763630
"2850",8,54.62277218,30,554734582
"2851",8,54.62277218,32,554837431
"2852",8,54.62277218,33,554761622
"2853",8,54.62277218,34,554758934
"2854",8,54.62277218,35,554731697
"2855",8,54.62277218,36,554766582
"2856",8,54.62277218,37,554790966
"2857",8,54.62277218,38,554818237
"2858",8,54.62277218,39,554766606
"2859",8,54.62277218,4,554728356
"2860",8,54.62277218,40,554763303
"2861",8,54.62277218,41,554769475
"2862",8,54.62277218,42,554716011
"2863",8,54.62277218,43,554767732
"2864",8,54.62277218,44,554732419
"2865",8,54.62277218,45,554737051
"2866",8,54.62277218,46,554769525
"2867",8,54.62277218,47,554785882
"2868",8,54.62277218,48,554800408
"2869",8,54.62277218,49,554795880
"2870",8,54.62277218,5,554728383
"2871",8,54.62277218,50,554724406
"2872",8,54.62277218,51,554743872
"2873",8,54.62277218,52,554716744
"2874",8,54.62277218,53,554745421
"2875",8,54.62277218,54,554779212
"2876",8,54.62277218,55,554709478
"2877",8,54.62277218,56,554734309
"2878",8,54.62277218,57,554746677
"2879",8,54.62277218,58,554802559
"2880",8,54.62277218,59,554754497
"2881",8,54.62277218,6,554713275
"2882",8,54.62277218,60,554751964
"2883",8,54.62277218,61,554748667
"2884",8,54.62277218,62,554741737
"2885",8,54.62277218,63,554744229
"2886",8,54.62277218,64,554806788
"2887",8,54.62277218,65,554714084
"2888",8,54.62277218,66,554742748
"2889",8,54.62277218,67,554780667
"2890",8,54.62277218,68,554714072
"2891",8,54.62277218,69,554775909
"2892",8,54.62277218,7,554859593
"2893",8,54.62277218,70,554768957
"2894",8,54.62277218,71,554770904
"2895",8,54.62277218,72,554744114
"2896",8,54.62277218,73,554759996
"2897",8,54.62277218,74,554737583
"2898",8,54.62277218,75,554792487
"2899",8,54.62277218,76,554783259
"2900",8,54.62277218,77,554801187
"2901",8,54.62277218,78,554736366
"2902",8,54.62277218,79,554704453
"2903",8,54.62277218,8,554701746
"2904",8,54.62277218,80,554765114
"2905",8,54.62277218,81,554793080
"2906",8,54.62277218,82,554713750
"2907",8,54.62277218,83,554756404
"2908",8,54.62277218,84,554729781
"2909",8,54.62277218,85,554757104
"2910",8,54.62277218,86,554724473
"2911",8,54.62277218,87,554774022
"2912",8,54.62277218,88,554779958
"2913",8,54.62277218,89,554788403
"2914",8,54.62277218,9,554740820
"2915",8,54.62277218,90,554720173
"2916",8,54.62277218,91,554742870
"2917",8,54.62277218,92,554700410
"2918",8,54.62277218,93,554778145
"2919",8,54.62277218,94,554766241
"2920",8,54.62277218,95,554855140
"2921",8,54.62277218,96,554767134
"2922",8,54.62277218,97,554768006
"2923",8,54.62277218,98,554751062
"2924",8,54.62277218,99,554752321
"2925",8,559.08101825,1,5677899046
"2926",8,559.08101825,10,5678023459
"2927",8,559.08101825,100,5678117919
"2928",8,559.08101825,11,5678124649
"2929",8,559.08101825,12,5677960678
"2930",8,559.08101825,13,5678142719
"2931",8,559.08101825,14,5677996768
"2932",8,559.08101825,15,5677812734
"2933",8,559.08101825,16,5677922379
"2934",8,559.08101825,17,5678034330
"2935",8,559.08101825,18,5678211704
"2936",8,559.08101825,19,5677890968
"2937",8,559.08101825,2,5678113091
"2938",8,559.08101825,20,5677967325
"2939",8,559.08101825,21,5677856737
"2940",8,559.08101825,22,5678192097
"2941",8,559.08101825,23,5677952709
"2942",8,559.08101825,24,5678122055
"2943",8,559.08101825,25,5677975643
"2944",8,559.08101825,26,5677995405
"2945",8,559.08101825,27,5678167331
"2946",8,559.08101825,28,5678052022
"2947",8,559.08101825,29,5678161088
"2948",8,559.08101825,3,5678058511
"2949",8,559.08101825,30,5678115879
"2950",8,559.08101825,31,5677955631
"2951",8,559.08101825,32,5678043309
"2952",8,559.08101825,33,5677966025
"2953",8,559.08101825,34,5678036876
"2954",8,559.08101825,35,5677866973
"2955",8,559.08101825,36,5678099354
"2956",8,559.08101825,37,5678250902
"2957",8,559.08101825,38,5677884662
"2958",8,559.08101825,39,5678096982
"2959",8,559.08101825,4,5678111338
"2960",8,559.08101825,40,5678078351
"2961",8,559.08101825,41,5678255696
"2962",8,559.08101825,42,5678144085
"2963",8,559.08101825,43,5678131173
"2964",8,559.08101825,44,5678193829
"2965",8,559.08101825,45,5678062838
"2966",8,559.08101825,46,5678076170
"2967",8,559.08101825,47,5678079898
"2968",8,559.08101825,48,5678108323
"2969",8,559.08101825,49,5677942291
"2970",8,559.08101825,5,5677967759
"2971",8,559.08101825,50,5678098993
"2972",8,559.08101825,51,5678089245
"2973",8,559.08101825,52,5677872280
"2974",8,559.08101825,53,5678026061
"2975",8,559.08101825,54,5677885686
"2976",8,559.08101825,55,5678038646
"2977",8,559.08101825,56,5677821041
"2978",8,559.08101825,57,5677952526
"2979",8,559.08101825,58,5678180119
"2980",8,559.08101825,59,5678172287
"2981",8,559.08101825,6,5677921799
"2982",8,559.08101825,60,5678010284
"2983",8,559.08101825,61,5678015772
"2984",8,559.08101825,62,5678183887
"2985",8,559.08101825,63,5678002013
"2986",8,559.08101825,64,5678099233
"2987",8,559.08101825,65,5678098110
"2988",8,559.08101825,66,5678159833
"2989",8,559.08101825,67,5678202737
"2990",8,559.08101825,68,5677885184
"2991",8,559.08101825,69,5678256907
"2992",8,559.08101825,7,5678148316
"2993",8,559.08101825,70,5677905853
"2994",8,559.08101825,71,5678058470
"2995",8,559.08101825,72,5677997719
"2996",8,559.08101825,73,5678247669
"2997",8,559.08101825,74,5678080261
"2998",8,559.08101825,75,5678057310
"2999",8,559.08101825,76,5677830916
"3000",8,559.08101825,77,5677984634
"3001",8,559.08101825,78,5677961167
"3002",8,559.08101825,79,5677982340
"3003",8,559.08101825,8,5678035012
"3004",8,559.08101825,80,5678009433
"3005",8,559.08101825,81,5678019300
"3006",8,559.08101825,82,5678064659
"3007",8,559.08101825,83,5677923467
"3008",8,559.08101825,84,5677906558
"3009",8,559.08101825,85,5678020448
"3010",8,559.08101825,86,5677946780
"3011",8,559.08101825,87,5678080843
"3012",8,559.08101825,88,5677973385
"3013",8,559.08101825,89,5678036456
"3014",8,559.08101825,9,5678055282
"3015",8,559.08101825,90,5677958602
"3016",8,559.08101825,91,5678104419
"3017",8,559.08101825,92,5677945131
"3018",8,559.08101825,93,5678095939
"3019",8,559.08101825,94,5677997741
"3020",8,559.08101825,95,5677876522
"3021",8,559.08101825,96,5678117725
"3022",8,559.08101825,97,5677992482
"3023",8,559.08101825,98,5678190605
"3024",8,559.08101825,99,5678214894
"3025",8,6.73415066,10,68397449
"3026",8,6.73415066,31,68370772
"3027",8,6.73415066,33,68373912
"3028",8,6.73415066,55,68395702
"3029",8,6.73415066,56,68387757
"3030",8,6.73415066,70,68392211
"3031",8,6.73415066,73,68385620
"3032",8,6.73415066,76,68397917
"3033",8,6.73415066,77,68399086
"3034",8,61.35907273,1,623145451
"3035",8,61.35907273,10,623136864
"3036",8,61.35907273,100,623154637
"3037",8,61.35907273,11,623181273
"3038",8,61.35907273,12,623192415
"3039",8,61.35907273,13,623207472
"3040",8,61.35907273,14,623149948
"3041",8,61.35907273,15,623202842
"3042",8,61.35907273,16,623139083
"3043",8,61.35907273,17,623140364
"3044",8,61.35907273,18,623139914
"3045",8,61.35907273,19,623231233
"3046",8,61.35907273,2,623191121
"3047",8,61.35907273,20,623241947
"3048",8,61.35907273,21,623241080
"3049",8,61.35907273,22,623144541
"3050",8,61.35907273,23,623164937
"3051",8,61.35907273,24,623205428
"3052",8,61.35907273,25,623134874
"3053",8,61.35907273,27,623207324
"3054",8,61.35907273,28,623096407
"3055",8,61.35907273,29,623174054
"3056",8,61.35907273,3,623190724
"3057",8,61.35907273,30,623139420
"3058",8,61.35907273,31,623165329
"3059",8,61.35907273,32,623120318
"3060",8,61.35907273,33,623171296
"3061",8,61.35907273,34,623154403
"3062",8,61.35907273,35,623132810
"3063",8,61.35907273,36,623180051
"3064",8,61.35907273,37,623193839
"3065",8,61.35907273,38,623157607
"3066",8,61.35907273,39,623215562
"3067",8,61.35907273,4,623171199
"3068",8,61.35907273,40,623157931
"3069",8,61.35907273,41,623146263
"3070",8,61.35907273,42,623160329
"3071",8,61.35907273,43,623177607
"3072",8,61.35907273,44,623119852
"3073",8,61.35907273,45,623153694
"3074",8,61.35907273,46,623234457
"3075",8,61.35907273,47,623219916
"3076",8,61.35907273,48,623185447
"3077",8,61.35907273,49,623161880
"3078",8,61.35907273,5,623182710
"3079",8,61.35907273,50,623166722
"3080",8,61.35907273,51,623155021
"3081",8,61.35907273,52,623176970
"3082",8,61.35907273,53,623170026
"3083",8,61.35907273,54,623108750
"3084",8,61.35907273,55,623157457
"3085",8,61.35907273,56,623136416
"3086",8,61.35907273,57,623106046
"3087",8,61.35907273,58,623151567
"3088",8,61.35907273,59,623192738
"3089",8,61.35907273,6,623169600
"3090",8,61.35907273,60,623170130
"3091",8,61.35907273,61,623169607
"3092",8,61.35907273,62,623175999
"3093",8,61.35907273,63,623192775
"3094",8,61.35907273,64,623156918
"3095",8,61.35907273,65,623195484
"3096",8,61.35907273,66,623194113
"3097",8,61.35907273,67,623157780
"3098",8,61.35907273,68,623151198
"3099",8,61.35907273,69,623135486
"3100",8,61.35907273,7,623173731
"3101",8,61.35907273,70,623175785
"3102",8,61.35907273,71,623229288
"3103",8,61.35907273,72,623129640
"3104",8,61.35907273,73,623195143
"3105",8,61.35907273,74,623172304
"3106",8,61.35907273,75,623114418
"3107",8,61.35907273,76,623156657
"3108",8,61.35907273,77,623189468
"3109",8,61.35907273,78,623206683
"3110",8,61.35907273,79,623177224
"3111",8,61.35907273,8,623200903
"3112",8,61.35907273,80,623141664
"3113",8,61.35907273,81,623191208
"3114",8,61.35907273,82,623146572
"3115",8,61.35907273,83,623187553
"3116",8,61.35907273,84,623138993
"3117",8,61.35907273,85,623144901
"3118",8,61.35907273,86,623163980
"3119",8,61.35907273,87,623204141
"3120",8,61.35907273,89,623168266
"3121",8,61.35907273,9,623201710
"3122",8,61.35907273,90,623134828
"3123",8,61.35907273,91,623119905
"3124",8,61.35907273,92,623144322
"3125",8,61.35907273,93,623149242
"3126",8,61.35907273,94,623204612
"3127",8,61.35907273,95,623174275
"3128",8,61.35907273,96,623180517
"3129",8,61.35907273,97,623158447
"3130",8,61.35907273,98,623154986
"3131",8,61.35907273,99,623147849
"3132",8,628.02914418,1,6378353171
"3133",8,628.02914418,10,6378290242
"3134",8,628.02914418,100,6378264160
"3135",8,628.02914418,11,6378244454
"3136",8,628.02914418,12,6378187693
"3137",8,628.02914418,13,6378422376
"3138",8,628.02914418,14,6378210273
"3139",8,628.02914418,15,6378328562
"3140",8,628.02914418,16,6378204744
"3141",8,628.02914418,17,6378172830
"3142",8,628.02914418,18,6378244070
"3143",8,628.02914418,19,6378448892
"3144",8,628.02914418,2,6378167811
"3145",8,628.02914418,20,6378143905
"3146",8,628.02914418,21,6378293077
"3147",8,628.02914418,22,6378278064
"3148",8,628.02914418,23,6378203341
"3149",8,628.02914418,24,6378400760
"3150",8,628.02914418,25,6378376954
"3151",8,628.02914418,26,6378250870
"3152",8,628.02914418,27,6378351327
"3153",8,628.02914418,28,6378314597
"3154",8,628.02914418,29,6378200830
"3155",8,628.02914418,3,6378076622
"3156",8,628.02914418,30,6378318048
"3157",8,628.02914418,31,6378155997
"3158",8,628.02914418,32,6378277991
"3159",8,628.02914418,33,6378433643
"3160",8,628.02914418,34,6378305144
"3161",8,628.02914418,35,6378423072
"3162",8,628.02914418,36,6377952719
"3163",8,628.02914418,37,6378314472
"3164",8,628.02914418,38,6378153961
"3165",8,628.02914418,39,6378327163
"3166",8,628.02914418,4,6378299366
"3167",8,628.02914418,40,6378207133
"3168",8,628.02914418,41,6378357940
"3169",8,628.02914418,42,6378287891
"3170",8,628.02914418,43,6378384256
"3171",8,628.02914418,44,6378320605
"3172",8,628.02914418,45,6378314723
"3173",8,628.02914418,46,6378344792
"3174",8,628.02914418,47,6378227316
"3175",8,628.02914418,48,6378220233
"3176",8,628.02914418,49,6378308299
"3177",8,628.02914418,5,6378236020
"3178",8,628.02914418,50,6378298637
"3179",8,628.02914418,51,6378117844
"3180",8,628.02914418,52,6378393286
"3181",8,628.02914418,53,6378321686
"3182",8,628.02914418,54,6378339180
"3183",8,628.02914418,55,6378234458
"3184",8,628.02914418,56,6378231059
"3185",8,628.02914418,57,6378363390
"3186",8,628.02914418,58,6378282500
"3187",8,628.02914418,59,6378214784
"3188",8,628.02914418,6,6378161267
"3189",8,628.02914418,60,6378300902
"3190",8,628.02914418,61,6378386601
"3191",8,628.02914418,62,6378351657
"3192",8,628.02914418,63,6378282033
"3193",8,628.02914418,64,6378348370
"3194",8,628.02914418,65,6378321139
"3195",8,628.02914418,66,6378264774
"3196",8,628.02914418,67,6378540418
"3197",8,628.02914418,68,6378110636
"3198",8,628.02914418,69,6378165235
"3199",8,628.02914418,7,6378254797
"3200",8,628.02914418,70,6378207247
"3201",8,628.02914418,71,6378361317
"3202",8,628.02914418,72,6378418061
"3203",8,628.02914418,73,6378122390
"3204",8,628.02914418,74,6378306982
"3205",8,628.02914418,75,6378243191
"3206",8,628.02914418,76,6378233534
"3207",8,628.02914418,77,6378289963
"3208",8,628.02914418,78,6378176486
"3209",8,628.02914418,79,6378373873
"3210",8,628.02914418,8,6378224669
"3211",8,628.02914418,80,6378232630
"3212",8,628.02914418,81,6378029943
"3213",8,628.02914418,82,6378390438
"3214",8,628.02914418,83,6378108233
"3215",8,628.02914418,84,6378182859
"3216",8,628.02914418,85,6378250318
"3217",8,628.02914418,86,6378323142
"3218",8,628.02914418,87,6378156450
"3219",8,628.02914418,88,6378198634
"3220",8,628.02914418,89,6378353898
"3221",8,628.02914418,9,6378243854
"3222",8,628.02914418,90,6378215005
"3223",8,628.02914418,91,6378281740
"3224",8,628.02914418,92,6378277311
"3225",8,628.02914418,93,6378236939
"3226",8,628.02914418,94,6378284612
"3227",8,628.02914418,95,6378309019
"3228",8,628.02914418,96,6378321619
"3229",8,628.02914418,97,6378344936
"3230",8,628.02914418,98,6378314415
"3231",8,628.02914418,99,6378417254
"3232",8,68.92612104,1,700017318
"3233",8,68.92612104,10,700085877
"3234",8,68.92612104,100,699993583
"3235",8,68.92612104,11,699967667
"3236",8,68.92612104,12,700016536
"3237",8,68.92612104,13,700063869
"3238",8,68.92612104,14,699957835
"3239",8,68.92612104,15,700053542
"3240",8,68.92612104,16,699984602
"3241",8,68.92612104,17,700057496
"3242",8,68.92612104,18,699986094
"3243",8,68.92612104,19,700045673
"3244",8,68.92612104,2,700024137
"3245",8,68.92612104,20,700049096
"3246",8,68.92612104,21,700046902
"3247",8,68.92612104,22,700088625
"3248",8,68.92612104,23,700120276
"3249",8,68.92612104,24,700042548
"3250",8,68.92612104,25,699974467
"3251",8,68.92612104,26,700040519
"3252",8,68.92612104,27,700063671
"3253",8,68.92612104,28,699979786
"3254",8,68.92612104,29,700026474
"3255",8,68.92612104,3,700026846
"3256",8,68.92612104,30,699982190
"3257",8,68.92612104,31,700065485
"3258",8,68.92612104,32,700023695
"3259",8,68.92612104,33,700062459
"3260",8,68.92612104,34,700001157
"3261",8,68.92612104,35,699985135
"3262",8,68.92612104,36,700043759
"3263",8,68.92612104,37,700056086
"3264",8,68.92612104,38,699991092
"3265",8,68.92612104,39,700019270
"3266",8,68.92612104,4,700039070
"3267",8,68.92612104,40,700032216
"3268",8,68.92612104,41,700027626
"3269",8,68.92612104,42,700017220
"3270",8,68.92612104,43,700047854
"3271",8,68.92612104,44,699980136
"3272",8,68.92612104,45,700038729
"3273",8,68.92612104,46,700033665
"3274",8,68.92612104,47,699971342
"3275",8,68.92612104,48,700061305
"3276",8,68.92612104,49,700046846
"3277",8,68.92612104,5,700031235
"3278",8,68.92612104,50,699976564
"3279",8,68.92612104,51,700050388
"3280",8,68.92612104,52,700025264
"3281",8,68.92612104,53,699985716
"3282",8,68.92612104,54,700041600
"3283",8,68.92612104,55,699990740
"3284",8,68.92612104,56,700025043
"3285",8,68.92612104,57,700027570
"3286",8,68.92612104,58,700040350
"3287",8,68.92612104,59,700027413
"3288",8,68.92612104,6,700042648
"3289",8,68.92612104,60,699998780
"3290",8,68.92612104,61,700024421
"3291",8,68.92612104,62,700043325
"3292",8,68.92612104,63,700042669
"3293",8,68.92612104,64,700042337
"3294",8,68.92612104,65,700013600
"3295",8,68.92612104,66,699994264
"3296",8,68.92612104,67,699973156
"3297",8,68.92612104,68,700003215
"3298",8,68.92612104,69,699997109
"3299",8,68.92612104,70,699996263
"3300",8,68.92612104,71,700080579
"3301",8,68.92612104,72,700034623
"3302",8,68.92612104,73,700013673
"3303",8,68.92612104,74,700043241
"3304",8,68.92612104,75,699991819
"3305",8,68.92612104,76,700045448
"3306",8,68.92612104,77,699993305
"3307",8,68.92612104,79,700005815
"3308",8,68.92612104,8,700073185
"3309",8,68.92612104,80,700010345
"3310",8,68.92612104,81,699968154
"3311",8,68.92612104,82,700041138
"3312",8,68.92612104,83,699974052
"3313",8,68.92612104,84,700023139
"3314",8,68.92612104,85,700020760
"3315",8,68.92612104,86,700013607
"3316",8,68.92612104,87,700093969
"3317",8,68.92612104,88,699968971
"3318",8,68.92612104,89,699973335
"3319",8,68.92612104,9,700023264
"3320",8,68.92612104,90,699991045
"3321",8,68.92612104,91,699994137
"3322",8,68.92612104,92,700006906
"3323",8,68.92612104,93,699983608
"3324",8,68.92612104,94,700038261
"3325",8,68.92612104,95,700010958
"3326",8,68.92612104,96,699985373
"3327",8,68.92612104,97,699999027
"3328",8,68.92612104,98,699968254
"3329",8,68.92612104,99,700019937
"3330",8,7.56463328,37,76812862
"3331",8,7.56463328,44,76829200
"3332",8,7.56463328,45,76819148
"3333",8,7.56463328,5,76815687
"3334",8,7.56463328,51,76811538
"3335",8,7.56463328,56,76825718
"3336",8,7.56463328,59,76812861
"3337",8,7.56463328,70,76820347
"3338",8,7.56463328,74,76810620
"3339",8,7.56463328,84,76825024
"3340",8,7.56463328,96,76824991
"3341",8,705.48023107,1,7164772105
"3342",8,705.48023107,10,7164852557
"3343",8,705.48023107,100,7164766126
"3344",8,705.48023107,11,7164821223
"3345",8,705.48023107,12,7164947313
"3346",8,705.48023107,13,7164855613
"3347",8,705.48023107,14,7164928243
"3348",8,705.48023107,15,7164970977
"3349",8,705.48023107,16,7164925212
"3350",8,705.48023107,17,7164906725
"3351",8,705.48023107,18,7165094139
"3352",8,705.48023107,19,7164921969
"3353",8,705.48023107,2,7164762819
"3354",8,705.48023107,20,7164748730
"3355",8,705.48023107,21,7164685172
"3356",8,705.48023107,22,7164903940
"3357",8,705.48023107,23,7164710247
"3358",8,705.48023107,24,7164826898
"3359",8,705.48023107,25,7164745564
"3360",8,705.48023107,26,7165007308
"3361",8,705.48023107,27,7164935070
"3362",8,705.48023107,28,7164918555
"3363",8,705.48023107,29,7164806578
"3364",8,705.48023107,3,7164972021
"3365",8,705.48023107,30,7164850789
"3366",8,705.48023107,31,7164977219
"3367",8,705.48023107,32,7164947614
"3368",8,705.48023107,33,7164936662
"3369",8,705.48023107,34,7164967851
"3370",8,705.48023107,35,7165002317
"3371",8,705.48023107,36,7164811223
"3372",8,705.48023107,37,7164820419
"3373",8,705.48023107,38,7164869688
"3374",8,705.48023107,39,7164789795
"3375",8,705.48023107,4,7164983849
"3376",8,705.48023107,40,7164922983
"3377",8,705.48023107,41,7164796444
"3378",8,705.48023107,42,7164903398
"3379",8,705.48023107,43,7164826127
"3380",8,705.48023107,44,7165008608
"3381",8,705.48023107,45,7164899756
"3382",8,705.48023107,46,7164809318
"3383",8,705.48023107,47,7164904850
"3384",8,705.48023107,48,7164694294
"3385",8,705.48023107,49,7165023322
"3386",8,705.48023107,5,7164929664
"3387",8,705.48023107,50,7164901291
"3388",8,705.48023107,51,7164868093
"3389",8,705.48023107,52,7164770555
"3390",8,705.48023107,53,7164906816
"3391",8,705.48023107,54,7164784851
"3392",8,705.48023107,55,7164931128
"3393",8,705.48023107,56,7164889429
"3394",8,705.48023107,57,7164827639
"3395",8,705.48023107,58,7164777404
"3396",8,705.48023107,59,7164800217
"3397",8,705.48023107,6,7164819325
"3398",8,705.48023107,60,7164861995
"3399",8,705.48023107,61,7164876296
"3400",8,705.48023107,62,7164937587
"3401",8,705.48023107,63,7164732288
"3402",8,705.48023107,64,7165020422
"3403",8,705.48023107,65,7164997319
"3404",8,705.48023107,66,7164575938
"3405",8,705.48023107,67,7164779851
"3406",8,705.48023107,68,7164865100
"3407",8,705.48023107,69,7164889478
"3408",8,705.48023107,7,7165036178
"3409",8,705.48023107,70,7164683033
"3410",8,705.48023107,71,7164813696
"3411",8,705.48023107,72,7165025489
"3412",8,705.48023107,73,7164772508
"3413",8,705.48023107,74,7164867470
"3414",8,705.48023107,75,7164908704
"3415",8,705.48023107,76,7164747560
"3416",8,705.48023107,77,7164747601
"3417",8,705.48023107,78,7164891094
"3418",8,705.48023107,79,7164925928
"3419",8,705.48023107,8,7164817468
"3420",8,705.48023107,80,7164871738
"3421",8,705.48023107,81,7164792119
"3422",8,705.48023107,82,7164961180
"3423",8,705.48023107,83,7164990293
"3424",8,705.48023107,84,7164897092
"3425",8,705.48023107,85,7164922539
"3426",8,705.48023107,86,7164820789
"3427",8,705.48023107,87,7164834727
"3428",8,705.48023107,88,7164764431
"3429",8,705.48023107,89,7164900013
"3430",8,705.48023107,9,7164817440
"3431",8,705.48023107,90,7164777413
"3432",8,705.48023107,91,7164767638
"3433",8,705.48023107,92,7164885748
"3434",8,705.48023107,93,7164898901
"3435",8,705.48023107,94,7164895417
"3436",8,705.48023107,95,7164855119
"3437",8,705.48023107,96,7164943297
"3438",8,705.48023107,97,7164878661
"3439",8,705.48023107,98,7164737498
"3440",8,705.48023107,99,7164871967
"3441",8,77.42636827,1,786317138
"3442",8,77.42636827,10,786340029
"3443",8,77.42636827,100,786327114
"3444",8,77.42636827,11,786336802
"3445",8,77.42636827,12,786392738
"3446",8,77.42636827,13,786325531
"3447",8,77.42636827,14,786382701
"3448",8,77.42636827,15,786361400
"3449",8,77.42636827,16,786329056
"3450",8,77.42636827,17,786311357
"3451",8,77.42636827,18,786375134
"3452",8,77.42636827,19,786346548
"3453",8,77.42636827,2,786374156
"3454",8,77.42636827,20,786304804
"3455",8,77.42636827,21,786360985
"3456",8,77.42636827,22,786351046
"3457",8,77.42636827,23,786399174
"3458",8,77.42636827,24,786345104
"3459",8,77.42636827,25,786370810
"3460",8,77.42636827,26,786378539
"3461",8,77.42636827,27,786321811
"3462",8,77.42636827,28,786390433
"3463",8,77.42636827,29,786347003
"3464",8,77.42636827,3,786433444
"3465",8,77.42636827,30,786412687
"3466",8,77.42636827,31,786328867
"3467",8,77.42636827,32,786371600
"3468",8,77.42636827,33,786316933
"3469",8,77.42636827,34,786389739
"3470",8,77.42636827,35,786351131
"3471",8,77.42636827,36,786343005
"3472",8,77.42636827,37,786299107
"3473",8,77.42636827,38,786447105
"3474",8,77.42636827,39,786311043
"3475",8,77.42636827,4,786385647
"3476",8,77.42636827,40,786355768
"3477",8,77.42636827,41,786350112
"3478",8,77.42636827,42,786349469
"3479",8,77.42636827,43,786321841
"3480",8,77.42636827,44,786354110
"3481",8,77.42636827,45,786345812
"3482",8,77.42636827,46,786301708
"3483",8,77.42636827,48,786402213
"3484",8,77.42636827,49,786334552
"3485",8,77.42636827,5,786325338
"3486",8,77.42636827,51,786325186
"3487",8,77.42636827,52,786401423
"3488",8,77.42636827,53,786314229
"3489",8,77.42636827,54,786354090
"3490",8,77.42636827,55,786341156
"3491",8,77.42636827,56,786351361
"3492",8,77.42636827,57,786377789
"3493",8,77.42636827,58,786325166
"3494",8,77.42636827,59,786288658
"3495",8,77.42636827,6,786338103
"3496",8,77.42636827,60,786381995
"3497",8,77.42636827,61,786377461
"3498",8,77.42636827,62,786337326
"3499",8,77.42636827,63,786332362
"3500",8,77.42636827,64,786370538
"3501",8,77.42636827,65,786329524
"3502",8,77.42636827,66,786332144
"3503",8,77.42636827,67,786369011
"3504",8,77.42636827,68,786350068
"3505",8,77.42636827,69,786366124
"3506",8,77.42636827,7,786339756
"3507",8,77.42636827,70,786378211
"3508",8,77.42636827,71,786388695
"3509",8,77.42636827,72,786346647
"3510",8,77.42636827,73,786339231
"3511",8,77.42636827,74,786333199
"3512",8,77.42636827,75,786368199
"3513",8,77.42636827,76,786327165
"3514",8,77.42636827,77,786301810
"3515",8,77.42636827,78,786337652
"3516",8,77.42636827,79,786341732
"3517",8,77.42636827,8,786386105
"3518",8,77.42636827,80,786327778
"3519",8,77.42636827,81,786306073
"3520",8,77.42636827,82,786401303
"3521",8,77.42636827,83,786430198
"3522",8,77.42636827,84,786366437
"3523",8,77.42636827,85,786294280
"3524",8,77.42636827,86,786346037
"3525",8,77.42636827,87,786315588
"3526",8,77.42636827,88,786390046
"3527",8,77.42636827,9,786362709
"3528",8,77.42636827,90,786296903
"3529",8,77.42636827,91,786347672
"3530",8,77.42636827,92,786312283
"3531",8,77.42636827,93,786333643
"3532",8,77.42636827,94,786388488
"3533",8,77.42636827,95,786394788
"3534",8,77.42636827,96,786405528
"3535",8,77.42636827,97,786401962
"3536",8,77.42636827,98,786380694
"3537",8,77.42636827,99,786386147
"3538",8,792.48289835,1,8048400503
"3539",8,792.48289835,10,8048439308
"3540",8,792.48289835,100,8048695328
"3541",8,792.48289835,11,8048418900
"3542",8,792.48289835,12,8048418575
"3543",8,792.48289835,13,8048515311
"3544",8,792.48289835,14,8048469884
"3545",8,792.48289835,15,8048490505
"3546",8,792.48289835,16,8048367638
"3547",8,792.48289835,17,8048342105
"3548",8,792.48289835,18,8048320090
"3549",8,792.48289835,19,8048480076
"3550",8,792.48289835,2,8048576262
"3551",8,792.48289835,20,8048526138
"3552",8,792.48289835,21,8048614954
"3553",8,792.48289835,22,8048271082
"3554",8,792.48289835,23,8048334298
"3555",8,792.48289835,24,8048436858
"3556",8,792.48289835,25,8048465021
"3557",8,792.48289835,26,8048561003
"3558",8,792.48289835,27,8048387664
"3559",8,792.48289835,28,8048572064
"3560",8,792.48289835,29,8048322816
"3561",8,792.48289835,3,8048453914
"3562",8,792.48289835,30,8048437839
"3563",8,792.48289835,31,8048666761
"3564",8,792.48289835,32,8048731927
"3565",8,792.48289835,33,8048354745
"3566",8,792.48289835,34,8048234780
"3567",8,792.48289835,35,8048602967
"3568",8,792.48289835,36,8048445097
"3569",8,792.48289835,37,8048401915
"3570",8,792.48289835,38,8048443201
"3571",8,792.48289835,39,8048266161
"3572",8,792.48289835,4,8048340464
"3573",8,792.48289835,40,8048718158
"3574",8,792.48289835,41,8048470655
"3575",8,792.48289835,42,8048420339
"3576",8,792.48289835,43,8048432873
"3577",8,792.48289835,44,8048326001
"3578",8,792.48289835,45,8048484308
"3579",8,792.48289835,46,8048480863
"3580",8,792.48289835,47,8048509297
"3581",8,792.48289835,48,8048529391
"3582",8,792.48289835,49,8048454742
"3583",8,792.48289835,5,8048579295
"3584",8,792.48289835,50,8048632866
"3585",8,792.48289835,51,8048543251
"3586",8,792.48289835,52,8048367055
"3587",8,792.48289835,53,8048366923
"3588",8,792.48289835,54,8048587854
"3589",8,792.48289835,55,8048502997
"3590",8,792.48289835,56,8048574144
"3591",8,792.48289835,57,8048346459
"3592",8,792.48289835,58,8048573986
"3593",8,792.48289835,59,8048436366
"3594",8,792.48289835,6,8048399322
"3595",8,792.48289835,60,8048415154
"3596",8,792.48289835,61,8048514146
"3597",8,792.48289835,62,8048476590
"3598",8,792.48289835,63,8048431809
"3599",8,792.48289835,64,8048240892
"3600",8,792.48289835,65,8048408930
"3601",8,792.48289835,66,8048576369
"3602",8,792.48289835,67,8048490712
"3603",8,792.48289835,68,8048376494
"3604",8,792.48289835,69,8048458474
"3605",8,792.48289835,7,8048401936
"3606",8,792.48289835,70,8048704312
"3607",8,792.48289835,71,8048414228
"3608",8,792.48289835,72,8048199935
"3609",8,792.48289835,73,8048449253
"3610",8,792.48289835,74,8048420631
"3611",8,792.48289835,75,8048497263
"3612",8,792.48289835,76,8048494523
"3613",8,792.48289835,77,8048534156
"3614",8,792.48289835,78,8048409004
"3615",8,792.48289835,79,8048418029
"3616",8,792.48289835,8,8048525327
"3617",8,792.48289835,80,8048445469
"3618",8,792.48289835,81,8048255038
"3619",8,792.48289835,82,8048553852
"3620",8,792.48289835,83,8048407621
"3621",8,792.48289835,84,8048518607
"3622",8,792.48289835,85,8048363240
"3623",8,792.48289835,86,8048461425
"3624",8,792.48289835,87,8048416988
"3625",8,792.48289835,88,8048337514
"3626",8,792.48289835,89,8048597975
"3627",8,792.48289835,9,8048314845
"3628",8,792.48289835,90,8048721879
"3629",8,792.48289835,91,8048274563
"3630",8,792.48289835,92,8048585048
"3631",8,792.48289835,93,8048543460
"3632",8,792.48289835,94,8048567016
"3633",8,792.48289835,95,8048275981
"3634",8,792.48289835,96,8048362119
"3635",8,792.48289835,97,8048347019
"3636",8,792.48289835,98,8048538451
"3637",8,792.48289835,99,8048451725
"3638",8,8.49753436,1,86327218
"3639",8,8.49753436,10,86301975
"3640",8,8.49753436,100,86306388
"3641",8,8.49753436,12,86292705
"3642",8,8.49753436,13,86294637
"3643",8,8.49753436,15,86304092
"3644",8,8.49753436,17,86314730
"3645",8,8.49753436,18,86302776
"3646",8,8.49753436,19,86309815
"3647",8,8.49753436,2,86299202
"3648",8,8.49753436,20,86322972
"3649",8,8.49753436,23,86306565
"3650",8,8.49753436,24,86300559
"3651",8,8.49753436,26,86281797
"3652",8,8.49753436,28,86315246
"3653",8,8.49753436,3,86291625
"3654",8,8.49753436,30,86288114
"3655",8,8.49753436,31,86301865
"3656",8,8.49753436,33,86292110
"3657",8,8.49753436,39,86294912
"3658",8,8.49753436,4,86298747
"3659",8,8.49753436,40,86303041
"3660",8,8.49753436,45,86292724
"3661",8,8.49753436,47,86323245
"3662",8,8.49753436,49,86270948
"3663",8,8.49753436,5,86309568
"3664",8,8.49753436,51,86296124
"3665",8,8.49753436,52,86305829
"3666",8,8.49753436,55,86304389
"3667",8,8.49753436,56,86293087
"3668",8,8.49753436,58,86301868
"3669",8,8.49753436,61,86301371
"3670",8,8.49753436,63,86317276
"3671",8,8.49753436,67,86283288
"3672",8,8.49753436,72,86302349
"3673",8,8.49753436,77,86304041
"3674",8,8.49753436,79,86306227
"3675",8,8.49753436,8,86321860
"3676",8,8.49753436,80,86295820
"3677",8,8.49753436,83,86301194
"3678",8,8.49753436,85,86291121
"3679",8,8.49753436,86,86303339
"3680",8,8.49753436,88,86310983
"3681",8,8.49753436,90,86331325
"3682",8,8.49753436,92,86304595
"3683",8,8.49753436,94,86307786
"3684",8,8.49753436,96,86303648
"3685",8,8.49753436,97,86297853
"3686",8,8.49753436,99,86302952
"3687",8,86.97490026,1,883375641
"3688",8,86.97490026,10,883328629
"3689",8,86.97490026,100,883345783
"3690",8,86.97490026,11,883344894
"3691",8,86.97490026,12,883251269
"3692",8,86.97490026,13,883267612
"3693",8,86.97490026,14,883331243
"3694",8,86.97490026,15,883300615
"3695",8,86.97490026,16,883340285
"3696",8,86.97490026,17,883348032
"3697",8,86.97490026,18,883309042
"3698",8,86.97490026,19,883388018
"3699",8,86.97490026,2,883302362
"3700",8,86.97490026,20,883328006
"3701",8,86.97490026,21,883304613
"3702",8,86.97490026,22,883324584
"3703",8,86.97490026,23,883324696
"3704",8,86.97490026,24,883317511
"3705",8,86.97490026,25,883323332
"3706",8,86.97490026,26,883381328
"3707",8,86.97490026,27,883300108
"3708",8,86.97490026,28,883290210
"3709",8,86.97490026,29,883349503
"3710",8,86.97490026,3,883297875
"3711",8,86.97490026,30,883328713
"3712",8,86.97490026,31,883346906
"3713",8,86.97490026,32,883388363
"3714",8,86.97490026,33,883363984
"3715",8,86.97490026,34,883337327
"3716",8,86.97490026,35,883290482
"3717",8,86.97490026,36,883336987
"3718",8,86.97490026,37,883272466
"3719",8,86.97490026,38,883338842
"3720",8,86.97490026,39,883379053
"3721",8,86.97490026,4,883296271
"3722",8,86.97490026,40,883299277
"3723",8,86.97490026,41,883314167
"3724",8,86.97490026,42,883374537
"3725",8,86.97490026,43,883245612
"3726",8,86.97490026,44,883304754
"3727",8,86.97490026,45,883272314
"3728",8,86.97490026,46,883324679
"3729",8,86.97490026,47,883381785
"3730",8,86.97490026,48,883297445
"3731",8,86.97490026,49,883330594
"3732",8,86.97490026,5,883333061
"3733",8,86.97490026,50,883381103
"3734",8,86.97490026,51,883274410
"3735",8,86.97490026,52,883291167
"3736",8,86.97490026,53,883303171
"3737",8,86.97490026,54,883318257
"3738",8,86.97490026,55,883317959
"3739",8,86.97490026,56,883328817
"3740",8,86.97490026,57,883332643
"3741",8,86.97490026,58,883361795
"3742",8,86.97490026,59,883339466
"3743",8,86.97490026,6,883297902
"3744",8,86.97490026,60,883343626
"3745",8,86.97490026,61,883386516
"3746",8,86.97490026,62,883360666
"3747",8,86.97490026,63,883299598
"3748",8,86.97490026,64,883283082
"3749",8,86.97490026,65,883304865
"3750",8,86.97490026,66,883305809
"3751",8,86.97490026,67,883319844
"3752",8,86.97490026,68,883301088
"3753",8,86.97490026,69,883312148
"3754",8,86.97490026,7,883293098
"3755",8,86.97490026,70,883264124
"3756",8,86.97490026,71,883329030
"3757",8,86.97490026,72,883385004
"3758",8,86.97490026,73,883291327
"3759",8,86.97490026,74,883295874
"3760",8,86.97490026,75,883360159
"3761",8,86.97490026,76,883275528
"3762",8,86.97490026,77,883299621
"3763",8,86.97490026,78,883351486
"3764",8,86.97490026,79,883331506
"3765",8,86.97490026,8,883318403
"3766",8,86.97490026,80,883340850
"3767",8,86.97490026,81,883327138
"3768",8,86.97490026,82,883333435
"3769",8,86.97490026,83,883291384
"3770",8,86.97490026,84,883319543
"3771",8,86.97490026,85,883305674
"3772",8,86.97490026,86,883289194
"3773",8,86.97490026,87,883328080
"3774",8,86.97490026,88,883382454
"3775",8,86.97490026,89,883248609
"3776",8,86.97490026,9,883337343
"3777",8,86.97490026,90,883342386
"3778",8,86.97490026,91,883204533
"3779",8,86.97490026,92,883326238
"3780",8,86.97490026,93,883305005
"3781",8,86.97490026,94,883360343
"3782",8,86.97490026,95,883326623
"3783",8,86.97490026,96,883288256
"3784",8,86.97490026,97,883308173
"3785",8,86.97490026,98,883278762
"3786",8,86.97490026,99,883364625
"3787",8,890.21508545,1,9041160970
"3788",8,890.21508545,10,9041052023
"3789",8,890.21508545,100,9041059279
"3790",8,890.21508545,11,9041008499
"3791",8,890.21508545,12,9041006680
"3792",8,890.21508545,13,9041032441
"3793",8,890.21508545,14,9040978699
"3794",8,890.21508545,15,9041133698
"3795",8,890.21508545,16,9041167023
"3796",8,890.21508545,17,9040992583
"3797",8,890.21508545,18,9041085647
"3798",8,890.21508545,19,9041159325
"3799",8,890.21508545,2,9041005370
"3800",8,890.21508545,20,9040896533
"3801",8,890.21508545,21,9041068032
"3802",8,890.21508545,22,9041211543
"3803",8,890.21508545,23,9040946506
"3804",8,890.21508545,24,9041095491
"3805",8,890.21508545,25,9041116433
"3806",8,890.21508545,26,9040977593
"3807",8,890.21508545,27,9041016769
"3808",8,890.21508545,28,9040947781
"3809",8,890.21508545,29,9040924104
"3810",8,890.21508545,3,9041205336
"3811",8,890.21508545,30,9040922753
"3812",8,890.21508545,31,9040947282
"3813",8,890.21508545,32,9041102540
"3814",8,890.21508545,33,9040863549
"3815",8,890.21508545,34,9041205326
"3816",8,890.21508545,35,9040999543
"3817",8,890.21508545,36,9041067104
"3818",8,890.21508545,37,9041028877
"3819",8,890.21508545,38,9040785253
"3820",8,890.21508545,39,9041059279
"3821",8,890.21508545,4,9040900040
"3822",8,890.21508545,40,9041258595
"3823",8,890.21508545,41,9040987562
"3824",8,890.21508545,42,9041208489
"3825",8,890.21508545,43,9040978816
"3826",8,890.21508545,44,9040920833
"3827",8,890.21508545,45,9040881934
"3828",8,890.21508545,46,9041046908
"3829",8,890.21508545,47,9041167780
"3830",8,890.21508545,48,9040941181
"3831",8,890.21508545,49,9041013562
"3832",8,890.21508545,5,9041031529
"3833",8,890.21508545,50,9040936269
"3834",8,890.21508545,51,9040966679
"3835",8,890.21508545,52,9041065656
"3836",8,890.21508545,53,9041042974
"3837",8,890.21508545,54,9041034719
"3838",8,890.21508545,55,9041131887
"3839",8,890.21508545,56,9041218634
"3840",8,890.21508545,57,9041151638
"3841",8,890.21508545,58,9040984427
"3842",8,890.21508545,59,9040979221
"3843",8,890.21508545,6,9041102770
"3844",8,890.21508545,60,9041083577
"3845",8,890.21508545,61,9041053525
"3846",8,890.21508545,62,9041081412
"3847",8,890.21508545,63,9041123721
"3848",8,890.21508545,64,9041074159
"3849",8,890.21508545,65,9040956720
"3850",8,890.21508545,66,9041158628
"3851",8,890.21508545,67,9040922753
"3852",8,890.21508545,68,9041112322
"3853",8,890.21508545,69,9041097687
"3854",8,890.21508545,7,9041014873
"3855",8,890.21508545,70,9041196185
"3856",8,890.21508545,71,9040930359
"3857",8,890.21508545,72,9041040335
"3858",8,890.21508545,73,9041198206
"3859",8,890.21508545,74,9040966787
"3860",8,890.21508545,75,9041030672
"3861",8,890.21508545,76,9041235887
"3862",8,890.21508545,77,9041172311
"3863",8,890.21508545,78,9041126047
"3864",8,890.21508545,79,9041017559
"3865",8,890.21508545,8,9041226632
"3866",8,890.21508545,80,9040962142
"3867",8,890.21508545,81,9040939349
"3868",8,890.21508545,82,9040969272
"3869",8,890.21508545,83,9040967534
"3870",8,890.21508545,84,9041054954
"3871",8,890.21508545,85,9040913036
"3872",8,890.21508545,86,9041144116
"3873",8,890.21508545,87,9041165150
"3874",8,890.21508545,88,9041038079
"3875",8,890.21508545,89,9041099965
"3876",8,890.21508545,9,9041071848
"3877",8,890.21508545,90,9041157834
"3878",8,890.21508545,91,9040932589
"3879",8,890.21508545,92,9041030182
"3880",8,890.21508545,93,9041111913
"3881",8,890.21508545,94,9041077023
"3882",8,890.21508545,95,9041170956
"3883",8,890.21508545,96,9040799308
"3884",8,890.21508545,97,9041025264
"3885",8,890.21508545,98,9041163133
"3886",8,890.21508545,99,9040931977
"3887",8,9.54548457,22,96930263
"3888",8,9.54548457,28,96939236
"3889",8,9.54548457,30,96946220
"3890",8,9.54548457,43,96932223
"3891",8,9.54548457,49,96959019
"3892",8,9.54548457,58,96947221
"3893",8,9.54548457,61,96939096
"3894",8,9.54548457,64,96937659
"3895",8,9.54548457,69,96936832
"3896",8,9.54548457,76,96938808
"3897",8,9.54548457,89,96944117
"3898",8,97.70099573,1,992185906
"3899",8,97.70099573,10,992276664
"3900",8,97.70099573,100,992398628
"3901",8,97.70099573,11,992255814
"3902",8,97.70099573,12,992208903
"3903",8,97.70099573,13,992304212
"3904",8,97.70099573,15,992240562
"3905",8,97.70099573,16,992271431
"3906",8,97.70099573,17,992288280
"3907",8,97.70099573,18,992256021
"3908",8,97.70099573,19,992182281
"3909",8,97.70099573,2,992330736
"3910",8,97.70099573,20,992225500
"3911",8,97.70099573,21,992273114
"3912",8,97.70099573,22,992301213
"3913",8,97.70099573,23,992307113
"3914",8,97.70099573,24,992365020
"3915",8,97.70099573,25,992207679
"3916",8,97.70099573,26,992215544
"3917",8,97.70099573,27,992298808
"3918",8,97.70099573,28,992201234
"3919",8,97.70099573,29,992246647
"3920",8,97.70099573,3,992281678
"3921",8,97.70099573,30,992341165
"3922",8,97.70099573,31,992295243
"3923",8,97.70099573,32,992231672
"3924",8,97.70099573,33,992262363
"3925",8,97.70099573,34,992221224
"3926",8,97.70099573,35,992220700
"3927",8,97.70099573,36,992275586
"3928",8,97.70099573,37,992337575
"3929",8,97.70099573,38,992265617
"3930",8,97.70099573,39,992218078
"3931",8,97.70099573,4,992272928
"3932",8,97.70099573,40,992233276
"3933",8,97.70099573,41,992244855
"3934",8,97.70099573,42,992221170
"3935",8,97.70099573,43,992220910
"3936",8,97.70099573,44,992304095
"3937",8,97.70099573,45,992276538
"3938",8,97.70099573,46,992311593
"3939",8,97.70099573,47,992322934
"3940",8,97.70099573,48,992252236
"3941",8,97.70099573,49,992251036
"3942",8,97.70099573,5,992293205
"3943",8,97.70099573,50,992209092
"3944",8,97.70099573,51,992198370
"3945",8,97.70099573,52,992233235
"3946",8,97.70099573,53,992307835
"3947",8,97.70099573,54,992270660
"3948",8,97.70099573,55,992215970
"3949",8,97.70099573,56,992200200
"3950",8,97.70099573,57,992221330
"3951",8,97.70099573,58,992265036
"3952",8,97.70099573,59,992326320
"3953",8,97.70099573,6,992284055
"3954",8,97.70099573,60,992194819
"3955",8,97.70099573,61,992286331
"3956",8,97.70099573,62,992277392
"3957",8,97.70099573,63,992238347
"3958",8,97.70099573,64,992227442
"3959",8,97.70099573,65,992188922
"3960",8,97.70099573,66,992217347
"3961",8,97.70099573,67,992240310
"3962",8,97.70099573,68,992175165
"3963",8,97.70099573,69,992256557
"3964",8,97.70099573,7,992296710
"3965",8,97.70099573,70,992212981
"3966",8,97.70099573,71,992187997
"3967",8,97.70099573,72,992257055
"3968",8,97.70099573,73,992330002
"3969",8,97.70099573,74,992272719
"3970",8,97.70099573,75,992229173
"3971",8,97.70099573,76,992268802
"3972",8,97.70099573,77,992203531
"3973",8,97.70099573,78,992283897
"3974",8,97.70099573,79,992271481
"3975",8,97.70099573,8,992326335
"3976",8,97.70099573,80,992262915
"3977",8,97.70099573,81,992171830
"3978",8,97.70099573,82,992321154
"3979",8,97.70099573,83,992204566
"3980",8,97.70099573,84,992234164
"3981",8,97.70099573,85,992243492
"3982",8,97.70099573,86,992231938
"3983",8,97.70099573,87,992221638
"3984",8,97.70099573,88,992234693
"3985",8,97.70099573,89,992249454
"3986",8,97.70099573,9,992232405
"3987",8,97.70099573,90,992218389
"3988",8,97.70099573,91,992234408
"3989",8,97.70099573,92,992301198
"3990",8,97.70099573,93,992322216
"3991",8,97.70099573,94,992228804
"3992",8,97.70099573,95,992317369
"3993",8,97.70099573,96,992282649
"3994",8,97.70099573,97,992267228
"3995",8,97.70099573,98,992231806
"3996",8,97.70099573,99,992396397
