"","time","nu","id","tot_pfu"
"1",3,0.01,12,1
"2",3,0.01,26,1
"3",3,0.01,28,1
"4",3,0.01,43,1
"5",3,0.01,45,1
"6",3,0.01,46,1
"7",3,0.01,50,2
"8",3,0.01,51,2
"9",3,0.01,57,2
"10",3,0.01,85,2
"11",3,0.01,89,1
"12",3,0.01,90,1
"13",3,0.01123324,16,2
"14",3,0.01123324,17,1
"15",3,0.01123324,21,1
"16",3,0.01123324,23,1
"17",3,0.01123324,27,2
"18",3,0.01123324,33,2
"19",3,0.01123324,35,1
"20",3,0.01123324,37,1
"21",3,0.01123324,4,1
"22",3,0.01123324,5,1
"23",3,0.01123324,55,2
"24",3,0.01123324,58,1
"25",3,0.01123324,6,2
"26",3,0.01123324,69,2
"27",3,0.01123324,83,1
"28",3,0.01123324,85,1
"29",3,0.01123324,9,1
"30",3,0.01123324,94,1
"31",3,0.01261857,1,1
"32",3,0.01261857,10,1
"33",3,0.01261857,12,1
"34",3,0.01261857,17,1
"35",3,0.01261857,19,2
"36",3,0.01261857,2,1
"37",3,0.01261857,21,1
"38",3,0.01261857,22,1
"39",3,0.01261857,25,1
"40",3,0.01261857,27,2
"41",3,0.01261857,33,2
"42",3,0.01261857,39,1
"43",3,0.01261857,41,1
"44",3,0.01261857,42,1
"45",3,0.01261857,43,4
"46",3,0.01261857,47,1
"47",3,0.01261857,48,1
"48",3,0.01261857,5,2
"49",3,0.01261857,51,1
"50",3,0.01261857,55,2
"51",3,0.01261857,60,1
"52",3,0.01261857,63,1
"53",3,0.01261857,64,1
"54",3,0.01261857,66,1
"55",3,0.01261857,74,1
"56",3,0.01261857,80,2
"57",3,0.01261857,83,1
"58",3,0.01261857,85,2
"59",3,0.01261857,88,1
"60",3,0.01261857,96,1
"61",3,0.01261857,97,2
"62",3,0.01417474,10,1
"63",3,0.01417474,100,1
"64",3,0.01417474,15,1
"65",3,0.01417474,16,2
"66",3,0.01417474,20,1
"67",3,0.01417474,21,2
"68",3,0.01417474,23,1
"69",3,0.01417474,28,1
"70",3,0.01417474,31,1
"71",3,0.01417474,32,1
"72",3,0.01417474,39,1
"73",3,0.01417474,4,1
"74",3,0.01417474,45,1
"75",3,0.01417474,46,1
"76",3,0.01417474,47,1
"77",3,0.01417474,52,1
"78",3,0.01417474,57,1
"79",3,0.01417474,59,1
"80",3,0.01417474,60,1
"81",3,0.01417474,62,1
"82",3,0.01417474,64,1
"83",3,0.01417474,66,1
"84",3,0.01417474,69,1
"85",3,0.01417474,70,1
"86",3,0.01417474,71,2
"87",3,0.01417474,73,1
"88",3,0.01417474,8,1
"89",3,0.01417474,84,1
"90",3,0.01417474,87,1
"91",3,0.01417474,89,1
"92",3,0.01417474,95,1
"93",3,0.01592283,10,1
"94",3,0.01592283,12,1
"95",3,0.01592283,17,1
"96",3,0.01592283,2,2
"97",3,0.01592283,20,1
"98",3,0.01592283,22,1
"99",3,0.01592283,24,1
"100",3,0.01592283,26,1
"101",3,0.01592283,32,2
"102",3,0.01592283,33,1
"103",3,0.01592283,36,1
"104",3,0.01592283,38,1
"105",3,0.01592283,4,1
"106",3,0.01592283,43,2
"107",3,0.01592283,44,1
"108",3,0.01592283,45,2
"109",3,0.01592283,46,1
"110",3,0.01592283,49,1
"111",3,0.01592283,53,1
"112",3,0.01592283,54,1
"113",3,0.01592283,55,1
"114",3,0.01592283,57,1
"115",3,0.01592283,59,1
"116",3,0.01592283,60,2
"117",3,0.01592283,70,1
"118",3,0.01592283,8,1
"119",3,0.01592283,80,2
"120",3,0.01592283,83,1
"121",3,0.01592283,85,2
"122",3,0.01592283,88,1
"123",3,0.01592283,89,2
"124",3,0.01592283,9,1
"125",3,0.01592283,90,1
"126",3,0.01592283,92,2
"127",3,0.01592283,95,1
"128",3,0.01592283,98,1
"129",3,0.0178865,100,2
"130",3,0.0178865,13,1
"131",3,0.0178865,14,1
"132",3,0.0178865,27,1
"133",3,0.0178865,32,1
"134",3,0.0178865,34,1
"135",3,0.0178865,35,1
"136",3,0.0178865,39,1
"137",3,0.0178865,40,2
"138",3,0.0178865,41,2
"139",3,0.0178865,47,2
"140",3,0.0178865,48,1
"141",3,0.0178865,52,1
"142",3,0.0178865,58,1
"143",3,0.0178865,62,2
"144",3,0.0178865,65,1
"145",3,0.0178865,66,2
"146",3,0.0178865,67,1
"147",3,0.0178865,68,1
"148",3,0.0178865,72,1
"149",3,0.0178865,78,2
"150",3,0.0178865,80,2
"151",3,0.0178865,84,1
"152",3,0.0178865,87,1
"153",3,0.0178865,89,1
"154",3,0.0178865,9,1
"155",3,0.0178865,94,1
"156",3,0.02009233,10,1
"157",3,0.02009233,100,2
"158",3,0.02009233,12,3
"159",3,0.02009233,14,2
"160",3,0.02009233,16,1
"161",3,0.02009233,19,2
"162",3,0.02009233,20,2
"163",3,0.02009233,25,2
"164",3,0.02009233,27,1
"165",3,0.02009233,3,1
"166",3,0.02009233,34,1
"167",3,0.02009233,35,1
"168",3,0.02009233,36,1
"169",3,0.02009233,37,1
"170",3,0.02009233,39,1
"171",3,0.02009233,41,1
"172",3,0.02009233,48,1
"173",3,0.02009233,49,1
"174",3,0.02009233,51,1
"175",3,0.02009233,55,1
"176",3,0.02009233,57,1
"177",3,0.02009233,58,1
"178",3,0.02009233,59,1
"179",3,0.02009233,6,2
"180",3,0.02009233,62,2
"181",3,0.02009233,65,1
"182",3,0.02009233,66,1
"183",3,0.02009233,69,1
"184",3,0.02009233,70,1
"185",3,0.02009233,72,1
"186",3,0.02009233,73,2
"187",3,0.02009233,76,1
"188",3,0.02009233,78,1
"189",3,0.02009233,8,1
"190",3,0.02009233,84,1
"191",3,0.02009233,85,2
"192",3,0.02009233,88,1
"193",3,0.02009233,89,3
"194",3,0.02009233,9,1
"195",3,0.02009233,90,1
"196",3,0.02009233,97,2
"197",3,0.02009233,98,2
"198",3,0.0225702,10,1
"199",3,0.0225702,14,2
"200",3,0.0225702,15,1
"201",3,0.0225702,17,1
"202",3,0.0225702,18,2
"203",3,0.0225702,19,1
"204",3,0.0225702,22,1
"205",3,0.0225702,24,1
"206",3,0.0225702,27,1
"207",3,0.0225702,3,1
"208",3,0.0225702,31,5
"209",3,0.0225702,33,1
"210",3,0.0225702,36,1
"211",3,0.0225702,38,1
"212",3,0.0225702,39,1
"213",3,0.0225702,41,1
"214",3,0.0225702,42,1
"215",3,0.0225702,46,2
"216",3,0.0225702,48,1
"217",3,0.0225702,49,1
"218",3,0.0225702,50,2
"219",3,0.0225702,52,2
"220",3,0.0225702,57,1
"221",3,0.0225702,6,1
"222",3,0.0225702,62,1
"223",3,0.0225702,63,4
"224",3,0.0225702,64,1
"225",3,0.0225702,65,1
"226",3,0.0225702,66,2
"227",3,0.0225702,67,1
"228",3,0.0225702,68,1
"229",3,0.0225702,70,2
"230",3,0.0225702,76,4
"231",3,0.0225702,8,1
"232",3,0.0225702,80,1
"233",3,0.0225702,88,1
"234",3,0.0225702,89,3
"235",3,0.0225702,9,2
"236",3,0.0225702,94,2
"237",3,0.0225702,95,1
"238",3,0.0225702,96,1
"239",3,0.02535364,1,1
"240",3,0.02535364,10,2
"241",3,0.02535364,14,2
"242",3,0.02535364,15,1
"243",3,0.02535364,19,1
"244",3,0.02535364,2,2
"245",3,0.02535364,21,1
"246",3,0.02535364,24,1
"247",3,0.02535364,25,1
"248",3,0.02535364,26,2
"249",3,0.02535364,27,1
"250",3,0.02535364,32,1
"251",3,0.02535364,34,1
"252",3,0.02535364,36,1
"253",3,0.02535364,37,1
"254",3,0.02535364,41,1
"255",3,0.02535364,43,1
"256",3,0.02535364,45,1
"257",3,0.02535364,47,2
"258",3,0.02535364,48,1
"259",3,0.02535364,49,1
"260",3,0.02535364,51,2
"261",3,0.02535364,59,1
"262",3,0.02535364,6,1
"263",3,0.02535364,62,1
"264",3,0.02535364,66,1
"265",3,0.02535364,68,2
"266",3,0.02535364,69,1
"267",3,0.02535364,7,2
"268",3,0.02535364,71,2
"269",3,0.02535364,72,1
"270",3,0.02535364,75,1
"271",3,0.02535364,78,1
"272",3,0.02535364,8,1
"273",3,0.02535364,82,1
"274",3,0.02535364,83,2
"275",3,0.02535364,84,1
"276",3,0.02535364,85,1
"277",3,0.02535364,86,4
"278",3,0.02535364,87,1
"279",3,0.02535364,88,1
"280",3,0.02535364,89,1
"281",3,0.02535364,92,1
"282",3,0.02535364,93,2
"283",3,0.02535364,94,3
"284",3,0.02535364,95,1
"285",3,0.02535364,96,1
"286",3,0.02535364,99,2
"287",3,0.02848036,10,1
"288",3,0.02848036,100,1
"289",3,0.02848036,11,1
"290",3,0.02848036,12,1
"291",3,0.02848036,14,1
"292",3,0.02848036,17,1
"293",3,0.02848036,19,1
"294",3,0.02848036,2,1
"295",3,0.02848036,21,1
"296",3,0.02848036,22,1
"297",3,0.02848036,25,3
"298",3,0.02848036,27,1
"299",3,0.02848036,28,1
"300",3,0.02848036,3,1
"301",3,0.02848036,30,1
"302",3,0.02848036,31,1
"303",3,0.02848036,32,1
"304",3,0.02848036,34,2
"305",3,0.02848036,37,1
"306",3,0.02848036,40,1
"307",3,0.02848036,42,3
"308",3,0.02848036,43,1
"309",3,0.02848036,44,2
"310",3,0.02848036,45,1
"311",3,0.02848036,46,1
"312",3,0.02848036,47,1
"313",3,0.02848036,49,2
"314",3,0.02848036,5,1
"315",3,0.02848036,50,1
"316",3,0.02848036,51,1
"317",3,0.02848036,52,1
"318",3,0.02848036,53,5
"319",3,0.02848036,57,2
"320",3,0.02848036,59,2
"321",3,0.02848036,6,1
"322",3,0.02848036,60,3
"323",3,0.02848036,61,2
"324",3,0.02848036,63,1
"325",3,0.02848036,64,1
"326",3,0.02848036,66,2
"327",3,0.02848036,68,2
"328",3,0.02848036,70,1
"329",3,0.02848036,72,1
"330",3,0.02848036,74,1
"331",3,0.02848036,75,1
"332",3,0.02848036,77,4
"333",3,0.02848036,79,1
"334",3,0.02848036,8,2
"335",3,0.02848036,80,1
"336",3,0.02848036,81,2
"337",3,0.02848036,82,3
"338",3,0.02848036,85,2
"339",3,0.02848036,87,1
"340",3,0.02848036,89,1
"341",3,0.02848036,91,1
"342",3,0.02848036,95,1
"343",3,0.02848036,96,1
"344",3,0.03199267,10,2
"345",3,0.03199267,100,2
"346",3,0.03199267,11,1
"347",3,0.03199267,15,1
"348",3,0.03199267,17,1
"349",3,0.03199267,18,2
"350",3,0.03199267,2,1
"351",3,0.03199267,22,1
"352",3,0.03199267,23,1
"353",3,0.03199267,25,1
"354",3,0.03199267,26,3
"355",3,0.03199267,27,1
"356",3,0.03199267,31,3
"357",3,0.03199267,35,2
"358",3,0.03199267,36,1
"359",3,0.03199267,37,1
"360",3,0.03199267,38,2
"361",3,0.03199267,4,2
"362",3,0.03199267,41,2
"363",3,0.03199267,42,1
"364",3,0.03199267,43,1
"365",3,0.03199267,46,1
"366",3,0.03199267,49,1
"367",3,0.03199267,50,1
"368",3,0.03199267,51,1
"369",3,0.03199267,52,4
"370",3,0.03199267,53,1
"371",3,0.03199267,56,1
"372",3,0.03199267,64,2
"373",3,0.03199267,65,2
"374",3,0.03199267,69,2
"375",3,0.03199267,7,1
"376",3,0.03199267,71,1
"377",3,0.03199267,74,1
"378",3,0.03199267,75,1
"379",3,0.03199267,76,2
"380",3,0.03199267,77,2
"381",3,0.03199267,78,3
"382",3,0.03199267,8,2
"383",3,0.03199267,80,2
"384",3,0.03199267,82,1
"385",3,0.03199267,84,1
"386",3,0.03199267,85,3
"387",3,0.03199267,86,1
"388",3,0.03199267,89,1
"389",3,0.03199267,90,2
"390",3,0.03199267,91,1
"391",3,0.03199267,94,2
"392",3,0.03199267,97,1
"393",3,0.03593814,1,2
"394",3,0.03593814,10,1
"395",3,0.03593814,100,1
"396",3,0.03593814,11,1
"397",3,0.03593814,13,2
"398",3,0.03593814,16,1
"399",3,0.03593814,17,1
"400",3,0.03593814,18,1
"401",3,0.03593814,19,2
"402",3,0.03593814,2,2
"403",3,0.03593814,20,1
"404",3,0.03593814,22,1
"405",3,0.03593814,25,1
"406",3,0.03593814,26,1
"407",3,0.03593814,28,1
"408",3,0.03593814,29,1
"409",3,0.03593814,30,1
"410",3,0.03593814,34,1
"411",3,0.03593814,35,1
"412",3,0.03593814,36,1
"413",3,0.03593814,37,1
"414",3,0.03593814,39,2
"415",3,0.03593814,4,1
"416",3,0.03593814,40,2
"417",3,0.03593814,41,1
"418",3,0.03593814,43,1
"419",3,0.03593814,45,1
"420",3,0.03593814,46,2
"421",3,0.03593814,47,1
"422",3,0.03593814,48,1
"423",3,0.03593814,49,3
"424",3,0.03593814,5,2
"425",3,0.03593814,50,2
"426",3,0.03593814,51,1
"427",3,0.03593814,53,1
"428",3,0.03593814,55,1
"429",3,0.03593814,56,3
"430",3,0.03593814,6,1
"431",3,0.03593814,62,1
"432",3,0.03593814,64,3
"433",3,0.03593814,67,1
"434",3,0.03593814,68,1
"435",3,0.03593814,69,1
"436",3,0.03593814,7,2
"437",3,0.03593814,70,1
"438",3,0.03593814,71,5
"439",3,0.03593814,77,2
"440",3,0.03593814,81,1
"441",3,0.03593814,82,3
"442",3,0.03593814,83,1
"443",3,0.03593814,86,1
"444",3,0.03593814,88,3
"445",3,0.03593814,91,1
"446",3,0.03593814,92,1
"447",3,0.03593814,93,3
"448",3,0.03593814,94,2
"449",3,0.04037017,1,3
"450",3,0.04037017,10,2
"451",3,0.04037017,14,1
"452",3,0.04037017,16,3
"453",3,0.04037017,2,1
"454",3,0.04037017,20,1
"455",3,0.04037017,23,2
"456",3,0.04037017,26,2
"457",3,0.04037017,27,1
"458",3,0.04037017,3,1
"459",3,0.04037017,31,1
"460",3,0.04037017,34,4
"461",3,0.04037017,35,1
"462",3,0.04037017,36,1
"463",3,0.04037017,37,1
"464",3,0.04037017,4,5
"465",3,0.04037017,40,2
"466",3,0.04037017,42,1
"467",3,0.04037017,43,2
"468",3,0.04037017,45,1
"469",3,0.04037017,46,1
"470",3,0.04037017,48,1
"471",3,0.04037017,49,1
"472",3,0.04037017,5,1
"473",3,0.04037017,51,2
"474",3,0.04037017,53,1
"475",3,0.04037017,54,1
"476",3,0.04037017,57,2
"477",3,0.04037017,58,1
"478",3,0.04037017,6,1
"479",3,0.04037017,60,2
"480",3,0.04037017,61,1
"481",3,0.04037017,62,4
"482",3,0.04037017,63,1
"483",3,0.04037017,64,1
"484",3,0.04037017,68,3
"485",3,0.04037017,69,2
"486",3,0.04037017,7,1
"487",3,0.04037017,70,3
"488",3,0.04037017,71,2
"489",3,0.04037017,74,1
"490",3,0.04037017,76,1
"491",3,0.04037017,78,2
"492",3,0.04037017,79,5
"493",3,0.04037017,8,2
"494",3,0.04037017,80,1
"495",3,0.04037017,81,1
"496",3,0.04037017,82,1
"497",3,0.04037017,89,3
"498",3,0.04037017,9,2
"499",3,0.04037017,91,1
"500",3,0.04037017,93,1
"501",3,0.04037017,95,1
"502",3,0.04037017,96,3
"503",3,0.04037017,97,1
"504",3,0.04037017,98,2
"505",3,0.04037017,99,4
"506",3,0.04534879,1,1
"507",3,0.04534879,10,3
"508",3,0.04534879,100,3
"509",3,0.04534879,11,1
"510",3,0.04534879,12,2
"511",3,0.04534879,13,1
"512",3,0.04534879,14,4
"513",3,0.04534879,16,1
"514",3,0.04534879,17,3
"515",3,0.04534879,20,2
"516",3,0.04534879,22,3
"517",3,0.04534879,24,2
"518",3,0.04534879,26,2
"519",3,0.04534879,3,1
"520",3,0.04534879,30,1
"521",3,0.04534879,31,2
"522",3,0.04534879,32,2
"523",3,0.04534879,33,1
"524",3,0.04534879,34,2
"525",3,0.04534879,35,1
"526",3,0.04534879,36,3
"527",3,0.04534879,37,2
"528",3,0.04534879,39,2
"529",3,0.04534879,4,2
"530",3,0.04534879,40,3
"531",3,0.04534879,41,3
"532",3,0.04534879,44,4
"533",3,0.04534879,45,2
"534",3,0.04534879,46,1
"535",3,0.04534879,47,1
"536",3,0.04534879,49,3
"537",3,0.04534879,51,2
"538",3,0.04534879,53,1
"539",3,0.04534879,55,1
"540",3,0.04534879,56,1
"541",3,0.04534879,57,4
"542",3,0.04534879,58,2
"543",3,0.04534879,59,4
"544",3,0.04534879,60,1
"545",3,0.04534879,63,1
"546",3,0.04534879,64,1
"547",3,0.04534879,66,3
"548",3,0.04534879,67,1
"549",3,0.04534879,69,1
"550",3,0.04534879,7,1
"551",3,0.04534879,70,2
"552",3,0.04534879,73,2
"553",3,0.04534879,75,1
"554",3,0.04534879,77,3
"555",3,0.04534879,79,3
"556",3,0.04534879,8,2
"557",3,0.04534879,80,1
"558",3,0.04534879,81,1
"559",3,0.04534879,83,1
"560",3,0.04534879,84,1
"561",3,0.04534879,85,2
"562",3,0.04534879,86,2
"563",3,0.04534879,87,2
"564",3,0.04534879,89,1
"565",3,0.04534879,90,1
"566",3,0.04534879,91,2
"567",3,0.04534879,92,2
"568",3,0.04534879,93,1
"569",3,0.04534879,94,4
"570",3,0.04534879,97,2
"571",3,0.04534879,98,1
"572",3,0.05094138,1,1
"573",3,0.05094138,11,2
"574",3,0.05094138,12,2
"575",3,0.05094138,13,1
"576",3,0.05094138,14,4
"577",3,0.05094138,15,2
"578",3,0.05094138,16,1
"579",3,0.05094138,17,1
"580",3,0.05094138,18,3
"581",3,0.05094138,19,1
"582",3,0.05094138,2,1
"583",3,0.05094138,20,3
"584",3,0.05094138,22,2
"585",3,0.05094138,23,2
"586",3,0.05094138,26,1
"587",3,0.05094138,27,1
"588",3,0.05094138,28,3
"589",3,0.05094138,29,1
"590",3,0.05094138,3,1
"591",3,0.05094138,30,2
"592",3,0.05094138,31,5
"593",3,0.05094138,32,2
"594",3,0.05094138,33,1
"595",3,0.05094138,34,4
"596",3,0.05094138,35,2
"597",3,0.05094138,36,2
"598",3,0.05094138,37,1
"599",3,0.05094138,40,2
"600",3,0.05094138,41,3
"601",3,0.05094138,42,1
"602",3,0.05094138,43,2
"603",3,0.05094138,44,4
"604",3,0.05094138,45,1
"605",3,0.05094138,47,2
"606",3,0.05094138,48,1
"607",3,0.05094138,50,3
"608",3,0.05094138,51,1
"609",3,0.05094138,52,1
"610",3,0.05094138,53,2
"611",3,0.05094138,55,1
"612",3,0.05094138,56,1
"613",3,0.05094138,57,3
"614",3,0.05094138,6,2
"615",3,0.05094138,60,2
"616",3,0.05094138,61,1
"617",3,0.05094138,62,2
"618",3,0.05094138,65,1
"619",3,0.05094138,67,1
"620",3,0.05094138,68,2
"621",3,0.05094138,7,1
"622",3,0.05094138,70,2
"623",3,0.05094138,71,1
"624",3,0.05094138,72,1
"625",3,0.05094138,74,1
"626",3,0.05094138,75,2
"627",3,0.05094138,78,3
"628",3,0.05094138,8,3
"629",3,0.05094138,80,3
"630",3,0.05094138,82,2
"631",3,0.05094138,83,1
"632",3,0.05094138,85,3
"633",3,0.05094138,87,1
"634",3,0.05094138,89,2
"635",3,0.05094138,9,5
"636",3,0.05094138,90,2
"637",3,0.05094138,91,3
"638",3,0.05094138,93,2
"639",3,0.05094138,94,1
"640",3,0.05094138,96,2
"641",3,0.05094138,97,2
"642",3,0.05094138,99,1
"643",3,0.05722368,1,1
"644",3,0.05722368,10,3
"645",3,0.05722368,11,3
"646",3,0.05722368,12,2
"647",3,0.05722368,13,1
"648",3,0.05722368,15,3
"649",3,0.05722368,16,1
"650",3,0.05722368,17,2
"651",3,0.05722368,18,1
"652",3,0.05722368,19,4
"653",3,0.05722368,2,1
"654",3,0.05722368,20,2
"655",3,0.05722368,21,1
"656",3,0.05722368,22,4
"657",3,0.05722368,23,3
"658",3,0.05722368,24,1
"659",3,0.05722368,25,2
"660",3,0.05722368,26,2
"661",3,0.05722368,27,4
"662",3,0.05722368,28,1
"663",3,0.05722368,29,3
"664",3,0.05722368,3,1
"665",3,0.05722368,30,1
"666",3,0.05722368,31,1
"667",3,0.05722368,33,4
"668",3,0.05722368,34,4
"669",3,0.05722368,35,1
"670",3,0.05722368,36,2
"671",3,0.05722368,37,1
"672",3,0.05722368,38,3
"673",3,0.05722368,40,1
"674",3,0.05722368,41,2
"675",3,0.05722368,42,2
"676",3,0.05722368,43,1
"677",3,0.05722368,44,3
"678",3,0.05722368,45,3
"679",3,0.05722368,47,1
"680",3,0.05722368,48,2
"681",3,0.05722368,49,3
"682",3,0.05722368,50,1
"683",3,0.05722368,51,1
"684",3,0.05722368,52,1
"685",3,0.05722368,53,1
"686",3,0.05722368,54,3
"687",3,0.05722368,55,4
"688",3,0.05722368,57,1
"689",3,0.05722368,58,6
"690",3,0.05722368,59,2
"691",3,0.05722368,6,2
"692",3,0.05722368,62,1
"693",3,0.05722368,63,3
"694",3,0.05722368,64,2
"695",3,0.05722368,65,1
"696",3,0.05722368,66,38529
"697",3,0.05722368,67,5
"698",3,0.05722368,68,1
"699",3,0.05722368,69,1
"700",3,0.05722368,70,3
"701",3,0.05722368,71,1
"702",3,0.05722368,72,1
"703",3,0.05722368,74,1
"704",3,0.05722368,75,1
"705",3,0.05722368,76,3
"706",3,0.05722368,77,3
"707",3,0.05722368,78,4
"708",3,0.05722368,79,1
"709",3,0.05722368,8,1
"710",3,0.05722368,80,1
"711",3,0.05722368,81,3
"712",3,0.05722368,82,2
"713",3,0.05722368,83,1
"714",3,0.05722368,84,1
"715",3,0.05722368,85,1
"716",3,0.05722368,86,1
"717",3,0.05722368,87,1
"718",3,0.05722368,88,1
"719",3,0.05722368,89,2
"720",3,0.05722368,9,3
"721",3,0.05722368,91,4
"722",3,0.05722368,92,1
"723",3,0.05722368,95,2
"724",3,0.05722368,97,4
"725",3,0.05722368,98,5
"726",3,0.06428073,1,2
"727",3,0.06428073,10,2
"728",3,0.06428073,100,1
"729",3,0.06428073,11,1
"730",3,0.06428073,12,3
"731",3,0.06428073,13,1
"732",3,0.06428073,14,1
"733",3,0.06428073,15,1
"734",3,0.06428073,16,3
"735",3,0.06428073,17,4
"736",3,0.06428073,18,3
"737",3,0.06428073,2,1
"738",3,0.06428073,20,2
"739",3,0.06428073,21,1
"740",3,0.06428073,22,1
"741",3,0.06428073,23,1
"742",3,0.06428073,24,1
"743",3,0.06428073,25,2
"744",3,0.06428073,26,2
"745",3,0.06428073,27,3
"746",3,0.06428073,28,2
"747",3,0.06428073,29,1
"748",3,0.06428073,3,2
"749",3,0.06428073,30,2
"750",3,0.06428073,31,2
"751",3,0.06428073,32,2
"752",3,0.06428073,34,1
"753",3,0.06428073,35,1
"754",3,0.06428073,38,2
"755",3,0.06428073,39,1
"756",3,0.06428073,4,1
"757",3,0.06428073,40,2
"758",3,0.06428073,41,2
"759",3,0.06428073,42,2
"760",3,0.06428073,43,2
"761",3,0.06428073,44,1
"762",3,0.06428073,46,2
"763",3,0.06428073,47,3
"764",3,0.06428073,48,4
"765",3,0.06428073,5,3
"766",3,0.06428073,52,1
"767",3,0.06428073,53,1
"768",3,0.06428073,54,2
"769",3,0.06428073,55,3
"770",3,0.06428073,57,1
"771",3,0.06428073,58,1
"772",3,0.06428073,59,3
"773",3,0.06428073,6,1
"774",3,0.06428073,60,1
"775",3,0.06428073,61,2
"776",3,0.06428073,62,1
"777",3,0.06428073,63,3
"778",3,0.06428073,64,3
"779",3,0.06428073,65,2
"780",3,0.06428073,66,2
"781",3,0.06428073,68,1
"782",3,0.06428073,69,2
"783",3,0.06428073,7,1
"784",3,0.06428073,70,3
"785",3,0.06428073,71,1
"786",3,0.06428073,72,4
"787",3,0.06428073,75,2
"788",3,0.06428073,77,4
"789",3,0.06428073,78,1
"790",3,0.06428073,79,1
"791",3,0.06428073,8,1
"792",3,0.06428073,81,1
"793",3,0.06428073,82,3
"794",3,0.06428073,83,3
"795",3,0.06428073,84,4
"796",3,0.06428073,85,3
"797",3,0.06428073,86,3
"798",3,0.06428073,87,2
"799",3,0.06428073,88,4
"800",3,0.06428073,89,6
"801",3,0.06428073,9,3
"802",3,0.06428073,90,2
"803",3,0.06428073,91,1
"804",3,0.06428073,94,1
"805",3,0.06428073,95,1
"806",3,0.06428073,96,3
"807",3,0.06428073,97,1
"808",3,0.06428073,98,1
"809",3,0.07220809,1,2
"810",3,0.07220809,100,2
"811",3,0.07220809,12,3
"812",3,0.07220809,13,2
"813",3,0.07220809,14,1
"814",3,0.07220809,16,1
"815",3,0.07220809,17,2
"816",3,0.07220809,18,1
"817",3,0.07220809,19,1
"818",3,0.07220809,2,3
"819",3,0.07220809,20,4
"820",3,0.07220809,21,1
"821",3,0.07220809,22,1
"822",3,0.07220809,23,2
"823",3,0.07220809,24,2
"824",3,0.07220809,25,3
"825",3,0.07220809,26,1
"826",3,0.07220809,27,1
"827",3,0.07220809,28,1
"828",3,0.07220809,29,1
"829",3,0.07220809,3,4
"830",3,0.07220809,31,1
"831",3,0.07220809,32,2
"832",3,0.07220809,33,2
"833",3,0.07220809,34,2
"834",3,0.07220809,35,4
"835",3,0.07220809,37,2
"836",3,0.07220809,38,2
"837",3,0.07220809,39,4
"838",3,0.07220809,4,4
"839",3,0.07220809,41,3
"840",3,0.07220809,42,1
"841",3,0.07220809,43,1
"842",3,0.07220809,44,2
"843",3,0.07220809,45,2
"844",3,0.07220809,47,4
"845",3,0.07220809,48,1
"846",3,0.07220809,5,2
"847",3,0.07220809,51,1
"848",3,0.07220809,52,2
"849",3,0.07220809,53,2
"850",3,0.07220809,54,3
"851",3,0.07220809,55,3
"852",3,0.07220809,56,3
"853",3,0.07220809,57,2
"854",3,0.07220809,59,1
"855",3,0.07220809,6,2
"856",3,0.07220809,60,2
"857",3,0.07220809,61,1
"858",3,0.07220809,62,1
"859",3,0.07220809,63,2
"860",3,0.07220809,64,1
"861",3,0.07220809,65,1
"862",3,0.07220809,66,3
"863",3,0.07220809,67,2
"864",3,0.07220809,69,1
"865",3,0.07220809,7,2
"866",3,0.07220809,70,2
"867",3,0.07220809,71,2
"868",3,0.07220809,75,1
"869",3,0.07220809,77,1
"870",3,0.07220809,79,1
"871",3,0.07220809,8,2
"872",3,0.07220809,80,1
"873",3,0.07220809,81,2
"874",3,0.07220809,82,1
"875",3,0.07220809,83,1
"876",3,0.07220809,84,2
"877",3,0.07220809,85,2
"878",3,0.07220809,86,2
"879",3,0.07220809,87,1
"880",3,0.07220809,88,2
"881",3,0.07220809,89,1
"882",3,0.07220809,9,1
"883",3,0.07220809,90,1
"884",3,0.07220809,91,1
"885",3,0.07220809,92,2
"886",3,0.07220809,93,3
"887",3,0.07220809,94,2
"888",3,0.07220809,95,1
"889",3,0.07220809,96,2
"890",3,0.07220809,97,5
"891",3,0.07220809,98,3
"892",3,0.07220809,99,2
"893",3,0.08111308,1,3
"894",3,0.08111308,10,2
"895",3,0.08111308,100,2
"896",3,0.08111308,12,3
"897",3,0.08111308,13,3
"898",3,0.08111308,14,2
"899",3,0.08111308,15,2
"900",3,0.08111308,16,2
"901",3,0.08111308,17,1
"902",3,0.08111308,18,1
"903",3,0.08111308,2,2
"904",3,0.08111308,20,1
"905",3,0.08111308,22,2
"906",3,0.08111308,23,1
"907",3,0.08111308,25,2
"908",3,0.08111308,26,2
"909",3,0.08111308,27,3
"910",3,0.08111308,28,4
"911",3,0.08111308,29,2
"912",3,0.08111308,3,2
"913",3,0.08111308,30,4
"914",3,0.08111308,31,3
"915",3,0.08111308,33,4
"916",3,0.08111308,34,3
"917",3,0.08111308,35,1
"918",3,0.08111308,36,1
"919",3,0.08111308,37,3
"920",3,0.08111308,38,2
"921",3,0.08111308,39,1
"922",3,0.08111308,4,2
"923",3,0.08111308,40,5
"924",3,0.08111308,41,4
"925",3,0.08111308,42,4
"926",3,0.08111308,44,3
"927",3,0.08111308,45,3
"928",3,0.08111308,46,4
"929",3,0.08111308,47,2
"930",3,0.08111308,48,1
"931",3,0.08111308,49,2
"932",3,0.08111308,5,3
"933",3,0.08111308,50,2
"934",3,0.08111308,51,3
"935",3,0.08111308,52,2
"936",3,0.08111308,53,3
"937",3,0.08111308,54,1
"938",3,0.08111308,55,3
"939",3,0.08111308,57,3
"940",3,0.08111308,59,1
"941",3,0.08111308,6,2
"942",3,0.08111308,60,2
"943",3,0.08111308,62,4395
"944",3,0.08111308,63,3
"945",3,0.08111308,64,3
"946",3,0.08111308,65,3
"947",3,0.08111308,66,4
"948",3,0.08111308,67,2
"949",3,0.08111308,68,3
"950",3,0.08111308,69,2
"951",3,0.08111308,70,2
"952",3,0.08111308,71,2
"953",3,0.08111308,73,2
"954",3,0.08111308,74,1
"955",3,0.08111308,75,1
"956",3,0.08111308,76,2
"957",3,0.08111308,77,2
"958",3,0.08111308,78,1
"959",3,0.08111308,79,4
"960",3,0.08111308,8,3
"961",3,0.08111308,80,2
"962",3,0.08111308,81,3
"963",3,0.08111308,82,2
"964",3,0.08111308,83,1
"965",3,0.08111308,84,1
"966",3,0.08111308,85,1
"967",3,0.08111308,86,4
"968",3,0.08111308,87,4
"969",3,0.08111308,88,4
"970",3,0.08111308,89,3
"971",3,0.08111308,9,4
"972",3,0.08111308,90,3
"973",3,0.08111308,91,1
"974",3,0.08111308,92,1
"975",3,0.08111308,93,1
"976",3,0.08111308,94,5
"977",3,0.08111308,95,3
"978",3,0.08111308,96,1
"979",3,0.08111308,97,1
"980",3,0.09111628,1,3
"981",3,0.09111628,10,4
"982",3,0.09111628,100,2
"983",3,0.09111628,13,1
"984",3,0.09111628,14,3
"985",3,0.09111628,15,2
"986",3,0.09111628,16,5
"987",3,0.09111628,17,2
"988",3,0.09111628,18,1
"989",3,0.09111628,19,1
"990",3,0.09111628,2,5
"991",3,0.09111628,20,1
"992",3,0.09111628,21,2
"993",3,0.09111628,22,3
"994",3,0.09111628,23,2
"995",3,0.09111628,24,2
"996",3,0.09111628,26,2
"997",3,0.09111628,29,6
"998",3,0.09111628,3,2
"999",3,0.09111628,30,2
"1000",3,0.09111628,32,4
"1001",3,0.09111628,33,4
"1002",3,0.09111628,34,1
"1003",3,0.09111628,35,1
"1004",3,0.09111628,36,1
"1005",3,0.09111628,37,2
"1006",3,0.09111628,38,2
"1007",3,0.09111628,39,5
"1008",3,0.09111628,4,2
"1009",3,0.09111628,40,4
"1010",3,0.09111628,41,2
"1011",3,0.09111628,42,2
"1012",3,0.09111628,43,2
"1013",3,0.09111628,44,1
"1014",3,0.09111628,45,5
"1015",3,0.09111628,46,1
"1016",3,0.09111628,47,1
"1017",3,0.09111628,48,4
"1018",3,0.09111628,49,2
"1019",3,0.09111628,5,3
"1020",3,0.09111628,50,2
"1021",3,0.09111628,51,5
"1022",3,0.09111628,52,2
"1023",3,0.09111628,53,3
"1024",3,0.09111628,54,1
"1025",3,0.09111628,55,3
"1026",3,0.09111628,56,3
"1027",3,0.09111628,57,4
"1028",3,0.09111628,58,3
"1029",3,0.09111628,59,3
"1030",3,0.09111628,6,2
"1031",3,0.09111628,60,5
"1032",3,0.09111628,61,3
"1033",3,0.09111628,62,1
"1034",3,0.09111628,63,1
"1035",3,0.09111628,64,1
"1036",3,0.09111628,65,2
"1037",3,0.09111628,66,2
"1038",3,0.09111628,67,4
"1039",3,0.09111628,68,1
"1040",3,0.09111628,69,2
"1041",3,0.09111628,7,6
"1042",3,0.09111628,70,1
"1043",3,0.09111628,71,4
"1044",3,0.09111628,72,1
"1045",3,0.09111628,73,1
"1046",3,0.09111628,74,2
"1047",3,0.09111628,76,3
"1048",3,0.09111628,77,5
"1049",3,0.09111628,78,5
"1050",3,0.09111628,79,2
"1051",3,0.09111628,8,1
"1052",3,0.09111628,80,3
"1053",3,0.09111628,81,1
"1054",3,0.09111628,82,1
"1055",3,0.09111628,83,3
"1056",3,0.09111628,84,2
"1057",3,0.09111628,85,5
"1058",3,0.09111628,87,3
"1059",3,0.09111628,88,3
"1060",3,0.09111628,89,1
"1061",3,0.09111628,9,1
"1062",3,0.09111628,90,3
"1063",3,0.09111628,91,1
"1064",3,0.09111628,92,6
"1065",3,0.09111628,93,2
"1066",3,0.09111628,94,7
"1067",3,0.09111628,95,2
"1068",3,0.09111628,96,3
"1069",3,0.09111628,97,4
"1070",3,0.09111628,98,9
"1071",3,0.09111628,99,2
"1072",3,0.1023531,1,3
"1073",3,0.1023531,10,3
"1074",3,0.1023531,100,2
"1075",3,0.1023531,12,3
"1076",3,0.1023531,13,4
"1077",3,0.1023531,14,3
"1078",3,0.1023531,15,1
"1079",3,0.1023531,16,5
"1080",3,0.1023531,18,3
"1081",3,0.1023531,19,1
"1082",3,0.1023531,2,3
"1083",3,0.1023531,20,3
"1084",3,0.1023531,21,2
"1085",3,0.1023531,22,2
"1086",3,0.1023531,23,1
"1087",3,0.1023531,24,4
"1088",3,0.1023531,25,1
"1089",3,0.1023531,26,4
"1090",3,0.1023531,27,3
"1091",3,0.1023531,28,2
"1092",3,0.1023531,29,1
"1093",3,0.1023531,3,2
"1094",3,0.1023531,30,5
"1095",3,0.1023531,31,1
"1096",3,0.1023531,32,1
"1097",3,0.1023531,33,3
"1098",3,0.1023531,34,4
"1099",3,0.1023531,35,2
"1100",3,0.1023531,36,2
"1101",3,0.1023531,37,5
"1102",3,0.1023531,39,1
"1103",3,0.1023531,4,1
"1104",3,0.1023531,40,4
"1105",3,0.1023531,41,3
"1106",3,0.1023531,42,3
"1107",3,0.1023531,43,1
"1108",3,0.1023531,44,1
"1109",3,0.1023531,45,1
"1110",3,0.1023531,46,3
"1111",3,0.1023531,47,5
"1112",3,0.1023531,48,1
"1113",3,0.1023531,49,2
"1114",3,0.1023531,5,4
"1115",3,0.1023531,50,6
"1116",3,0.1023531,51,3
"1117",3,0.1023531,52,3
"1118",3,0.1023531,53,2
"1119",3,0.1023531,54,2
"1120",3,0.1023531,55,4
"1121",3,0.1023531,56,4
"1122",3,0.1023531,57,3
"1123",3,0.1023531,58,3
"1124",3,0.1023531,59,4
"1125",3,0.1023531,6,2
"1126",3,0.1023531,60,3
"1127",3,0.1023531,61,7
"1128",3,0.1023531,62,4
"1129",3,0.1023531,63,1
"1130",3,0.1023531,64,1
"1131",3,0.1023531,65,3
"1132",3,0.1023531,66,6
"1133",3,0.1023531,67,1
"1134",3,0.1023531,68,3
"1135",3,0.1023531,7,2
"1136",3,0.1023531,70,4
"1137",3,0.1023531,71,1
"1138",3,0.1023531,72,1
"1139",3,0.1023531,73,5
"1140",3,0.1023531,74,1
"1141",3,0.1023531,75,3
"1142",3,0.1023531,76,2
"1143",3,0.1023531,77,4
"1144",3,0.1023531,78,4
"1145",3,0.1023531,79,1
"1146",3,0.1023531,8,2
"1147",3,0.1023531,80,2
"1148",3,0.1023531,82,2
"1149",3,0.1023531,84,2
"1150",3,0.1023531,85,5
"1151",3,0.1023531,86,7
"1152",3,0.1023531,87,6
"1153",3,0.1023531,88,2
"1154",3,0.1023531,89,1
"1155",3,0.1023531,9,1
"1156",3,0.1023531,91,1
"1157",3,0.1023531,92,38744
"1158",3,0.1023531,93,2
"1159",3,0.1023531,94,2
"1160",3,0.1023531,95,2
"1161",3,0.1023531,97,2
"1162",3,0.1023531,98,1
"1163",3,0.1023531,99,1
"1164",3,0.1149757,1,1
"1165",3,0.1149757,100,2
"1166",3,0.1149757,11,1
"1167",3,0.1149757,12,6
"1168",3,0.1149757,15,4
"1169",3,0.1149757,17,2
"1170",3,0.1149757,18,3
"1171",3,0.1149757,19,3
"1172",3,0.1149757,2,2
"1173",3,0.1149757,20,2
"1174",3,0.1149757,21,4
"1175",3,0.1149757,22,10
"1176",3,0.1149757,23,1
"1177",3,0.1149757,24,2
"1178",3,0.1149757,26,1
"1179",3,0.1149757,28,2
"1180",3,0.1149757,29,1
"1181",3,0.1149757,30,1
"1182",3,0.1149757,31,5
"1183",3,0.1149757,32,3
"1184",3,0.1149757,33,1
"1185",3,0.1149757,34,4
"1186",3,0.1149757,35,3
"1187",3,0.1149757,37,3
"1188",3,0.1149757,38,4
"1189",3,0.1149757,39,3
"1190",3,0.1149757,4,3
"1191",3,0.1149757,40,1
"1192",3,0.1149757,41,2
"1193",3,0.1149757,42,1
"1194",3,0.1149757,43,5
"1195",3,0.1149757,44,3
"1196",3,0.1149757,45,2
"1197",3,0.1149757,46,5
"1198",3,0.1149757,47,2
"1199",3,0.1149757,49,3
"1200",3,0.1149757,5,3
"1201",3,0.1149757,50,4
"1202",3,0.1149757,52,5
"1203",3,0.1149757,53,4
"1204",3,0.1149757,54,2
"1205",3,0.1149757,55,1
"1206",3,0.1149757,56,4
"1207",3,0.1149757,57,5
"1208",3,0.1149757,58,5
"1209",3,0.1149757,59,2
"1210",3,0.1149757,6,1
"1211",3,0.1149757,60,4
"1212",3,0.1149757,61,1
"1213",3,0.1149757,63,1
"1214",3,0.1149757,64,2
"1215",3,0.1149757,65,2
"1216",3,0.1149757,66,1
"1217",3,0.1149757,67,1
"1218",3,0.1149757,68,2
"1219",3,0.1149757,69,9
"1220",3,0.1149757,7,2
"1221",3,0.1149757,70,4
"1222",3,0.1149757,71,4
"1223",3,0.1149757,72,3
"1224",3,0.1149757,73,5
"1225",3,0.1149757,75,6
"1226",3,0.1149757,76,5
"1227",3,0.1149757,77,1
"1228",3,0.1149757,78,2
"1229",3,0.1149757,79,4
"1230",3,0.1149757,80,3
"1231",3,0.1149757,81,1
"1232",3,0.1149757,82,2
"1233",3,0.1149757,83,3
"1234",3,0.1149757,84,7
"1235",3,0.1149757,85,39713
"1236",3,0.1149757,86,2
"1237",3,0.1149757,87,2
"1238",3,0.1149757,88,42100
"1239",3,0.1149757,89,5
"1240",3,0.1149757,9,4
"1241",3,0.1149757,90,3
"1242",3,0.1149757,91,2
"1243",3,0.1149757,92,1
"1244",3,0.1149757,93,3
"1245",3,0.1149757,94,5
"1246",3,0.1149757,95,4
"1247",3,0.1149757,96,4
"1248",3,0.1149757,97,3
"1249",3,0.1149757,98,1
"1250",3,0.1149757,99,4
"1251",3,0.12915497,1,4
"1252",3,0.12915497,10,2
"1253",3,0.12915497,100,3
"1254",3,0.12915497,11,1
"1255",3,0.12915497,12,1
"1256",3,0.12915497,13,3
"1257",3,0.12915497,14,3
"1258",3,0.12915497,15,2
"1259",3,0.12915497,16,4
"1260",3,0.12915497,17,3
"1261",3,0.12915497,18,2
"1262",3,0.12915497,19,5
"1263",3,0.12915497,2,2
"1264",3,0.12915497,20,1
"1265",3,0.12915497,21,5
"1266",3,0.12915497,22,4
"1267",3,0.12915497,23,5
"1268",3,0.12915497,24,7
"1269",3,0.12915497,26,2
"1270",3,0.12915497,27,3
"1271",3,0.12915497,28,3
"1272",3,0.12915497,29,2
"1273",3,0.12915497,3,2
"1274",3,0.12915497,30,3
"1275",3,0.12915497,31,3
"1276",3,0.12915497,32,4
"1277",3,0.12915497,33,4
"1278",3,0.12915497,35,3
"1279",3,0.12915497,36,1
"1280",3,0.12915497,37,5
"1281",3,0.12915497,38,6
"1282",3,0.12915497,39,1
"1283",3,0.12915497,4,2
"1284",3,0.12915497,40,1
"1285",3,0.12915497,41,4
"1286",3,0.12915497,42,4
"1287",3,0.12915497,43,2
"1288",3,0.12915497,44,2
"1289",3,0.12915497,45,3
"1290",3,0.12915497,46,6
"1291",3,0.12915497,47,3
"1292",3,0.12915497,48,6
"1293",3,0.12915497,49,1
"1294",3,0.12915497,5,2
"1295",3,0.12915497,50,4
"1296",3,0.12915497,52,10
"1297",3,0.12915497,53,3
"1298",3,0.12915497,54,5
"1299",3,0.12915497,55,6
"1300",3,0.12915497,56,6
"1301",3,0.12915497,57,1
"1302",3,0.12915497,58,3
"1303",3,0.12915497,59,4
"1304",3,0.12915497,6,8
"1305",3,0.12915497,60,4
"1306",3,0.12915497,61,2
"1307",3,0.12915497,62,4
"1308",3,0.12915497,64,1
"1309",3,0.12915497,65,10
"1310",3,0.12915497,66,3
"1311",3,0.12915497,67,4
"1312",3,0.12915497,68,4
"1313",3,0.12915497,69,3
"1314",3,0.12915497,7,2
"1315",3,0.12915497,70,5
"1316",3,0.12915497,71,2
"1317",3,0.12915497,72,2
"1318",3,0.12915497,73,3
"1319",3,0.12915497,74,2
"1320",3,0.12915497,75,3
"1321",3,0.12915497,76,3
"1322",3,0.12915497,77,5
"1323",3,0.12915497,78,2
"1324",3,0.12915497,79,5
"1325",3,0.12915497,8,2
"1326",3,0.12915497,80,2
"1327",3,0.12915497,81,1
"1328",3,0.12915497,82,2
"1329",3,0.12915497,83,4
"1330",3,0.12915497,84,3
"1331",3,0.12915497,85,3
"1332",3,0.12915497,86,2
"1333",3,0.12915497,87,4
"1334",3,0.12915497,88,1
"1335",3,0.12915497,89,5
"1336",3,0.12915497,9,3
"1337",3,0.12915497,90,1
"1338",3,0.12915497,91,4
"1339",3,0.12915497,92,3
"1340",3,0.12915497,93,3
"1341",3,0.12915497,94,2
"1342",3,0.12915497,95,7
"1343",3,0.12915497,96,3
"1344",3,0.12915497,99,6
"1345",3,0.14508288,1,3
"1346",3,0.14508288,10,3
"1347",3,0.14508288,100,1
"1348",3,0.14508288,11,5
"1349",3,0.14508288,12,3
"1350",3,0.14508288,14,3
"1351",3,0.14508288,15,6
"1352",3,0.14508288,16,3
"1353",3,0.14508288,17,3
"1354",3,0.14508288,18,2
"1355",3,0.14508288,19,7
"1356",3,0.14508288,2,5
"1357",3,0.14508288,20,4
"1358",3,0.14508288,21,7
"1359",3,0.14508288,22,5
"1360",3,0.14508288,23,1
"1361",3,0.14508288,24,5
"1362",3,0.14508288,25,4
"1363",3,0.14508288,26,4
"1364",3,0.14508288,27,6
"1365",3,0.14508288,28,3
"1366",3,0.14508288,29,3
"1367",3,0.14508288,3,1
"1368",3,0.14508288,30,5
"1369",3,0.14508288,31,1
"1370",3,0.14508288,32,6
"1371",3,0.14508288,33,3
"1372",3,0.14508288,34,3
"1373",3,0.14508288,35,5
"1374",3,0.14508288,36,3
"1375",3,0.14508288,37,4
"1376",3,0.14508288,39,4
"1377",3,0.14508288,4,5
"1378",3,0.14508288,40,4
"1379",3,0.14508288,41,4
"1380",3,0.14508288,42,5
"1381",3,0.14508288,43,8
"1382",3,0.14508288,44,4
"1383",3,0.14508288,45,6
"1384",3,0.14508288,46,3
"1385",3,0.14508288,47,5
"1386",3,0.14508288,48,6
"1387",3,0.14508288,49,2
"1388",3,0.14508288,5,4
"1389",3,0.14508288,50,1
"1390",3,0.14508288,51,2
"1391",3,0.14508288,52,4
"1392",3,0.14508288,53,4
"1393",3,0.14508288,54,11
"1394",3,0.14508288,55,4
"1395",3,0.14508288,56,6
"1396",3,0.14508288,57,2
"1397",3,0.14508288,58,4
"1398",3,0.14508288,59,3
"1399",3,0.14508288,6,2
"1400",3,0.14508288,60,1
"1401",3,0.14508288,61,3
"1402",3,0.14508288,62,3
"1403",3,0.14508288,63,6
"1404",3,0.14508288,64,3
"1405",3,0.14508288,65,2
"1406",3,0.14508288,66,4
"1407",3,0.14508288,67,3
"1408",3,0.14508288,68,4
"1409",3,0.14508288,69,4
"1410",3,0.14508288,7,6
"1411",3,0.14508288,70,3
"1412",3,0.14508288,71,2
"1413",3,0.14508288,72,2
"1414",3,0.14508288,73,4
"1415",3,0.14508288,74,6
"1416",3,0.14508288,75,7
"1417",3,0.14508288,76,6
"1418",3,0.14508288,77,3
"1419",3,0.14508288,78,2
"1420",3,0.14508288,79,4
"1421",3,0.14508288,8,3
"1422",3,0.14508288,80,7
"1423",3,0.14508288,81,3
"1424",3,0.14508288,82,1
"1425",3,0.14508288,83,3
"1426",3,0.14508288,84,5
"1427",3,0.14508288,85,5
"1428",3,0.14508288,86,4
"1429",3,0.14508288,87,3
"1430",3,0.14508288,88,2
"1431",3,0.14508288,89,3
"1432",3,0.14508288,9,4
"1433",3,0.14508288,90,6
"1434",3,0.14508288,91,2
"1435",3,0.14508288,92,3
"1436",3,0.14508288,93,7
"1437",3,0.14508288,94,8
"1438",3,0.14508288,95,6
"1439",3,0.14508288,96,1
"1440",3,0.14508288,97,5
"1441",3,0.14508288,98,6
"1442",3,0.14508288,99,6
"1443",3,0.16297508,1,3
"1444",3,0.16297508,10,8
"1445",3,0.16297508,100,7
"1446",3,0.16297508,11,4
"1447",3,0.16297508,12,5
"1448",3,0.16297508,13,4
"1449",3,0.16297508,14,3
"1450",3,0.16297508,15,3
"1451",3,0.16297508,16,3
"1452",3,0.16297508,17,3
"1453",3,0.16297508,18,3
"1454",3,0.16297508,19,2
"1455",3,0.16297508,2,6
"1456",3,0.16297508,20,3
"1457",3,0.16297508,21,6
"1458",3,0.16297508,22,2
"1459",3,0.16297508,23,3
"1460",3,0.16297508,24,6
"1461",3,0.16297508,25,8
"1462",3,0.16297508,26,3
"1463",3,0.16297508,27,7
"1464",3,0.16297508,28,4
"1465",3,0.16297508,29,6
"1466",3,0.16297508,3,6
"1467",3,0.16297508,30,2
"1468",3,0.16297508,31,7
"1469",3,0.16297508,32,5
"1470",3,0.16297508,33,5
"1471",3,0.16297508,34,5
"1472",3,0.16297508,35,4
"1473",3,0.16297508,36,2
"1474",3,0.16297508,37,4
"1475",3,0.16297508,38,3
"1476",3,0.16297508,39,3
"1477",3,0.16297508,4,3
"1478",3,0.16297508,40,10
"1479",3,0.16297508,41,3
"1480",3,0.16297508,42,5
"1481",3,0.16297508,43,2
"1482",3,0.16297508,44,8
"1483",3,0.16297508,45,8
"1484",3,0.16297508,46,3
"1485",3,0.16297508,47,5
"1486",3,0.16297508,48,7
"1487",3,0.16297508,49,1
"1488",3,0.16297508,5,4
"1489",3,0.16297508,50,2
"1490",3,0.16297508,51,1
"1491",3,0.16297508,52,2
"1492",3,0.16297508,53,5
"1493",3,0.16297508,54,3
"1494",3,0.16297508,55,2
"1495",3,0.16297508,56,4
"1496",3,0.16297508,57,5
"1497",3,0.16297508,58,5
"1498",3,0.16297508,59,4
"1499",3,0.16297508,6,4
"1500",3,0.16297508,60,1
"1501",3,0.16297508,61,3
"1502",3,0.16297508,62,1
"1503",3,0.16297508,63,5
"1504",3,0.16297508,64,4
"1505",3,0.16297508,65,6
"1506",3,0.16297508,66,6
"1507",3,0.16297508,67,5
"1508",3,0.16297508,68,4
"1509",3,0.16297508,69,5
"1510",3,0.16297508,7,5
"1511",3,0.16297508,70,2
"1512",3,0.16297508,72,4
"1513",3,0.16297508,73,3
"1514",3,0.16297508,74,6
"1515",3,0.16297508,75,9
"1516",3,0.16297508,76,4
"1517",3,0.16297508,77,4
"1518",3,0.16297508,78,6
"1519",3,0.16297508,79,2
"1520",3,0.16297508,8,1
"1521",3,0.16297508,80,4
"1522",3,0.16297508,81,5
"1523",3,0.16297508,82,1
"1524",3,0.16297508,83,5
"1525",3,0.16297508,84,1
"1526",3,0.16297508,85,5
"1527",3,0.16297508,86,2
"1528",3,0.16297508,87,9
"1529",3,0.16297508,88,5
"1530",3,0.16297508,89,5
"1531",3,0.16297508,9,6
"1532",3,0.16297508,90,4
"1533",3,0.16297508,91,6
"1534",3,0.16297508,92,2
"1535",3,0.16297508,93,4
"1536",3,0.16297508,94,10
"1537",3,0.16297508,95,2
"1538",3,0.16297508,96,3
"1539",3,0.16297508,97,2
"1540",3,0.16297508,98,9
"1541",3,0.18307383,1,5
"1542",3,0.18307383,10,6
"1543",3,0.18307383,100,4
"1544",3,0.18307383,11,4
"1545",3,0.18307383,12,2
"1546",3,0.18307383,13,4
"1547",3,0.18307383,14,7
"1548",3,0.18307383,15,6
"1549",3,0.18307383,16,3
"1550",3,0.18307383,17,1
"1551",3,0.18307383,18,3
"1552",3,0.18307383,19,7
"1553",3,0.18307383,2,7
"1554",3,0.18307383,20,3
"1555",3,0.18307383,21,4
"1556",3,0.18307383,22,1
"1557",3,0.18307383,23,5
"1558",3,0.18307383,24,4
"1559",3,0.18307383,25,3
"1560",3,0.18307383,26,5
"1561",3,0.18307383,27,6
"1562",3,0.18307383,28,2
"1563",3,0.18307383,29,4
"1564",3,0.18307383,3,10
"1565",3,0.18307383,30,8
"1566",3,0.18307383,31,5
"1567",3,0.18307383,32,5
"1568",3,0.18307383,33,6
"1569",3,0.18307383,34,6
"1570",3,0.18307383,35,1
"1571",3,0.18307383,36,4
"1572",3,0.18307383,37,4668
"1573",3,0.18307383,38,3
"1574",3,0.18307383,39,3
"1575",3,0.18307383,4,6
"1576",3,0.18307383,40,3
"1577",3,0.18307383,41,2
"1578",3,0.18307383,42,4
"1579",3,0.18307383,43,3
"1580",3,0.18307383,44,2
"1581",3,0.18307383,45,3
"1582",3,0.18307383,46,6
"1583",3,0.18307383,47,7
"1584",3,0.18307383,48,4
"1585",3,0.18307383,49,5
"1586",3,0.18307383,5,5
"1587",3,0.18307383,50,4
"1588",3,0.18307383,51,2
"1589",3,0.18307383,52,5
"1590",3,0.18307383,53,2
"1591",3,0.18307383,54,4
"1592",3,0.18307383,55,1
"1593",3,0.18307383,57,5
"1594",3,0.18307383,58,3
"1595",3,0.18307383,59,40547
"1596",3,0.18307383,6,5
"1597",3,0.18307383,60,1
"1598",3,0.18307383,61,5
"1599",3,0.18307383,62,4
"1600",3,0.18307383,63,5
"1601",3,0.18307383,64,3
"1602",3,0.18307383,65,4
"1603",3,0.18307383,66,10
"1604",3,0.18307383,67,4
"1605",3,0.18307383,68,4
"1606",3,0.18307383,69,1
"1607",3,0.18307383,7,3
"1608",3,0.18307383,70,6
"1609",3,0.18307383,71,3
"1610",3,0.18307383,72,4
"1611",3,0.18307383,73,5
"1612",3,0.18307383,74,5
"1613",3,0.18307383,75,4
"1614",3,0.18307383,76,2
"1615",3,0.18307383,77,3
"1616",3,0.18307383,78,3
"1617",3,0.18307383,79,4
"1618",3,0.18307383,8,7
"1619",3,0.18307383,80,6
"1620",3,0.18307383,81,2
"1621",3,0.18307383,82,5
"1622",3,0.18307383,83,9
"1623",3,0.18307383,84,8
"1624",3,0.18307383,85,3
"1625",3,0.18307383,86,2
"1626",3,0.18307383,87,8
"1627",3,0.18307383,88,8
"1628",3,0.18307383,89,3
"1629",3,0.18307383,9,3
"1630",3,0.18307383,90,4
"1631",3,0.18307383,91,6
"1632",3,0.18307383,92,4
"1633",3,0.18307383,93,6
"1634",3,0.18307383,94,5
"1635",3,0.18307383,95,2
"1636",3,0.18307383,96,6
"1637",3,0.18307383,97,3
"1638",3,0.18307383,98,7
"1639",3,0.18307383,99,2
"1640",3,0.20565123,1,7
"1641",3,0.20565123,10,4
"1642",3,0.20565123,100,1
"1643",3,0.20565123,11,5
"1644",3,0.20565123,12,6
"1645",3,0.20565123,13,6
"1646",3,0.20565123,14,7
"1647",3,0.20565123,15,10
"1648",3,0.20565123,16,10
"1649",3,0.20565123,17,4
"1650",3,0.20565123,18,8
"1651",3,0.20565123,19,6
"1652",3,0.20565123,2,5
"1653",3,0.20565123,20,6
"1654",3,0.20565123,21,4
"1655",3,0.20565123,22,5
"1656",3,0.20565123,23,5
"1657",3,0.20565123,24,3
"1658",3,0.20565123,25,4
"1659",3,0.20565123,26,5
"1660",3,0.20565123,27,8
"1661",3,0.20565123,28,5
"1662",3,0.20565123,29,6
"1663",3,0.20565123,3,4
"1664",3,0.20565123,30,6
"1665",3,0.20565123,31,6
"1666",3,0.20565123,32,7
"1667",3,0.20565123,33,11
"1668",3,0.20565123,34,4
"1669",3,0.20565123,35,7
"1670",3,0.20565123,36,7
"1671",3,0.20565123,37,5
"1672",3,0.20565123,38,4
"1673",3,0.20565123,39,5
"1674",3,0.20565123,4,5
"1675",3,0.20565123,40,3
"1676",3,0.20565123,41,6
"1677",3,0.20565123,42,8
"1678",3,0.20565123,43,8
"1679",3,0.20565123,44,5
"1680",3,0.20565123,45,8
"1681",3,0.20565123,46,6
"1682",3,0.20565123,47,8
"1683",3,0.20565123,48,5
"1684",3,0.20565123,49,3
"1685",3,0.20565123,5,7
"1686",3,0.20565123,50,3
"1687",3,0.20565123,51,6
"1688",3,0.20565123,52,4
"1689",3,0.20565123,53,7
"1690",3,0.20565123,54,7
"1691",3,0.20565123,55,8
"1692",3,0.20565123,56,6
"1693",3,0.20565123,57,7
"1694",3,0.20565123,58,5
"1695",3,0.20565123,59,9
"1696",3,0.20565123,6,2
"1697",3,0.20565123,60,4
"1698",3,0.20565123,61,3
"1699",3,0.20565123,62,9
"1700",3,0.20565123,63,7
"1701",3,0.20565123,64,8
"1702",3,0.20565123,65,5
"1703",3,0.20565123,66,7
"1704",3,0.20565123,67,4
"1705",3,0.20565123,68,10
"1706",3,0.20565123,69,6
"1707",3,0.20565123,7,4
"1708",3,0.20565123,70,2
"1709",3,0.20565123,71,5
"1710",3,0.20565123,72,2
"1711",3,0.20565123,73,2
"1712",3,0.20565123,74,4
"1713",3,0.20565123,75,6
"1714",3,0.20565123,76,3
"1715",3,0.20565123,77,3
"1716",3,0.20565123,78,6
"1717",3,0.20565123,79,5
"1718",3,0.20565123,8,7
"1719",3,0.20565123,80,3
"1720",3,0.20565123,81,5
"1721",3,0.20565123,82,1
"1722",3,0.20565123,83,8
"1723",3,0.20565123,84,5
"1724",3,0.20565123,85,7
"1725",3,0.20565123,86,3
"1726",3,0.20565123,87,2
"1727",3,0.20565123,88,8
"1728",3,0.20565123,89,6
"1729",3,0.20565123,9,2
"1730",3,0.20565123,90,3
"1731",3,0.20565123,91,3
"1732",3,0.20565123,92,5
"1733",3,0.20565123,93,8
"1734",3,0.20565123,94,5
"1735",3,0.20565123,95,9
"1736",3,0.20565123,96,6
"1737",3,0.20565123,97,2
"1738",3,0.20565123,98,2
"1739",3,0.20565123,99,12
"1740",3,0.23101297,1,9
"1741",3,0.23101297,10,8
"1742",3,0.23101297,100,4
"1743",3,0.23101297,11,7
"1744",3,0.23101297,12,9
"1745",3,0.23101297,13,6
"1746",3,0.23101297,14,7
"1747",3,0.23101297,15,6
"1748",3,0.23101297,16,11
"1749",3,0.23101297,17,8
"1750",3,0.23101297,18,9
"1751",3,0.23101297,19,9
"1752",3,0.23101297,2,5
"1753",3,0.23101297,20,5
"1754",3,0.23101297,21,4
"1755",3,0.23101297,22,9
"1756",3,0.23101297,23,8
"1757",3,0.23101297,24,11
"1758",3,0.23101297,25,7
"1759",3,0.23101297,26,6
"1760",3,0.23101297,27,7
"1761",3,0.23101297,28,5
"1762",3,0.23101297,29,7
"1763",3,0.23101297,3,5
"1764",3,0.23101297,30,4
"1765",3,0.23101297,31,4
"1766",3,0.23101297,32,4
"1767",3,0.23101297,33,17
"1768",3,0.23101297,34,12
"1769",3,0.23101297,35,7
"1770",3,0.23101297,36,1
"1771",3,0.23101297,37,11
"1772",3,0.23101297,38,4
"1773",3,0.23101297,39,3
"1774",3,0.23101297,4,7
"1775",3,0.23101297,40,13
"1776",3,0.23101297,41,4
"1777",3,0.23101297,42,10
"1778",3,0.23101297,43,5
"1779",3,0.23101297,44,8
"1780",3,0.23101297,45,6
"1781",3,0.23101297,46,4
"1782",3,0.23101297,47,2
"1783",3,0.23101297,48,4
"1784",3,0.23101297,49,7
"1785",3,0.23101297,5,2
"1786",3,0.23101297,50,9
"1787",3,0.23101297,51,6
"1788",3,0.23101297,52,8
"1789",3,0.23101297,53,8
"1790",3,0.23101297,54,7
"1791",3,0.23101297,55,5
"1792",3,0.23101297,56,5
"1793",3,0.23101297,57,5
"1794",3,0.23101297,58,3
"1795",3,0.23101297,59,8
"1796",3,0.23101297,6,7
"1797",3,0.23101297,60,6
"1798",3,0.23101297,61,6
"1799",3,0.23101297,62,48972
"1800",3,0.23101297,63,6
"1801",3,0.23101297,64,6
"1802",3,0.23101297,65,1
"1803",3,0.23101297,66,8
"1804",3,0.23101297,67,3
"1805",3,0.23101297,68,2
"1806",3,0.23101297,69,4
"1807",3,0.23101297,7,10
"1808",3,0.23101297,70,3
"1809",3,0.23101297,71,6
"1810",3,0.23101297,72,1
"1811",3,0.23101297,73,4
"1812",3,0.23101297,74,6
"1813",3,0.23101297,75,12
"1814",3,0.23101297,76,6
"1815",3,0.23101297,77,5
"1816",3,0.23101297,78,3
"1817",3,0.23101297,79,6
"1818",3,0.23101297,8,8
"1819",3,0.23101297,80,8
"1820",3,0.23101297,81,8
"1821",3,0.23101297,82,12
"1822",3,0.23101297,83,2
"1823",3,0.23101297,84,4
"1824",3,0.23101297,85,6
"1825",3,0.23101297,86,5
"1826",3,0.23101297,87,11
"1827",3,0.23101297,88,10
"1828",3,0.23101297,89,4
"1829",3,0.23101297,9,9
"1830",3,0.23101297,90,45944
"1831",3,0.23101297,91,5
"1832",3,0.23101297,92,6
"1833",3,0.23101297,93,9
"1834",3,0.23101297,94,2
"1835",3,0.23101297,95,4
"1836",3,0.23101297,96,5
"1837",3,0.23101297,97,6
"1838",3,0.23101297,98,12
"1839",3,0.23101297,99,1
"1840",3,0.25950242,1,5
"1841",3,0.25950242,10,4
"1842",3,0.25950242,100,7
"1843",3,0.25950242,11,4
"1844",3,0.25950242,12,7
"1845",3,0.25950242,13,8
"1846",3,0.25950242,14,12
"1847",3,0.25950242,15,5
"1848",3,0.25950242,16,8
"1849",3,0.25950242,17,8
"1850",3,0.25950242,18,8
"1851",3,0.25950242,19,5
"1852",3,0.25950242,2,3
"1853",3,0.25950242,20,7
"1854",3,0.25950242,21,9
"1855",3,0.25950242,22,7
"1856",3,0.25950242,23,10
"1857",3,0.25950242,24,8
"1858",3,0.25950242,25,8
"1859",3,0.25950242,26,7
"1860",3,0.25950242,27,5
"1861",3,0.25950242,28,6
"1862",3,0.25950242,29,7
"1863",3,0.25950242,3,7
"1864",3,0.25950242,30,7
"1865",3,0.25950242,31,9
"1866",3,0.25950242,32,4
"1867",3,0.25950242,33,5
"1868",3,0.25950242,34,6
"1869",3,0.25950242,35,11
"1870",3,0.25950242,36,8
"1871",3,0.25950242,37,5
"1872",3,0.25950242,38,4
"1873",3,0.25950242,39,3
"1874",3,0.25950242,4,5
"1875",3,0.25950242,40,3
"1876",3,0.25950242,41,15
"1877",3,0.25950242,42,9
"1878",3,0.25950242,43,4
"1879",3,0.25950242,44,7
"1880",3,0.25950242,45,5
"1881",3,0.25950242,46,7
"1882",3,0.25950242,47,6
"1883",3,0.25950242,48,6
"1884",3,0.25950242,49,6
"1885",3,0.25950242,5,3
"1886",3,0.25950242,50,9
"1887",3,0.25950242,51,12
"1888",3,0.25950242,53,12
"1889",3,0.25950242,54,7
"1890",3,0.25950242,55,7
"1891",3,0.25950242,56,11
"1892",3,0.25950242,57,8
"1893",3,0.25950242,58,6
"1894",3,0.25950242,59,9
"1895",3,0.25950242,6,3
"1896",3,0.25950242,60,3
"1897",3,0.25950242,61,7
"1898",3,0.25950242,62,5
"1899",3,0.25950242,63,5
"1900",3,0.25950242,64,4
"1901",3,0.25950242,65,6
"1902",3,0.25950242,66,7
"1903",3,0.25950242,67,6
"1904",3,0.25950242,68,9
"1905",3,0.25950242,69,8
"1906",3,0.25950242,7,5
"1907",3,0.25950242,70,4
"1908",3,0.25950242,71,8
"1909",3,0.25950242,72,5
"1910",3,0.25950242,73,44265
"1911",3,0.25950242,74,7
"1912",3,0.25950242,75,4
"1913",3,0.25950242,76,10
"1914",3,0.25950242,77,3
"1915",3,0.25950242,78,2
"1916",3,0.25950242,79,4
"1917",3,0.25950242,8,8
"1918",3,0.25950242,80,5
"1919",3,0.25950242,81,1
"1920",3,0.25950242,82,6
"1921",3,0.25950242,83,7
"1922",3,0.25950242,84,5
"1923",3,0.25950242,85,1
"1924",3,0.25950242,86,7
"1925",3,0.25950242,87,4
"1926",3,0.25950242,88,8
"1927",3,0.25950242,89,4
"1928",3,0.25950242,9,5
"1929",3,0.25950242,90,5
"1930",3,0.25950242,91,8
"1931",3,0.25950242,92,5
"1932",3,0.25950242,93,10
"1933",3,0.25950242,94,11
"1934",3,0.25950242,95,6
"1935",3,0.25950242,96,3
"1936",3,0.25950242,97,5
"1937",3,0.25950242,98,11
"1938",3,0.25950242,99,6
"1939",3,0.29150531,1,7
"1940",3,0.29150531,10,8
"1941",3,0.29150531,100,5
"1942",3,0.29150531,11,7
"1943",3,0.29150531,12,232
"1944",3,0.29150531,13,9
"1945",3,0.29150531,14,6
"1946",3,0.29150531,15,12
"1947",3,0.29150531,16,7
"1948",3,0.29150531,17,11
"1949",3,0.29150531,18,10
"1950",3,0.29150531,19,8
"1951",3,0.29150531,2,6
"1952",3,0.29150531,20,10
"1953",3,0.29150531,21,37018
"1954",3,0.29150531,22,4
"1955",3,0.29150531,23,5
"1956",3,0.29150531,24,10
"1957",3,0.29150531,25,8
"1958",3,0.29150531,26,15
"1959",3,0.29150531,27,5
"1960",3,0.29150531,28,6
"1961",3,0.29150531,29,14
"1962",3,0.29150531,3,6
"1963",3,0.29150531,30,5
"1964",3,0.29150531,31,6
"1965",3,0.29150531,32,5
"1966",3,0.29150531,33,9
"1967",3,0.29150531,34,9
"1968",3,0.29150531,35,8
"1969",3,0.29150531,36,12
"1970",3,0.29150531,37,8
"1971",3,0.29150531,38,7
"1972",3,0.29150531,39,10
"1973",3,0.29150531,4,8
"1974",3,0.29150531,40,5
"1975",3,0.29150531,41,12
"1976",3,0.29150531,42,1
"1977",3,0.29150531,43,12
"1978",3,0.29150531,44,5
"1979",3,0.29150531,45,5
"1980",3,0.29150531,46,11
"1981",3,0.29150531,47,8
"1982",3,0.29150531,48,13
"1983",3,0.29150531,49,5
"1984",3,0.29150531,5,8
"1985",3,0.29150531,50,7
"1986",3,0.29150531,51,13
"1987",3,0.29150531,52,4
"1988",3,0.29150531,53,9
"1989",3,0.29150531,54,6
"1990",3,0.29150531,55,8
"1991",3,0.29150531,56,6
"1992",3,0.29150531,57,9
"1993",3,0.29150531,58,5
"1994",3,0.29150531,59,7
"1995",3,0.29150531,6,5
"1996",3,0.29150531,60,6
"1997",3,0.29150531,61,10
"1998",3,0.29150531,62,7
"1999",3,0.29150531,63,9
"2000",3,0.29150531,64,6
"2001",3,0.29150531,65,10
"2002",3,0.29150531,66,6
"2003",3,0.29150531,67,10
"2004",3,0.29150531,68,10
"2005",3,0.29150531,69,8
"2006",3,0.29150531,7,3
"2007",3,0.29150531,70,8
"2008",3,0.29150531,71,3
"2009",3,0.29150531,72,6
"2010",3,0.29150531,73,6
"2011",3,0.29150531,74,10
"2012",3,0.29150531,75,5
"2013",3,0.29150531,76,8
"2014",3,0.29150531,77,11
"2015",3,0.29150531,78,8
"2016",3,0.29150531,79,10
"2017",3,0.29150531,8,14
"2018",3,0.29150531,80,6
"2019",3,0.29150531,81,5
"2020",3,0.29150531,82,4
"2021",3,0.29150531,83,5
"2022",3,0.29150531,84,8
"2023",3,0.29150531,85,12
"2024",3,0.29150531,86,15
"2025",3,0.29150531,87,10
"2026",3,0.29150531,88,7
"2027",3,0.29150531,89,4
"2028",3,0.29150531,9,4
"2029",3,0.29150531,90,6
"2030",3,0.29150531,91,3
"2031",3,0.29150531,92,8
"2032",3,0.29150531,93,6
"2033",3,0.29150531,94,9
"2034",3,0.29150531,95,3
"2035",3,0.29150531,96,6
"2036",3,0.29150531,97,9
"2037",3,0.29150531,98,6
"2038",3,0.29150531,99,8
"2039",3,0.32745492,1,8
"2040",3,0.32745492,10,8
"2041",3,0.32745492,100,7
"2042",3,0.32745492,11,8
"2043",3,0.32745492,12,4
"2044",3,0.32745492,13,7
"2045",3,0.32745492,14,4
"2046",3,0.32745492,15,8
"2047",3,0.32745492,16,14
"2048",3,0.32745492,17,9
"2049",3,0.32745492,18,4
"2050",3,0.32745492,19,9
"2051",3,0.32745492,2,13
"2052",3,0.32745492,20,10
"2053",3,0.32745492,21,7
"2054",3,0.32745492,22,6
"2055",3,0.32745492,23,4
"2056",3,0.32745492,24,15
"2057",3,0.32745492,25,12
"2058",3,0.32745492,26,9
"2059",3,0.32745492,27,8
"2060",3,0.32745492,28,8
"2061",3,0.32745492,29,8
"2062",3,0.32745492,3,7
"2063",3,0.32745492,30,3
"2064",3,0.32745492,31,5
"2065",3,0.32745492,32,13
"2066",3,0.32745492,33,9
"2067",3,0.32745492,34,11
"2068",3,0.32745492,35,7
"2069",3,0.32745492,36,10
"2070",3,0.32745492,37,6
"2071",3,0.32745492,38,10
"2072",3,0.32745492,39,10
"2073",3,0.32745492,4,5
"2074",3,0.32745492,40,10
"2075",3,0.32745492,41,6
"2076",3,0.32745492,42,7
"2077",3,0.32745492,43,9
"2078",3,0.32745492,44,8
"2079",3,0.32745492,45,6
"2080",3,0.32745492,46,4
"2081",3,0.32745492,47,9
"2082",3,0.32745492,48,8
"2083",3,0.32745492,49,9
"2084",3,0.32745492,5,6
"2085",3,0.32745492,50,9
"2086",3,0.32745492,51,6
"2087",3,0.32745492,52,9
"2088",3,0.32745492,53,6
"2089",3,0.32745492,54,9
"2090",3,0.32745492,55,12
"2091",3,0.32745492,56,11
"2092",3,0.32745492,57,13
"2093",3,0.32745492,58,5
"2094",3,0.32745492,59,6
"2095",3,0.32745492,6,11
"2096",3,0.32745492,60,12
"2097",3,0.32745492,61,8
"2098",3,0.32745492,62,4
"2099",3,0.32745492,63,11
"2100",3,0.32745492,64,11
"2101",3,0.32745492,65,10
"2102",3,0.32745492,66,5
"2103",3,0.32745492,67,11
"2104",3,0.32745492,68,6
"2105",3,0.32745492,69,6
"2106",3,0.32745492,7,9
"2107",3,0.32745492,70,7
"2108",3,0.32745492,71,10
"2109",3,0.32745492,72,11
"2110",3,0.32745492,73,10
"2111",3,0.32745492,74,12
"2112",3,0.32745492,75,11
"2113",3,0.32745492,76,9
"2114",3,0.32745492,77,6
"2115",3,0.32745492,78,10
"2116",3,0.32745492,79,11
"2117",3,0.32745492,8,8
"2118",3,0.32745492,80,5
"2119",3,0.32745492,81,9
"2120",3,0.32745492,82,7
"2121",3,0.32745492,83,6
"2122",3,0.32745492,84,16
"2123",3,0.32745492,85,9
"2124",3,0.32745492,86,5
"2125",3,0.32745492,87,10
"2126",3,0.32745492,88,10
"2127",3,0.32745492,89,13
"2128",3,0.32745492,9,8
"2129",3,0.32745492,90,7
"2130",3,0.32745492,91,9
"2131",3,0.32745492,92,7
"2132",3,0.32745492,93,5
"2133",3,0.32745492,94,7
"2134",3,0.32745492,95,5
"2135",3,0.32745492,96,7
"2136",3,0.32745492,97,7
"2137",3,0.32745492,98,5
"2138",3,0.32745492,99,7
"2139",3,0.36783798,1,6
"2140",3,0.36783798,10,8
"2141",3,0.36783798,100,10
"2142",3,0.36783798,11,7
"2143",3,0.36783798,12,9
"2144",3,0.36783798,13,8
"2145",3,0.36783798,14,12
"2146",3,0.36783798,15,3
"2147",3,0.36783798,16,8
"2148",3,0.36783798,17,9
"2149",3,0.36783798,18,8
"2150",3,0.36783798,19,6
"2151",3,0.36783798,2,11
"2152",3,0.36783798,20,8
"2153",3,0.36783798,21,9
"2154",3,0.36783798,22,41540
"2155",3,0.36783798,23,13
"2156",3,0.36783798,24,9
"2157",3,0.36783798,25,6
"2158",3,0.36783798,26,8
"2159",3,0.36783798,27,9
"2160",3,0.36783798,28,5
"2161",3,0.36783798,29,9
"2162",3,0.36783798,3,9
"2163",3,0.36783798,30,7
"2164",3,0.36783798,31,9
"2165",3,0.36783798,32,11
"2166",3,0.36783798,33,8
"2167",3,0.36783798,34,10
"2168",3,0.36783798,35,8
"2169",3,0.36783798,36,10
"2170",3,0.36783798,37,8
"2171",3,0.36783798,38,11
"2172",3,0.36783798,39,8
"2173",3,0.36783798,4,12
"2174",3,0.36783798,40,7
"2175",3,0.36783798,41,10
"2176",3,0.36783798,42,7
"2177",3,0.36783798,43,10
"2178",3,0.36783798,44,8
"2179",3,0.36783798,45,11
"2180",3,0.36783798,46,9
"2181",3,0.36783798,47,10
"2182",3,0.36783798,48,10
"2183",3,0.36783798,49,6
"2184",3,0.36783798,5,12
"2185",3,0.36783798,50,8
"2186",3,0.36783798,51,12
"2187",3,0.36783798,52,14
"2188",3,0.36783798,53,12
"2189",3,0.36783798,54,17
"2190",3,0.36783798,55,8
"2191",3,0.36783798,56,9
"2192",3,0.36783798,57,12
"2193",3,0.36783798,58,11
"2194",3,0.36783798,59,7
"2195",3,0.36783798,6,15
"2196",3,0.36783798,60,7
"2197",3,0.36783798,61,3
"2198",3,0.36783798,62,10
"2199",3,0.36783798,63,10
"2200",3,0.36783798,64,13
"2201",3,0.36783798,65,4
"2202",3,0.36783798,66,10
"2203",3,0.36783798,67,38948
"2204",3,0.36783798,68,8
"2205",3,0.36783798,69,11
"2206",3,0.36783798,7,6
"2207",3,0.36783798,70,10
"2208",3,0.36783798,71,7
"2209",3,0.36783798,72,14
"2210",3,0.36783798,73,7
"2211",3,0.36783798,74,12
"2212",3,0.36783798,75,11
"2213",3,0.36783798,76,13
"2214",3,0.36783798,77,12
"2215",3,0.36783798,78,9
"2216",3,0.36783798,79,9
"2217",3,0.36783798,8,10
"2218",3,0.36783798,80,9
"2219",3,0.36783798,81,5
"2220",3,0.36783798,82,13
"2221",3,0.36783798,83,10
"2222",3,0.36783798,84,14
"2223",3,0.36783798,85,10
"2224",3,0.36783798,86,11
"2225",3,0.36783798,87,8
"2226",3,0.36783798,88,11
"2227",3,0.36783798,89,8
"2228",3,0.36783798,9,12
"2229",3,0.36783798,90,5
"2230",3,0.36783798,91,7
"2231",3,0.36783798,92,13
"2232",3,0.36783798,93,6
"2233",3,0.36783798,94,14
"2234",3,0.36783798,95,11
"2235",3,0.36783798,96,7
"2236",3,0.36783798,97,6
"2237",3,0.36783798,98,5
"2238",3,0.36783798,99,44563
"2239",3,0.41320124,1,8
"2240",3,0.41320124,10,14
"2241",3,0.41320124,100,7
"2242",3,0.41320124,11,10
"2243",3,0.41320124,12,7
"2244",3,0.41320124,13,15
"2245",3,0.41320124,14,12
"2246",3,0.41320124,15,9
"2247",3,0.41320124,16,14
"2248",3,0.41320124,17,9
"2249",3,0.41320124,18,9
"2250",3,0.41320124,19,15
"2251",3,0.41320124,2,6
"2252",3,0.41320124,20,5
"2253",3,0.41320124,21,4
"2254",3,0.41320124,22,9
"2255",3,0.41320124,23,16
"2256",3,0.41320124,24,7
"2257",3,0.41320124,25,11
"2258",3,0.41320124,26,10
"2259",3,0.41320124,27,13
"2260",3,0.41320124,28,16
"2261",3,0.41320124,29,9
"2262",3,0.41320124,3,8
"2263",3,0.41320124,30,12
"2264",3,0.41320124,31,7
"2265",3,0.41320124,32,14
"2266",3,0.41320124,33,17
"2267",3,0.41320124,34,8
"2268",3,0.41320124,35,13
"2269",3,0.41320124,36,13
"2270",3,0.41320124,37,8
"2271",3,0.41320124,38,9
"2272",3,0.41320124,39,15
"2273",3,0.41320124,4,15
"2274",3,0.41320124,40,11
"2275",3,0.41320124,41,6
"2276",3,0.41320124,42,12
"2277",3,0.41320124,43,8
"2278",3,0.41320124,44,15
"2279",3,0.41320124,45,13
"2280",3,0.41320124,46,8
"2281",3,0.41320124,47,7
"2282",3,0.41320124,48,38083
"2283",3,0.41320124,49,10
"2284",3,0.41320124,5,15
"2285",3,0.41320124,50,14
"2286",3,0.41320124,51,8
"2287",3,0.41320124,52,13
"2288",3,0.41320124,53,12
"2289",3,0.41320124,54,11
"2290",3,0.41320124,55,11
"2291",3,0.41320124,56,7
"2292",3,0.41320124,57,12
"2293",3,0.41320124,58,11
"2294",3,0.41320124,59,11
"2295",3,0.41320124,6,12
"2296",3,0.41320124,60,7
"2297",3,0.41320124,61,13
"2298",3,0.41320124,62,15
"2299",3,0.41320124,63,9
"2300",3,0.41320124,64,16
"2301",3,0.41320124,65,13
"2302",3,0.41320124,66,11
"2303",3,0.41320124,67,12
"2304",3,0.41320124,68,7
"2305",3,0.41320124,69,18
"2306",3,0.41320124,7,7
"2307",3,0.41320124,70,11
"2308",3,0.41320124,71,15
"2309",3,0.41320124,72,5182
"2310",3,0.41320124,73,11
"2311",3,0.41320124,74,11
"2312",3,0.41320124,75,9
"2313",3,0.41320124,76,7
"2314",3,0.41320124,77,11
"2315",3,0.41320124,78,14
"2316",3,0.41320124,79,9
"2317",3,0.41320124,8,4
"2318",3,0.41320124,80,37336
"2319",3,0.41320124,81,13
"2320",3,0.41320124,82,14
"2321",3,0.41320124,83,15
"2322",3,0.41320124,84,6
"2323",3,0.41320124,85,11
"2324",3,0.41320124,86,9
"2325",3,0.41320124,87,10
"2326",3,0.41320124,88,15
"2327",3,0.41320124,89,11
"2328",3,0.41320124,9,39267
"2329",3,0.41320124,90,12
"2330",3,0.41320124,91,12
"2331",3,0.41320124,92,7
"2332",3,0.41320124,93,8
"2333",3,0.41320124,94,5
"2334",3,0.41320124,95,7
"2335",3,0.41320124,96,8
"2336",3,0.41320124,97,11
"2337",3,0.41320124,98,5
"2338",3,0.41320124,99,8
"2339",3,0.46415888,1,15
"2340",3,0.46415888,10,13
"2341",3,0.46415888,100,12
"2342",3,0.46415888,11,11
"2343",3,0.46415888,12,9
"2344",3,0.46415888,13,13
"2345",3,0.46415888,14,10
"2346",3,0.46415888,15,14
"2347",3,0.46415888,16,9
"2348",3,0.46415888,17,15
"2349",3,0.46415888,18,18
"2350",3,0.46415888,19,18
"2351",3,0.46415888,2,10
"2352",3,0.46415888,20,9
"2353",3,0.46415888,21,18
"2354",3,0.46415888,22,18
"2355",3,0.46415888,23,12
"2356",3,0.46415888,24,16
"2357",3,0.46415888,25,11
"2358",3,0.46415888,26,11
"2359",3,0.46415888,27,12
"2360",3,0.46415888,28,16
"2361",3,0.46415888,29,10
"2362",3,0.46415888,3,10
"2363",3,0.46415888,30,2
"2364",3,0.46415888,31,5
"2365",3,0.46415888,32,16
"2366",3,0.46415888,33,15
"2367",3,0.46415888,34,14
"2368",3,0.46415888,35,14
"2369",3,0.46415888,36,14
"2370",3,0.46415888,37,9
"2371",3,0.46415888,38,8
"2372",3,0.46415888,39,14
"2373",3,0.46415888,4,9
"2374",3,0.46415888,40,16
"2375",3,0.46415888,41,39880
"2376",3,0.46415888,42,14
"2377",3,0.46415888,43,9
"2378",3,0.46415888,44,12
"2379",3,0.46415888,45,14
"2380",3,0.46415888,46,4
"2381",3,0.46415888,47,16
"2382",3,0.46415888,48,12
"2383",3,0.46415888,49,7
"2384",3,0.46415888,5,12
"2385",3,0.46415888,50,17
"2386",3,0.46415888,51,15
"2387",3,0.46415888,52,10
"2388",3,0.46415888,53,13
"2389",3,0.46415888,54,11
"2390",3,0.46415888,55,11
"2391",3,0.46415888,56,9
"2392",3,0.46415888,57,21
"2393",3,0.46415888,58,10
"2394",3,0.46415888,59,8
"2395",3,0.46415888,6,21
"2396",3,0.46415888,60,9
"2397",3,0.46415888,61,41630
"2398",3,0.46415888,62,10
"2399",3,0.46415888,63,9
"2400",3,0.46415888,64,12
"2401",3,0.46415888,65,12
"2402",3,0.46415888,66,11
"2403",3,0.46415888,67,6
"2404",3,0.46415888,68,16
"2405",3,0.46415888,69,13
"2406",3,0.46415888,7,8
"2407",3,0.46415888,70,8
"2408",3,0.46415888,71,6
"2409",3,0.46415888,72,17
"2410",3,0.46415888,73,14
"2411",3,0.46415888,74,12
"2412",3,0.46415888,75,13
"2413",3,0.46415888,76,8
"2414",3,0.46415888,77,18
"2415",3,0.46415888,78,4
"2416",3,0.46415888,79,17
"2417",3,0.46415888,8,20
"2418",3,0.46415888,80,16
"2419",3,0.46415888,81,17
"2420",3,0.46415888,82,17
"2421",3,0.46415888,83,9
"2422",3,0.46415888,84,15
"2423",3,0.46415888,85,15
"2424",3,0.46415888,86,10
"2425",3,0.46415888,87,20
"2426",3,0.46415888,88,15
"2427",3,0.46415888,89,16
"2428",3,0.46415888,9,13
"2429",3,0.46415888,90,16
"2430",3,0.46415888,91,13
"2431",3,0.46415888,92,8
"2432",3,0.46415888,93,17
"2433",3,0.46415888,94,11
"2434",3,0.46415888,95,16
"2435",3,0.46415888,96,16
"2436",3,0.46415888,97,15
"2437",3,0.46415888,98,11
"2438",3,0.46415888,99,8
"2439",3,0.52140083,1,10
"2440",3,0.52140083,10,6
"2441",3,0.52140083,100,12
"2442",3,0.52140083,11,14
"2443",3,0.52140083,12,8
"2444",3,0.52140083,13,7
"2445",3,0.52140083,14,15
"2446",3,0.52140083,15,19
"2447",3,0.52140083,16,10
"2448",3,0.52140083,17,13
"2449",3,0.52140083,18,8
"2450",3,0.52140083,19,13
"2451",3,0.52140083,2,16
"2452",3,0.52140083,20,13
"2453",3,0.52140083,21,9
"2454",3,0.52140083,22,13
"2455",3,0.52140083,23,14
"2456",3,0.52140083,24,20
"2457",3,0.52140083,25,11
"2458",3,0.52140083,26,8
"2459",3,0.52140083,27,13
"2460",3,0.52140083,28,15
"2461",3,0.52140083,29,21
"2462",3,0.52140083,3,14
"2463",3,0.52140083,30,12
"2464",3,0.52140083,31,13
"2465",3,0.52140083,32,13
"2466",3,0.52140083,33,13
"2467",3,0.52140083,34,18
"2468",3,0.52140083,35,8
"2469",3,0.52140083,36,18
"2470",3,0.52140083,37,14
"2471",3,0.52140083,38,12
"2472",3,0.52140083,39,13
"2473",3,0.52140083,4,12
"2474",3,0.52140083,40,15
"2475",3,0.52140083,41,21
"2476",3,0.52140083,42,15
"2477",3,0.52140083,43,13
"2478",3,0.52140083,44,9
"2479",3,0.52140083,45,18
"2480",3,0.52140083,46,10
"2481",3,0.52140083,47,14
"2482",3,0.52140083,48,9
"2483",3,0.52140083,49,11
"2484",3,0.52140083,5,8
"2485",3,0.52140083,50,14
"2486",3,0.52140083,51,14
"2487",3,0.52140083,52,13
"2488",3,0.52140083,53,15
"2489",3,0.52140083,54,18
"2490",3,0.52140083,55,13
"2491",3,0.52140083,56,10
"2492",3,0.52140083,57,6
"2493",3,0.52140083,58,13
"2494",3,0.52140083,59,15
"2495",3,0.52140083,6,15
"2496",3,0.52140083,60,16
"2497",3,0.52140083,61,14
"2498",3,0.52140083,62,15
"2499",3,0.52140083,63,18
"2500",3,0.52140083,64,19
"2501",3,0.52140083,65,9
"2502",3,0.52140083,66,10
"2503",3,0.52140083,67,13
"2504",3,0.52140083,68,16
"2505",3,0.52140083,69,14
"2506",3,0.52140083,7,7
"2507",3,0.52140083,70,9
"2508",3,0.52140083,71,12
"2509",3,0.52140083,72,11
"2510",3,0.52140083,73,20
"2511",3,0.52140083,74,19
"2512",3,0.52140083,75,12
"2513",3,0.52140083,76,17
"2514",3,0.52140083,77,10
"2515",3,0.52140083,78,9
"2516",3,0.52140083,79,8
"2517",3,0.52140083,8,10
"2518",3,0.52140083,80,14
"2519",3,0.52140083,81,11
"2520",3,0.52140083,82,11
"2521",3,0.52140083,83,15
"2522",3,0.52140083,84,11
"2523",3,0.52140083,85,4
"2524",3,0.52140083,86,14
"2525",3,0.52140083,87,13
"2526",3,0.52140083,88,13
"2527",3,0.52140083,89,12
"2528",3,0.52140083,9,11
"2529",3,0.52140083,90,8
"2530",3,0.52140083,91,15
"2531",3,0.52140083,92,9
"2532",3,0.52140083,93,14
"2533",3,0.52140083,94,13
"2534",3,0.52140083,95,17
"2535",3,0.52140083,96,9
"2536",3,0.52140083,97,16
"2537",3,0.52140083,98,15
"2538",3,0.52140083,99,12
"2539",3,0.58570208,1,19
"2540",3,0.58570208,10,14
"2541",3,0.58570208,100,17
"2542",3,0.58570208,11,16
"2543",3,0.58570208,12,13
"2544",3,0.58570208,13,11
"2545",3,0.58570208,14,11
"2546",3,0.58570208,15,17
"2547",3,0.58570208,16,17
"2548",3,0.58570208,17,10
"2549",3,0.58570208,18,8
"2550",3,0.58570208,19,23
"2551",3,0.58570208,2,17
"2552",3,0.58570208,20,13
"2553",3,0.58570208,21,10
"2554",3,0.58570208,22,20
"2555",3,0.58570208,23,14
"2556",3,0.58570208,24,15
"2557",3,0.58570208,25,15
"2558",3,0.58570208,26,14
"2559",3,0.58570208,27,14
"2560",3,0.58570208,28,16
"2561",3,0.58570208,29,15
"2562",3,0.58570208,3,14
"2563",3,0.58570208,30,15
"2564",3,0.58570208,31,11
"2565",3,0.58570208,32,12
"2566",3,0.58570208,33,13
"2567",3,0.58570208,34,13
"2568",3,0.58570208,35,22
"2569",3,0.58570208,36,15
"2570",3,0.58570208,37,9
"2571",3,0.58570208,38,10
"2572",3,0.58570208,39,13
"2573",3,0.58570208,4,230
"2574",3,0.58570208,40,17
"2575",3,0.58570208,41,16
"2576",3,0.58570208,42,18
"2577",3,0.58570208,43,10
"2578",3,0.58570208,44,14
"2579",3,0.58570208,45,10
"2580",3,0.58570208,46,18
"2581",3,0.58570208,47,20
"2582",3,0.58570208,48,15
"2583",3,0.58570208,49,8
"2584",3,0.58570208,5,13
"2585",3,0.58570208,50,14
"2586",3,0.58570208,51,11
"2587",3,0.58570208,52,15
"2588",3,0.58570208,53,15
"2589",3,0.58570208,54,10
"2590",3,0.58570208,55,13
"2591",3,0.58570208,56,38141
"2592",3,0.58570208,57,15
"2593",3,0.58570208,58,8
"2594",3,0.58570208,59,15
"2595",3,0.58570208,6,9
"2596",3,0.58570208,60,6
"2597",3,0.58570208,61,15
"2598",3,0.58570208,62,15
"2599",3,0.58570208,63,16
"2600",3,0.58570208,64,8
"2601",3,0.58570208,65,13
"2602",3,0.58570208,66,12
"2603",3,0.58570208,67,20
"2604",3,0.58570208,68,16
"2605",3,0.58570208,69,12
"2606",3,0.58570208,7,37494
"2607",3,0.58570208,70,12
"2608",3,0.58570208,71,15
"2609",3,0.58570208,72,19
"2610",3,0.58570208,73,17
"2611",3,0.58570208,74,19
"2612",3,0.58570208,75,12
"2613",3,0.58570208,76,18
"2614",3,0.58570208,77,17
"2615",3,0.58570208,78,8
"2616",3,0.58570208,79,18
"2617",3,0.58570208,8,13
"2618",3,0.58570208,80,13
"2619",3,0.58570208,81,21
"2620",3,0.58570208,82,17
"2621",3,0.58570208,83,15
"2622",3,0.58570208,84,18
"2623",3,0.58570208,85,15
"2624",3,0.58570208,86,18
"2625",3,0.58570208,87,16
"2626",3,0.58570208,88,17
"2627",3,0.58570208,89,16
"2628",3,0.58570208,9,20
"2629",3,0.58570208,90,44731
"2630",3,0.58570208,91,19
"2631",3,0.58570208,92,42201
"2632",3,0.58570208,93,12
"2633",3,0.58570208,94,12
"2634",3,0.58570208,95,25
"2635",3,0.58570208,96,13
"2636",3,0.58570208,97,14
"2637",3,0.58570208,98,12
"2638",3,0.58570208,99,8
"2639",3,0.65793322,1,24
"2640",3,0.65793322,10,16
"2641",3,0.65793322,100,13
"2642",3,0.65793322,11,11
"2643",3,0.65793322,12,5
"2644",3,0.65793322,13,12
"2645",3,0.65793322,14,14
"2646",3,0.65793322,15,11
"2647",3,0.65793322,16,4704
"2648",3,0.65793322,17,19
"2649",3,0.65793322,18,14
"2650",3,0.65793322,19,15
"2651",3,0.65793322,2,19
"2652",3,0.65793322,20,20
"2653",3,0.65793322,21,16
"2654",3,0.65793322,22,13
"2655",3,0.65793322,23,11
"2656",3,0.65793322,24,21
"2657",3,0.65793322,25,11
"2658",3,0.65793322,26,19
"2659",3,0.65793322,27,24
"2660",3,0.65793322,28,12
"2661",3,0.65793322,29,38388
"2662",3,0.65793322,3,18
"2663",3,0.65793322,30,20
"2664",3,0.65793322,31,14
"2665",3,0.65793322,32,15
"2666",3,0.65793322,33,18
"2667",3,0.65793322,34,12
"2668",3,0.65793322,35,15
"2669",3,0.65793322,36,16
"2670",3,0.65793322,37,13
"2671",3,0.65793322,38,22
"2672",3,0.65793322,39,20
"2673",3,0.65793322,4,14
"2674",3,0.65793322,40,16
"2675",3,0.65793322,41,16
"2676",3,0.65793322,42,17
"2677",3,0.65793322,43,24
"2678",3,0.65793322,44,20
"2679",3,0.65793322,45,15
"2680",3,0.65793322,46,19
"2681",3,0.65793322,47,17
"2682",3,0.65793322,48,24
"2683",3,0.65793322,49,13
"2684",3,0.65793322,5,19
"2685",3,0.65793322,50,17
"2686",3,0.65793322,51,18
"2687",3,0.65793322,52,23
"2688",3,0.65793322,53,13
"2689",3,0.65793322,54,41795
"2690",3,0.65793322,55,17
"2691",3,0.65793322,56,16
"2692",3,0.65793322,57,14
"2693",3,0.65793322,58,16
"2694",3,0.65793322,59,15
"2695",3,0.65793322,6,18
"2696",3,0.65793322,60,21
"2697",3,0.65793322,61,15
"2698",3,0.65793322,62,19
"2699",3,0.65793322,63,16
"2700",3,0.65793322,64,19
"2701",3,0.65793322,65,14
"2702",3,0.65793322,66,14
"2703",3,0.65793322,67,26
"2704",3,0.65793322,68,18
"2705",3,0.65793322,69,14
"2706",3,0.65793322,7,13
"2707",3,0.65793322,70,13
"2708",3,0.65793322,71,21
"2709",3,0.65793322,72,20
"2710",3,0.65793322,73,24
"2711",3,0.65793322,74,21
"2712",3,0.65793322,75,16
"2713",3,0.65793322,76,15
"2714",3,0.65793322,77,18
"2715",3,0.65793322,78,9
"2716",3,0.65793322,79,22
"2717",3,0.65793322,8,36537
"2718",3,0.65793322,80,14
"2719",3,0.65793322,81,18
"2720",3,0.65793322,82,16
"2721",3,0.65793322,83,12
"2722",3,0.65793322,84,19
"2723",3,0.65793322,85,12
"2724",3,0.65793322,86,14
"2725",3,0.65793322,87,12
"2726",3,0.65793322,88,22
"2727",3,0.65793322,89,12
"2728",3,0.65793322,9,13
"2729",3,0.65793322,90,17
"2730",3,0.65793322,91,19
"2731",3,0.65793322,92,17
"2732",3,0.65793322,93,13
"2733",3,0.65793322,94,25
"2734",3,0.65793322,95,20
"2735",3,0.65793322,96,17
"2736",3,0.65793322,97,18
"2737",3,0.65793322,98,18
"2738",3,0.65793322,99,9
"2739",3,0.7390722,1,44232
"2740",3,0.7390722,10,24
"2741",3,0.7390722,100,14
"2742",3,0.7390722,11,24
"2743",3,0.7390722,12,29
"2744",3,0.7390722,13,36318
"2745",3,0.7390722,14,14
"2746",3,0.7390722,15,25
"2747",3,0.7390722,16,15
"2748",3,0.7390722,17,21
"2749",3,0.7390722,18,20
"2750",3,0.7390722,19,10
"2751",3,0.7390722,2,23
"2752",3,0.7390722,20,26
"2753",3,0.7390722,21,22
"2754",3,0.7390722,22,16
"2755",3,0.7390722,23,23
"2756",3,0.7390722,24,25
"2757",3,0.7390722,25,42494
"2758",3,0.7390722,26,15
"2759",3,0.7390722,27,8
"2760",3,0.7390722,28,24
"2761",3,0.7390722,29,19
"2762",3,0.7390722,3,14
"2763",3,0.7390722,30,41419
"2764",3,0.7390722,31,20
"2765",3,0.7390722,32,19
"2766",3,0.7390722,33,16
"2767",3,0.7390722,34,24
"2768",3,0.7390722,35,17
"2769",3,0.7390722,36,13
"2770",3,0.7390722,37,24
"2771",3,0.7390722,38,25
"2772",3,0.7390722,39,16
"2773",3,0.7390722,4,23
"2774",3,0.7390722,40,14
"2775",3,0.7390722,41,23
"2776",3,0.7390722,42,22
"2777",3,0.7390722,43,17
"2778",3,0.7390722,44,20
"2779",3,0.7390722,45,19
"2780",3,0.7390722,46,15
"2781",3,0.7390722,47,24
"2782",3,0.7390722,48,18
"2783",3,0.7390722,49,18
"2784",3,0.7390722,5,25
"2785",3,0.7390722,50,12
"2786",3,0.7390722,51,13
"2787",3,0.7390722,52,22
"2788",3,0.7390722,53,14
"2789",3,0.7390722,54,19
"2790",3,0.7390722,55,18
"2791",3,0.7390722,56,20
"2792",3,0.7390722,57,41154
"2793",3,0.7390722,58,20
"2794",3,0.7390722,59,17
"2795",3,0.7390722,6,15
"2796",3,0.7390722,60,19
"2797",3,0.7390722,61,20
"2798",3,0.7390722,62,24
"2799",3,0.7390722,63,34
"2800",3,0.7390722,64,25
"2801",3,0.7390722,65,43889
"2802",3,0.7390722,66,18
"2803",3,0.7390722,67,14
"2804",3,0.7390722,68,17
"2805",3,0.7390722,69,19
"2806",3,0.7390722,7,14
"2807",3,0.7390722,70,19
"2808",3,0.7390722,71,11
"2809",3,0.7390722,72,17
"2810",3,0.7390722,73,9
"2811",3,0.7390722,74,17
"2812",3,0.7390722,75,22
"2813",3,0.7390722,76,11
"2814",3,0.7390722,77,19
"2815",3,0.7390722,78,24
"2816",3,0.7390722,79,15
"2817",3,0.7390722,8,22
"2818",3,0.7390722,80,12
"2819",3,0.7390722,81,20
"2820",3,0.7390722,82,24
"2821",3,0.7390722,83,18
"2822",3,0.7390722,84,27
"2823",3,0.7390722,85,22
"2824",3,0.7390722,86,19
"2825",3,0.7390722,87,17
"2826",3,0.7390722,88,21
"2827",3,0.7390722,89,17
"2828",3,0.7390722,9,14
"2829",3,0.7390722,90,19
"2830",3,0.7390722,91,40896
"2831",3,0.7390722,92,17
"2832",3,0.7390722,93,14
"2833",3,0.7390722,94,23
"2834",3,0.7390722,95,21
"2835",3,0.7390722,96,12
"2836",3,0.7390722,97,17
"2837",3,0.7390722,98,20
"2838",3,0.7390722,99,21
"2839",3,0.83021757,1,22
"2840",3,0.83021757,10,18
"2841",3,0.83021757,100,26
"2842",3,0.83021757,11,22
"2843",3,0.83021757,12,19
"2844",3,0.83021757,13,39791
"2845",3,0.83021757,14,27
"2846",3,0.83021757,15,17
"2847",3,0.83021757,16,26
"2848",3,0.83021757,17,22
"2849",3,0.83021757,18,24
"2850",3,0.83021757,19,27
"2851",3,0.83021757,2,15
"2852",3,0.83021757,20,28
"2853",3,0.83021757,21,18
"2854",3,0.83021757,22,29
"2855",3,0.83021757,23,16
"2856",3,0.83021757,24,21
"2857",3,0.83021757,25,15
"2858",3,0.83021757,26,13
"2859",3,0.83021757,27,23
"2860",3,0.83021757,28,20
"2861",3,0.83021757,29,18
"2862",3,0.83021757,3,232
"2863",3,0.83021757,30,21
"2864",3,0.83021757,31,24
"2865",3,0.83021757,32,19
"2866",3,0.83021757,33,38229
"2867",3,0.83021757,34,12
"2868",3,0.83021757,35,23
"2869",3,0.83021757,36,29
"2870",3,0.83021757,37,20
"2871",3,0.83021757,38,22
"2872",3,0.83021757,39,21
"2873",3,0.83021757,4,20
"2874",3,0.83021757,40,23
"2875",3,0.83021757,41,17
"2876",3,0.83021757,42,15
"2877",3,0.83021757,43,19
"2878",3,0.83021757,44,21
"2879",3,0.83021757,45,22
"2880",3,0.83021757,46,14
"2881",3,0.83021757,47,17
"2882",3,0.83021757,48,18
"2883",3,0.83021757,49,18
"2884",3,0.83021757,5,27
"2885",3,0.83021757,50,28
"2886",3,0.83021757,51,17
"2887",3,0.83021757,52,26
"2888",3,0.83021757,53,18
"2889",3,0.83021757,54,25
"2890",3,0.83021757,55,19
"2891",3,0.83021757,56,37
"2892",3,0.83021757,57,21
"2893",3,0.83021757,58,27
"2894",3,0.83021757,59,25
"2895",3,0.83021757,6,24
"2896",3,0.83021757,60,31
"2897",3,0.83021757,61,17
"2898",3,0.83021757,62,21
"2899",3,0.83021757,63,16
"2900",3,0.83021757,64,19
"2901",3,0.83021757,65,27
"2902",3,0.83021757,66,25
"2903",3,0.83021757,67,20
"2904",3,0.83021757,68,16
"2905",3,0.83021757,69,19
"2906",3,0.83021757,7,31
"2907",3,0.83021757,70,19
"2908",3,0.83021757,71,24
"2909",3,0.83021757,72,22
"2910",3,0.83021757,73,20
"2911",3,0.83021757,74,16
"2912",3,0.83021757,75,20
"2913",3,0.83021757,76,29
"2914",3,0.83021757,77,27
"2915",3,0.83021757,78,26
"2916",3,0.83021757,79,27
"2917",3,0.83021757,8,20
"2918",3,0.83021757,80,24
"2919",3,0.83021757,81,17
"2920",3,0.83021757,82,21
"2921",3,0.83021757,83,19
"2922",3,0.83021757,84,41676
"2923",3,0.83021757,85,11
"2924",3,0.83021757,86,23
"2925",3,0.83021757,87,17
"2926",3,0.83021757,88,15
"2927",3,0.83021757,89,16
"2928",3,0.83021757,9,24
"2929",3,0.83021757,90,27
"2930",3,0.83021757,91,20
"2931",3,0.83021757,92,17
"2932",3,0.83021757,93,25
"2933",3,0.83021757,94,20
"2934",3,0.83021757,95,38605
"2935",3,0.83021757,96,22
"2936",3,0.83021757,97,15
"2937",3,0.83021757,98,17
"2938",3,0.83021757,99,28
"2939",3,0.93260335,1,29
"2940",3,0.93260335,10,25
"2941",3,0.93260335,100,28
"2942",3,0.93260335,11,24
"2943",3,0.93260335,12,27
"2944",3,0.93260335,13,23
"2945",3,0.93260335,14,19
"2946",3,0.93260335,15,25
"2947",3,0.93260335,16,25
"2948",3,0.93260335,17,31
"2949",3,0.93260335,18,18
"2950",3,0.93260335,19,28
"2951",3,0.93260335,2,28
"2952",3,0.93260335,20,29
"2953",3,0.93260335,21,23
"2954",3,0.93260335,22,25
"2955",3,0.93260335,23,34
"2956",3,0.93260335,24,37
"2957",3,0.93260335,25,18
"2958",3,0.93260335,26,29
"2959",3,0.93260335,27,33
"2960",3,0.93260335,28,27
"2961",3,0.93260335,29,27
"2962",3,0.93260335,3,22
"2963",3,0.93260335,30,23
"2964",3,0.93260335,31,22
"2965",3,0.93260335,32,20
"2966",3,0.93260335,33,28
"2967",3,0.93260335,34,20
"2968",3,0.93260335,35,30
"2969",3,0.93260335,36,33
"2970",3,0.93260335,37,20
"2971",3,0.93260335,38,33
"2972",3,0.93260335,39,24
"2973",3,0.93260335,4,25
"2974",3,0.93260335,40,28
"2975",3,0.93260335,41,33
"2976",3,0.93260335,42,18
"2977",3,0.93260335,43,22
"2978",3,0.93260335,44,34
"2979",3,0.93260335,45,23
"2980",3,0.93260335,46,25
"2981",3,0.93260335,47,22
"2982",3,0.93260335,48,29
"2983",3,0.93260335,49,23
"2984",3,0.93260335,5,18
"2985",3,0.93260335,50,24
"2986",3,0.93260335,51,24
"2987",3,0.93260335,52,16
"2988",3,0.93260335,53,28
"2989",3,0.93260335,54,29
"2990",3,0.93260335,55,18
"2991",3,0.93260335,56,13
"2992",3,0.93260335,57,24
"2993",3,0.93260335,58,11
"2994",3,0.93260335,59,25
"2995",3,0.93260335,6,20
"2996",3,0.93260335,60,20
"2997",3,0.93260335,61,31
"2998",3,0.93260335,62,18
"2999",3,0.93260335,63,28
"3000",3,0.93260335,64,23
"3001",3,0.93260335,65,27
"3002",3,0.93260335,66,21
"3003",3,0.93260335,67,28
"3004",3,0.93260335,68,29
"3005",3,0.93260335,69,22
"3006",3,0.93260335,7,28
"3007",3,0.93260335,70,22
"3008",3,0.93260335,71,29
"3009",3,0.93260335,72,25
"3010",3,0.93260335,73,27
"3011",3,0.93260335,74,19
"3012",3,0.93260335,75,28
"3013",3,0.93260335,76,27
"3014",3,0.93260335,77,33
"3015",3,0.93260335,78,11
"3016",3,0.93260335,79,34
"3017",3,0.93260335,8,25
"3018",3,0.93260335,80,28
"3019",3,0.93260335,81,26
"3020",3,0.93260335,82,22
"3021",3,0.93260335,83,12
"3022",3,0.93260335,84,33
"3023",3,0.93260335,85,25
"3024",3,0.93260335,86,23
"3025",3,0.93260335,87,28
"3026",3,0.93260335,88,25
"3027",3,0.93260335,89,20
"3028",3,0.93260335,9,29
"3029",3,0.93260335,90,21
"3030",3,0.93260335,91,24
"3031",3,0.93260335,92,26
"3032",3,0.93260335,93,19
"3033",3,0.93260335,94,18
"3034",3,0.93260335,95,33
"3035",3,0.93260335,96,24
"3036",3,0.93260335,97,26
"3037",3,0.93260335,98,24
"3038",3,0.93260335,99,28
"3039",3,1.04761575,1,22
"3040",3,1.04761575,10,28
"3041",3,1.04761575,100,36
"3042",3,1.04761575,11,31
"3043",3,1.04761575,12,19
"3044",3,1.04761575,13,31
"3045",3,1.04761575,14,35106
"3046",3,1.04761575,15,32
"3047",3,1.04761575,16,26
"3048",3,1.04761575,17,22
"3049",3,1.04761575,18,25
"3050",3,1.04761575,19,21
"3051",3,1.04761575,2,32
"3052",3,1.04761575,20,31
"3053",3,1.04761575,21,28
"3054",3,1.04761575,22,26
"3055",3,1.04761575,23,24
"3056",3,1.04761575,24,27
"3057",3,1.04761575,25,36
"3058",3,1.04761575,26,26
"3059",3,1.04761575,27,19
"3060",3,1.04761575,28,36
"3061",3,1.04761575,29,31
"3062",3,1.04761575,3,26
"3063",3,1.04761575,30,23
"3064",3,1.04761575,31,38
"3065",3,1.04761575,32,35
"3066",3,1.04761575,33,18
"3067",3,1.04761575,34,32
"3068",3,1.04761575,35,42305
"3069",3,1.04761575,36,44720
"3070",3,1.04761575,37,29
"3071",3,1.04761575,38,36
"3072",3,1.04761575,39,28
"3073",3,1.04761575,4,25
"3074",3,1.04761575,40,27
"3075",3,1.04761575,41,29
"3076",3,1.04761575,42,25
"3077",3,1.04761575,43,27
"3078",3,1.04761575,44,31
"3079",3,1.04761575,45,28
"3080",3,1.04761575,46,48844
"3081",3,1.04761575,47,28
"3082",3,1.04761575,48,29
"3083",3,1.04761575,49,21
"3084",3,1.04761575,5,20
"3085",3,1.04761575,50,25
"3086",3,1.04761575,51,31
"3087",3,1.04761575,52,28
"3088",3,1.04761575,53,21
"3089",3,1.04761575,54,30
"3090",3,1.04761575,55,35
"3091",3,1.04761575,56,35
"3092",3,1.04761575,57,31
"3093",3,1.04761575,58,23
"3094",3,1.04761575,59,32
"3095",3,1.04761575,6,29
"3096",3,1.04761575,60,33
"3097",3,1.04761575,61,29
"3098",3,1.04761575,62,23
"3099",3,1.04761575,63,23
"3100",3,1.04761575,64,29
"3101",3,1.04761575,65,25
"3102",3,1.04761575,66,29
"3103",3,1.04761575,67,28
"3104",3,1.04761575,68,24
"3105",3,1.04761575,69,36
"3106",3,1.04761575,7,21
"3107",3,1.04761575,70,27
"3108",3,1.04761575,71,32
"3109",3,1.04761575,72,42
"3110",3,1.04761575,73,87236
"3111",3,1.04761575,74,31
"3112",3,1.04761575,75,29
"3113",3,1.04761575,76,37
"3114",3,1.04761575,77,17
"3115",3,1.04761575,78,31
"3116",3,1.04761575,79,24
"3117",3,1.04761575,8,23
"3118",3,1.04761575,80,30
"3119",3,1.04761575,81,24
"3120",3,1.04761575,82,21
"3121",3,1.04761575,83,32
"3122",3,1.04761575,84,24
"3123",3,1.04761575,85,28
"3124",3,1.04761575,86,32
"3125",3,1.04761575,87,29
"3126",3,1.04761575,88,26
"3127",3,1.04761575,89,22
"3128",3,1.04761575,9,41
"3129",3,1.04761575,90,25
"3130",3,1.04761575,91,27
"3131",3,1.04761575,92,38
"3132",3,1.04761575,93,34
"3133",3,1.04761575,94,42895
"3134",3,1.04761575,95,28
"3135",3,1.04761575,96,30
"3136",3,1.04761575,97,22
"3137",3,1.04761575,98,20
"3138",3,1.04761575,99,24
"3139",3,1.17681195,1,27
"3140",3,1.17681195,10,30
"3141",3,1.17681195,100,37
"3142",3,1.17681195,11,29
"3143",3,1.17681195,12,28
"3144",3,1.17681195,13,31
"3145",3,1.17681195,14,32
"3146",3,1.17681195,15,24
"3147",3,1.17681195,16,33
"3148",3,1.17681195,17,23
"3149",3,1.17681195,18,34
"3150",3,1.17681195,19,33
"3151",3,1.17681195,2,30
"3152",3,1.17681195,20,37
"3153",3,1.17681195,21,29
"3154",3,1.17681195,22,33
"3155",3,1.17681195,23,28
"3156",3,1.17681195,24,25
"3157",3,1.17681195,25,24
"3158",3,1.17681195,26,32
"3159",3,1.17681195,27,50
"3160",3,1.17681195,28,32
"3161",3,1.17681195,29,28
"3162",3,1.17681195,3,24
"3163",3,1.17681195,30,36
"3164",3,1.17681195,31,34
"3165",3,1.17681195,32,31
"3166",3,1.17681195,33,39
"3167",3,1.17681195,34,32
"3168",3,1.17681195,35,30
"3169",3,1.17681195,36,21
"3170",3,1.17681195,37,30
"3171",3,1.17681195,38,42
"3172",3,1.17681195,39,36
"3173",3,1.17681195,4,30
"3174",3,1.17681195,40,31
"3175",3,1.17681195,41,31
"3176",3,1.17681195,42,30
"3177",3,1.17681195,43,30
"3178",3,1.17681195,44,36
"3179",3,1.17681195,45,32
"3180",3,1.17681195,46,30
"3181",3,1.17681195,47,33
"3182",3,1.17681195,48,31
"3183",3,1.17681195,49,30
"3184",3,1.17681195,5,22
"3185",3,1.17681195,50,23
"3186",3,1.17681195,51,27
"3187",3,1.17681195,52,53
"3188",3,1.17681195,53,29
"3189",3,1.17681195,54,35
"3190",3,1.17681195,55,16
"3191",3,1.17681195,56,37
"3192",3,1.17681195,57,32
"3193",3,1.17681195,58,24
"3194",3,1.17681195,59,25
"3195",3,1.17681195,6,31
"3196",3,1.17681195,60,27
"3197",3,1.17681195,61,29
"3198",3,1.17681195,62,39
"3199",3,1.17681195,63,22
"3200",3,1.17681195,64,33
"3201",3,1.17681195,65,32
"3202",3,1.17681195,66,27
"3203",3,1.17681195,67,26
"3204",3,1.17681195,68,31
"3205",3,1.17681195,69,31
"3206",3,1.17681195,7,33
"3207",3,1.17681195,70,30
"3208",3,1.17681195,71,23
"3209",3,1.17681195,72,39
"3210",3,1.17681195,73,28
"3211",3,1.17681195,74,26
"3212",3,1.17681195,75,21
"3213",3,1.17681195,76,26
"3214",3,1.17681195,77,49
"3215",3,1.17681195,78,34
"3216",3,1.17681195,79,24
"3217",3,1.17681195,8,34
"3218",3,1.17681195,80,20
"3219",3,1.17681195,81,27
"3220",3,1.17681195,82,32
"3221",3,1.17681195,83,49
"3222",3,1.17681195,84,46
"3223",3,1.17681195,85,26
"3224",3,1.17681195,86,31
"3225",3,1.17681195,87,37
"3226",3,1.17681195,88,35
"3227",3,1.17681195,89,31
"3228",3,1.17681195,9,46
"3229",3,1.17681195,90,41
"3230",3,1.17681195,91,31
"3231",3,1.17681195,92,28
"3232",3,1.17681195,93,34
"3233",3,1.17681195,94,24
"3234",3,1.17681195,95,29
"3235",3,1.17681195,96,29
"3236",3,1.17681195,97,26
"3237",3,1.17681195,98,30
"3238",3,1.17681195,99,21
"3239",3,1.32194115,1,31
"3240",3,1.32194115,10,32
"3241",3,1.32194115,100,34
"3242",3,1.32194115,11,42
"3243",3,1.32194115,12,31
"3244",3,1.32194115,13,34
"3245",3,1.32194115,14,33
"3246",3,1.32194115,15,29
"3247",3,1.32194115,16,33
"3248",3,1.32194115,17,28
"3249",3,1.32194115,18,40
"3250",3,1.32194115,19,41
"3251",3,1.32194115,2,37
"3252",3,1.32194115,20,36
"3253",3,1.32194115,21,39
"3254",3,1.32194115,22,26
"3255",3,1.32194115,23,29
"3256",3,1.32194115,24,34
"3257",3,1.32194115,25,30
"3258",3,1.32194115,26,33
"3259",3,1.32194115,27,30
"3260",3,1.32194115,28,29
"3261",3,1.32194115,29,42192
"3262",3,1.32194115,3,26
"3263",3,1.32194115,30,29
"3264",3,1.32194115,31,43910
"3265",3,1.32194115,32,29
"3266",3,1.32194115,33,41475
"3267",3,1.32194115,34,32
"3268",3,1.32194115,35,33
"3269",3,1.32194115,36,39
"3270",3,1.32194115,37,28
"3271",3,1.32194115,38,35
"3272",3,1.32194115,39,33
"3273",3,1.32194115,4,37967
"3274",3,1.32194115,40,38
"3275",3,1.32194115,41,31
"3276",3,1.32194115,42,41847
"3277",3,1.32194115,43,32
"3278",3,1.32194115,44,25
"3279",3,1.32194115,45,32
"3280",3,1.32194115,46,41809
"3281",3,1.32194115,47,37
"3282",3,1.32194115,48,38
"3283",3,1.32194115,49,32
"3284",3,1.32194115,5,29
"3285",3,1.32194115,50,33
"3286",3,1.32194115,51,32
"3287",3,1.32194115,52,20
"3288",3,1.32194115,53,34
"3289",3,1.32194115,54,38
"3290",3,1.32194115,55,42
"3291",3,1.32194115,56,38
"3292",3,1.32194115,57,31
"3293",3,1.32194115,58,39
"3294",3,1.32194115,59,36
"3295",3,1.32194115,6,32
"3296",3,1.32194115,60,36
"3297",3,1.32194115,61,34
"3298",3,1.32194115,62,32
"3299",3,1.32194115,63,41
"3300",3,1.32194115,64,34
"3301",3,1.32194115,65,36
"3302",3,1.32194115,66,37
"3303",3,1.32194115,67,26
"3304",3,1.32194115,68,37
"3305",3,1.32194115,69,46
"3306",3,1.32194115,7,34
"3307",3,1.32194115,70,44
"3308",3,1.32194115,71,38
"3309",3,1.32194115,72,40
"3310",3,1.32194115,73,34
"3311",3,1.32194115,74,27
"3312",3,1.32194115,75,24
"3313",3,1.32194115,76,32
"3314",3,1.32194115,77,36
"3315",3,1.32194115,78,33
"3316",3,1.32194115,79,33
"3317",3,1.32194115,8,38
"3318",3,1.32194115,80,36
"3319",3,1.32194115,81,41
"3320",3,1.32194115,82,24
"3321",3,1.32194115,83,33
"3322",3,1.32194115,84,22
"3323",3,1.32194115,85,35
"3324",3,1.32194115,86,45319
"3325",3,1.32194115,87,35
"3326",3,1.32194115,88,37
"3327",3,1.32194115,89,24
"3328",3,1.32194115,9,30
"3329",3,1.32194115,90,34
"3330",3,1.32194115,91,45
"3331",3,1.32194115,92,36
"3332",3,1.32194115,93,35
"3333",3,1.32194115,94,33
"3334",3,1.32194115,95,29
"3335",3,1.32194115,96,33
"3336",3,1.32194115,97,33
"3337",3,1.32194115,98,41
"3338",3,1.32194115,99,36
"3339",3,1.48496826,1,35
"3340",3,1.48496826,10,36
"3341",3,1.48496826,100,36
"3342",3,1.48496826,11,30
"3343",3,1.48496826,12,32
"3344",3,1.48496826,13,30
"3345",3,1.48496826,14,47
"3346",3,1.48496826,15,29
"3347",3,1.48496826,16,47
"3348",3,1.48496826,17,37
"3349",3,1.48496826,18,36
"3350",3,1.48496826,19,42746
"3351",3,1.48496826,2,41
"3352",3,1.48496826,20,43
"3353",3,1.48496826,21,35
"3354",3,1.48496826,22,38
"3355",3,1.48496826,23,39
"3356",3,1.48496826,24,38
"3357",3,1.48496826,25,41
"3358",3,1.48496826,26,222
"3359",3,1.48496826,27,38
"3360",3,1.48496826,28,36
"3361",3,1.48496826,29,36
"3362",3,1.48496826,3,29
"3363",3,1.48496826,30,50
"3364",3,1.48496826,31,42
"3365",3,1.48496826,32,46
"3366",3,1.48496826,33,28
"3367",3,1.48496826,34,33
"3368",3,1.48496826,35,22
"3369",3,1.48496826,36,40
"3370",3,1.48496826,37,32
"3371",3,1.48496826,38,41193
"3372",3,1.48496826,39,36
"3373",3,1.48496826,4,34
"3374",3,1.48496826,40,45
"3375",3,1.48496826,41,49
"3376",3,1.48496826,42,43986
"3377",3,1.48496826,43,53
"3378",3,1.48496826,44,35
"3379",3,1.48496826,45,44
"3380",3,1.48496826,46,49
"3381",3,1.48496826,47,40
"3382",3,1.48496826,48,43
"3383",3,1.48496826,49,35
"3384",3,1.48496826,5,28
"3385",3,1.48496826,50,42
"3386",3,1.48496826,51,37
"3387",3,1.48496826,52,30
"3388",3,1.48496826,53,40
"3389",3,1.48496826,54,41
"3390",3,1.48496826,55,29
"3391",3,1.48496826,56,45
"3392",3,1.48496826,57,47
"3393",3,1.48496826,58,52
"3394",3,1.48496826,59,36
"3395",3,1.48496826,6,41
"3396",3,1.48496826,60,39
"3397",3,1.48496826,61,38
"3398",3,1.48496826,62,37
"3399",3,1.48496826,63,30
"3400",3,1.48496826,64,240
"3401",3,1.48496826,65,6467
"3402",3,1.48496826,66,31
"3403",3,1.48496826,67,43
"3404",3,1.48496826,68,239
"3405",3,1.48496826,69,43306
"3406",3,1.48496826,7,41
"3407",3,1.48496826,70,35
"3408",3,1.48496826,71,40
"3409",3,1.48496826,72,36
"3410",3,1.48496826,73,33
"3411",3,1.48496826,74,27
"3412",3,1.48496826,75,44
"3413",3,1.48496826,76,33
"3414",3,1.48496826,77,47
"3415",3,1.48496826,78,40
"3416",3,1.48496826,79,45
"3417",3,1.48496826,8,35
"3418",3,1.48496826,80,34
"3419",3,1.48496826,81,43
"3420",3,1.48496826,82,38
"3421",3,1.48496826,83,26
"3422",3,1.48496826,84,34
"3423",3,1.48496826,85,30
"3424",3,1.48496826,86,42848
"3425",3,1.48496826,87,41
"3426",3,1.48496826,88,31
"3427",3,1.48496826,89,29
"3428",3,1.48496826,9,42
"3429",3,1.48496826,90,33
"3430",3,1.48496826,91,38
"3431",3,1.48496826,92,38
"3432",3,1.48496826,93,42
"3433",3,1.48496826,94,40
"3434",3,1.48496826,95,40
"3435",3,1.48496826,96,36819
"3436",3,1.48496826,97,44
"3437",3,1.48496826,98,33
"3438",3,1.48496826,99,41
"3439",3,1.66810054,1,39
"3440",3,1.66810054,10,48
"3441",3,1.66810054,100,34
"3442",3,1.66810054,11,41
"3443",3,1.66810054,12,45
"3444",3,1.66810054,13,46
"3445",3,1.66810054,14,45
"3446",3,1.66810054,15,32
"3447",3,1.66810054,16,37
"3448",3,1.66810054,17,38
"3449",3,1.66810054,18,50
"3450",3,1.66810054,19,52
"3451",3,1.66810054,2,38
"3452",3,1.66810054,20,51
"3453",3,1.66810054,21,47
"3454",3,1.66810054,22,39
"3455",3,1.66810054,23,42
"3456",3,1.66810054,24,57
"3457",3,1.66810054,25,41
"3458",3,1.66810054,26,36
"3459",3,1.66810054,27,47
"3460",3,1.66810054,28,33
"3461",3,1.66810054,29,38
"3462",3,1.66810054,3,48
"3463",3,1.66810054,30,33
"3464",3,1.66810054,31,43
"3465",3,1.66810054,32,56
"3466",3,1.66810054,33,42
"3467",3,1.66810054,34,37
"3468",3,1.66810054,35,57
"3469",3,1.66810054,36,41
"3470",3,1.66810054,37,53
"3471",3,1.66810054,38,43
"3472",3,1.66810054,39,45
"3473",3,1.66810054,4,66
"3474",3,1.66810054,40,49
"3475",3,1.66810054,41,47
"3476",3,1.66810054,42,31
"3477",3,1.66810054,43,56
"3478",3,1.66810054,44,46
"3479",3,1.66810054,45,34
"3480",3,1.66810054,46,31
"3481",3,1.66810054,47,53
"3482",3,1.66810054,48,43
"3483",3,1.66810054,49,47
"3484",3,1.66810054,5,52
"3485",3,1.66810054,50,47
"3486",3,1.66810054,51,43
"3487",3,1.66810054,52,38
"3488",3,1.66810054,53,43
"3489",3,1.66810054,54,43
"3490",3,1.66810054,55,37
"3491",3,1.66810054,56,47
"3492",3,1.66810054,57,31
"3493",3,1.66810054,58,45
"3494",3,1.66810054,59,44
"3495",3,1.66810054,6,53
"3496",3,1.66810054,60,53
"3497",3,1.66810054,61,42
"3498",3,1.66810054,62,53
"3499",3,1.66810054,63,46
"3500",3,1.66810054,64,42
"3501",3,1.66810054,65,46
"3502",3,1.66810054,66,37
"3503",3,1.66810054,67,35
"3504",3,1.66810054,68,55
"3505",3,1.66810054,69,54
"3506",3,1.66810054,7,40
"3507",3,1.66810054,70,40
"3508",3,1.66810054,71,43
"3509",3,1.66810054,72,55
"3510",3,1.66810054,73,51
"3511",3,1.66810054,74,39
"3512",3,1.66810054,75,42
"3513",3,1.66810054,76,43
"3514",3,1.66810054,77,38
"3515",3,1.66810054,78,40
"3516",3,1.66810054,79,27
"3517",3,1.66810054,8,35
"3518",3,1.66810054,80,36
"3519",3,1.66810054,81,40
"3520",3,1.66810054,82,42
"3521",3,1.66810054,83,45
"3522",3,1.66810054,84,47
"3523",3,1.66810054,85,33
"3524",3,1.66810054,86,39
"3525",3,1.66810054,87,41
"3526",3,1.66810054,88,44
"3527",3,1.66810054,89,57
"3528",3,1.66810054,9,47
"3529",3,1.66810054,90,39
"3530",3,1.66810054,91,54
"3531",3,1.66810054,92,40
"3532",3,1.66810054,93,48
"3533",3,1.66810054,94,44
"3534",3,1.66810054,95,46
"3535",3,1.66810054,96,43
"3536",3,1.66810054,97,52
"3537",3,1.66810054,98,39
"3538",3,1.66810054,99,41
"3539",3,1.87381742,1,49
"3540",3,1.87381742,10,29
"3541",3,1.87381742,100,44
"3542",3,1.87381742,11,61
"3543",3,1.87381742,12,47
"3544",3,1.87381742,13,51
"3545",3,1.87381742,14,46
"3546",3,1.87381742,15,50
"3547",3,1.87381742,16,49
"3548",3,1.87381742,17,47
"3549",3,1.87381742,18,53
"3550",3,1.87381742,19,54
"3551",3,1.87381742,2,61
"3552",3,1.87381742,20,48
"3553",3,1.87381742,21,33
"3554",3,1.87381742,22,47
"3555",3,1.87381742,23,49
"3556",3,1.87381742,24,49
"3557",3,1.87381742,25,52
"3558",3,1.87381742,26,51
"3559",3,1.87381742,27,56
"3560",3,1.87381742,28,40873
"3561",3,1.87381742,29,61
"3562",3,1.87381742,3,51
"3563",3,1.87381742,30,39
"3564",3,1.87381742,31,34
"3565",3,1.87381742,32,53
"3566",3,1.87381742,33,46
"3567",3,1.87381742,34,50
"3568",3,1.87381742,35,42
"3569",3,1.87381742,36,47
"3570",3,1.87381742,37,62
"3571",3,1.87381742,38,46
"3572",3,1.87381742,39,50
"3573",3,1.87381742,4,43
"3574",3,1.87381742,40,44
"3575",3,1.87381742,41,43
"3576",3,1.87381742,42,56
"3577",3,1.87381742,43,54
"3578",3,1.87381742,44,49
"3579",3,1.87381742,45,54
"3580",3,1.87381742,46,42
"3581",3,1.87381742,47,54
"3582",3,1.87381742,48,38
"3583",3,1.87381742,49,42
"3584",3,1.87381742,5,38567
"3585",3,1.87381742,50,37
"3586",3,1.87381742,51,48
"3587",3,1.87381742,52,43716
"3588",3,1.87381742,53,55
"3589",3,1.87381742,54,45
"3590",3,1.87381742,55,49
"3591",3,1.87381742,56,44
"3592",3,1.87381742,57,52
"3593",3,1.87381742,58,46
"3594",3,1.87381742,59,43
"3595",3,1.87381742,6,42
"3596",3,1.87381742,60,41
"3597",3,1.87381742,61,56
"3598",3,1.87381742,62,40476
"3599",3,1.87381742,63,58
"3600",3,1.87381742,64,40513
"3601",3,1.87381742,65,38
"3602",3,1.87381742,66,49
"3603",3,1.87381742,67,45
"3604",3,1.87381742,68,47
"3605",3,1.87381742,69,53
"3606",3,1.87381742,7,47
"3607",3,1.87381742,70,39
"3608",3,1.87381742,71,49
"3609",3,1.87381742,72,52
"3610",3,1.87381742,73,57
"3611",3,1.87381742,74,51
"3612",3,1.87381742,75,57
"3613",3,1.87381742,76,50
"3614",3,1.87381742,77,55
"3615",3,1.87381742,78,47
"3616",3,1.87381742,79,61
"3617",3,1.87381742,8,48
"3618",3,1.87381742,80,51
"3619",3,1.87381742,81,38
"3620",3,1.87381742,82,56
"3621",3,1.87381742,83,52
"3622",3,1.87381742,84,53
"3623",3,1.87381742,85,48
"3624",3,1.87381742,86,57
"3625",3,1.87381742,87,35
"3626",3,1.87381742,88,51
"3627",3,1.87381742,89,49
"3628",3,1.87381742,9,40
"3629",3,1.87381742,90,56
"3630",3,1.87381742,91,54
"3631",3,1.87381742,92,49
"3632",3,1.87381742,93,47
"3633",3,1.87381742,94,51
"3634",3,1.87381742,95,40793
"3635",3,1.87381742,96,47
"3636",3,1.87381742,97,43617
"3637",3,1.87381742,98,50
"3638",3,1.87381742,99,51
"3639",3,10.72267222,1,39567
"3640",3,10.72267222,10,273
"3641",3,10.72267222,100,281
"3642",3,10.72267222,11,256
"3643",3,10.72267222,12,74197
"3644",3,10.72267222,13,287
"3645",3,10.72267222,14,38548
"3646",3,10.72267222,15,42909
"3647",3,10.72267222,16,43466
"3648",3,10.72267222,17,272
"3649",3,10.72267222,18,80454
"3650",3,10.72267222,19,279
"3651",3,10.72267222,2,76391
"3652",3,10.72267222,20,294
"3653",3,10.72267222,21,45272
"3654",3,10.72267222,22,40615
"3655",3,10.72267222,23,37334
"3656",3,10.72267222,24,82480
"3657",3,10.72267222,25,47557
"3658",3,10.72267222,26,88177
"3659",3,10.72267222,27,287
"3660",3,10.72267222,28,37263
"3661",3,10.72267222,29,289
"3662",3,10.72267222,3,84280
"3663",3,10.72267222,30,82648
"3664",3,10.72267222,31,452
"3665",3,10.72267222,32,303
"3666",3,10.72267222,33,275
"3667",3,10.72267222,34,269
"3668",3,10.72267222,35,87130
"3669",3,10.72267222,36,35662
"3670",3,10.72267222,37,40054
"3671",3,10.72267222,38,42573
"3672",3,10.72267222,39,43608
"3673",3,10.72267222,4,297
"3674",3,10.72267222,40,38002
"3675",3,10.72267222,41,290
"3676",3,10.72267222,42,303
"3677",3,10.72267222,43,43935
"3678",3,10.72267222,44,37921
"3679",3,10.72267222,45,41622
"3680",3,10.72267222,46,5108
"3681",3,10.72267222,47,481
"3682",3,10.72267222,48,41754
"3683",3,10.72267222,49,4599
"3684",3,10.72267222,5,42104
"3685",3,10.72267222,50,259
"3686",3,10.72267222,51,41745
"3687",3,10.72267222,52,85395
"3688",3,10.72267222,53,305
"3689",3,10.72267222,54,254
"3690",3,10.72267222,55,37703
"3691",3,10.72267222,56,255
"3692",3,10.72267222,57,37932
"3693",3,10.72267222,58,299
"3694",3,10.72267222,59,41930
"3695",3,10.72267222,6,271
"3696",3,10.72267222,60,257
"3697",3,10.72267222,61,276
"3698",3,10.72267222,62,91307
"3699",3,10.72267222,63,255
"3700",3,10.72267222,64,239
"3701",3,10.72267222,65,286
"3702",3,10.72267222,66,264
"3703",3,10.72267222,67,281
"3704",3,10.72267222,68,161790
"3705",3,10.72267222,69,43751
"3706",3,10.72267222,7,272
"3707",3,10.72267222,70,294
"3708",3,10.72267222,71,286
"3709",3,10.72267222,72,44241
"3710",3,10.72267222,73,281
"3711",3,10.72267222,74,36831
"3712",3,10.72267222,75,37476
"3713",3,10.72267222,76,261
"3714",3,10.72267222,77,42599
"3715",3,10.72267222,78,42974
"3716",3,10.72267222,79,40133
"3717",3,10.72267222,8,294
"3718",3,10.72267222,80,44112
"3719",3,10.72267222,81,274
"3720",3,10.72267222,82,273
"3721",3,10.72267222,83,283
"3722",3,10.72267222,84,262
"3723",3,10.72267222,85,269
"3724",3,10.72267222,86,82209
"3725",3,10.72267222,87,161795
"3726",3,10.72267222,88,271
"3727",3,10.72267222,89,262
"3728",3,10.72267222,9,270
"3729",3,10.72267222,90,288
"3730",3,10.72267222,91,86564
"3731",3,10.72267222,92,292
"3732",3,10.72267222,93,279
"3733",3,10.72267222,94,261
"3734",3,10.72267222,95,4534
"3735",3,10.72267222,96,45097
"3736",3,10.72267222,97,43195
"3737",3,10.72267222,98,279
"3738",3,10.72267222,99,77620
"3739",3,1000,1,2160347
"3740",3,1000,10,2475696
"3741",3,1000,100,2389969
"3742",3,1000,11,2430750
"3743",3,1000,12,1919597
"3744",3,1000,13,2472607
"3745",3,1000,14,2109527
"3746",3,1000,15,2609742
"3747",3,1000,16,2079216
"3748",3,1000,17,1699435
"3749",3,1000,18,2476742
"3750",3,1000,19,2571171
"3751",3,1000,2,2407483
"3752",3,1000,20,2433479
"3753",3,1000,21,2793226
"3754",3,1000,22,1842700
"3755",3,1000,23,2225690
"3756",3,1000,24,2319730
"3757",3,1000,25,2065027
"3758",3,1000,26,1850764
"3759",3,1000,27,2030485
"3760",3,1000,28,2573077
"3761",3,1000,29,2635761
"3762",3,1000,3,2147317
"3763",3,1000,30,1950030
"3764",3,1000,31,1969674
"3765",3,1000,32,2654478
"3766",3,1000,33,2486929
"3767",3,1000,34,2629854
"3768",3,1000,35,2583353
"3769",3,1000,36,2865795
"3770",3,1000,37,2352666
"3771",3,1000,38,2469244
"3772",3,1000,39,2222333
"3773",3,1000,4,2127884
"3774",3,1000,40,2464789
"3775",3,1000,41,2469066
"3776",3,1000,42,2170677
"3777",3,1000,43,2404135
"3778",3,1000,44,2052250
"3779",3,1000,45,2997543
"3780",3,1000,46,2306093
"3781",3,1000,47,2791705
"3782",3,1000,48,2062891
"3783",3,1000,49,2610634
"3784",3,1000,5,1921033
"3785",3,1000,50,2222928
"3786",3,1000,51,2181018
"3787",3,1000,52,1819084
"3788",3,1000,53,2335984
"3789",3,1000,54,2555889
"3790",3,1000,55,2362928
"3791",3,1000,56,2463558
"3792",3,1000,57,2326510
"3793",3,1000,58,2489981
"3794",3,1000,59,1985309
"3795",3,1000,6,1834865
"3796",3,1000,60,2570448
"3797",3,1000,61,2697018
"3798",3,1000,62,2264183
"3799",3,1000,63,3033211
"3800",3,1000,64,2166338
"3801",3,1000,65,2506100
"3802",3,1000,66,2592631
"3803",3,1000,67,2477985
"3804",3,1000,68,2308234
"3805",3,1000,69,2398058
"3806",3,1000,7,1979250
"3807",3,1000,70,2380496
"3808",3,1000,71,2070501
"3809",3,1000,72,2161183
"3810",3,1000,73,2962295
"3811",3,1000,74,2982042
"3812",3,1000,75,1831014
"3813",3,1000,76,1979621
"3814",3,1000,77,2877062
"3815",3,1000,78,1764924
"3816",3,1000,79,2165714
"3817",3,1000,8,2182816
"3818",3,1000,80,1701242
"3819",3,1000,81,2358388
"3820",3,1000,82,2231192
"3821",3,1000,83,2532351
"3822",3,1000,84,1780477
"3823",3,1000,85,2197097
"3824",3,1000,86,2542953
"3825",3,1000,87,2403892
"3826",3,1000,88,2253102
"3827",3,1000,89,1913875
"3828",3,1000,9,2063784
"3829",3,1000,90,1985309
"3830",3,1000,91,2066727
"3831",3,1000,92,2141792
"3832",3,1000,93,2087722
"3833",3,1000,94,2065027
"3834",3,1000,95,2339373
"3835",3,1000,96,2982065
"3836",3,1000,97,2451640
"3837",3,1000,98,2329348
"3838",3,1000,99,2154993
"3839",3,109.74987655,1,246360
"3840",3,109.74987655,10,166538
"3841",3,109.74987655,100,131710
"3842",3,109.74987655,11,217872
"3843",3,109.74987655,12,218478
"3844",3,109.74987655,13,257756
"3845",3,109.74987655,14,173804
"3846",3,109.74987655,15,57104
"3847",3,109.74987655,16,128577
"3848",3,109.74987655,17,171966
"3849",3,109.74987655,18,166632
"3850",3,109.74987655,19,370701
"3851",3,109.74987655,2,282003
"3852",3,109.74987655,20,298685
"3853",3,109.74987655,21,201327
"3854",3,109.74987655,22,408069
"3855",3,109.74987655,23,234637
"3856",3,109.74987655,24,207910
"3857",3,109.74987655,25,294954
"3858",3,109.74987655,26,340557
"3859",3,109.74987655,27,238905
"3860",3,109.74987655,28,332338
"3861",3,109.74987655,29,121758
"3862",3,109.74987655,3,337854
"3863",3,109.74987655,30,331397
"3864",3,109.74987655,31,210628
"3865",3,109.74987655,32,295918
"3866",3,109.74987655,33,222420
"3867",3,109.74987655,34,215054
"3868",3,109.74987655,35,180175
"3869",3,109.74987655,36,93879
"3870",3,109.74987655,37,84711
"3871",3,109.74987655,38,373384
"3872",3,109.74987655,39,377604
"3873",3,109.74987655,4,246685
"3874",3,109.74987655,40,287964
"3875",3,109.74987655,41,209928
"3876",3,109.74987655,42,163237
"3877",3,109.74987655,43,198356
"3878",3,109.74987655,44,164935
"3879",3,109.74987655,45,202692
"3880",3,109.74987655,46,261143
"3881",3,109.74987655,47,251347
"3882",3,109.74987655,48,288745
"3883",3,109.74987655,49,335207
"3884",3,109.74987655,5,168541
"3885",3,109.74987655,50,205326
"3886",3,109.74987655,51,250669
"3887",3,109.74987655,52,366933
"3888",3,109.74987655,53,98119
"3889",3,109.74987655,54,212641
"3890",3,109.74987655,55,299174
"3891",3,109.74987655,56,163210
"3892",3,109.74987655,57,393107
"3893",3,109.74987655,58,237152
"3894",3,109.74987655,59,365063
"3895",3,109.74987655,6,252524
"3896",3,109.74987655,60,230592
"3897",3,109.74987655,61,84634
"3898",3,109.74987655,62,327960
"3899",3,109.74987655,63,145689
"3900",3,109.74987655,64,162606
"3901",3,109.74987655,65,337413
"3902",3,109.74987655,66,171682
"3903",3,109.74987655,67,167398
"3904",3,109.74987655,68,255350
"3905",3,109.74987655,69,262561
"3906",3,109.74987655,7,373025
"3907",3,109.74987655,70,170790
"3908",3,109.74987655,71,301536
"3909",3,109.74987655,72,165976
"3910",3,109.74987655,73,133565
"3911",3,109.74987655,74,222553
"3912",3,109.74987655,75,297053
"3913",3,109.74987655,76,500820
"3914",3,109.74987655,77,412639
"3915",3,109.74987655,78,163735
"3916",3,109.74987655,79,312448
"3917",3,109.74987655,8,132944
"3918",3,109.74987655,80,208105
"3919",3,109.74987655,81,441628
"3920",3,109.74987655,82,162163
"3921",3,109.74987655,83,255320
"3922",3,109.74987655,84,238789
"3923",3,109.74987655,85,204152
"3924",3,109.74987655,86,206538
"3925",3,109.74987655,87,333144
"3926",3,109.74987655,88,208729
"3927",3,109.74987655,89,324096
"3928",3,109.74987655,9,208054
"3929",3,109.74987655,90,81796
"3930",3,109.74987655,91,159082
"3931",3,109.74987655,92,289435
"3932",3,109.74987655,93,195343
"3933",3,109.74987655,94,164914
"3934",3,109.74987655,95,173464
"3935",3,109.74987655,96,216010
"3936",3,109.74987655,97,378674
"3937",3,109.74987655,98,166797
"3938",3,109.74987655,99,130801
"3939",3,12.0450354,1,125180
"3940",3,12.0450354,10,42906
"3941",3,12.0450354,100,321
"3942",3,12.0450354,11,267
"3943",3,12.0450354,12,48920
"3944",3,12.0450354,13,313
"3945",3,12.0450354,14,40104
"3946",3,12.0450354,15,85533
"3947",3,12.0450354,16,85302
"3948",3,12.0450354,17,314
"3949",3,12.0450354,18,44884
"3950",3,12.0450354,19,37672
"3951",3,12.0450354,2,306
"3952",3,12.0450354,20,83673
"3953",3,12.0450354,21,40664
"3954",3,12.0450354,22,290
"3955",3,12.0450354,23,284
"3956",3,12.0450354,24,32639
"3957",3,12.0450354,25,126239
"3958",3,12.0450354,26,299
"3959",3,12.0450354,27,46550
"3960",3,12.0450354,28,42058
"3961",3,12.0450354,29,329
"3962",3,12.0450354,3,328
"3963",3,12.0450354,30,40804
"3964",3,12.0450354,31,292
"3965",3,12.0450354,32,317
"3966",3,12.0450354,33,254
"3967",3,12.0450354,34,325
"3968",3,12.0450354,35,40751
"3969",3,12.0450354,36,337
"3970",3,12.0450354,37,331
"3971",3,12.0450354,38,39633
"3972",3,12.0450354,39,82671
"3973",3,12.0450354,4,333
"3974",3,12.0450354,40,80366
"3975",3,12.0450354,41,5311
"3976",3,12.0450354,42,166811
"3977",3,12.0450354,43,34319
"3978",3,12.0450354,44,308
"3979",3,12.0450354,45,79901
"3980",3,12.0450354,46,38826
"3981",3,12.0450354,47,44039
"3982",3,12.0450354,48,40214
"3983",3,12.0450354,49,329
"3984",3,12.0450354,5,81189
"3985",3,12.0450354,50,49002
"3986",3,12.0450354,51,330
"3987",3,12.0450354,52,310
"3988",3,12.0450354,53,355
"3989",3,12.0450354,54,35325
"3990",3,12.0450354,55,80448
"3991",3,12.0450354,56,312
"3992",3,12.0450354,57,299
"3993",3,12.0450354,58,310
"3994",3,12.0450354,59,88746
"3995",3,12.0450354,6,72404
"3996",3,12.0450354,60,84004
"3997",3,12.0450354,61,87631
"3998",3,12.0450354,62,303
"3999",3,12.0450354,63,283
"4000",3,12.0450354,64,289
"4001",3,12.0450354,65,78561
"4002",3,12.0450354,66,87642
"4003",3,12.0450354,67,317
"4004",3,12.0450354,68,332
"4005",3,12.0450354,69,306
"4006",3,12.0450354,7,287
"4007",3,12.0450354,70,314
"4008",3,12.0450354,71,34417
"4009",3,12.0450354,72,130441
"4010",3,12.0450354,73,44868
"4011",3,12.0450354,74,42425
"4012",3,12.0450354,75,44085
"4013",3,12.0450354,76,289
"4014",3,12.0450354,77,88892
"4015",3,12.0450354,78,43237
"4016",3,12.0450354,79,82718
"4017",3,12.0450354,8,347
"4018",3,12.0450354,80,88568
"4019",3,12.0450354,81,327
"4020",3,12.0450354,82,50181
"4021",3,12.0450354,83,286
"4022",3,12.0450354,84,82089
"4023",3,12.0450354,85,41906
"4024",3,12.0450354,86,46379
"4025",3,12.0450354,87,38394
"4026",3,12.0450354,88,7354
"4027",3,12.0450354,89,325
"4028",3,12.0450354,9,294
"4029",3,12.0450354,90,41429
"4030",3,12.0450354,91,41094
"4031",3,12.0450354,92,39167
"4032",3,12.0450354,93,309
"4033",3,12.0450354,94,43253
"4034",3,12.0450354,95,41014
"4035",3,12.0450354,96,42896
"4036",3,12.0450354,97,314
"4037",3,12.0450354,98,299
"4038",3,12.0450354,99,315
"4039",3,123.28467394,1,289060
"4040",3,123.28467394,10,378708
"4041",3,123.28467394,100,381724
"4042",3,123.28467394,11,255517
"4043",3,123.28467394,12,264657
"4044",3,123.28467394,13,90568
"4045",3,123.28467394,14,370515
"4046",3,123.28467394,15,294876
"4047",3,123.28467394,16,389249
"4048",3,123.28467394,17,463404
"4049",3,123.28467394,18,257591
"4050",3,123.28467394,19,433967
"4051",3,123.28467394,2,378569
"4052",3,123.28467394,20,504706
"4053",3,123.28467394,21,216131
"4054",3,123.28467394,22,374603
"4055",3,123.28467394,23,258735
"4056",3,123.28467394,24,301439
"4057",3,123.28467394,25,281249
"4058",3,123.28467394,26,340368
"4059",3,123.28467394,27,299011
"4060",3,123.28467394,28,368718
"4061",3,123.28467394,29,350814
"4062",3,123.28467394,3,402663
"4063",3,123.28467394,30,211602
"4064",3,123.28467394,31,285346
"4065",3,123.28467394,32,368778
"4066",3,123.28467394,33,295811
"4067",3,123.28467394,34,303348
"4068",3,123.28467394,35,425384
"4069",3,123.28467394,36,378435
"4070",3,123.28467394,37,296087
"4071",3,123.28467394,38,339286
"4072",3,123.28467394,39,377796
"4073",3,123.28467394,4,285284
"4074",3,123.28467394,40,130654
"4075",3,123.28467394,41,550974
"4076",3,123.28467394,42,212661
"4077",3,123.28467394,43,294427
"4078",3,123.28467394,44,628842
"4079",3,123.28467394,45,263588
"4080",3,123.28467394,46,131325
"4081",3,123.28467394,47,3379
"4082",3,123.28467394,48,207439
"4083",3,123.28467394,49,123154
"4084",3,123.28467394,5,131256
"4085",3,123.28467394,50,321848
"4086",3,123.28467394,51,338318
"4087",3,123.28467394,52,142483
"4088",3,123.28467394,53,89146
"4089",3,123.28467394,54,426143
"4090",3,123.28467394,55,309283
"4091",3,123.28467394,56,216271
"4092",3,123.28467394,57,245722
"4093",3,123.28467394,58,250713
"4094",3,123.28467394,59,257676
"4095",3,123.28467394,6,249574
"4096",3,123.28467394,60,281952
"4097",3,123.28467394,61,288252
"4098",3,123.28467394,62,392738
"4099",3,123.28467394,63,500457
"4100",3,123.28467394,64,217313
"4101",3,123.28467394,65,43029
"4102",3,123.28467394,66,307792
"4103",3,123.28467394,67,389195
"4104",3,123.28467394,68,273777
"4105",3,123.28467394,69,207318
"4106",3,123.28467394,7,375255
"4107",3,123.28467394,70,215389
"4108",3,123.28467394,71,125286
"4109",3,123.28467394,72,368706
"4110",3,123.28467394,73,45389
"4111",3,123.28467394,74,83521
"4112",3,123.28467394,75,406941
"4113",3,123.28467394,76,213965
"4114",3,123.28467394,77,295385
"4115",3,123.28467394,78,495365
"4116",3,123.28467394,79,262491
"4117",3,123.28467394,8,277640
"4118",3,123.28467394,80,309562
"4119",3,123.28467394,81,269381
"4120",3,123.28467394,82,237617
"4121",3,123.28467394,83,260058
"4122",3,123.28467394,84,289748
"4123",3,123.28467394,85,419262
"4124",3,123.28467394,86,215239
"4125",3,123.28467394,87,239879
"4126",3,123.28467394,88,172533
"4127",3,123.28467394,89,204846
"4128",3,123.28467394,9,182568
"4129",3,123.28467394,90,407684
"4130",3,123.28467394,91,403168
"4131",3,123.28467394,92,290591
"4132",3,123.28467394,93,253078
"4133",3,123.28467394,94,421858
"4134",3,123.28467394,95,404834
"4135",3,123.28467394,96,45987
"4136",3,123.28467394,97,134043
"4137",3,123.28467394,98,142093
"4138",3,123.28467394,99,116397
"4139",3,13.53047775,1,42501
"4140",3,13.53047775,10,342
"4141",3,13.53047775,100,83018
"4142",3,13.53047775,11,350
"4143",3,13.53047775,12,42336
"4144",3,13.53047775,13,40783
"4145",3,13.53047775,14,367
"4146",3,13.53047775,15,350
"4147",3,13.53047775,16,331
"4148",3,13.53047775,17,376
"4149",3,13.53047775,18,346
"4150",3,13.53047775,19,550
"4151",3,13.53047775,2,345
"4152",3,13.53047775,20,40085
"4153",3,13.53047775,21,366
"4154",3,13.53047775,22,80095
"4155",3,13.53047775,23,342
"4156",3,13.53047775,24,82674
"4157",3,13.53047775,25,332
"4158",3,13.53047775,26,333
"4159",3,13.53047775,27,42445
"4160",3,13.53047775,28,86884
"4161",3,13.53047775,29,80704
"4162",3,13.53047775,3,549
"4163",3,13.53047775,30,333
"4164",3,13.53047775,31,89559
"4165",3,13.53047775,32,41652
"4166",3,13.53047775,33,122610
"4167",3,13.53047775,34,331
"4168",3,13.53047775,35,3924
"4169",3,13.53047775,36,37379
"4170",3,13.53047775,37,80136
"4171",3,13.53047775,38,83798
"4172",3,13.53047775,39,81065
"4173",3,13.53047775,4,371
"4174",3,13.53047775,40,340
"4175",3,13.53047775,41,165840
"4176",3,13.53047775,42,41376
"4177",3,13.53047775,43,319
"4178",3,13.53047775,44,330
"4179",3,13.53047775,45,40939
"4180",3,13.53047775,46,346
"4181",3,13.53047775,47,347
"4182",3,13.53047775,48,357
"4183",3,13.53047775,49,90429
"4184",3,13.53047775,5,47101
"4185",3,13.53047775,50,366
"4186",3,13.53047775,51,88104
"4187",3,13.53047775,52,43125
"4188",3,13.53047775,53,40939
"4189",3,13.53047775,54,44858
"4190",3,13.53047775,55,43605
"4191",3,13.53047775,56,380
"4192",3,13.53047775,57,39387
"4193",3,13.53047775,58,540
"4194",3,13.53047775,59,39905
"4195",3,13.53047775,6,126330
"4196",3,13.53047775,60,357
"4197",3,13.53047775,61,81466
"4198",3,13.53047775,62,44335
"4199",3,13.53047775,63,372
"4200",3,13.53047775,64,76851
"4201",3,13.53047775,65,349
"4202",3,13.53047775,66,358
"4203",3,13.53047775,67,304
"4204",3,13.53047775,68,503
"4205",3,13.53047775,69,40950
"4206",3,13.53047775,7,328
"4207",3,13.53047775,70,45158
"4208",3,13.53047775,71,149681
"4209",3,13.53047775,72,344
"4210",3,13.53047775,73,176264
"4211",3,13.53047775,74,338
"4212",3,13.53047775,75,5376
"4213",3,13.53047775,76,507
"4214",3,13.53047775,77,86744
"4215",3,13.53047775,78,41927
"4216",3,13.53047775,79,339
"4217",3,13.53047775,8,5220
"4218",3,13.53047775,80,43932
"4219",3,13.53047775,81,42069
"4220",3,13.53047775,82,328
"4221",3,13.53047775,83,309
"4222",3,13.53047775,84,43129
"4223",3,13.53047775,85,79680
"4224",3,13.53047775,86,377
"4225",3,13.53047775,87,44335
"4226",3,13.53047775,88,43218
"4227",3,13.53047775,89,123685
"4228",3,13.53047775,9,37089
"4229",3,13.53047775,90,344
"4230",3,13.53047775,91,39971
"4231",3,13.53047775,92,43954
"4232",3,13.53047775,93,75391
"4233",3,13.53047775,94,300
"4234",3,13.53047775,95,359
"4235",3,13.53047775,96,381
"4236",3,13.53047775,97,43760
"4237",3,13.53047775,98,365
"4238",3,13.53047775,99,405
"4239",3,138.48863714,1,415953
"4240",3,138.48863714,10,551558
"4241",3,138.48863714,100,342660
"4242",3,138.48863714,11,333217
"4243",3,138.48863714,12,698984
"4244",3,138.48863714,13,261121
"4245",3,138.48863714,14,496171
"4246",3,138.48863714,15,399619
"4247",3,138.48863714,16,454457
"4248",3,138.48863714,17,430533
"4249",3,138.48863714,18,201587
"4250",3,138.48863714,19,245584
"4251",3,138.48863714,2,352838
"4252",3,138.48863714,20,304713
"4253",3,138.48863714,21,172543
"4254",3,138.48863714,22,471882
"4255",3,138.48863714,23,214485
"4256",3,138.48863714,24,244971
"4257",3,138.48863714,25,180177
"4258",3,138.48863714,26,203353
"4259",3,138.48863714,27,225998
"4260",3,138.48863714,28,262032
"4261",3,138.48863714,29,334478
"4262",3,138.48863714,3,293139
"4263",3,138.48863714,30,257302
"4264",3,138.48863714,31,455884
"4265",3,138.48863714,32,462549
"4266",3,138.48863714,33,252014
"4267",3,138.48863714,34,424700
"4268",3,138.48863714,35,251566
"4269",3,138.48863714,36,926148
"4270",3,138.48863714,37,252491
"4271",3,138.48863714,38,457316
"4272",3,138.48863714,39,380853
"4273",3,138.48863714,4,344147
"4274",3,138.48863714,40,405826
"4275",3,138.48863714,41,286735
"4276",3,138.48863714,42,246734
"4277",3,138.48863714,43,124936
"4278",3,138.48863714,44,294258
"4279",3,138.48863714,45,452350
"4280",3,138.48863714,46,261761
"4281",3,138.48863714,47,336997
"4282",3,138.48863714,48,372219
"4283",3,138.48863714,49,165596
"4284",3,138.48863714,5,363277
"4285",3,138.48863714,50,166712
"4286",3,138.48863714,51,382062
"4287",3,138.48863714,52,246988
"4288",3,138.48863714,53,350735
"4289",3,138.48863714,54,406203
"4290",3,138.48863714,55,328373
"4291",3,138.48863714,56,411623
"4292",3,138.48863714,57,347503
"4293",3,138.48863714,58,384427
"4294",3,138.48863714,59,359535
"4295",3,138.48863714,6,161042
"4296",3,138.48863714,60,251291
"4297",3,138.48863714,61,172543
"4298",3,138.48863714,62,254379
"4299",3,138.48863714,63,294866
"4300",3,138.48863714,64,514772
"4301",3,138.48863714,65,255105
"4302",3,138.48863714,66,325918
"4303",3,138.48863714,67,178017
"4304",3,138.48863714,68,292300
"4305",3,138.48863714,69,252271
"4306",3,138.48863714,7,446272
"4307",3,138.48863714,70,588475
"4308",3,138.48863714,71,347169
"4309",3,138.48863714,72,419619
"4310",3,138.48863714,73,247406
"4311",3,138.48863714,74,416965
"4312",3,138.48863714,75,408886
"4313",3,138.48863714,76,374035
"4314",3,138.48863714,77,381828
"4315",3,138.48863714,78,269654
"4316",3,138.48863714,79,202852
"4317",3,138.48863714,8,353528
"4318",3,138.48863714,80,164274
"4319",3,138.48863714,81,311194
"4320",3,138.48863714,82,201186
"4321",3,138.48863714,83,262032
"4322",3,138.48863714,84,332250
"4323",3,138.48863714,85,409269
"4324",3,138.48863714,86,243944
"4325",3,138.48863714,87,299480
"4326",3,138.48863714,88,331178
"4327",3,138.48863714,89,445177
"4328",3,138.48863714,9,517479
"4329",3,138.48863714,90,163607
"4330",3,138.48863714,91,412615
"4331",3,138.48863714,92,171351
"4332",3,138.48863714,93,427837
"4333",3,138.48863714,94,470556
"4334",3,138.48863714,95,431599
"4335",3,138.48863714,96,286544
"4336",3,138.48863714,97,388493
"4337",3,138.48863714,98,175006
"4338",3,138.48863714,99,319740
"4339",3,15.19911083,1,40293
"4340",3,15.19911083,10,38203
"4341",3,15.19911083,100,6422
"4342",3,15.19911083,11,566
"4343",3,15.19911083,12,7442
"4344",3,15.19911083,13,378
"4345",3,15.19911083,14,399
"4346",3,15.19911083,15,41329
"4347",3,15.19911083,16,37029
"4348",3,15.19911083,17,43024
"4349",3,15.19911083,18,415
"4350",3,15.19911083,19,80949
"4351",3,15.19911083,2,83684
"4352",3,15.19911083,20,393
"4353",3,15.19911083,21,365
"4354",3,15.19911083,22,39813
"4355",3,15.19911083,23,383
"4356",3,15.19911083,24,5011
"4357",3,15.19911083,25,41045
"4358",3,15.19911083,26,375
"4359",3,15.19911083,27,4678
"4360",3,15.19911083,28,37460
"4361",3,15.19911083,29,42969
"4362",3,15.19911083,3,44411
"4363",3,15.19911083,30,376
"4364",3,15.19911083,31,82888
"4365",3,15.19911083,32,382
"4366",3,15.19911083,33,360
"4367",3,15.19911083,34,46702
"4368",3,15.19911083,35,43197
"4369",3,15.19911083,36,40862
"4370",3,15.19911083,37,41207
"4371",3,15.19911083,38,37755
"4372",3,15.19911083,39,37409
"4373",3,15.19911083,4,410
"4374",3,15.19911083,40,121580
"4375",3,15.19911083,41,45094
"4376",3,15.19911083,42,375
"4377",3,15.19911083,43,46855
"4378",3,15.19911083,44,84061
"4379",3,15.19911083,45,400
"4380",3,15.19911083,46,418
"4381",3,15.19911083,47,395
"4382",3,15.19911083,48,45872
"4383",3,15.19911083,49,86752
"4384",3,15.19911083,5,383
"4385",3,15.19911083,50,86774
"4386",3,15.19911083,51,371
"4387",3,15.19911083,52,400
"4388",3,15.19911083,53,43265
"4389",3,15.19911083,54,124270
"4390",3,15.19911083,55,3984
"4391",3,15.19911083,56,427
"4392",3,15.19911083,57,84848
"4393",3,15.19911083,58,383
"4394",3,15.19911083,59,39738
"4395",3,15.19911083,6,43880
"4396",3,15.19911083,60,80929
"4397",3,15.19911083,61,377
"4398",3,15.19911083,62,82981
"4399",3,15.19911083,63,411
"4400",3,15.19911083,64,129485
"4401",3,15.19911083,65,566
"4402",3,15.19911083,66,390
"4403",3,15.19911083,67,399
"4404",3,15.19911083,68,86882
"4405",3,15.19911083,69,125907
"4406",3,15.19911083,7,37840
"4407",3,15.19911083,70,89774
"4408",3,15.19911083,71,37430
"4409",3,15.19911083,72,37980
"4410",3,15.19911083,73,416
"4411",3,15.19911083,74,396
"4412",3,15.19911083,75,38910
"4413",3,15.19911083,76,72530
"4414",3,15.19911083,77,38175
"4415",3,15.19911083,78,126774
"4416",3,15.19911083,79,390
"4417",3,15.19911083,8,43342
"4418",3,15.19911083,80,432
"4419",3,15.19911083,81,408
"4420",3,15.19911083,82,408
"4421",3,15.19911083,83,37122
"4422",3,15.19911083,84,392
"4423",3,15.19911083,85,80589
"4424",3,15.19911083,86,409
"4425",3,15.19911083,87,42518
"4426",3,15.19911083,88,379
"4427",3,15.19911083,89,5486
"4428",3,15.19911083,9,391
"4429",3,15.19911083,90,41033
"4430",3,15.19911083,91,402
"4431",3,15.19911083,92,47448
"4432",3,15.19911083,93,388
"4433",3,15.19911083,94,395
"4434",3,15.19911083,95,398
"4435",3,15.19911083,96,35680
"4436",3,15.19911083,97,362
"4437",3,15.19911083,98,49221
"4438",3,15.19911083,99,411
"4439",3,155.56761439,1,559698
"4440",3,155.56761439,10,593354
"4441",3,155.56761439,100,513893
"4442",3,155.56761439,11,248389
"4443",3,155.56761439,12,339493
"4444",3,155.56761439,13,378474
"4445",3,155.56761439,14,420191
"4446",3,155.56761439,15,293972
"4447",3,155.56761439,16,500396
"4448",3,155.56761439,17,253756
"4449",3,155.56761439,18,294519
"4450",3,155.56761439,19,247878
"4451",3,155.56761439,2,210709
"4452",3,155.56761439,20,419178
"4453",3,155.56761439,21,403581
"4454",3,155.56761439,22,88999
"4455",3,155.56761439,23,405229
"4456",3,155.56761439,24,620062
"4457",3,155.56761439,25,218053
"4458",3,155.56761439,26,450981
"4459",3,155.56761439,27,386276
"4460",3,155.56761439,28,376115
"4461",3,155.56761439,29,336934
"4462",3,155.56761439,3,297809
"4463",3,155.56761439,30,336655
"4464",3,155.56761439,31,334321
"4465",3,155.56761439,32,589489
"4466",3,155.56761439,33,295138
"4467",3,155.56761439,34,379652
"4468",3,155.56761439,35,446478
"4469",3,155.56761439,36,322844
"4470",3,155.56761439,37,450129
"4471",3,155.56761439,38,414990
"4472",3,155.56761439,39,217450
"4473",3,155.56761439,4,265348
"4474",3,155.56761439,40,661400
"4475",3,155.56761439,41,367966
"4476",3,155.56761439,42,557689
"4477",3,155.56761439,43,133634
"4478",3,155.56761439,44,370566
"4479",3,155.56761439,45,373760
"4480",3,155.56761439,46,283493
"4481",3,155.56761439,47,403827
"4482",3,155.56761439,48,333228
"4483",3,155.56761439,49,434585
"4484",3,155.56761439,5,336361
"4485",3,155.56761439,50,546029
"4486",3,155.56761439,51,359014
"4487",3,155.56761439,52,215102
"4488",3,155.56761439,53,290404
"4489",3,155.56761439,54,699409
"4490",3,155.56761439,55,388585
"4491",3,155.56761439,56,414506
"4492",3,155.56761439,57,128194
"4493",3,155.56761439,58,529541
"4494",3,155.56761439,59,202331
"4495",3,155.56761439,6,239577
"4496",3,155.56761439,60,593354
"4497",3,155.56761439,61,459235
"4498",3,155.56761439,62,435767
"4499",3,155.56761439,63,399762
"4500",3,155.56761439,64,699126
"4501",3,155.56761439,65,366082
"4502",3,155.56761439,66,370600
"4503",3,155.56761439,67,457442
"4504",3,155.56761439,68,704059
"4505",3,155.56761439,69,292264
"4506",3,155.56761439,7,488698
"4507",3,155.56761439,70,380395
"4508",3,155.56761439,71,518181
"4509",3,155.56761439,72,674783
"4510",3,155.56761439,73,452175
"4511",3,155.56761439,74,419239
"4512",3,155.56761439,75,338846
"4513",3,155.56761439,76,504684
"4514",3,155.56761439,77,410536
"4515",3,155.56761439,78,204291
"4516",3,155.56761439,79,510309
"4517",3,155.56761439,8,458236
"4518",3,155.56761439,80,335374
"4519",3,155.56761439,81,339352
"4520",3,155.56761439,82,207680
"4521",3,155.56761439,83,159966
"4522",3,155.56761439,84,367907
"4523",3,155.56761439,85,81971
"4524",3,155.56761439,86,176981
"4525",3,155.56761439,87,174537
"4526",3,155.56761439,88,415402
"4527",3,155.56761439,89,339630
"4528",3,155.56761439,9,208457
"4529",3,155.56761439,90,397448
"4530",3,155.56761439,91,249684
"4531",3,155.56761439,92,420927
"4532",3,155.56761439,93,213030
"4533",3,155.56761439,94,455509
"4534",3,155.56761439,95,171677
"4535",3,155.56761439,96,552192
"4536",3,155.56761439,97,503721
"4537",3,155.56761439,98,388181
"4538",3,155.56761439,99,469510
"4539",3,17.07352647,1,456
"4540",3,17.07352647,10,446
"4541",3,17.07352647,100,117854
"4542",3,17.07352647,11,466
"4543",3,17.07352647,12,459
"4544",3,17.07352647,13,434
"4545",3,17.07352647,14,430
"4546",3,17.07352647,15,42324
"4547",3,17.07352647,16,39089
"4548",3,17.07352647,17,441
"4549",3,17.07352647,18,458
"4550",3,17.07352647,19,428
"4551",3,17.07352647,2,465
"4552",3,17.07352647,20,374
"4553",3,17.07352647,21,39414
"4554",3,17.07352647,22,427
"4555",3,17.07352647,23,417
"4556",3,17.07352647,24,436
"4557",3,17.07352647,25,461
"4558",3,17.07352647,26,440
"4559",3,17.07352647,27,434
"4560",3,17.07352647,28,35543
"4561",3,17.07352647,29,446
"4562",3,17.07352647,3,436
"4563",3,17.07352647,30,446
"4564",3,17.07352647,31,439
"4565",3,17.07352647,32,505
"4566",3,17.07352647,33,436
"4567",3,17.07352647,34,449
"4568",3,17.07352647,35,449
"4569",3,17.07352647,36,460
"4570",3,17.07352647,37,448
"4571",3,17.07352647,38,464
"4572",3,17.07352647,39,444
"4573",3,17.07352647,4,471
"4574",3,17.07352647,40,34321
"4575",3,17.07352647,41,421
"4576",3,17.07352647,42,466
"4577",3,17.07352647,43,42316
"4578",3,17.07352647,44,458
"4579",3,17.07352647,45,435
"4580",3,17.07352647,46,443
"4581",3,17.07352647,47,408
"4582",3,17.07352647,48,470
"4583",3,17.07352647,49,432
"4584",3,17.07352647,5,457
"4585",3,17.07352647,50,123885
"4586",3,17.07352647,51,125661
"4587",3,17.07352647,52,437
"4588",3,17.07352647,53,462
"4589",3,17.07352647,54,434
"4590",3,17.07352647,55,425
"4591",3,17.07352647,56,434
"4592",3,17.07352647,57,415
"4593",3,17.07352647,58,431
"4594",3,17.07352647,59,429
"4595",3,17.07352647,6,438
"4596",3,17.07352647,60,491
"4597",3,17.07352647,61,465
"4598",3,17.07352647,62,42339
"4599",3,17.07352647,63,424
"4600",3,17.07352647,64,468
"4601",3,17.07352647,65,470
"4602",3,17.07352647,66,40738
"4603",3,17.07352647,67,440
"4604",3,17.07352647,68,446
"4605",3,17.07352647,69,92716
"4606",3,17.07352647,7,436
"4607",3,17.07352647,70,464
"4608",3,17.07352647,71,428
"4609",3,17.07352647,72,473
"4610",3,17.07352647,73,423
"4611",3,17.07352647,74,458
"4612",3,17.07352647,75,405
"4613",3,17.07352647,76,42779
"4614",3,17.07352647,77,407
"4615",3,17.07352647,78,479
"4616",3,17.07352647,79,43706
"4617",3,17.07352647,8,417
"4618",3,17.07352647,80,429
"4619",3,17.07352647,81,38330
"4620",3,17.07352647,82,423
"4621",3,17.07352647,83,413
"4622",3,17.07352647,84,1060
"4623",3,17.07352647,85,457
"4624",3,17.07352647,86,467
"4625",3,17.07352647,87,126227
"4626",3,17.07352647,88,462
"4627",3,17.07352647,89,444
"4628",3,17.07352647,9,468
"4629",3,17.07352647,90,424
"4630",3,17.07352647,91,425
"4631",3,17.07352647,92,429
"4632",3,17.07352647,93,434
"4633",3,17.07352647,94,439
"4634",3,17.07352647,95,39319
"4635",3,17.07352647,96,124280
"4636",3,17.07352647,97,460
"4637",3,17.07352647,98,35991
"4638",3,17.07352647,99,437
"4639",3,174.75284,1,528214
"4640",3,174.75284,10,293985
"4641",3,174.75284,100,373804
"4642",3,174.75284,11,469110
"4643",3,174.75284,12,252093
"4644",3,174.75284,13,374381
"4645",3,174.75284,14,384032
"4646",3,174.75284,15,601118
"4647",3,174.75284,16,583764
"4648",3,174.75284,17,293503
"4649",3,174.75284,18,123788
"4650",3,174.75284,19,454126
"4651",3,174.75284,2,417235
"4652",3,174.75284,20,388697
"4653",3,174.75284,21,521770
"4654",3,174.75284,22,366945
"4655",3,174.75284,23,250253
"4656",3,174.75284,24,527799
"4657",3,174.75284,25,346035
"4658",3,174.75284,26,204675
"4659",3,174.75284,27,436086
"4660",3,174.75284,28,391067
"4661",3,174.75284,29,221496
"4662",3,174.75284,3,448310
"4663",3,174.75284,30,339944
"4664",3,174.75284,31,203749
"4665",3,174.75284,32,465375
"4666",3,174.75284,33,431299
"4667",3,174.75284,34,505271
"4668",3,174.75284,35,251657
"4669",3,174.75284,36,414095
"4670",3,174.75284,37,339527
"4671",3,174.75284,38,259702
"4672",3,174.75284,39,169089
"4673",3,174.75284,4,427707
"4674",3,174.75284,40,311576
"4675",3,174.75284,41,556300
"4676",3,174.75284,42,495957
"4677",3,174.75284,43,316979
"4678",3,174.75284,44,408025
"4679",3,174.75284,45,289561
"4680",3,174.75284,46,446016
"4681",3,174.75284,47,292675
"4682",3,174.75284,48,534684
"4683",3,174.75284,49,260251
"4684",3,174.75284,5,524399
"4685",3,174.75284,50,456029
"4686",3,174.75284,51,453659
"4687",3,174.75284,52,252335
"4688",3,174.75284,53,461495
"4689",3,174.75284,54,321109
"4690",3,174.75284,55,675410
"4691",3,174.75284,56,302787
"4692",3,174.75284,57,369496
"4693",3,174.75284,58,281134
"4694",3,174.75284,59,162718
"4695",3,174.75284,6,304372
"4696",3,174.75284,60,302692
"4697",3,174.75284,61,416446
"4698",3,174.75284,62,382260
"4699",3,174.75284,63,592530
"4700",3,174.75284,64,452203
"4701",3,174.75284,65,655281
"4702",3,174.75284,66,462871
"4703",3,174.75284,67,412027
"4704",3,174.75284,68,299804
"4705",3,174.75284,69,334305
"4706",3,174.75284,7,625089
"4707",3,174.75284,70,253998
"4708",3,174.75284,71,784416
"4709",3,174.75284,72,562408
"4710",3,174.75284,73,410940
"4711",3,174.75284,74,298039
"4712",3,174.75284,75,682643
"4713",3,174.75284,76,456175
"4714",3,174.75284,77,542288
"4715",3,174.75284,78,489051
"4716",3,174.75284,79,564212
"4717",3,174.75284,8,300104
"4718",3,174.75284,80,299031
"4719",3,174.75284,81,476071
"4720",3,174.75284,82,178714
"4721",3,174.75284,83,492645
"4722",3,174.75284,84,386203
"4723",3,174.75284,85,376965
"4724",3,174.75284,86,532586
"4725",3,174.75284,87,216256
"4726",3,174.75284,88,425326
"4727",3,174.75284,89,320968
"4728",3,174.75284,9,510000
"4729",3,174.75284,90,295946
"4730",3,174.75284,91,449778
"4731",3,174.75284,92,338199
"4732",3,174.75284,93,250764
"4733",3,174.75284,94,517191
"4734",3,174.75284,95,559082
"4735",3,174.75284,96,387929
"4736",3,174.75284,97,384826
"4737",3,174.75284,98,608181
"4738",3,174.75284,99,540259
"4739",3,19.17910262,1,518
"4740",3,19.17910262,10,44998
"4741",3,19.17910262,100,39483
"4742",3,19.17910262,11,911
"4743",3,19.17910262,12,127234
"4744",3,19.17910262,13,512
"4745",3,19.17910262,14,39478
"4746",3,19.17910262,15,81334
"4747",3,19.17910262,16,477
"4748",3,19.17910262,17,45480
"4749",3,19.17910262,18,4742
"4750",3,19.17910262,19,39242
"4751",3,19.17910262,2,41691
"4752",3,19.17910262,20,526
"4753",3,19.17910262,21,526
"4754",3,19.17910262,22,41215
"4755",3,19.17910262,23,84071
"4756",3,19.17910262,24,91629
"4757",3,19.17910262,25,45343
"4758",3,19.17910262,26,525
"4759",3,19.17910262,27,491
"4760",3,19.17910262,28,4612
"4761",3,19.17910262,29,77747
"4762",3,19.17910262,3,42091
"4763",3,19.17910262,30,40685
"4764",3,19.17910262,31,114990
"4765",3,19.17910262,32,39631
"4766",3,19.17910262,33,81263
"4767",3,19.17910262,34,37638
"4768",3,19.17910262,35,35633
"4769",3,19.17910262,36,506
"4770",3,19.17910262,37,47209
"4771",3,19.17910262,38,43056
"4772",3,19.17910262,39,542
"4773",3,19.17910262,4,84072
"4774",3,19.17910262,40,43261
"4775",3,19.17910262,41,88156
"4776",3,19.17910262,42,509
"4777",3,19.17910262,43,41778
"4778",3,19.17910262,44,83209
"4779",3,19.17910262,45,81048
"4780",3,19.17910262,46,514
"4781",3,19.17910262,47,44041
"4782",3,19.17910262,48,695
"4783",3,19.17910262,49,493
"4784",3,19.17910262,5,473
"4785",3,19.17910262,50,79005
"4786",3,19.17910262,51,44115
"4787",3,19.17910262,52,78810
"4788",3,19.17910262,53,41718
"4789",3,19.17910262,54,44135
"4790",3,19.17910262,55,166217
"4791",3,19.17910262,56,491
"4792",3,19.17910262,57,84140
"4793",3,19.17910262,58,37845
"4794",3,19.17910262,59,36677
"4795",3,19.17910262,6,46467
"4796",3,19.17910262,60,516
"4797",3,19.17910262,61,83303
"4798",3,19.17910262,62,87320
"4799",3,19.17910262,63,43124
"4800",3,19.17910262,64,38242
"4801",3,19.17910262,65,48460
"4802",3,19.17910262,66,44962
"4803",3,19.17910262,67,514
"4804",3,19.17910262,68,120914
"4805",3,19.17910262,69,81364
"4806",3,19.17910262,7,173070
"4807",3,19.17910262,70,493
"4808",3,19.17910262,71,43614
"4809",3,19.17910262,72,495
"4810",3,19.17910262,73,42082
"4811",3,19.17910262,74,522
"4812",3,19.17910262,75,41305
"4813",3,19.17910262,76,44717
"4814",3,19.17910262,77,41947
"4815",3,19.17910262,78,87248
"4816",3,19.17910262,79,41681
"4817",3,19.17910262,8,87145
"4818",3,19.17910262,80,42721
"4819",3,19.17910262,81,86080
"4820",3,19.17910262,82,47433
"4821",3,19.17910262,83,38477
"4822",3,19.17910262,84,38910
"4823",3,19.17910262,85,41716
"4824",3,19.17910262,86,487
"4825",3,19.17910262,87,42138
"4826",3,19.17910262,88,492
"4827",3,19.17910262,89,44503
"4828",3,19.17910262,9,41047
"4829",3,19.17910262,90,117821
"4830",3,19.17910262,91,126334
"4831",3,19.17910262,92,38886
"4832",3,19.17910262,93,77833
"4833",3,19.17910262,94,492
"4834",3,19.17910262,95,44616
"4835",3,19.17910262,96,540
"4836",3,19.17910262,97,81480
"4837",3,19.17910262,98,88515
"4838",3,19.17910262,99,472
"4839",3,196.304065,1,424470
"4840",3,196.304065,10,379931
"4841",3,196.304065,100,239751
"4842",3,196.304065,11,370787
"4843",3,196.304065,12,325353
"4844",3,196.304065,13,550865
"4845",3,196.304065,14,336371
"4846",3,196.304065,15,329734
"4847",3,196.304065,16,541110
"4848",3,196.304065,17,341753
"4849",3,196.304065,18,508685
"4850",3,196.304065,19,223333
"4851",3,196.304065,2,486605
"4852",3,196.304065,20,761320
"4853",3,196.304065,21,645088
"4854",3,196.304065,22,287536
"4855",3,196.304065,23,399565
"4856",3,196.304065,24,535934
"4857",3,196.304065,25,430783
"4858",3,196.304065,26,298264
"4859",3,196.304065,27,467432
"4860",3,196.304065,28,295356
"4861",3,196.304065,29,465631
"4862",3,196.304065,3,327410
"4863",3,196.304065,30,333060
"4864",3,196.304065,31,382591
"4865",3,196.304065,32,461838
"4866",3,196.304065,33,448147
"4867",3,196.304065,34,536030
"4868",3,196.304065,35,457485
"4869",3,196.304065,36,602761
"4870",3,196.304065,37,410930
"4871",3,196.304065,38,538653
"4872",3,196.304065,39,498415
"4873",3,196.304065,4,584293
"4874",3,196.304065,40,421914
"4875",3,196.304065,41,679394
"4876",3,196.304065,42,207512
"4877",3,196.304065,43,545011
"4878",3,196.304065,44,377495
"4879",3,196.304065,45,503751
"4880",3,196.304065,46,773413
"4881",3,196.304065,47,467828
"4882",3,196.304065,48,227739
"4883",3,196.304065,49,289474
"4884",3,196.304065,5,300953
"4885",3,196.304065,50,538963
"4886",3,196.304065,51,453295
"4887",3,196.304065,52,450557
"4888",3,196.304065,53,298123
"4889",3,196.304065,54,538171
"4890",3,196.304065,55,381604
"4891",3,196.304065,56,501724
"4892",3,196.304065,57,346697
"4893",3,196.304065,58,338248
"4894",3,196.304065,59,410365
"4895",3,196.304065,6,532775
"4896",3,196.304065,60,710443
"4897",3,196.304065,61,631602
"4898",3,196.304065,62,581221
"4899",3,196.304065,63,492861
"4900",3,196.304065,64,545795
"4901",3,196.304065,65,457136
"4902",3,196.304065,66,493004
"4903",3,196.304065,67,249767
"4904",3,196.304065,68,544230
"4905",3,196.304065,69,381993
"4906",3,196.304065,7,391842
"4907",3,196.304065,70,679394
"4908",3,196.304065,71,218860
"4909",3,196.304065,72,253139
"4910",3,196.304065,73,615763
"4911",3,196.304065,74,507692
"4912",3,196.304065,75,468142
"4913",3,196.304065,76,495099
"4914",3,196.304065,77,524580
"4915",3,196.304065,78,512160
"4916",3,196.304065,79,643897
"4917",3,196.304065,8,536929
"4918",3,196.304065,80,509215
"4919",3,196.304065,81,332802
"4920",3,196.304065,82,433830
"4921",3,196.304065,83,342129
"4922",3,196.304065,84,459385
"4923",3,196.304065,85,581602
"4924",3,196.304065,86,703884
"4925",3,196.304065,87,661298
"4926",3,196.304065,88,255761
"4927",3,196.304065,89,366599
"4928",3,196.304065,9,509535
"4929",3,196.304065,90,301285
"4930",3,196.304065,91,420368
"4931",3,196.304065,92,495177
"4932",3,196.304065,93,546397
"4933",3,196.304065,94,494121
"4934",3,196.304065,95,576151
"4935",3,196.304065,96,791829
"4936",3,196.304065,97,409817
"4937",3,196.304065,98,536809
"4938",3,196.304065,99,168474
"4939",3,2.10490414,1,58
"4940",3,2.10490414,10,54
"4941",3,2.10490414,100,59
"4942",3,2.10490414,11,54
"4943",3,2.10490414,12,58
"4944",3,2.10490414,13,46
"4945",3,2.10490414,14,63
"4946",3,2.10490414,15,59
"4947",3,2.10490414,16,60
"4948",3,2.10490414,17,60
"4949",3,2.10490414,18,49
"4950",3,2.10490414,19,66
"4951",3,2.10490414,2,50
"4952",3,2.10490414,20,59
"4953",3,2.10490414,21,66
"4954",3,2.10490414,22,62
"4955",3,2.10490414,23,62
"4956",3,2.10490414,24,45
"4957",3,2.10490414,25,46
"4958",3,2.10490414,26,56
"4959",3,2.10490414,27,4943
"4960",3,2.10490414,28,60
"4961",3,2.10490414,29,52
"4962",3,2.10490414,3,35302
"4963",3,2.10490414,30,66
"4964",3,2.10490414,31,49
"4965",3,2.10490414,32,54
"4966",3,2.10490414,33,57
"4967",3,2.10490414,34,36747
"4968",3,2.10490414,35,65
"4969",3,2.10490414,36,55
"4970",3,2.10490414,37,51
"4971",3,2.10490414,38,59
"4972",3,2.10490414,39,56
"4973",3,2.10490414,4,64
"4974",3,2.10490414,40,56
"4975",3,2.10490414,41,49
"4976",3,2.10490414,42,49
"4977",3,2.10490414,43,56
"4978",3,2.10490414,44,52
"4979",3,2.10490414,45,62
"4980",3,2.10490414,46,54
"4981",3,2.10490414,47,58
"4982",3,2.10490414,48,43
"4983",3,2.10490414,49,57
"4984",3,2.10490414,5,49
"4985",3,2.10490414,50,43845
"4986",3,2.10490414,51,69
"4987",3,2.10490414,52,56
"4988",3,2.10490414,53,50
"4989",3,2.10490414,54,64
"4990",3,2.10490414,55,64
"4991",3,2.10490414,56,42
"4992",3,2.10490414,57,38628
"4993",3,2.10490414,58,64
"4994",3,2.10490414,59,41478
"4995",3,2.10490414,6,54
"4996",3,2.10490414,60,33
"4997",3,2.10490414,61,75
"4998",3,2.10490414,62,43
"4999",3,2.10490414,63,60
"5000",3,2.10490414,64,59
"5001",3,2.10490414,65,52
"5002",3,2.10490414,66,61
"5003",3,2.10490414,67,70
"5004",3,2.10490414,68,49
"5005",3,2.10490414,69,55
"5006",3,2.10490414,7,50
"5007",3,2.10490414,70,55
"5008",3,2.10490414,71,79918
"5009",3,2.10490414,72,38
"5010",3,2.10490414,73,48
"5011",3,2.10490414,74,58
"5012",3,2.10490414,75,41
"5013",3,2.10490414,76,35
"5014",3,2.10490414,77,62
"5015",3,2.10490414,78,49
"5016",3,2.10490414,79,39297
"5017",3,2.10490414,8,58
"5018",3,2.10490414,80,62
"5019",3,2.10490414,81,63
"5020",3,2.10490414,82,50
"5021",3,2.10490414,83,42854
"5022",3,2.10490414,84,57
"5023",3,2.10490414,85,65
"5024",3,2.10490414,86,42618
"5025",3,2.10490414,87,51
"5026",3,2.10490414,88,55
"5027",3,2.10490414,89,49
"5028",3,2.10490414,9,58
"5029",3,2.10490414,90,63
"5030",3,2.10490414,91,59
"5031",3,2.10490414,92,52
"5032",3,2.10490414,93,40300
"5033",3,2.10490414,94,49
"5034",3,2.10490414,95,41492
"5035",3,2.10490414,96,34
"5036",3,2.10490414,97,60
"5037",3,2.10490414,98,56
"5038",3,2.10490414,99,71
"5039",3,2.36448941,1,57
"5040",3,2.36448941,10,59
"5041",3,2.36448941,100,59
"5042",3,2.36448941,11,47
"5043",3,2.36448941,12,44
"5044",3,2.36448941,13,39908
"5045",3,2.36448941,14,62
"5046",3,2.36448941,15,40481
"5047",3,2.36448941,16,69
"5048",3,2.36448941,17,62
"5049",3,2.36448941,18,57
"5050",3,2.36448941,19,61
"5051",3,2.36448941,2,50
"5052",3,2.36448941,20,59
"5053",3,2.36448941,21,62
"5054",3,2.36448941,22,66
"5055",3,2.36448941,23,57
"5056",3,2.36448941,24,57
"5057",3,2.36448941,25,61
"5058",3,2.36448941,26,61
"5059",3,2.36448941,27,72
"5060",3,2.36448941,28,63
"5061",3,2.36448941,29,47
"5062",3,2.36448941,3,64
"5063",3,2.36448941,30,65
"5064",3,2.36448941,31,64
"5065",3,2.36448941,32,71
"5066",3,2.36448941,33,70
"5067",3,2.36448941,34,61
"5068",3,2.36448941,35,56
"5069",3,2.36448941,36,53
"5070",3,2.36448941,37,59
"5071",3,2.36448941,38,65
"5072",3,2.36448941,39,54
"5073",3,2.36448941,4,65
"5074",3,2.36448941,40,71
"5075",3,2.36448941,41,65
"5076",3,2.36448941,42,64
"5077",3,2.36448941,43,73
"5078",3,2.36448941,44,65
"5079",3,2.36448941,45,54
"5080",3,2.36448941,46,57
"5081",3,2.36448941,47,50
"5082",3,2.36448941,48,48
"5083",3,2.36448941,49,57
"5084",3,2.36448941,5,70
"5085",3,2.36448941,50,81
"5086",3,2.36448941,51,59
"5087",3,2.36448941,52,62
"5088",3,2.36448941,53,72
"5089",3,2.36448941,54,54
"5090",3,2.36448941,55,64
"5091",3,2.36448941,56,63
"5092",3,2.36448941,57,56
"5093",3,2.36448941,58,61
"5094",3,2.36448941,59,55
"5095",3,2.36448941,6,58
"5096",3,2.36448941,60,62
"5097",3,2.36448941,61,71
"5098",3,2.36448941,62,56
"5099",3,2.36448941,63,35762
"5100",3,2.36448941,64,64
"5101",3,2.36448941,65,39545
"5102",3,2.36448941,66,70
"5103",3,2.36448941,67,68
"5104",3,2.36448941,68,59
"5105",3,2.36448941,69,57
"5106",3,2.36448941,7,54
"5107",3,2.36448941,70,55
"5108",3,2.36448941,71,41672
"5109",3,2.36448941,72,60
"5110",3,2.36448941,73,60
"5111",3,2.36448941,74,59
"5112",3,2.36448941,75,59
"5113",3,2.36448941,76,41882
"5114",3,2.36448941,77,65
"5115",3,2.36448941,78,68
"5116",3,2.36448941,79,71
"5117",3,2.36448941,8,53
"5118",3,2.36448941,80,57
"5119",3,2.36448941,81,65
"5120",3,2.36448941,82,58
"5121",3,2.36448941,83,77
"5122",3,2.36448941,84,41640
"5123",3,2.36448941,85,51
"5124",3,2.36448941,86,59
"5125",3,2.36448941,87,4924
"5126",3,2.36448941,88,67
"5127",3,2.36448941,89,71
"5128",3,2.36448941,9,64
"5129",3,2.36448941,90,52
"5130",3,2.36448941,91,40388
"5131",3,2.36448941,92,67
"5132",3,2.36448941,93,63
"5133",3,2.36448941,94,64
"5134",3,2.36448941,95,55
"5135",3,2.36448941,96,67
"5136",3,2.36448941,97,59
"5137",3,2.36448941,98,61
"5138",3,2.36448941,99,73
"5139",3,2.65608778,1,40919
"5140",3,2.65608778,10,60
"5141",3,2.65608778,100,67
"5142",3,2.65608778,11,79
"5143",3,2.65608778,12,51
"5144",3,2.65608778,13,70
"5145",3,2.65608778,14,66
"5146",3,2.65608778,15,67
"5147",3,2.65608778,16,65
"5148",3,2.65608778,17,61
"5149",3,2.65608778,18,68
"5150",3,2.65608778,19,61
"5151",3,2.65608778,2,70
"5152",3,2.65608778,20,81
"5153",3,2.65608778,21,37850
"5154",3,2.65608778,22,82
"5155",3,2.65608778,23,77
"5156",3,2.65608778,24,85
"5157",3,2.65608778,25,58
"5158",3,2.65608778,26,75
"5159",3,2.65608778,27,50
"5160",3,2.65608778,28,63
"5161",3,2.65608778,29,74
"5162",3,2.65608778,3,37755
"5163",3,2.65608778,30,82
"5164",3,2.65608778,31,73
"5165",3,2.65608778,32,58
"5166",3,2.65608778,33,40192
"5167",3,2.65608778,34,68
"5168",3,2.65608778,35,70
"5169",3,2.65608778,36,70
"5170",3,2.65608778,37,63
"5171",3,2.65608778,38,56
"5172",3,2.65608778,39,64
"5173",3,2.65608778,4,64
"5174",3,2.65608778,40,69
"5175",3,2.65608778,41,64
"5176",3,2.65608778,42,80
"5177",3,2.65608778,43,71
"5178",3,2.65608778,44,68
"5179",3,2.65608778,45,72
"5180",3,2.65608778,46,72
"5181",3,2.65608778,47,65
"5182",3,2.65608778,48,36148
"5183",3,2.65608778,49,67
"5184",3,2.65608778,5,78
"5185",3,2.65608778,50,70
"5186",3,2.65608778,51,36581
"5187",3,2.65608778,52,67
"5188",3,2.65608778,53,81
"5189",3,2.65608778,54,45203
"5190",3,2.65608778,55,73
"5191",3,2.65608778,56,74
"5192",3,2.65608778,57,66
"5193",3,2.65608778,58,71
"5194",3,2.65608778,59,43875
"5195",3,2.65608778,6,68
"5196",3,2.65608778,60,72
"5197",3,2.65608778,61,80
"5198",3,2.65608778,62,59
"5199",3,2.65608778,63,74
"5200",3,2.65608778,64,35295
"5201",3,2.65608778,65,81
"5202",3,2.65608778,66,69
"5203",3,2.65608778,67,67
"5204",3,2.65608778,68,72
"5205",3,2.65608778,69,74
"5206",3,2.65608778,7,41244
"5207",3,2.65608778,70,69
"5208",3,2.65608778,71,73
"5209",3,2.65608778,72,38034
"5210",3,2.65608778,73,65
"5211",3,2.65608778,74,74
"5212",3,2.65608778,75,65
"5213",3,2.65608778,76,63
"5214",3,2.65608778,77,73
"5215",3,2.65608778,78,38833
"5216",3,2.65608778,79,66
"5217",3,2.65608778,8,68
"5218",3,2.65608778,80,43118
"5219",3,2.65608778,81,81
"5220",3,2.65608778,82,71
"5221",3,2.65608778,83,87
"5222",3,2.65608778,84,69
"5223",3,2.65608778,85,61
"5224",3,2.65608778,86,80
"5225",3,2.65608778,87,76
"5226",3,2.65608778,88,56
"5227",3,2.65608778,89,39944
"5228",3,2.65608778,9,60
"5229",3,2.65608778,90,68
"5230",3,2.65608778,91,62
"5231",3,2.65608778,92,72
"5232",3,2.65608778,93,74
"5233",3,2.65608778,94,66
"5234",3,2.65608778,95,34062
"5235",3,2.65608778,96,54
"5236",3,2.65608778,97,50
"5237",3,2.65608778,98,64
"5238",3,2.65608778,99,75
"5239",3,2.98364724,1,82
"5240",3,2.98364724,10,278
"5241",3,2.98364724,100,44358
"5242",3,2.98364724,11,81
"5243",3,2.98364724,12,81
"5244",3,2.98364724,13,41158
"5245",3,2.98364724,14,68
"5246",3,2.98364724,15,94
"5247",3,2.98364724,16,76
"5248",3,2.98364724,17,70
"5249",3,2.98364724,18,91
"5250",3,2.98364724,19,74
"5251",3,2.98364724,2,79
"5252",3,2.98364724,20,79
"5253",3,2.98364724,21,69
"5254",3,2.98364724,22,91
"5255",3,2.98364724,23,77
"5256",3,2.98364724,24,74
"5257",3,2.98364724,25,93
"5258",3,2.98364724,26,39135
"5259",3,2.98364724,27,85
"5260",3,2.98364724,28,78
"5261",3,2.98364724,29,77
"5262",3,2.98364724,3,82
"5263",3,2.98364724,30,69
"5264",3,2.98364724,31,80
"5265",3,2.98364724,32,67
"5266",3,2.98364724,33,84
"5267",3,2.98364724,34,69
"5268",3,2.98364724,35,84
"5269",3,2.98364724,36,73
"5270",3,2.98364724,37,88
"5271",3,2.98364724,38,83
"5272",3,2.98364724,39,40072
"5273",3,2.98364724,4,86
"5274",3,2.98364724,40,42618
"5275",3,2.98364724,41,58
"5276",3,2.98364724,42,91
"5277",3,2.98364724,43,39771
"5278",3,2.98364724,44,44255
"5279",3,2.98364724,45,37959
"5280",3,2.98364724,46,70
"5281",3,2.98364724,47,75
"5282",3,2.98364724,48,301
"5283",3,2.98364724,49,85
"5284",3,2.98364724,5,80
"5285",3,2.98364724,50,92
"5286",3,2.98364724,51,77
"5287",3,2.98364724,52,83
"5288",3,2.98364724,53,66
"5289",3,2.98364724,54,90
"5290",3,2.98364724,55,79
"5291",3,2.98364724,56,74
"5292",3,2.98364724,57,80
"5293",3,2.98364724,58,43812
"5294",3,2.98364724,59,70
"5295",3,2.98364724,6,77709
"5296",3,2.98364724,60,42253
"5297",3,2.98364724,61,5490
"5298",3,2.98364724,62,72
"5299",3,2.98364724,63,70
"5300",3,2.98364724,64,65
"5301",3,2.98364724,65,78
"5302",3,2.98364724,66,39844
"5303",3,2.98364724,67,80
"5304",3,2.98364724,68,76
"5305",3,2.98364724,69,78
"5306",3,2.98364724,7,77
"5307",3,2.98364724,70,76
"5308",3,2.98364724,71,74
"5309",3,2.98364724,72,81
"5310",3,2.98364724,73,74
"5311",3,2.98364724,74,98
"5312",3,2.98364724,75,73
"5313",3,2.98364724,76,45435
"5314",3,2.98364724,77,71
"5315",3,2.98364724,78,106
"5316",3,2.98364724,79,96
"5317",3,2.98364724,8,43537
"5318",3,2.98364724,80,65
"5319",3,2.98364724,81,82
"5320",3,2.98364724,82,70
"5321",3,2.98364724,83,87
"5322",3,2.98364724,84,72
"5323",3,2.98364724,85,38938
"5324",3,2.98364724,86,73
"5325",3,2.98364724,87,80
"5326",3,2.98364724,88,76
"5327",3,2.98364724,89,41185
"5328",3,2.98364724,9,77
"5329",3,2.98364724,90,88
"5330",3,2.98364724,91,82
"5331",3,2.98364724,92,42412
"5332",3,2.98364724,93,39523
"5333",3,2.98364724,94,40747
"5334",3,2.98364724,95,91
"5335",3,2.98364724,96,73
"5336",3,2.98364724,97,69
"5337",3,2.98364724,98,41957
"5338",3,2.98364724,99,76
"5339",3,21.5443469,1,89018
"5340",3,21.5443469,10,85537
"5341",3,21.5443469,100,561
"5342",3,21.5443469,11,41873
"5343",3,21.5443469,12,39185
"5344",3,21.5443469,13,562
"5345",3,21.5443469,14,35379
"5346",3,21.5443469,15,38755
"5347",3,21.5443469,16,39653
"5348",3,21.5443469,17,42336
"5349",3,21.5443469,18,37698
"5350",3,21.5443469,19,545
"5351",3,21.5443469,2,41988
"5352",3,21.5443469,20,546
"5353",3,21.5443469,21,41122
"5354",3,21.5443469,22,540
"5355",3,21.5443469,23,127496
"5356",3,21.5443469,24,39550
"5357",3,21.5443469,25,85123
"5358",3,21.5443469,26,527
"5359",3,21.5443469,27,40097
"5360",3,21.5443469,28,76651
"5361",3,21.5443469,29,40205
"5362",3,21.5443469,3,558
"5363",3,21.5443469,30,43089
"5364",3,21.5443469,31,41855
"5365",3,21.5443469,32,39502
"5366",3,21.5443469,33,42093
"5367",3,21.5443469,34,127940
"5368",3,21.5443469,35,124832
"5369",3,21.5443469,36,83904
"5370",3,21.5443469,37,41458
"5371",3,21.5443469,38,82795
"5372",3,21.5443469,39,46638
"5373",3,21.5443469,4,40197
"5374",3,21.5443469,40,751
"5375",3,21.5443469,41,40993
"5376",3,21.5443469,42,537
"5377",3,21.5443469,43,538
"5378",3,21.5443469,44,83806
"5379",3,21.5443469,45,43107
"5380",3,21.5443469,46,85515
"5381",3,21.5443469,47,42068
"5382",3,21.5443469,48,84088
"5383",3,21.5443469,49,123691
"5384",3,21.5443469,5,40151
"5385",3,21.5443469,50,121584
"5386",3,21.5443469,51,130207
"5387",3,21.5443469,52,120858
"5388",3,21.5443469,53,40087
"5389",3,21.5443469,54,209217
"5390",3,21.5443469,55,570
"5391",3,21.5443469,56,40830
"5392",3,21.5443469,57,85147
"5393",3,21.5443469,58,45602
"5394",3,21.5443469,59,6104
"5395",3,21.5443469,6,80301
"5396",3,21.5443469,60,74579
"5397",3,21.5443469,61,42756
"5398",3,21.5443469,62,532
"5399",3,21.5443469,63,127236
"5400",3,21.5443469,64,46049
"5401",3,21.5443469,65,39540
"5402",3,21.5443469,66,42522
"5403",3,21.5443469,67,39989
"5404",3,21.5443469,68,498
"5405",3,21.5443469,69,43181
"5406",3,21.5443469,7,42542
"5407",3,21.5443469,70,42370
"5408",3,21.5443469,71,569
"5409",3,21.5443469,72,128141
"5410",3,21.5443469,73,81352
"5411",3,21.5443469,74,39361
"5412",3,21.5443469,75,40297
"5413",3,21.5443469,76,550
"5414",3,21.5443469,77,80283
"5415",3,21.5443469,78,43585
"5416",3,21.5443469,79,126926
"5417",3,21.5443469,8,86078
"5418",3,21.5443469,80,75651
"5419",3,21.5443469,81,41351
"5420",3,21.5443469,82,84014
"5421",3,21.5443469,83,574
"5422",3,21.5443469,84,547
"5423",3,21.5443469,85,41471
"5424",3,21.5443469,86,562
"5425",3,21.5443469,87,118180
"5426",3,21.5443469,88,76967
"5427",3,21.5443469,89,79316
"5428",3,21.5443469,9,83067
"5429",3,21.5443469,90,785
"5430",3,21.5443469,91,39031
"5431",3,21.5443469,92,40806
"5432",3,21.5443469,93,83242
"5433",3,21.5443469,94,44813
"5434",3,21.5443469,95,79916
"5435",3,21.5443469,96,543
"5436",3,21.5443469,97,548
"5437",3,21.5443469,98,568
"5438",3,21.5443469,99,44184
"5439",3,220.51307399,1,467277
"5440",3,220.51307399,10,495125
"5441",3,220.51307399,100,384295
"5442",3,220.51307399,11,421052
"5443",3,220.51307399,12,473803
"5444",3,220.51307399,13,503140
"5445",3,220.51307399,14,598684
"5446",3,220.51307399,15,725803
"5447",3,220.51307399,16,374532
"5448",3,220.51307399,17,606718
"5449",3,220.51307399,18,531687
"5450",3,220.51307399,19,570871
"5451",3,220.51307399,2,261728
"5452",3,220.51307399,20,582797
"5453",3,220.51307399,21,705979
"5454",3,220.51307399,22,579736
"5455",3,220.51307399,23,683291
"5456",3,220.51307399,24,347766
"5457",3,220.51307399,25,306121
"5458",3,220.51307399,26,470913
"5459",3,220.51307399,27,556511
"5460",3,220.51307399,28,324821
"5461",3,220.51307399,29,585935
"5462",3,220.51307399,3,326158
"5463",3,220.51307399,30,635439
"5464",3,220.51307399,31,505168
"5465",3,220.51307399,32,741978
"5466",3,220.51307399,33,774714
"5467",3,220.51307399,34,385498
"5468",3,220.51307399,35,758186
"5469",3,220.51307399,36,427035
"5470",3,220.51307399,37,314294
"5471",3,220.51307399,38,429593
"5472",3,220.51307399,39,319856
"5473",3,220.51307399,4,573702
"5474",3,220.51307399,40,435378
"5475",3,220.51307399,41,390572
"5476",3,220.51307399,42,208625
"5477",3,220.51307399,43,465057
"5478",3,220.51307399,44,434493
"5479",3,220.51307399,45,485792
"5480",3,220.51307399,46,653277
"5481",3,220.51307399,47,498820
"5482",3,220.51307399,48,422296
"5483",3,220.51307399,49,752186
"5484",3,220.51307399,5,449668
"5485",3,220.51307399,50,570400
"5486",3,220.51307399,51,470470
"5487",3,220.51307399,52,295797
"5488",3,220.51307399,53,460193
"5489",3,220.51307399,54,630331
"5490",3,220.51307399,55,447763
"5491",3,220.51307399,56,411128
"5492",3,220.51307399,57,681324
"5493",3,220.51307399,58,381304
"5494",3,220.51307399,59,493650
"5495",3,220.51307399,6,569765
"5496",3,220.51307399,60,385042
"5497",3,220.51307399,61,470093
"5498",3,220.51307399,62,594643
"5499",3,220.51307399,63,463652
"5500",3,220.51307399,64,424042
"5501",3,220.51307399,65,319899
"5502",3,220.51307399,66,305279
"5503",3,220.51307399,67,367163
"5504",3,220.51307399,68,606080
"5505",3,220.51307399,69,427123
"5506",3,220.51307399,7,625706
"5507",3,220.51307399,70,422006
"5508",3,220.51307399,71,526050
"5509",3,220.51307399,72,474746
"5510",3,220.51307399,73,501625
"5511",3,220.51307399,74,505806
"5512",3,220.51307399,75,501943
"5513",3,220.51307399,76,484036
"5514",3,220.51307399,77,571300
"5515",3,220.51307399,78,451842
"5516",3,220.51307399,79,379293
"5517",3,220.51307399,8,610038
"5518",3,220.51307399,80,669231
"5519",3,220.51307399,81,466868
"5520",3,220.51307399,82,496984
"5521",3,220.51307399,83,512062
"5522",3,220.51307399,84,503524
"5523",3,220.51307399,85,582205
"5524",3,220.51307399,86,586310
"5525",3,220.51307399,87,584879
"5526",3,220.51307399,88,430872
"5527",3,220.51307399,89,410872
"5528",3,220.51307399,9,641191
"5529",3,220.51307399,90,777756
"5530",3,220.51307399,91,505007
"5531",3,220.51307399,92,358523
"5532",3,220.51307399,93,337138
"5533",3,220.51307399,94,359407
"5534",3,220.51307399,95,252188
"5535",3,220.51307399,96,309229
"5536",3,220.51307399,97,392892
"5537",3,220.51307399,98,495881
"5538",3,220.51307399,99,502373
"5539",3,24.20128265,1,87785
"5540",3,24.20128265,10,834
"5541",3,24.20128265,100,579
"5542",3,24.20128265,11,601
"5543",3,24.20128265,12,248783
"5544",3,24.20128265,13,76488
"5545",3,24.20128265,14,121794
"5546",3,24.20128265,15,39263
"5547",3,24.20128265,16,84802
"5548",3,24.20128265,17,43059
"5549",3,24.20128265,18,81452
"5550",3,24.20128265,19,80601
"5551",3,24.20128265,2,47939
"5552",3,24.20128265,20,42380
"5553",3,24.20128265,21,35767
"5554",3,24.20128265,22,126124
"5555",3,24.20128265,23,161094
"5556",3,24.20128265,24,613
"5557",3,24.20128265,25,806
"5558",3,24.20128265,26,629
"5559",3,24.20128265,27,86433
"5560",3,24.20128265,28,82023
"5561",3,24.20128265,29,41310
"5562",3,24.20128265,3,120737
"5563",3,24.20128265,30,39697
"5564",3,24.20128265,31,79380
"5565",3,24.20128265,32,41023
"5566",3,24.20128265,33,780
"5567",3,24.20128265,34,47307
"5568",3,24.20128265,35,130023
"5569",3,24.20128265,36,633
"5570",3,24.20128265,37,37577
"5571",3,24.20128265,38,83054
"5572",3,24.20128265,39,42213
"5573",3,24.20128265,4,660
"5574",3,24.20128265,40,84469
"5575",3,24.20128265,41,79980
"5576",3,24.20128265,42,82717
"5577",3,24.20128265,43,81219
"5578",3,24.20128265,44,82818
"5579",3,24.20128265,45,77648
"5580",3,24.20128265,46,123053
"5581",3,24.20128265,47,39031
"5582",3,24.20128265,48,882
"5583",3,24.20128265,49,81009
"5584",3,24.20128265,5,81156
"5585",3,24.20128265,50,117775
"5586",3,24.20128265,51,162434
"5587",3,24.20128265,52,45286
"5588",3,24.20128265,53,84839
"5589",3,24.20128265,54,43438
"5590",3,24.20128265,55,124590
"5591",3,24.20128265,56,117149
"5592",3,24.20128265,57,169316
"5593",3,24.20128265,58,123301
"5594",3,24.20128265,59,598
"5595",3,24.20128265,6,622
"5596",3,24.20128265,60,83132
"5597",3,24.20128265,61,77977
"5598",3,24.20128265,62,39587
"5599",3,24.20128265,63,37347
"5600",3,24.20128265,64,45477
"5601",3,24.20128265,65,83339
"5602",3,24.20128265,66,40486
"5603",3,24.20128265,67,621
"5604",3,24.20128265,68,126789
"5605",3,24.20128265,69,41951
"5606",3,24.20128265,7,41542
"5607",3,24.20128265,70,638
"5608",3,24.20128265,71,161094
"5609",3,24.20128265,72,44860
"5610",3,24.20128265,73,626
"5611",3,24.20128265,74,640
"5612",3,24.20128265,75,41140
"5613",3,24.20128265,76,805
"5614",3,24.20128265,77,170778
"5615",3,24.20128265,78,43417
"5616",3,24.20128265,79,124336
"5617",3,24.20128265,8,37580
"5618",3,24.20128265,80,5871
"5619",3,24.20128265,81,39310
"5620",3,24.20128265,82,116568
"5621",3,24.20128265,83,43773
"5622",3,24.20128265,84,41837
"5623",3,24.20128265,85,86114
"5624",3,24.20128265,86,613
"5625",3,24.20128265,87,4122
"5626",3,24.20128265,88,586
"5627",3,24.20128265,89,40221
"5628",3,24.20128265,9,689
"5629",3,24.20128265,90,79855
"5630",3,24.20128265,91,86934
"5631",3,24.20128265,92,42019
"5632",3,24.20128265,93,44060
"5633",3,24.20128265,94,41194
"5634",3,24.20128265,95,86844
"5635",3,24.20128265,96,885
"5636",3,24.20128265,97,168431
"5637",3,24.20128265,98,3868
"5638",3,24.20128265,99,81833
"5639",3,247.7076356,1,581375
"5640",3,247.7076356,10,624148
"5641",3,247.7076356,100,551951
"5642",3,247.7076356,11,343550
"5643",3,247.7076356,12,461475
"5644",3,247.7076356,13,174348
"5645",3,247.7076356,14,596096
"5646",3,247.7076356,15,349559
"5647",3,247.7076356,16,512404
"5648",3,247.7076356,17,528127
"5649",3,247.7076356,18,498081
"5650",3,247.7076356,19,495865
"5651",3,247.7076356,2,591702
"5652",3,247.7076356,20,666099
"5653",3,247.7076356,21,328481
"5654",3,247.7076356,22,454888
"5655",3,247.7076356,23,472733
"5656",3,247.7076356,24,577316
"5657",3,247.7076356,25,539456
"5658",3,247.7076356,26,342592
"5659",3,247.7076356,27,640024
"5660",3,247.7076356,28,535789
"5661",3,247.7076356,29,388996
"5662",3,247.7076356,3,514300
"5663",3,247.7076356,30,499631
"5664",3,247.7076356,31,515111
"5665",3,247.7076356,32,421938
"5666",3,247.7076356,33,428512
"5667",3,247.7076356,34,657752
"5668",3,247.7076356,35,480950
"5669",3,247.7076356,36,423353
"5670",3,247.7076356,37,893333
"5671",3,247.7076356,38,504653
"5672",3,247.7076356,39,382629
"5673",3,247.7076356,4,539456
"5674",3,247.7076356,40,1194703
"5675",3,247.7076356,41,632552
"5676",3,247.7076356,42,461363
"5677",3,247.7076356,43,506506
"5678",3,247.7076356,44,770050
"5679",3,247.7076356,45,639732
"5680",3,247.7076356,46,649748
"5681",3,247.7076356,47,709634
"5682",3,247.7076356,48,679747
"5683",3,247.7076356,49,780292
"5684",3,247.7076356,5,731536
"5685",3,247.7076356,50,747300
"5686",3,247.7076356,51,772299
"5687",3,247.7076356,52,672373
"5688",3,247.7076356,53,808396
"5689",3,247.7076356,54,505536
"5690",3,247.7076356,55,503569
"5691",3,247.7076356,56,940540
"5692",3,247.7076356,57,841263
"5693",3,247.7076356,58,419965
"5694",3,247.7076356,59,579765
"5695",3,247.7076356,6,795920
"5696",3,247.7076356,60,712791
"5697",3,247.7076356,61,453128
"5698",3,247.7076356,62,705831
"5699",3,247.7076356,63,337674
"5700",3,247.7076356,64,623950
"5701",3,247.7076356,65,296711
"5702",3,247.7076356,66,505228
"5703",3,247.7076356,67,647539
"5704",3,247.7076356,68,625881
"5705",3,247.7076356,69,432800
"5706",3,247.7076356,7,769795
"5707",3,247.7076356,70,644228
"5708",3,247.7076356,71,373297
"5709",3,247.7076356,72,464032
"5710",3,247.7076356,73,577506
"5711",3,247.7076356,74,293639
"5712",3,247.7076356,75,586799
"5713",3,247.7076356,76,754976
"5714",3,247.7076356,77,566549
"5715",3,247.7076356,78,602956
"5716",3,247.7076356,79,758113
"5717",3,247.7076356,8,714929
"5718",3,247.7076356,80,512951
"5719",3,247.7076356,81,341077
"5720",3,247.7076356,82,502735
"5721",3,247.7076356,83,849839
"5722",3,247.7076356,84,468314
"5723",3,247.7076356,85,726346
"5724",3,247.7076356,86,600962
"5725",3,247.7076356,87,753255
"5726",3,247.7076356,88,698149
"5727",3,247.7076356,89,754353
"5728",3,247.7076356,9,750826
"5729",3,247.7076356,90,786846
"5730",3,247.7076356,91,730461
"5731",3,247.7076356,92,958324
"5732",3,247.7076356,93,541237
"5733",3,247.7076356,94,612424
"5734",3,247.7076356,95,657353
"5735",3,247.7076356,96,786937
"5736",3,247.7076356,97,494253
"5737",3,247.7076356,98,516514
"5738",3,247.7076356,99,332100
"5739",3,27.18588243,1,78710
"5740",3,27.18588243,10,81226
"5741",3,27.18588243,100,43261
"5742",3,27.18588243,11,286094
"5743",3,27.18588243,12,76652
"5744",3,27.18588243,13,83859
"5745",3,27.18588243,14,659
"5746",3,27.18588243,15,80425
"5747",3,27.18588243,16,671
"5748",3,27.18588243,17,89343
"5749",3,27.18588243,18,248350
"5750",3,27.18588243,19,160197
"5751",3,27.18588243,2,44508
"5752",3,27.18588243,20,79244
"5753",3,27.18588243,21,165175
"5754",3,27.18588243,22,81126
"5755",3,27.18588243,23,86583
"5756",3,27.18588243,24,85092
"5757",3,27.18588243,25,37681
"5758",3,27.18588243,26,42671
"5759",3,27.18588243,27,121277
"5760",3,27.18588243,28,40810
"5761",3,27.18588243,29,42852
"5762",3,27.18588243,3,41673
"5763",3,27.18588243,30,78936
"5764",3,27.18588243,31,43543
"5765",3,27.18588243,32,42887
"5766",3,27.18588243,33,39943
"5767",3,27.18588243,34,83119
"5768",3,27.18588243,35,38564
"5769",3,27.18588243,36,76901
"5770",3,27.18588243,37,687
"5771",3,27.18588243,38,686
"5772",3,27.18588243,39,92859
"5773",3,27.18588243,4,84441
"5774",3,27.18588243,40,84294
"5775",3,27.18588243,41,898
"5776",3,27.18588243,42,690
"5777",3,27.18588243,43,83326
"5778",3,27.18588243,44,111285
"5779",3,27.18588243,45,38778
"5780",3,27.18588243,46,41930
"5781",3,27.18588243,47,233887
"5782",3,27.18588243,48,125277
"5783",3,27.18588243,49,681
"5784",3,27.18588243,5,79595
"5785",3,27.18588243,50,86662
"5786",3,27.18588243,51,40684
"5787",3,27.18588243,52,124581
"5788",3,27.18588243,53,769
"5789",3,27.18588243,54,43351
"5790",3,27.18588243,55,81293
"5791",3,27.18588243,56,122646
"5792",3,27.18588243,57,719
"5793",3,27.18588243,58,128633
"5794",3,27.18588243,59,81387
"5795",3,27.18588243,6,88613
"5796",3,27.18588243,60,122957
"5797",3,27.18588243,61,49479
"5798",3,27.18588243,62,81436
"5799",3,27.18588243,63,44953
"5800",3,27.18588243,64,131412
"5801",3,27.18588243,65,40288
"5802",3,27.18588243,66,123424
"5803",3,27.18588243,67,86673
"5804",3,27.18588243,68,120485
"5805",3,27.18588243,69,40721
"5806",3,27.18588243,7,132442
"5807",3,27.18588243,70,80960
"5808",3,27.18588243,71,39377
"5809",3,27.18588243,72,127277
"5810",3,27.18588243,73,124011
"5811",3,27.18588243,74,694
"5812",3,27.18588243,75,45123
"5813",3,27.18588243,76,44563
"5814",3,27.18588243,77,886
"5815",3,27.18588243,78,44890
"5816",3,27.18588243,79,35481
"5817",3,27.18588243,8,204624
"5818",3,27.18588243,80,166754
"5819",3,27.18588243,81,39702
"5820",3,27.18588243,82,82259
"5821",3,27.18588243,83,713
"5822",3,27.18588243,84,40656
"5823",3,27.18588243,85,80529
"5824",3,27.18588243,86,92859
"5825",3,27.18588243,87,86435
"5826",3,27.18588243,88,37859
"5827",3,27.18588243,89,82369
"5828",3,27.18588243,9,706
"5829",3,27.18588243,90,86072
"5830",3,27.18588243,91,36519
"5831",3,27.18588243,92,39539
"5832",3,27.18588243,93,80132
"5833",3,27.18588243,94,718
"5834",3,27.18588243,95,43413
"5835",3,27.18588243,96,86462
"5836",3,27.18588243,97,85158
"5837",3,27.18588243,98,162870
"5838",3,27.18588243,99,41362
"5839",3,278.25594022,1,664956
"5840",3,278.25594022,10,581642
"5841",3,278.25594022,100,349659
"5842",3,278.25594022,11,579399
"5843",3,278.25594022,12,737410
"5844",3,278.25594022,13,592500
"5845",3,278.25594022,14,588079
"5846",3,278.25594022,15,491046
"5847",3,278.25594022,16,704720
"5848",3,278.25594022,17,757473
"5849",3,278.25594022,18,741468
"5850",3,278.25594022,19,720413
"5851",3,278.25594022,2,730033
"5852",3,278.25594022,20,795277
"5853",3,278.25594022,21,633053
"5854",3,278.25594022,22,777422
"5855",3,278.25594022,23,612194
"5856",3,278.25594022,24,500980
"5857",3,278.25594022,25,681899
"5858",3,278.25594022,26,708294
"5859",3,278.25594022,27,622205
"5860",3,278.25594022,28,640388
"5861",3,278.25594022,29,550115
"5862",3,278.25594022,3,999408
"5863",3,278.25594022,30,541775
"5864",3,278.25594022,31,469769
"5865",3,278.25594022,32,385041
"5866",3,278.25594022,33,596077
"5867",3,278.25594022,34,622593
"5868",3,278.25594022,35,453196
"5869",3,278.25594022,36,841505
"5870",3,278.25594022,37,402909
"5871",3,278.25594022,38,580599
"5872",3,278.25594022,39,665924
"5873",3,278.25594022,4,525259
"5874",3,278.25594022,40,430305
"5875",3,278.25594022,41,430998
"5876",3,278.25594022,42,606932
"5877",3,278.25594022,43,578531
"5878",3,278.25594022,44,661450
"5879",3,278.25594022,45,754085
"5880",3,278.25594022,46,793647
"5881",3,278.25594022,47,567773
"5882",3,278.25594022,48,586468
"5883",3,278.25594022,49,528351
"5884",3,278.25594022,5,301598
"5885",3,278.25594022,50,557201
"5886",3,278.25594022,51,534917
"5887",3,278.25594022,52,292171
"5888",3,278.25594022,53,544818
"5889",3,278.25594022,54,937977
"5890",3,278.25594022,55,347444
"5891",3,278.25594022,56,705021
"5892",3,278.25594022,57,831401
"5893",3,278.25594022,58,476246
"5894",3,278.25594022,59,623467
"5895",3,278.25594022,6,491889
"5896",3,278.25594022,60,630970
"5897",3,278.25594022,61,491599
"5898",3,278.25594022,62,407468
"5899",3,278.25594022,63,986893
"5900",3,278.25594022,64,498860
"5901",3,278.25594022,65,699930
"5902",3,278.25594022,66,625968
"5903",3,278.25594022,67,768334
"5904",3,278.25594022,68,801668
"5905",3,278.25594022,69,537391
"5906",3,278.25594022,7,518017
"5907",3,278.25594022,70,466063
"5908",3,278.25594022,71,1024561
"5909",3,278.25594022,72,363053
"5910",3,278.25594022,73,848863
"5911",3,278.25594022,74,466868
"5912",3,278.25594022,75,765701
"5913",3,278.25594022,76,839474
"5914",3,278.25594022,77,540443
"5915",3,278.25594022,78,706915
"5916",3,278.25594022,79,814929
"5917",3,278.25594022,8,523657
"5918",3,278.25594022,80,709938
"5919",3,278.25594022,81,717106
"5920",3,278.25594022,82,573036
"5921",3,278.25594022,83,786911
"5922",3,278.25594022,84,508757
"5923",3,278.25594022,85,736184
"5924",3,278.25594022,86,745329
"5925",3,278.25594022,87,514425
"5926",3,278.25594022,88,581687
"5927",3,278.25594022,89,602724
"5928",3,278.25594022,9,714224
"5929",3,278.25594022,90,802857
"5930",3,278.25594022,91,414559
"5931",3,278.25594022,92,428894
"5932",3,278.25594022,93,523919
"5933",3,278.25594022,94,466536
"5934",3,278.25594022,95,604865
"5935",3,278.25594022,96,949681
"5936",3,278.25594022,97,556387
"5937",3,278.25594022,98,759221
"5938",3,278.25594022,99,726274
"5939",3,3.35160265,1,69443
"5940",3,3.35160265,10,41999
"5941",3,3.35160265,100,45001
"5942",3,3.35160265,11,83
"5943",3,3.35160265,12,88
"5944",3,3.35160265,13,95
"5945",3,3.35160265,14,78
"5946",3,3.35160265,15,81
"5947",3,3.35160265,16,77
"5948",3,3.35160265,17,81
"5949",3,3.35160265,18,87
"5950",3,3.35160265,19,69
"5951",3,3.35160265,2,90
"5952",3,3.35160265,20,97
"5953",3,3.35160265,21,85
"5954",3,3.35160265,22,44348
"5955",3,3.35160265,23,89
"5956",3,3.35160265,24,97
"5957",3,3.35160265,25,92
"5958",3,3.35160265,26,95
"5959",3,3.35160265,27,75
"5960",3,3.35160265,28,97
"5961",3,3.35160265,29,86
"5962",3,3.35160265,3,38911
"5963",3,3.35160265,30,92
"5964",3,3.35160265,31,82
"5965",3,3.35160265,32,84
"5966",3,3.35160265,33,73
"5967",3,3.35160265,34,39636
"5968",3,3.35160265,35,108
"5969",3,3.35160265,36,79
"5970",3,3.35160265,37,74
"5971",3,3.35160265,38,84
"5972",3,3.35160265,39,97
"5973",3,3.35160265,4,82
"5974",3,3.35160265,40,98
"5975",3,3.35160265,41,278
"5976",3,3.35160265,42,39281
"5977",3,3.35160265,43,36911
"5978",3,3.35160265,44,91
"5979",3,3.35160265,45,105
"5980",3,3.35160265,46,79
"5981",3,3.35160265,47,84
"5982",3,3.35160265,48,87
"5983",3,3.35160265,49,97
"5984",3,3.35160265,5,42130
"5985",3,3.35160265,50,88
"5986",3,3.35160265,51,92
"5987",3,3.35160265,52,93
"5988",3,3.35160265,53,103
"5989",3,3.35160265,54,74
"5990",3,3.35160265,55,77
"5991",3,3.35160265,56,85
"5992",3,3.35160265,57,39725
"5993",3,3.35160265,58,92
"5994",3,3.35160265,59,73
"5995",3,3.35160265,6,90
"5996",3,3.35160265,60,85
"5997",3,3.35160265,61,76
"5998",3,3.35160265,62,100
"5999",3,3.35160265,63,94
"6000",3,3.35160265,64,78
"6001",3,3.35160265,65,90
"6002",3,3.35160265,66,79
"6003",3,3.35160265,67,42050
"6004",3,3.35160265,68,40599
"6005",3,3.35160265,69,81
"6006",3,3.35160265,7,100
"6007",3,3.35160265,70,98
"6008",3,3.35160265,71,85
"6009",3,3.35160265,72,77
"6010",3,3.35160265,73,85
"6011",3,3.35160265,74,36833
"6012",3,3.35160265,75,39266
"6013",3,3.35160265,76,38268
"6014",3,3.35160265,77,44215
"6015",3,3.35160265,78,40023
"6016",3,3.35160265,79,86
"6017",3,3.35160265,8,79
"6018",3,3.35160265,80,80
"6019",3,3.35160265,81,74
"6020",3,3.35160265,82,78
"6021",3,3.35160265,83,71
"6022",3,3.35160265,84,79
"6023",3,3.35160265,85,101
"6024",3,3.35160265,86,77
"6025",3,3.35160265,87,82796
"6026",3,3.35160265,88,92
"6027",3,3.35160265,89,88
"6028",3,3.35160265,9,67
"6029",3,3.35160265,90,95
"6030",3,3.35160265,91,80
"6031",3,3.35160265,92,75
"6032",3,3.35160265,93,86
"6033",3,3.35160265,94,100
"6034",3,3.35160265,95,41819
"6035",3,3.35160265,96,85
"6036",3,3.35160265,97,90
"6037",3,3.35160265,98,83
"6038",3,3.35160265,99,80
"6039",3,3.76493581,1,36869
"6040",3,3.76493581,10,88
"6041",3,3.76493581,100,45186
"6042",3,3.76493581,11,84
"6043",3,3.76493581,12,42594
"6044",3,3.76493581,13,96
"6045",3,3.76493581,14,90
"6046",3,3.76493581,15,102
"6047",3,3.76493581,16,99
"6048",3,3.76493581,17,97
"6049",3,3.76493581,18,105
"6050",3,3.76493581,19,96
"6051",3,3.76493581,2,97
"6052",3,3.76493581,20,107
"6053",3,3.76493581,21,112
"6054",3,3.76493581,22,109
"6055",3,3.76493581,23,122
"6056",3,3.76493581,24,114
"6057",3,3.76493581,25,94
"6058",3,3.76493581,26,99
"6059",3,3.76493581,27,100
"6060",3,3.76493581,28,323
"6061",3,3.76493581,29,84
"6062",3,3.76493581,3,79
"6063",3,3.76493581,30,123
"6064",3,3.76493581,31,120
"6065",3,3.76493581,32,93
"6066",3,3.76493581,33,113
"6067",3,3.76493581,34,37886
"6068",3,3.76493581,35,102
"6069",3,3.76493581,36,103
"6070",3,3.76493581,37,102
"6071",3,3.76493581,38,102
"6072",3,3.76493581,39,94
"6073",3,3.76493581,4,103
"6074",3,3.76493581,40,94
"6075",3,3.76493581,41,40387
"6076",3,3.76493581,42,103
"6077",3,3.76493581,43,47932
"6078",3,3.76493581,44,88291
"6079",3,3.76493581,45,100
"6080",3,3.76493581,46,96
"6081",3,3.76493581,47,105
"6082",3,3.76493581,48,93
"6083",3,3.76493581,49,42084
"6084",3,3.76493581,5,82
"6085",3,3.76493581,50,70
"6086",3,3.76493581,51,104
"6087",3,3.76493581,52,47248
"6088",3,3.76493581,53,45386
"6089",3,3.76493581,54,87
"6090",3,3.76493581,55,96
"6091",3,3.76493581,56,102
"6092",3,3.76493581,57,105
"6093",3,3.76493581,58,84
"6094",3,3.76493581,59,90
"6095",3,3.76493581,6,94
"6096",3,3.76493581,60,42218
"6097",3,3.76493581,61,83
"6098",3,3.76493581,62,104
"6099",3,3.76493581,63,43536
"6100",3,3.76493581,64,42194
"6101",3,3.76493581,65,76577
"6102",3,3.76493581,66,87
"6103",3,3.76493581,67,88
"6104",3,3.76493581,68,92
"6105",3,3.76493581,69,81
"6106",3,3.76493581,7,119
"6107",3,3.76493581,70,94
"6108",3,3.76493581,71,95
"6109",3,3.76493581,72,122
"6110",3,3.76493581,73,98
"6111",3,3.76493581,74,43425
"6112",3,3.76493581,75,76
"6113",3,3.76493581,76,43800
"6114",3,3.76493581,77,86041
"6115",3,3.76493581,78,108
"6116",3,3.76493581,79,108
"6117",3,3.76493581,8,80
"6118",3,3.76493581,80,98
"6119",3,3.76493581,81,97
"6120",3,3.76493581,82,98
"6121",3,3.76493581,83,105
"6122",3,3.76493581,84,87
"6123",3,3.76493581,85,124
"6124",3,3.76493581,86,108
"6125",3,3.76493581,87,102
"6126",3,3.76493581,88,78
"6127",3,3.76493581,89,93
"6128",3,3.76493581,9,109
"6129",3,3.76493581,90,105
"6130",3,3.76493581,91,111
"6131",3,3.76493581,92,106
"6132",3,3.76493581,93,43973
"6133",3,3.76493581,94,42573
"6134",3,3.76493581,95,111
"6135",3,3.76493581,96,106
"6136",3,3.76493581,97,87
"6137",3,3.76493581,98,103
"6138",3,3.76493581,99,104
"6139",3,30.53855509,1,136531
"6140",3,30.53855509,10,83054
"6141",3,30.53855509,100,6922
"6142",3,30.53855509,11,781
"6143",3,30.53855509,12,46773
"6144",3,30.53855509,13,86933
"6145",3,30.53855509,14,41768
"6146",3,30.53855509,15,38841
"6147",3,30.53855509,16,1009
"6148",3,30.53855509,17,204950
"6149",3,30.53855509,18,89327
"6150",3,30.53855509,19,117352
"6151",3,30.53855509,2,44950
"6152",3,30.53855509,20,33583
"6153",3,30.53855509,21,80081
"6154",3,30.53855509,22,244226
"6155",3,30.53855509,23,40462
"6156",3,30.53855509,24,82425
"6157",3,30.53855509,25,94001
"6158",3,30.53855509,26,85633
"6159",3,30.53855509,27,754
"6160",3,30.53855509,28,207606
"6161",3,30.53855509,29,43782
"6162",3,30.53855509,3,41284
"6163",3,30.53855509,30,83159
"6164",3,30.53855509,31,79099
"6165",3,30.53855509,32,39398
"6166",3,30.53855509,33,40551
"6167",3,30.53855509,34,80451
"6168",3,30.53855509,35,123327
"6169",3,30.53855509,36,798
"6170",3,30.53855509,37,171129
"6171",3,30.53855509,38,255152
"6172",3,30.53855509,39,49560
"6173",3,30.53855509,4,39578
"6174",3,30.53855509,40,32755
"6175",3,30.53855509,41,41214
"6176",3,30.53855509,42,88053
"6177",3,30.53855509,43,167815
"6178",3,30.53855509,44,127428
"6179",3,30.53855509,45,131490
"6180",3,30.53855509,46,132652
"6181",3,30.53855509,47,86866
"6182",3,30.53855509,48,118902
"6183",3,30.53855509,49,126438
"6184",3,30.53855509,5,124382
"6185",3,30.53855509,50,84029
"6186",3,30.53855509,51,773
"6187",3,30.53855509,52,80055
"6188",3,30.53855509,53,80108
"6189",3,30.53855509,54,81384
"6190",3,30.53855509,55,85985
"6191",3,30.53855509,56,814
"6192",3,30.53855509,57,5919
"6193",3,30.53855509,58,78021
"6194",3,30.53855509,59,44055
"6195",3,30.53855509,6,166930
"6196",3,30.53855509,60,47839
"6197",3,30.53855509,61,81152
"6198",3,30.53855509,62,790
"6199",3,30.53855509,63,123774
"6200",3,30.53855509,64,800
"6201",3,30.53855509,65,4990
"6202",3,30.53855509,66,192079
"6203",3,30.53855509,67,130936
"6204",3,30.53855509,68,50104
"6205",3,30.53855509,69,44119
"6206",3,30.53855509,7,44477
"6207",3,30.53855509,70,43825
"6208",3,30.53855509,71,36833
"6209",3,30.53855509,72,82863
"6210",3,30.53855509,73,741
"6211",3,30.53855509,74,794
"6212",3,30.53855509,75,779
"6213",3,30.53855509,76,43684
"6214",3,30.53855509,77,799
"6215",3,30.53855509,78,80241
"6216",3,30.53855509,79,49548
"6217",3,30.53855509,8,117383
"6218",3,30.53855509,80,5201
"6219",3,30.53855509,81,44529
"6220",3,30.53855509,82,808
"6221",3,30.53855509,83,89884
"6222",3,30.53855509,84,46974
"6223",3,30.53855509,85,36886
"6224",3,30.53855509,86,78732
"6225",3,30.53855509,87,819
"6226",3,30.53855509,88,45653
"6227",3,30.53855509,89,83531
"6228",3,30.53855509,9,97902
"6229",3,30.53855509,90,82537
"6230",3,30.53855509,91,785
"6231",3,30.53855509,92,77606
"6232",3,30.53855509,93,785
"6233",3,30.53855509,94,40703
"6234",3,30.53855509,95,46089
"6235",3,30.53855509,96,6606
"6236",3,30.53855509,97,6762
"6237",3,30.53855509,98,997
"6238",3,30.53855509,99,46264
"6239",3,312.57158497,1,709630
"6240",3,312.57158497,10,720176
"6241",3,312.57158497,100,733556
"6242",3,312.57158497,11,883926
"6243",3,312.57158497,12,884841
"6244",3,312.57158497,13,959909
"6245",3,312.57158497,14,484372
"6246",3,312.57158497,15,798837
"6247",3,312.57158497,16,878040
"6248",3,312.57158497,17,416938
"6249",3,312.57158497,18,712172
"6250",3,312.57158497,19,617287
"6251",3,312.57158497,2,733059
"6252",3,312.57158497,20,787750
"6253",3,312.57158497,21,790613
"6254",3,312.57158497,22,861807
"6255",3,312.57158497,23,573364
"6256",3,312.57158497,24,621516
"6257",3,312.57158497,25,553730
"6258",3,312.57158497,26,634740
"6259",3,312.57158497,27,497303
"6260",3,312.57158497,28,695869
"6261",3,312.57158497,29,587611
"6262",3,312.57158497,3,968316
"6263",3,312.57158497,30,560664
"6264",3,312.57158497,31,601134
"6265",3,312.57158497,32,777196
"6266",3,312.57158497,33,944746
"6267",3,312.57158497,34,524321
"6268",3,312.57158497,35,787167
"6269",3,312.57158497,36,1177460
"6270",3,312.57158497,37,704774
"6271",3,312.57158497,38,602370
"6272",3,312.57158497,39,543231
"6273",3,312.57158497,4,826131
"6274",3,312.57158497,40,620442
"6275",3,312.57158497,41,765288
"6276",3,312.57158497,42,741508
"6277",3,312.57158497,43,673305
"6278",3,312.57158497,44,764089
"6279",3,312.57158497,45,920416
"6280",3,312.57158497,46,502522
"6281",3,312.57158497,47,703301
"6282",3,312.57158497,48,606825
"6283",3,312.57158497,49,717144
"6284",3,312.57158497,5,502987
"6285",3,312.57158497,50,666217
"6286",3,312.57158497,51,625448
"6287",3,312.57158497,52,835348
"6288",3,312.57158497,53,738078
"6289",3,312.57158497,54,592306
"6290",3,312.57158497,55,705508
"6291",3,312.57158497,56,939368
"6292",3,312.57158497,57,799688
"6293",3,312.57158497,58,883263
"6294",3,312.57158497,59,620662
"6295",3,312.57158497,6,456745
"6296",3,312.57158497,60,838048
"6297",3,312.57158497,61,786314
"6298",3,312.57158497,62,760703
"6299",3,312.57158497,63,583225
"6300",3,312.57158497,64,772876
"6301",3,312.57158497,65,1157974
"6302",3,312.57158497,66,899559
"6303",3,312.57158497,67,775851
"6304",3,312.57158497,68,669629
"6305",3,312.57158497,69,802611
"6306",3,312.57158497,7,676745
"6307",3,312.57158497,70,846785
"6308",3,312.57158497,71,641138
"6309",3,312.57158497,72,799818
"6310",3,312.57158497,73,459729
"6311",3,312.57158497,74,585063
"6312",3,312.57158497,75,811122
"6313",3,312.57158497,76,713136
"6314",3,312.57158497,77,730746
"6315",3,312.57158497,78,788575
"6316",3,312.57158497,79,914271
"6317",3,312.57158497,8,821036
"6318",3,312.57158497,80,687340
"6319",3,312.57158497,81,1087226
"6320",3,312.57158497,82,687372
"6321",3,312.57158497,83,550496
"6322",3,312.57158497,84,630566
"6323",3,312.57158497,85,711701
"6324",3,312.57158497,86,733029
"6325",3,312.57158497,87,604965
"6326",3,312.57158497,88,865564
"6327",3,312.57158497,89,878872
"6328",3,312.57158497,9,730165
"6329",3,312.57158497,90,724038
"6330",3,312.57158497,91,468025
"6331",3,312.57158497,92,666824
"6332",3,312.57158497,93,693221
"6333",3,312.57158497,94,473327
"6334",3,312.57158497,95,673111
"6335",3,312.57158497,96,753587
"6336",3,312.57158497,97,704244
"6337",3,312.57158497,98,435543
"6338",3,312.57158497,99,484385
"6339",3,34.30469286,1,126989
"6340",3,34.30469286,10,879
"6341",3,34.30469286,100,897
"6342",3,34.30469286,11,119096
"6343",3,34.30469286,12,116643
"6344",3,34.30469286,13,42211
"6345",3,34.30469286,14,90067
"6346",3,34.30469286,15,39599
"6347",3,34.30469286,16,40911
"6348",3,34.30469286,17,39795
"6349",3,34.30469286,18,154542
"6350",3,34.30469286,19,119399
"6351",3,34.30469286,2,84856
"6352",3,34.30469286,20,38610
"6353",3,34.30469286,21,40552
"6354",3,34.30469286,22,116593
"6355",3,34.30469286,23,49153
"6356",3,34.30469286,24,78238
"6357",3,34.30469286,25,132732
"6358",3,34.30469286,26,124139
"6359",3,34.30469286,27,40989
"6360",3,34.30469286,28,45950
"6361",3,34.30469286,29,87923
"6362",3,34.30469286,3,78954
"6363",3,34.30469286,30,122381
"6364",3,34.30469286,31,87257
"6365",3,34.30469286,32,90025
"6366",3,34.30469286,33,87634
"6367",3,34.30469286,34,258005
"6368",3,34.30469286,35,85556
"6369",3,34.30469286,36,85725
"6370",3,34.30469286,37,88891
"6371",3,34.30469286,38,47207
"6372",3,34.30469286,39,79247
"6373",3,34.30469286,4,77776
"6374",3,34.30469286,40,42524
"6375",3,34.30469286,41,43531
"6376",3,34.30469286,42,44241
"6377",3,34.30469286,43,886
"6378",3,34.30469286,44,120088
"6379",3,34.30469286,45,87780
"6380",3,34.30469286,46,79303
"6381",3,34.30469286,47,80071
"6382",3,34.30469286,48,39076
"6383",3,34.30469286,49,39857
"6384",3,34.30469286,5,40303
"6385",3,34.30469286,50,48282
"6386",3,34.30469286,51,173879
"6387",3,34.30469286,52,83692
"6388",3,34.30469286,53,39598
"6389",3,34.30469286,54,115861
"6390",3,34.30469286,55,81672
"6391",3,34.30469286,56,89917
"6392",3,34.30469286,57,86525
"6393",3,34.30469286,58,1074
"6394",3,34.30469286,59,206937
"6395",3,34.30469286,6,122580
"6396",3,34.30469286,60,168096
"6397",3,34.30469286,61,127731
"6398",3,34.30469286,62,79642
"6399",3,34.30469286,63,934
"6400",3,34.30469286,64,169763
"6401",3,34.30469286,65,85212
"6402",3,34.30469286,66,84842
"6403",3,34.30469286,67,128087
"6404",3,34.30469286,68,122474
"6405",3,34.30469286,69,81859
"6406",3,34.30469286,7,44670
"6407",3,34.30469286,70,114977
"6408",3,34.30469286,71,43815
"6409",3,34.30469286,72,134080
"6410",3,34.30469286,73,42908
"6411",3,34.30469286,74,49809
"6412",3,34.30469286,75,166427
"6413",3,34.30469286,76,130013
"6414",3,34.30469286,77,42895
"6415",3,34.30469286,78,87845
"6416",3,34.30469286,79,86878
"6417",3,34.30469286,8,41270
"6418",3,34.30469286,80,39113
"6419",3,34.30469286,81,118671
"6420",3,34.30469286,82,40075
"6421",3,34.30469286,83,7046
"6422",3,34.30469286,84,116403
"6423",3,34.30469286,85,885
"6424",3,34.30469286,86,219961
"6425",3,34.30469286,87,175011
"6426",3,34.30469286,88,1192
"6427",3,34.30469286,89,89589
"6428",3,34.30469286,9,163853
"6429",3,34.30469286,90,83905
"6430",3,34.30469286,91,78413
"6431",3,34.30469286,92,86698
"6432",3,34.30469286,93,925
"6433",3,34.30469286,94,45168
"6434",3,34.30469286,95,135485
"6435",3,34.30469286,96,205387
"6436",3,34.30469286,97,123559
"6437",3,34.30469286,98,48571
"6438",3,34.30469286,99,129206
"6439",3,351.11917342,1,995064
"6440",3,351.11917342,10,705706
"6441",3,351.11917342,100,808528
"6442",3,351.11917342,11,831101
"6443",3,351.11917342,12,837577
"6444",3,351.11917342,13,683570
"6445",3,351.11917342,14,513513
"6446",3,351.11917342,15,1162781
"6447",3,351.11917342,16,1094498
"6448",3,351.11917342,17,1193517
"6449",3,351.11917342,18,937403
"6450",3,351.11917342,19,817962
"6451",3,351.11917342,2,792663
"6452",3,351.11917342,20,953620
"6453",3,351.11917342,21,938620
"6454",3,351.11917342,22,795191
"6455",3,351.11917342,23,790163
"6456",3,351.11917342,24,835967
"6457",3,351.11917342,25,735844
"6458",3,351.11917342,26,975175
"6459",3,351.11917342,27,598274
"6460",3,351.11917342,28,1030336
"6461",3,351.11917342,29,594740
"6462",3,351.11917342,3,982563
"6463",3,351.11917342,30,768897
"6464",3,351.11917342,31,778468
"6465",3,351.11917342,32,710627
"6466",3,351.11917342,33,1122650
"6467",3,351.11917342,34,814217
"6468",3,351.11917342,35,841215
"6469",3,351.11917342,36,551808
"6470",3,351.11917342,37,1047082
"6471",3,351.11917342,38,747841
"6472",3,351.11917342,39,664267
"6473",3,351.11917342,4,628954
"6474",3,351.11917342,40,870459
"6475",3,351.11917342,41,590117
"6476",3,351.11917342,42,849977
"6477",3,351.11917342,43,793286
"6478",3,351.11917342,44,670086
"6479",3,351.11917342,45,896344
"6480",3,351.11917342,46,966694
"6481",3,351.11917342,47,736499
"6482",3,351.11917342,48,766409
"6483",3,351.11917342,49,854948
"6484",3,351.11917342,5,526909
"6485",3,351.11917342,50,618466
"6486",3,351.11917342,51,937025
"6487",3,351.11917342,52,1103254
"6488",3,351.11917342,53,843889
"6489",3,351.11917342,54,1112175
"6490",3,351.11917342,55,611159
"6491",3,351.11917342,56,1250123
"6492",3,351.11917342,57,563855
"6493",3,351.11917342,58,428458
"6494",3,351.11917342,59,849921
"6495",3,351.11917342,6,779010
"6496",3,351.11917342,60,845012
"6497",3,351.11917342,61,862200
"6498",3,351.11917342,62,985689
"6499",3,351.11917342,63,796832
"6500",3,351.11917342,64,458230
"6501",3,351.11917342,65,766162
"6502",3,351.11917342,66,533593
"6503",3,351.11917342,67,748535
"6504",3,351.11917342,68,992616
"6505",3,351.11917342,69,746836
"6506",3,351.11917342,7,513513
"6507",3,351.11917342,70,809730
"6508",3,351.11917342,71,858211
"6509",3,351.11917342,72,842182
"6510",3,351.11917342,73,591531
"6511",3,351.11917342,74,689331
"6512",3,351.11917342,75,1128990
"6513",3,351.11917342,76,664875
"6514",3,351.11917342,77,799575
"6515",3,351.11917342,78,538787
"6516",3,351.11917342,79,760354
"6517",3,351.11917342,8,580597
"6518",3,351.11917342,80,738298
"6519",3,351.11917342,81,768922
"6520",3,351.11917342,82,790700
"6521",3,351.11917342,83,1156571
"6522",3,351.11917342,84,684502
"6523",3,351.11917342,85,851049
"6524",3,351.11917342,86,642681
"6525",3,351.11917342,87,886576
"6526",3,351.11917342,88,865560
"6527",3,351.11917342,89,1039020
"6528",3,351.11917342,9,807746
"6529",3,351.11917342,90,807543
"6530",3,351.11917342,91,1008436
"6531",3,351.11917342,92,554110
"6532",3,351.11917342,93,765600
"6533",3,351.11917342,94,1091684
"6534",3,351.11917342,95,1123037
"6535",3,351.11917342,96,496692
"6536",3,351.11917342,97,760360
"6537",3,351.11917342,98,668045
"6538",3,351.11917342,99,673750
"6539",3,38.53528594,1,92356
"6540",3,38.53528594,10,44267
"6541",3,38.53528594,100,161935
"6542",3,38.53528594,11,165279
"6543",3,38.53528594,12,963
"6544",3,38.53528594,13,41783
"6545",3,38.53528594,14,83140
"6546",3,38.53528594,15,127466
"6547",3,38.53528594,16,78543
"6548",3,38.53528594,17,40727
"6549",3,38.53528594,18,91280
"6550",3,38.53528594,19,81261
"6551",3,38.53528594,2,128373
"6552",3,38.53528594,20,119225
"6553",3,38.53528594,21,41897
"6554",3,38.53528594,22,1211
"6555",3,38.53528594,23,44458
"6556",3,38.53528594,24,164419
"6557",3,38.53528594,25,216593
"6558",3,38.53528594,26,140546
"6559",3,38.53528594,27,44642
"6560",3,38.53528594,28,199768
"6561",3,38.53528594,29,124890
"6562",3,38.53528594,3,43233
"6563",3,38.53528594,30,80096
"6564",3,38.53528594,31,41288
"6565",3,38.53528594,32,172151
"6566",3,38.53528594,33,40591
"6567",3,38.53528594,34,115640
"6568",3,38.53528594,35,86233
"6569",3,38.53528594,36,1003
"6570",3,38.53528594,37,78630
"6571",3,38.53528594,38,37766
"6572",3,38.53528594,39,35318
"6573",3,38.53528594,4,39413
"6574",3,38.53528594,40,174162
"6575",3,38.53528594,41,78737
"6576",3,38.53528594,42,117242
"6577",3,38.53528594,43,161236
"6578",3,38.53528594,44,44862
"6579",3,38.53528594,45,131532
"6580",3,38.53528594,46,42972
"6581",3,38.53528594,47,43280
"6582",3,38.53528594,48,259922
"6583",3,38.53528594,49,41610
"6584",3,38.53528594,5,85470
"6585",3,38.53528594,50,122894
"6586",3,38.53528594,51,86552
"6587",3,38.53528594,52,165228
"6588",3,38.53528594,53,45427
"6589",3,38.53528594,54,981
"6590",3,38.53528594,55,175587
"6591",3,38.53528594,56,44314
"6592",3,38.53528594,57,46446
"6593",3,38.53528594,58,39718
"6594",3,38.53528594,59,84715
"6595",3,38.53528594,6,41106
"6596",3,38.53528594,60,48840
"6597",3,38.53528594,61,81745
"6598",3,38.53528594,62,81461
"6599",3,38.53528594,63,1021
"6600",3,38.53528594,64,208317
"6601",3,38.53528594,65,47215
"6602",3,38.53528594,66,76588
"6603",3,38.53528594,67,171972
"6604",3,38.53528594,68,88592
"6605",3,38.53528594,69,43032
"6606",3,38.53528594,7,237556
"6607",3,38.53528594,70,80468
"6608",3,38.53528594,71,122847
"6609",3,38.53528594,72,82637
"6610",3,38.53528594,73,69486
"6611",3,38.53528594,74,1012
"6612",3,38.53528594,75,166017
"6613",3,38.53528594,76,83788
"6614",3,38.53528594,77,209481
"6615",3,38.53528594,78,94730
"6616",3,38.53528594,79,77359
"6617",3,38.53528594,8,1430
"6618",3,38.53528594,80,153784
"6619",3,38.53528594,81,122279
"6620",3,38.53528594,82,83984
"6621",3,38.53528594,83,86484
"6622",3,38.53528594,84,43756
"6623",3,38.53528594,85,44550
"6624",3,38.53528594,86,43181
"6625",3,38.53528594,87,50252
"6626",3,38.53528594,88,159920
"6627",3,38.53528594,89,83387
"6628",3,38.53528594,9,44417
"6629",3,38.53528594,90,999
"6630",3,38.53528594,91,93819
"6631",3,38.53528594,92,80022
"6632",3,38.53528594,93,205509
"6633",3,38.53528594,94,122447
"6634",3,38.53528594,95,128150
"6635",3,38.53528594,96,40782
"6636",3,38.53528594,97,37946
"6637",3,38.53528594,98,86871
"6638",3,38.53528594,99,75803
"6639",3,394.42060594,1,852456
"6640",3,394.42060594,10,1008583
"6641",3,394.42060594,100,848114
"6642",3,394.42060594,11,1234733
"6643",3,394.42060594,12,1126609
"6644",3,394.42060594,13,547907
"6645",3,394.42060594,14,1246277
"6646",3,394.42060594,15,1085729
"6647",3,394.42060594,16,707517
"6648",3,394.42060594,17,794931
"6649",3,394.42060594,18,666319
"6650",3,394.42060594,19,619137
"6651",3,394.42060594,2,561339
"6652",3,394.42060594,20,561339
"6653",3,394.42060594,21,1014484
"6654",3,394.42060594,22,1019410
"6655",3,394.42060594,23,1117818
"6656",3,394.42060594,24,1060835
"6657",3,394.42060594,25,682499
"6658",3,394.42060594,26,656707
"6659",3,394.42060594,27,936296
"6660",3,394.42060594,28,848925
"6661",3,394.42060594,29,1604814
"6662",3,394.42060594,3,1194394
"6663",3,394.42060594,30,870378
"6664",3,394.42060594,31,652159
"6665",3,394.42060594,32,640788
"6666",3,394.42060594,33,838995
"6667",3,394.42060594,34,910514
"6668",3,394.42060594,35,741168
"6669",3,394.42060594,36,736361
"6670",3,394.42060594,37,1034651
"6671",3,394.42060594,38,791885
"6672",3,394.42060594,39,823324
"6673",3,394.42060594,4,668829
"6674",3,394.42060594,40,743704
"6675",3,394.42060594,41,801716
"6676",3,394.42060594,42,1196914
"6677",3,394.42060594,43,829950
"6678",3,394.42060594,44,869820
"6679",3,394.42060594,45,1374429
"6680",3,394.42060594,46,986449
"6681",3,394.42060594,47,1116442
"6682",3,394.42060594,48,1039270
"6683",3,394.42060594,49,874282
"6684",3,394.42060594,5,841084
"6685",3,394.42060594,50,1239523
"6686",3,394.42060594,51,891280
"6687",3,394.42060594,52,718743
"6688",3,394.42060594,53,1030170
"6689",3,394.42060594,54,832887
"6690",3,394.42060594,55,1261930
"6691",3,394.42060594,56,1099291
"6692",3,394.42060594,57,763352
"6693",3,394.42060594,58,800257
"6694",3,394.42060594,59,806193
"6695",3,394.42060594,6,771466
"6696",3,394.42060594,60,830085
"6697",3,394.42060594,61,642592
"6698",3,394.42060594,62,833299
"6699",3,394.42060594,63,996201
"6700",3,394.42060594,64,1016362
"6701",3,394.42060594,65,1196463
"6702",3,394.42060594,66,1341520
"6703",3,394.42060594,67,1114398
"6704",3,394.42060594,68,721808
"6705",3,394.42060594,69,955755
"6706",3,394.42060594,7,629952
"6707",3,394.42060594,70,510995
"6708",3,394.42060594,71,792808
"6709",3,394.42060594,72,1026045
"6710",3,394.42060594,73,967866
"6711",3,394.42060594,74,1044260
"6712",3,394.42060594,75,839565
"6713",3,394.42060594,76,609633
"6714",3,394.42060594,77,705769
"6715",3,394.42060594,78,1163520
"6716",3,394.42060594,79,1170694
"6717",3,394.42060594,8,789182
"6718",3,394.42060594,80,634734
"6719",3,394.42060594,81,796114
"6720",3,394.42060594,82,714506
"6721",3,394.42060594,83,1078586
"6722",3,394.42060594,84,967762
"6723",3,394.42060594,85,1084353
"6724",3,394.42060594,86,962775
"6725",3,394.42060594,87,757316
"6726",3,394.42060594,88,1085730
"6727",3,394.42060594,89,625339
"6728",3,394.42060594,9,1035029
"6729",3,394.42060594,90,952668
"6730",3,394.42060594,91,1213587
"6731",3,394.42060594,92,1100961
"6732",3,394.42060594,93,923842
"6733",3,394.42060594,94,815787
"6734",3,394.42060594,95,941242
"6735",3,394.42060594,96,604039
"6736",3,394.42060594,97,1020721
"6737",3,394.42060594,98,802923
"6738",3,394.42060594,99,787641
"6739",3,4.22924287,1,114
"6740",3,4.22924287,10,81217
"6741",3,4.22924287,100,97
"6742",3,4.22924287,11,123
"6743",3,4.22924287,12,73
"6744",3,4.22924287,13,121
"6745",3,4.22924287,14,37824
"6746",3,4.22924287,15,120
"6747",3,4.22924287,16,41803
"6748",3,4.22924287,17,116
"6749",3,4.22924287,18,105
"6750",3,4.22924287,19,107
"6751",3,4.22924287,2,101
"6752",3,4.22924287,20,124
"6753",3,4.22924287,21,101
"6754",3,4.22924287,22,119
"6755",3,4.22924287,23,101
"6756",3,4.22924287,24,101
"6757",3,4.22924287,25,109
"6758",3,4.22924287,26,98
"6759",3,4.22924287,27,132
"6760",3,4.22924287,28,101
"6761",3,4.22924287,29,121
"6762",3,4.22924287,3,91
"6763",3,4.22924287,30,91
"6764",3,4.22924287,31,104
"6765",3,4.22924287,32,121
"6766",3,4.22924287,33,106
"6767",3,4.22924287,34,3343
"6768",3,4.22924287,35,106
"6769",3,4.22924287,36,40939
"6770",3,4.22924287,37,42211
"6771",3,4.22924287,38,115
"6772",3,4.22924287,39,96
"6773",3,4.22924287,4,36811
"6774",3,4.22924287,40,112
"6775",3,4.22924287,41,112
"6776",3,4.22924287,42,104
"6777",3,4.22924287,43,116
"6778",3,4.22924287,44,40640
"6779",3,4.22924287,45,129
"6780",3,4.22924287,46,111
"6781",3,4.22924287,47,107
"6782",3,4.22924287,48,109
"6783",3,4.22924287,49,97
"6784",3,4.22924287,5,42528
"6785",3,4.22924287,50,114
"6786",3,4.22924287,51,117
"6787",3,4.22924287,52,112
"6788",3,4.22924287,53,101
"6789",3,4.22924287,54,114
"6790",3,4.22924287,55,117
"6791",3,4.22924287,56,110
"6792",3,4.22924287,57,46623
"6793",3,4.22924287,58,4519
"6794",3,4.22924287,59,105
"6795",3,4.22924287,6,124
"6796",3,4.22924287,60,106
"6797",3,4.22924287,61,132
"6798",3,4.22924287,62,105
"6799",3,4.22924287,63,42847
"6800",3,4.22924287,64,113
"6801",3,4.22924287,65,102
"6802",3,4.22924287,66,42399
"6803",3,4.22924287,67,108
"6804",3,4.22924287,68,41645
"6805",3,4.22924287,69,122
"6806",3,4.22924287,7,122
"6807",3,4.22924287,70,99
"6808",3,4.22924287,71,103
"6809",3,4.22924287,72,4160
"6810",3,4.22924287,73,97
"6811",3,4.22924287,74,121
"6812",3,4.22924287,75,108
"6813",3,4.22924287,76,105
"6814",3,4.22924287,77,41320
"6815",3,4.22924287,78,99
"6816",3,4.22924287,79,75711
"6817",3,4.22924287,8,112
"6818",3,4.22924287,80,108
"6819",3,4.22924287,81,132
"6820",3,4.22924287,82,113
"6821",3,4.22924287,83,106
"6822",3,4.22924287,84,104
"6823",3,4.22924287,85,40579
"6824",3,4.22924287,86,104
"6825",3,4.22924287,87,118
"6826",3,4.22924287,88,133
"6827",3,4.22924287,89,47538
"6828",3,4.22924287,9,103
"6829",3,4.22924287,90,42579
"6830",3,4.22924287,91,91
"6831",3,4.22924287,92,100
"6832",3,4.22924287,93,116
"6833",3,4.22924287,94,107
"6834",3,4.22924287,95,107
"6835",3,4.22924287,96,40840
"6836",3,4.22924287,97,38917
"6837",3,4.22924287,98,88
"6838",3,4.22924287,99,42260
"6839",3,4.75081016,1,129
"6840",3,4.75081016,10,127
"6841",3,4.75081016,100,35836
"6842",3,4.75081016,11,42293
"6843",3,4.75081016,12,123
"6844",3,4.75081016,13,44208
"6845",3,4.75081016,14,118
"6846",3,4.75081016,15,120
"6847",3,4.75081016,16,128
"6848",3,4.75081016,17,137
"6849",3,4.75081016,18,140
"6850",3,4.75081016,19,49066
"6851",3,4.75081016,2,136
"6852",3,4.75081016,20,81218
"6853",3,4.75081016,21,135
"6854",3,4.75081016,22,135
"6855",3,4.75081016,23,138
"6856",3,4.75081016,24,105
"6857",3,4.75081016,25,41388
"6858",3,4.75081016,26,123
"6859",3,4.75081016,27,120
"6860",3,4.75081016,28,117
"6861",3,4.75081016,29,114
"6862",3,4.75081016,3,43122
"6863",3,4.75081016,30,118
"6864",3,4.75081016,31,45230
"6865",3,4.75081016,32,39392
"6866",3,4.75081016,33,43675
"6867",3,4.75081016,34,125
"6868",3,4.75081016,35,129
"6869",3,4.75081016,36,131
"6870",3,4.75081016,37,121
"6871",3,4.75081016,38,36211
"6872",3,4.75081016,39,115
"6873",3,4.75081016,4,40749
"6874",3,4.75081016,40,141
"6875",3,4.75081016,41,115
"6876",3,4.75081016,42,40473
"6877",3,4.75081016,43,39110
"6878",3,4.75081016,44,111
"6879",3,4.75081016,45,38488
"6880",3,4.75081016,46,39362
"6881",3,4.75081016,47,121
"6882",3,4.75081016,48,118
"6883",3,4.75081016,49,143
"6884",3,4.75081016,5,133
"6885",3,4.75081016,50,124
"6886",3,4.75081016,51,119
"6887",3,4.75081016,52,118
"6888",3,4.75081016,53,41140
"6889",3,4.75081016,54,122
"6890",3,4.75081016,55,135
"6891",3,4.75081016,56,114
"6892",3,4.75081016,57,39746
"6893",3,4.75081016,58,120
"6894",3,4.75081016,59,122
"6895",3,4.75081016,6,131
"6896",3,4.75081016,60,104
"6897",3,4.75081016,61,84
"6898",3,4.75081016,62,134
"6899",3,4.75081016,63,149
"6900",3,4.75081016,64,144
"6901",3,4.75081016,65,113
"6902",3,4.75081016,66,127
"6903",3,4.75081016,67,119
"6904",3,4.75081016,68,39116
"6905",3,4.75081016,69,42737
"6906",3,4.75081016,7,115
"6907",3,4.75081016,70,120
"6908",3,4.75081016,71,108
"6909",3,4.75081016,72,96
"6910",3,4.75081016,73,107
"6911",3,4.75081016,74,117
"6912",3,4.75081016,75,103
"6913",3,4.75081016,76,109
"6914",3,4.75081016,77,132
"6915",3,4.75081016,78,80224
"6916",3,4.75081016,79,132
"6917",3,4.75081016,8,125
"6918",3,4.75081016,80,79685
"6919",3,4.75081016,81,49066
"6920",3,4.75081016,82,120
"6921",3,4.75081016,83,127
"6922",3,4.75081016,84,109
"6923",3,4.75081016,85,119
"6924",3,4.75081016,86,42211
"6925",3,4.75081016,87,139
"6926",3,4.75081016,88,140
"6927",3,4.75081016,89,130
"6928",3,4.75081016,9,124
"6929",3,4.75081016,90,127
"6930",3,4.75081016,91,114
"6931",3,4.75081016,92,321
"6932",3,4.75081016,93,121
"6933",3,4.75081016,94,121
"6934",3,4.75081016,95,118
"6935",3,4.75081016,96,126
"6936",3,4.75081016,97,128
"6937",3,4.75081016,98,40780
"6938",3,4.75081016,99,139
"6939",3,43.28761281,1,46034
"6940",3,43.28761281,10,46912
"6941",3,43.28761281,100,126393
"6942",3,43.28761281,11,127466
"6943",3,43.28761281,12,1157
"6944",3,43.28761281,13,207123
"6945",3,43.28761281,14,6456
"6946",3,43.28761281,15,131205
"6947",3,43.28761281,16,125550
"6948",3,43.28761281,17,126926
"6949",3,43.28761281,18,78310
"6950",3,43.28761281,19,80834
"6951",3,43.28761281,2,110934
"6952",3,43.28761281,20,75027
"6953",3,43.28761281,21,43038
"6954",3,43.28761281,22,6251
"6955",3,43.28761281,23,1152
"6956",3,43.28761281,24,130788
"6957",3,43.28761281,25,44162
"6958",3,43.28761281,26,1139
"6959",3,43.28761281,27,168329
"6960",3,43.28761281,28,81936
"6961",3,43.28761281,29,165592
"6962",3,43.28761281,3,80441
"6963",3,43.28761281,30,134967
"6964",3,43.28761281,31,170518
"6965",3,43.28761281,32,158730
"6966",3,43.28761281,33,1136
"6967",3,43.28761281,34,248781
"6968",3,43.28761281,35,87201
"6969",3,43.28761281,36,80683
"6970",3,43.28761281,37,135043
"6971",3,43.28761281,38,78862
"6972",3,43.28761281,39,80014
"6973",3,43.28761281,4,88147
"6974",3,43.28761281,40,120426
"6975",3,43.28761281,41,5994
"6976",3,43.28761281,42,255563
"6977",3,43.28761281,43,39733
"6978",3,43.28761281,44,45221
"6979",3,43.28761281,45,78176
"6980",3,43.28761281,46,205323
"6981",3,43.28761281,47,43366
"6982",3,43.28761281,48,82743
"6983",3,43.28761281,49,80100
"6984",3,43.28761281,5,42562
"6985",3,43.28761281,50,87575
"6986",3,43.28761281,51,165175
"6987",3,43.28761281,52,124450
"6988",3,43.28761281,53,128731
"6989",3,43.28761281,54,40140
"6990",3,43.28761281,55,126476
"6991",3,43.28761281,56,40469
"6992",3,43.28761281,57,84696
"6993",3,43.28761281,58,40664
"6994",3,43.28761281,59,131634
"6995",3,43.28761281,6,203901
"6996",3,43.28761281,60,74617
"6997",3,43.28761281,61,84963
"6998",3,43.28761281,62,166869
"6999",3,43.28761281,63,124058
"7000",3,43.28761281,64,250992
"7001",3,43.28761281,65,36449
"7002",3,43.28761281,66,136099
"7003",3,43.28761281,67,75215
"7004",3,43.28761281,68,90216
"7005",3,43.28761281,69,79796
"7006",3,43.28761281,7,37668
"7007",3,43.28761281,70,87659
"7008",3,43.28761281,71,42454
"7009",3,43.28761281,72,1136
"7010",3,43.28761281,73,170386
"7011",3,43.28761281,74,126645
"7012",3,43.28761281,75,86431
"7013",3,43.28761281,76,121214
"7014",3,43.28761281,77,252989
"7015",3,43.28761281,78,163388
"7016",3,43.28761281,79,36603
"7017",3,43.28761281,8,38098
"7018",3,43.28761281,80,83586
"7019",3,43.28761281,81,79754
"7020",3,43.28761281,82,1170
"7021",3,43.28761281,83,248543
"7022",3,43.28761281,84,133174
"7023",3,43.28761281,85,40539
"7024",3,43.28761281,86,44439
"7025",3,43.28761281,87,88598
"7026",3,43.28761281,88,81455
"7027",3,43.28761281,89,130223
"7028",3,43.28761281,9,42051
"7029",3,43.28761281,90,207477
"7030",3,43.28761281,91,45457
"7031",3,43.28761281,92,86448
"7032",3,43.28761281,93,39436
"7033",3,43.28761281,94,131114
"7034",3,43.28761281,95,36364
"7035",3,43.28761281,96,42482
"7036",3,43.28761281,97,77785
"7037",3,43.28761281,98,82666
"7038",3,43.28761281,99,78862
"7039",3,443.06214576,1,1048144
"7040",3,443.06214576,10,905539
"7041",3,443.06214576,100,1039692
"7042",3,443.06214576,11,1211355
"7043",3,443.06214576,12,1035587
"7044",3,443.06214576,13,890017
"7045",3,443.06214576,14,1579075
"7046",3,443.06214576,15,1240579
"7047",3,443.06214576,16,1085438
"7048",3,443.06214576,17,887977
"7049",3,443.06214576,18,840616
"7050",3,443.06214576,19,1243610
"7051",3,443.06214576,2,985547
"7052",3,443.06214576,20,884846
"7053",3,443.06214576,21,1154827
"7054",3,443.06214576,22,843987
"7055",3,443.06214576,23,942262
"7056",3,443.06214576,24,868794
"7057",3,443.06214576,25,997246
"7058",3,443.06214576,26,859049
"7059",3,443.06214576,27,1043764
"7060",3,443.06214576,28,1251059
"7061",3,443.06214576,29,1046624
"7062",3,443.06214576,3,799092
"7063",3,443.06214576,30,901472
"7064",3,443.06214576,31,733330
"7065",3,443.06214576,32,726953
"7066",3,443.06214576,33,1091814
"7067",3,443.06214576,34,1173774
"7068",3,443.06214576,35,1072173
"7069",3,443.06214576,36,1028803
"7070",3,443.06214576,37,1037138
"7071",3,443.06214576,38,942767
"7072",3,443.06214576,39,1355018
"7073",3,443.06214576,4,939317
"7074",3,443.06214576,40,1075536
"7075",3,443.06214576,41,1266912
"7076",3,443.06214576,42,804119
"7077",3,443.06214576,43,1169271
"7078",3,443.06214576,44,1188929
"7079",3,443.06214576,45,1071097
"7080",3,443.06214576,46,1293322
"7081",3,443.06214576,47,1464726
"7082",3,443.06214576,48,983046
"7083",3,443.06214576,49,1372112
"7084",3,443.06214576,5,1021618
"7085",3,443.06214576,50,1248576
"7086",3,443.06214576,51,1326484
"7087",3,443.06214576,52,1330348
"7088",3,443.06214576,53,1109066
"7089",3,443.06214576,54,1241565
"7090",3,443.06214576,55,940708
"7091",3,443.06214576,56,1157745
"7092",3,443.06214576,57,921828
"7093",3,443.06214576,58,1088501
"7094",3,443.06214576,59,430583
"7095",3,443.06214576,6,1302664
"7096",3,443.06214576,60,1093899
"7097",3,443.06214576,61,1051094
"7098",3,443.06214576,62,708340
"7099",3,443.06214576,63,1123833
"7100",3,443.06214576,64,1131320
"7101",3,443.06214576,65,659953
"7102",3,443.06214576,66,952398
"7103",3,443.06214576,67,1001927
"7104",3,443.06214576,68,1034370
"7105",3,443.06214576,69,1122936
"7106",3,443.06214576,7,1585337
"7107",3,443.06214576,70,1152811
"7108",3,443.06214576,71,1052131
"7109",3,443.06214576,72,1160196
"7110",3,443.06214576,73,965567
"7111",3,443.06214576,74,813451
"7112",3,443.06214576,75,1184109
"7113",3,443.06214576,76,902043
"7114",3,443.06214576,77,819748
"7115",3,443.06214576,78,1170329
"7116",3,443.06214576,79,1113588
"7117",3,443.06214576,8,1105962
"7118",3,443.06214576,80,863843
"7119",3,443.06214576,81,942435
"7120",3,443.06214576,82,1138319
"7121",3,443.06214576,83,1308363
"7122",3,443.06214576,84,1312751
"7123",3,443.06214576,85,1068652
"7124",3,443.06214576,86,1312184
"7125",3,443.06214576,87,895300
"7126",3,443.06214576,88,1057640
"7127",3,443.06214576,89,910191
"7128",3,443.06214576,9,1214193
"7129",3,443.06214576,90,1251325
"7130",3,443.06214576,91,772288
"7131",3,443.06214576,92,1078703
"7132",3,443.06214576,93,643035
"7133",3,443.06214576,94,1123335
"7134",3,443.06214576,95,753621
"7135",3,443.06214576,96,1934419
"7136",3,443.06214576,97,1017261
"7137",3,443.06214576,98,1159138
"7138",3,443.06214576,99,866011
"7139",3,48.6260158,1,89009
"7140",3,48.6260158,10,37124
"7141",3,48.6260158,100,91143
"7142",3,48.6260158,11,37124
"7143",3,48.6260158,12,86155
"7144",3,48.6260158,13,167456
"7145",3,48.6260158,14,205631
"7146",3,48.6260158,15,43368
"7147",3,48.6260158,16,41157
"7148",3,48.6260158,17,39676
"7149",3,48.6260158,18,44372
"7150",3,48.6260158,19,167003
"7151",3,48.6260158,2,130668
"7152",3,48.6260158,20,83424
"7153",3,48.6260158,21,167233
"7154",3,48.6260158,22,204594
"7155",3,48.6260158,23,38515
"7156",3,48.6260158,24,43376
"7157",3,48.6260158,25,79439
"7158",3,48.6260158,26,251899
"7159",3,48.6260158,27,80871
"7160",3,48.6260158,28,85331
"7161",3,48.6260158,29,215400
"7162",3,48.6260158,3,162642
"7163",3,48.6260158,30,86285
"7164",3,48.6260158,31,336067
"7165",3,48.6260158,32,160106
"7166",3,48.6260158,33,1236
"7167",3,48.6260158,34,49204
"7168",3,48.6260158,35,177277
"7169",3,48.6260158,36,40220
"7170",3,48.6260158,37,164711
"7171",3,48.6260158,38,163983
"7172",3,48.6260158,39,210932
"7173",3,48.6260158,4,89108
"7174",3,48.6260158,40,85692
"7175",3,48.6260158,41,1217
"7176",3,48.6260158,42,165357
"7177",3,48.6260158,43,1345
"7178",3,48.6260158,44,49835
"7179",3,48.6260158,45,45766
"7180",3,48.6260158,46,207362
"7181",3,48.6260158,47,44197
"7182",3,48.6260158,48,125283
"7183",3,48.6260158,49,161614
"7184",3,48.6260158,5,1234
"7185",3,48.6260158,50,77203
"7186",3,48.6260158,51,174419
"7187",3,48.6260158,52,167959
"7188",3,48.6260158,53,76971
"7189",3,48.6260158,54,166794
"7190",3,48.6260158,55,158019
"7191",3,48.6260158,56,1251
"7192",3,48.6260158,57,73411
"7193",3,48.6260158,58,1247
"7194",3,48.6260158,59,208120
"7195",3,48.6260158,6,43648
"7196",3,48.6260158,60,131561
"7197",3,48.6260158,61,40393
"7198",3,48.6260158,62,206511
"7199",3,48.6260158,63,282751
"7200",3,48.6260158,64,87419
"7201",3,48.6260158,65,1262
"7202",3,48.6260158,66,161472
"7203",3,48.6260158,67,84007
"7204",3,48.6260158,68,162222
"7205",3,48.6260158,69,84995
"7206",3,48.6260158,7,80239
"7207",3,48.6260158,70,172227
"7208",3,48.6260158,71,40392
"7209",3,48.6260158,72,157710
"7210",3,48.6260158,73,41549
"7211",3,48.6260158,74,89540
"7212",3,48.6260158,75,148745
"7213",3,48.6260158,76,206137
"7214",3,48.6260158,77,211526
"7215",3,48.6260158,78,164320
"7216",3,48.6260158,79,210352
"7217",3,48.6260158,8,84772
"7218",3,48.6260158,80,78680
"7219",3,48.6260158,81,173782
"7220",3,48.6260158,82,84298
"7221",3,48.6260158,83,200796
"7222",3,48.6260158,84,1319
"7223",3,48.6260158,85,249272
"7224",3,48.6260158,86,92436
"7225",3,48.6260158,87,43611
"7226",3,48.6260158,88,282056
"7227",3,48.6260158,89,47610
"7228",3,48.6260158,9,1293
"7229",3,48.6260158,90,1261
"7230",3,48.6260158,91,82048
"7231",3,48.6260158,92,83644
"7232",3,48.6260158,93,85380
"7233",3,48.6260158,94,201167
"7234",3,48.6260158,95,160814
"7235",3,48.6260158,96,85246
"7236",3,48.6260158,97,1263
"7237",3,48.6260158,98,45983
"7238",3,48.6260158,99,75402
"7239",3,497.70235643,1,1749391
"7240",3,497.70235643,10,1172749
"7241",3,497.70235643,100,1202266
"7242",3,497.70235643,11,1219073
"7243",3,497.70235643,12,1614893
"7244",3,497.70235643,13,879998
"7245",3,497.70235643,14,961008
"7246",3,497.70235643,15,1167897
"7247",3,497.70235643,16,1069015
"7248",3,497.70235643,17,1011637
"7249",3,497.70235643,18,937023
"7250",3,497.70235643,19,1141723
"7251",3,497.70235643,2,877930
"7252",3,497.70235643,20,1169439
"7253",3,497.70235643,21,1116494
"7254",3,497.70235643,22,1220119
"7255",3,497.70235643,23,1564689
"7256",3,497.70235643,24,1167572
"7257",3,497.70235643,25,1340248
"7258",3,497.70235643,26,872544
"7259",3,497.70235643,27,1065367
"7260",3,497.70235643,28,1011704
"7261",3,497.70235643,29,1314315
"7262",3,497.70235643,3,828085
"7263",3,497.70235643,30,926015
"7264",3,497.70235643,31,1013699
"7265",3,497.70235643,32,1080783
"7266",3,497.70235643,33,1087766
"7267",3,497.70235643,34,1367247
"7268",3,497.70235643,35,1274150
"7269",3,497.70235643,36,1511374
"7270",3,497.70235643,37,1093227
"7271",3,497.70235643,38,1475337
"7272",3,497.70235643,39,1246390
"7273",3,497.70235643,4,1019124
"7274",3,497.70235643,40,1277276
"7275",3,497.70235643,41,1047544
"7276",3,497.70235643,42,1229351
"7277",3,497.70235643,43,650222
"7278",3,497.70235643,44,1457336
"7279",3,497.70235643,45,1310375
"7280",3,497.70235643,46,992394
"7281",3,497.70235643,47,1063636
"7282",3,497.70235643,48,1303748
"7283",3,497.70235643,49,1187769
"7284",3,497.70235643,5,961670
"7285",3,497.70235643,50,1028068
"7286",3,497.70235643,51,1589188
"7287",3,497.70235643,52,807932
"7288",3,497.70235643,53,879634
"7289",3,497.70235643,54,1156756
"7290",3,497.70235643,55,946197
"7291",3,497.70235643,56,1654469
"7292",3,497.70235643,57,937908
"7293",3,497.70235643,58,1057707
"7294",3,497.70235643,59,1054588
"7295",3,497.70235643,6,1132669
"7296",3,497.70235643,60,1586731
"7297",3,497.70235643,61,1242468
"7298",3,497.70235643,62,932999
"7299",3,497.70235643,63,962713
"7300",3,497.70235643,64,1314117
"7301",3,497.70235643,65,1091589
"7302",3,497.70235643,66,1120363
"7303",3,497.70235643,67,1189993
"7304",3,497.70235643,68,1337389
"7305",3,497.70235643,69,1195644
"7306",3,497.70235643,7,987447
"7307",3,497.70235643,70,975329
"7308",3,497.70235643,71,981383
"7309",3,497.70235643,72,1157481
"7310",3,497.70235643,73,1182463
"7311",3,497.70235643,74,835922
"7312",3,497.70235643,75,1339448
"7313",3,497.70235643,76,1275514
"7314",3,497.70235643,77,1172761
"7315",3,497.70235643,78,1577687
"7316",3,497.70235643,79,1249593
"7317",3,497.70235643,8,1360358
"7318",3,497.70235643,80,914310
"7319",3,497.70235643,81,1211164
"7320",3,497.70235643,82,1177606
"7321",3,497.70235643,83,751737
"7322",3,497.70235643,84,1286050
"7323",3,497.70235643,85,1321458
"7324",3,497.70235643,86,1220521
"7325",3,497.70235643,87,1211369
"7326",3,497.70235643,88,1023857
"7327",3,497.70235643,89,1043879
"7328",3,497.70235643,9,1271872
"7329",3,497.70235643,90,991062
"7330",3,497.70235643,91,1374098
"7331",3,497.70235643,92,994572
"7332",3,497.70235643,93,1271897
"7333",3,497.70235643,94,1297419
"7334",3,497.70235643,95,1299509
"7335",3,497.70235643,96,1039455
"7336",3,497.70235643,97,786522
"7337",3,497.70235643,98,1452389
"7338",3,497.70235643,99,1286454
"7339",3,5.33669923,1,326
"7340",3,5.33669923,10,151
"7341",3,5.33669923,100,39852
"7342",3,5.33669923,11,134
"7343",3,5.33669923,12,146
"7344",3,5.33669923,13,5027
"7345",3,5.33669923,14,149
"7346",3,5.33669923,15,122
"7347",3,5.33669923,16,81037
"7348",3,5.33669923,17,143
"7349",3,5.33669923,18,151
"7350",3,5.33669923,19,130
"7351",3,5.33669923,2,42769
"7352",3,5.33669923,20,152
"7353",3,5.33669923,21,147
"7354",3,5.33669923,22,171
"7355",3,5.33669923,23,366
"7356",3,5.33669923,24,88790
"7357",3,5.33669923,25,41041
"7358",3,5.33669923,26,137
"7359",3,5.33669923,27,165
"7360",3,5.33669923,28,39520
"7361",3,5.33669923,29,156
"7362",3,5.33669923,3,149
"7363",3,5.33669923,30,39799
"7364",3,5.33669923,31,141
"7365",3,5.33669923,32,131
"7366",3,5.33669923,33,151
"7367",3,5.33669923,34,45165
"7368",3,5.33669923,35,145
"7369",3,5.33669923,36,119
"7370",3,5.33669923,37,40125
"7371",3,5.33669923,38,137
"7372",3,5.33669923,39,38995
"7373",3,5.33669923,4,142
"7374",3,5.33669923,40,135
"7375",3,5.33669923,41,136
"7376",3,5.33669923,42,139
"7377",3,5.33669923,43,150
"7378",3,5.33669923,44,2367
"7379",3,5.33669923,45,123
"7380",3,5.33669923,46,139
"7381",3,5.33669923,47,142
"7382",3,5.33669923,48,144
"7383",3,5.33669923,49,137
"7384",3,5.33669923,5,149
"7385",3,5.33669923,50,140
"7386",3,5.33669923,51,85572
"7387",3,5.33669923,52,40095
"7388",3,5.33669923,53,136
"7389",3,5.33669923,54,330
"7390",3,5.33669923,55,146
"7391",3,5.33669923,56,46554
"7392",3,5.33669923,57,140
"7393",3,5.33669923,58,45446
"7394",3,5.33669923,59,159
"7395",3,5.33669923,6,122
"7396",3,5.33669923,60,134
"7397",3,5.33669923,61,80845
"7398",3,5.33669923,62,40030
"7399",3,5.33669923,63,41760
"7400",3,5.33669923,64,38549
"7401",3,5.33669923,65,144
"7402",3,5.33669923,66,138
"7403",3,5.33669923,67,144
"7404",3,5.33669923,68,78132
"7405",3,5.33669923,69,131
"7406",3,5.33669923,7,155
"7407",3,5.33669923,70,138
"7408",3,5.33669923,71,158
"7409",3,5.33669923,72,131
"7410",3,5.33669923,73,139
"7411",3,5.33669923,74,142
"7412",3,5.33669923,75,130
"7413",3,5.33669923,76,129
"7414",3,5.33669923,77,118
"7415",3,5.33669923,78,118
"7416",3,5.33669923,79,43630
"7417",3,5.33669923,8,45591
"7418",3,5.33669923,80,147
"7419",3,5.33669923,81,144
"7420",3,5.33669923,82,136
"7421",3,5.33669923,83,45732
"7422",3,5.33669923,84,145
"7423",3,5.33669923,85,147
"7424",3,5.33669923,86,139
"7425",3,5.33669923,87,4205
"7426",3,5.33669923,88,42981
"7427",3,5.33669923,89,132
"7428",3,5.33669923,9,145
"7429",3,5.33669923,90,140
"7430",3,5.33669923,91,143
"7431",3,5.33669923,92,43759
"7432",3,5.33669923,93,86090
"7433",3,5.33669923,94,153
"7434",3,5.33669923,95,49647
"7435",3,5.33669923,96,43170
"7436",3,5.33669923,97,118
"7437",3,5.33669923,98,152
"7438",3,5.33669923,99,158
"7439",3,5.9948425,1,372
"7440",3,5.9948425,10,123
"7441",3,5.9948425,100,44463
"7442",3,5.9948425,11,163
"7443",3,5.9948425,12,151
"7444",3,5.9948425,13,171
"7445",3,5.9948425,14,183
"7446",3,5.9948425,15,160
"7447",3,5.9948425,16,158
"7448",3,5.9948425,17,157
"7449",3,5.9948425,18,41381
"7450",3,5.9948425,19,165
"7451",3,5.9948425,2,150
"7452",3,5.9948425,20,140
"7453",3,5.9948425,21,159
"7454",3,5.9948425,22,157
"7455",3,5.9948425,23,148
"7456",3,5.9948425,24,41175
"7457",3,5.9948425,25,170
"7458",3,5.9948425,26,135
"7459",3,5.9948425,27,46341
"7460",3,5.9948425,28,149
"7461",3,5.9948425,29,158
"7462",3,5.9948425,3,41500
"7463",3,5.9948425,30,147
"7464",3,5.9948425,31,146
"7465",3,5.9948425,32,138
"7466",3,5.9948425,33,154
"7467",3,5.9948425,34,88612
"7468",3,5.9948425,35,40621
"7469",3,5.9948425,36,142
"7470",3,5.9948425,37,35403
"7471",3,5.9948425,38,367
"7472",3,5.9948425,39,168
"7473",3,5.9948425,4,37906
"7474",3,5.9948425,40,147
"7475",3,5.9948425,41,75638
"7476",3,5.9948425,42,40562
"7477",3,5.9948425,43,139
"7478",3,5.9948425,44,150
"7479",3,5.9948425,45,158
"7480",3,5.9948425,46,43123
"7481",3,5.9948425,47,137
"7482",3,5.9948425,48,146
"7483",3,5.9948425,49,38367
"7484",3,5.9948425,5,165
"7485",3,5.9948425,50,166
"7486",3,5.9948425,51,40661
"7487",3,5.9948425,52,38609
"7488",3,5.9948425,53,170
"7489",3,5.9948425,54,158
"7490",3,5.9948425,55,7020
"7491",3,5.9948425,56,140
"7492",3,5.9948425,57,170
"7493",3,5.9948425,58,140
"7494",3,5.9948425,59,176
"7495",3,5.9948425,6,157
"7496",3,5.9948425,60,115
"7497",3,5.9948425,61,170
"7498",3,5.9948425,62,40695
"7499",3,5.9948425,63,149
"7500",3,5.9948425,64,146
"7501",3,5.9948425,65,40991
"7502",3,5.9948425,66,172
"7503",3,5.9948425,67,44494
"7504",3,5.9948425,68,144
"7505",3,5.9948425,69,174
"7506",3,5.9948425,7,159
"7507",3,5.9948425,70,38720
"7508",3,5.9948425,71,168
"7509",3,5.9948425,72,132766
"7510",3,5.9948425,73,152
"7511",3,5.9948425,74,168
"7512",3,5.9948425,75,157
"7513",3,5.9948425,76,137
"7514",3,5.9948425,77,163
"7515",3,5.9948425,78,139
"7516",3,5.9948425,79,35592
"7517",3,5.9948425,8,153
"7518",3,5.9948425,80,39841
"7519",3,5.9948425,81,162
"7520",3,5.9948425,82,40019
"7521",3,5.9948425,83,147
"7522",3,5.9948425,84,150
"7523",3,5.9948425,85,146
"7524",3,5.9948425,86,176
"7525",3,5.9948425,87,176
"7526",3,5.9948425,88,44375
"7527",3,5.9948425,89,141
"7528",3,5.9948425,9,164
"7529",3,5.9948425,90,46302
"7530",3,5.9948425,91,78040
"7531",3,5.9948425,92,168
"7532",3,5.9948425,93,165
"7533",3,5.9948425,94,150
"7534",3,5.9948425,95,87753
"7535",3,5.9948425,96,167
"7536",3,5.9948425,97,37585
"7537",3,5.9948425,98,148
"7538",3,5.9948425,99,40723
"7539",3,54.62277218,1,120354
"7540",3,54.62277218,10,164841
"7541",3,54.62277218,100,116011
"7542",3,54.62277218,11,202544
"7543",3,54.62277218,12,84901
"7544",3,54.62277218,13,79349
"7545",3,54.62277218,14,92298
"7546",3,54.62277218,15,81874
"7547",3,54.62277218,16,176724
"7548",3,54.62277218,17,42573
"7549",3,54.62277218,18,39695
"7550",3,54.62277218,19,217610
"7551",3,54.62277218,2,86008
"7552",3,54.62277218,20,204415
"7553",3,54.62277218,21,78833
"7554",3,54.62277218,22,162000
"7555",3,54.62277218,23,124126
"7556",3,54.62277218,24,43933
"7557",3,54.62277218,25,45379
"7558",3,54.62277218,26,212155
"7559",3,54.62277218,27,169053
"7560",3,54.62277218,28,40078
"7561",3,54.62277218,29,84196
"7562",3,54.62277218,3,77593
"7563",3,54.62277218,30,129253
"7564",3,54.62277218,31,1455
"7565",3,54.62277218,32,38234
"7566",3,54.62277218,33,83610
"7567",3,54.62277218,34,163947
"7568",3,54.62277218,35,199838
"7569",3,54.62277218,36,42428
"7570",3,54.62277218,37,142082
"7571",3,54.62277218,38,1656
"7572",3,54.62277218,39,166144
"7573",3,54.62277218,4,125934
"7574",3,54.62277218,40,48892
"7575",3,54.62277218,41,249617
"7576",3,54.62277218,42,84055
"7577",3,54.62277218,43,167884
"7578",3,54.62277218,44,166167
"7579",3,54.62277218,45,127684
"7580",3,54.62277218,46,45844
"7581",3,54.62277218,47,171387
"7582",3,54.62277218,48,36928
"7583",3,54.62277218,49,41963
"7584",3,54.62277218,5,194073
"7585",3,54.62277218,50,180670
"7586",3,54.62277218,51,197458
"7587",3,54.62277218,52,153653
"7588",3,54.62277218,53,87061
"7589",3,54.62277218,54,125799
"7590",3,54.62277218,55,205498
"7591",3,54.62277218,56,205133
"7592",3,54.62277218,57,125950
"7593",3,54.62277218,58,128191
"7594",3,54.62277218,59,83957
"7595",3,54.62277218,6,166476
"7596",3,54.62277218,60,87066
"7597",3,54.62277218,61,84287
"7598",3,54.62277218,62,124893
"7599",3,54.62277218,63,75653
"7600",3,54.62277218,64,174622
"7601",3,54.62277218,65,80325
"7602",3,54.62277218,66,239392
"7603",3,54.62277218,67,284910
"7604",3,54.62277218,68,157667
"7605",3,54.62277218,69,200503
"7606",3,54.62277218,7,6378
"7607",3,54.62277218,70,46854
"7608",3,54.62277218,71,138046
"7609",3,54.62277218,72,123273
"7610",3,54.62277218,73,155014
"7611",3,54.62277218,74,85139
"7612",3,54.62277218,75,92497
"7613",3,54.62277218,76,46573
"7614",3,54.62277218,77,91140
"7615",3,54.62277218,78,128620
"7616",3,54.62277218,79,165304
"7617",3,54.62277218,8,256745
"7618",3,54.62277218,80,211738
"7619",3,54.62277218,81,42994
"7620",3,54.62277218,82,200301
"7621",3,54.62277218,83,327549
"7622",3,54.62277218,84,129862
"7623",3,54.62277218,85,117037
"7624",3,54.62277218,86,128684
"7625",3,54.62277218,87,248434
"7626",3,54.62277218,88,118099
"7627",3,54.62277218,89,264878
"7628",3,54.62277218,9,85995
"7629",3,54.62277218,90,48041
"7630",3,54.62277218,91,126117
"7631",3,54.62277218,92,159617
"7632",3,54.62277218,93,53719
"7633",3,54.62277218,94,176601
"7634",3,54.62277218,95,1595
"7635",3,54.62277218,96,40100
"7636",3,54.62277218,97,121960
"7637",3,54.62277218,98,170574
"7638",3,54.62277218,99,162075
"7639",3,559.08101825,1,1406413
"7640",3,559.08101825,10,1368651
"7641",3,559.08101825,100,1455335
"7642",3,559.08101825,11,1220662
"7643",3,559.08101825,12,1235081
"7644",3,559.08101825,13,1309200
"7645",3,559.08101825,14,1424100
"7646",3,559.08101825,15,1538845
"7647",3,559.08101825,16,1542470
"7648",3,559.08101825,17,1312235
"7649",3,559.08101825,18,886169
"7650",3,559.08101825,19,2045663
"7651",3,559.08101825,2,985392
"7652",3,559.08101825,20,1314571
"7653",3,559.08101825,21,1669569
"7654",3,559.08101825,22,1149982
"7655",3,559.08101825,23,1637823
"7656",3,559.08101825,24,1316912
"7657",3,559.08101825,25,2106439
"7658",3,559.08101825,26,1967848
"7659",3,559.08101825,27,1029616
"7660",3,559.08101825,28,1269256
"7661",3,559.08101825,29,1013234
"7662",3,559.08101825,3,1381657
"7663",3,559.08101825,30,1304388
"7664",3,559.08101825,31,1367083
"7665",3,559.08101825,32,1514435
"7666",3,559.08101825,33,1184122
"7667",3,559.08101825,34,1483151
"7668",3,559.08101825,35,1318160
"7669",3,559.08101825,36,1393435
"7670",3,559.08101825,37,1263543
"7671",3,559.08101825,38,1698340
"7672",3,559.08101825,39,1348062
"7673",3,559.08101825,4,1167448
"7674",3,559.08101825,40,1093033
"7675",3,559.08101825,41,1089890
"7676",3,559.08101825,42,1301124
"7677",3,559.08101825,43,1264888
"7678",3,559.08101825,44,916720
"7679",3,559.08101825,45,1441163
"7680",3,559.08101825,46,1170360
"7681",3,559.08101825,47,1231350
"7682",3,559.08101825,48,1740510
"7683",3,559.08101825,49,1503787
"7684",3,559.08101825,5,1559686
"7685",3,559.08101825,50,1366509
"7686",3,559.08101825,51,1101911
"7687",3,559.08101825,52,1537341
"7688",3,559.08101825,53,1302892
"7689",3,559.08101825,54,1704712
"7690",3,559.08101825,55,1606306
"7691",3,559.08101825,56,1492702
"7692",3,559.08101825,57,1404320
"7693",3,559.08101825,58,863181
"7694",3,559.08101825,59,1009529
"7695",3,559.08101825,6,1484291
"7696",3,559.08101825,60,1253399
"7697",3,559.08101825,61,1702704
"7698",3,559.08101825,62,844317
"7699",3,559.08101825,63,1023007
"7700",3,559.08101825,64,1180084
"7701",3,559.08101825,65,1211510
"7702",3,559.08101825,66,1491664
"7703",3,559.08101825,67,624269
"7704",3,559.08101825,68,1710682
"7705",3,559.08101825,69,1054551
"7706",3,559.08101825,7,1500783
"7707",3,559.08101825,70,1540632
"7708",3,559.08101825,71,1204353
"7709",3,559.08101825,72,1097247
"7710",3,559.08101825,73,1148229
"7711",3,559.08101825,74,1212475
"7712",3,559.08101825,75,1611249
"7713",3,559.08101825,76,1171971
"7714",3,559.08101825,77,1073540
"7715",3,559.08101825,78,1255029
"7716",3,559.08101825,79,1524692
"7717",3,559.08101825,8,999567
"7718",3,559.08101825,80,1320878
"7719",3,559.08101825,81,1131536
"7720",3,559.08101825,82,1763336
"7721",3,559.08101825,83,1599387
"7722",3,559.08101825,84,1330906
"7723",3,559.08101825,85,1278123
"7724",3,559.08101825,86,1548238
"7725",3,559.08101825,87,1354197
"7726",3,559.08101825,88,1504596
"7727",3,559.08101825,89,1351017
"7728",3,559.08101825,9,1500786
"7729",3,559.08101825,90,1245876
"7730",3,559.08101825,91,1312280
"7731",3,559.08101825,92,1865392
"7732",3,559.08101825,93,1187163
"7733",3,559.08101825,94,1226666
"7734",3,559.08101825,95,1752050
"7735",3,559.08101825,96,1020319
"7736",3,559.08101825,97,1074973
"7737",3,559.08101825,98,1000115
"7738",3,559.08101825,99,1312514
"7739",3,6.73415066,1,172
"7740",3,6.73415066,10,42006
"7741",3,6.73415066,100,158
"7742",3,6.73415066,11,171
"7743",3,6.73415066,12,165
"7744",3,6.73415066,13,170
"7745",3,6.73415066,14,163
"7746",3,6.73415066,15,166
"7747",3,6.73415066,16,159
"7748",3,6.73415066,17,178
"7749",3,6.73415066,18,162
"7750",3,6.73415066,19,166
"7751",3,6.73415066,2,182
"7752",3,6.73415066,20,187
"7753",3,6.73415066,21,175
"7754",3,6.73415066,22,197
"7755",3,6.73415066,23,163
"7756",3,6.73415066,24,178
"7757",3,6.73415066,25,192
"7758",3,6.73415066,26,177
"7759",3,6.73415066,27,169
"7760",3,6.73415066,28,162
"7761",3,6.73415066,29,178
"7762",3,6.73415066,3,182
"7763",3,6.73415066,30,176
"7764",3,6.73415066,31,41669
"7765",3,6.73415066,32,193
"7766",3,6.73415066,33,41645
"7767",3,6.73415066,34,154
"7768",3,6.73415066,35,165
"7769",3,6.73415066,36,150
"7770",3,6.73415066,37,172
"7771",3,6.73415066,38,199
"7772",3,6.73415066,39,168
"7773",3,6.73415066,4,157
"7774",3,6.73415066,40,191
"7775",3,6.73415066,41,164
"7776",3,6.73415066,42,187
"7777",3,6.73415066,43,167
"7778",3,6.73415066,44,170
"7779",3,6.73415066,45,162
"7780",3,6.73415066,46,177
"7781",3,6.73415066,47,184
"7782",3,6.73415066,48,148
"7783",3,6.73415066,49,158
"7784",3,6.73415066,5,168
"7785",3,6.73415066,50,170
"7786",3,6.73415066,51,170
"7787",3,6.73415066,52,185
"7788",3,6.73415066,53,163
"7789",3,6.73415066,54,178
"7790",3,6.73415066,55,43069
"7791",3,6.73415066,56,131155
"7792",3,6.73415066,57,211
"7793",3,6.73415066,58,180
"7794",3,6.73415066,59,177
"7795",3,6.73415066,6,151
"7796",3,6.73415066,60,212
"7797",3,6.73415066,61,153
"7798",3,6.73415066,62,183
"7799",3,6.73415066,63,176
"7800",3,6.73415066,64,151
"7801",3,6.73415066,65,192
"7802",3,6.73415066,66,156
"7803",3,6.73415066,67,156
"7804",3,6.73415066,68,159
"7805",3,6.73415066,69,165
"7806",3,6.73415066,7,173
"7807",3,6.73415066,70,40233
"7808",3,6.73415066,71,178
"7809",3,6.73415066,72,185
"7810",3,6.73415066,73,39798
"7811",3,6.73415066,74,181
"7812",3,6.73415066,75,158
"7813",3,6.73415066,76,40065
"7814",3,6.73415066,77,43852
"7815",3,6.73415066,78,173
"7816",3,6.73415066,79,158
"7817",3,6.73415066,8,164
"7818",3,6.73415066,80,184
"7819",3,6.73415066,81,166
"7820",3,6.73415066,82,185
"7821",3,6.73415066,83,177
"7822",3,6.73415066,84,168
"7823",3,6.73415066,85,204
"7824",3,6.73415066,86,185
"7825",3,6.73415066,87,189
"7826",3,6.73415066,88,163
"7827",3,6.73415066,89,196
"7828",3,6.73415066,9,164
"7829",3,6.73415066,90,157
"7830",3,6.73415066,91,163
"7831",3,6.73415066,92,159
"7832",3,6.73415066,93,176
"7833",3,6.73415066,94,178
"7834",3,6.73415066,95,185
"7835",3,6.73415066,96,183
"7836",3,6.73415066,97,174
"7837",3,6.73415066,98,173
"7838",3,6.73415066,99,185
"7839",3,61.35907273,1,247086
"7840",3,61.35907273,10,204591
"7841",3,61.35907273,100,161114
"7842",3,61.35907273,11,93897
"7843",3,61.35907273,12,84731
"7844",3,61.35907273,13,82959
"7845",3,61.35907273,14,171889
"7846",3,61.35907273,15,80415
"7847",3,61.35907273,16,211753
"7848",3,61.35907273,17,208371
"7849",3,61.35907273,18,157492
"7850",3,61.35907273,19,5505
"7851",3,61.35907273,2,50075
"7852",3,61.35907273,20,45063
"7853",3,61.35907273,21,45606
"7854",3,61.35907273,22,166785
"7855",3,61.35907273,23,48441
"7856",3,61.35907273,24,200693
"7857",3,61.35907273,25,205659
"7858",3,61.35907273,26,1581
"7859",3,61.35907273,27,41225
"7860",3,61.35907273,28,166804
"7861",3,61.35907273,29,84413
"7862",3,61.35907273,3,85362
"7863",3,61.35907273,30,170297
"7864",3,61.35907273,31,368499
"7865",3,61.35907273,32,213563
"7866",3,61.35907273,33,175044
"7867",3,61.35907273,34,206813
"7868",3,61.35907273,35,209943
"7869",3,61.35907273,36,81904
"7870",3,61.35907273,37,41589
"7871",3,61.35907273,38,80955
"7872",3,61.35907273,39,81336
"7873",3,61.35907273,4,175490
"7874",3,61.35907273,40,164681
"7875",3,61.35907273,41,321840
"7876",3,61.35907273,42,82998
"7877",3,61.35907273,43,172953
"7878",3,61.35907273,44,293005
"7879",3,61.35907273,45,203098
"7880",3,61.35907273,46,40299
"7881",3,61.35907273,47,48320
"7882",3,61.35907273,48,76005
"7883",3,61.35907273,49,43343
"7884",3,61.35907273,5,82455
"7885",3,61.35907273,50,120261
"7886",3,61.35907273,51,178134
"7887",3,61.35907273,52,78660
"7888",3,61.35907273,53,87002
"7889",3,61.35907273,54,206127
"7890",3,61.35907273,55,290245
"7891",3,61.35907273,56,41667
"7892",3,61.35907273,57,163337
"7893",3,61.35907273,58,199322
"7894",3,61.35907273,59,176061
"7895",3,61.35907273,6,78849
"7896",3,61.35907273,60,81886
"7897",3,61.35907273,61,202639
"7898",3,61.35907273,62,37917
"7899",3,61.35907273,63,219870
"7900",3,61.35907273,64,122199
"7901",3,61.35907273,65,87793
"7902",3,61.35907273,66,208683
"7903",3,61.35907273,67,169201
"7904",3,61.35907273,68,198363
"7905",3,61.35907273,69,211164
"7906",3,61.35907273,7,92551
"7907",3,61.35907273,70,164542
"7908",3,61.35907273,71,42003
"7909",3,61.35907273,72,322754
"7910",3,61.35907273,73,159997
"7911",3,61.35907273,74,86680
"7912",3,61.35907273,75,255518
"7913",3,61.35907273,76,169221
"7914",3,61.35907273,77,166617
"7915",3,61.35907273,78,88199
"7916",3,61.35907273,79,89128
"7917",3,61.35907273,8,172089
"7918",3,61.35907273,80,177517
"7919",3,61.35907273,81,83535
"7920",3,61.35907273,82,86086
"7921",3,61.35907273,83,174726
"7922",3,61.35907273,84,87705
"7923",3,61.35907273,85,168386
"7924",3,61.35907273,86,203683
"7925",3,61.35907273,87,84773
"7926",3,61.35907273,88,1574
"7927",3,61.35907273,89,131046
"7928",3,61.35907273,9,40883
"7929",3,61.35907273,90,170459
"7930",3,61.35907273,91,293855
"7931",3,61.35907273,92,292520
"7932",3,61.35907273,93,203283
"7933",3,61.35907273,94,89488
"7934",3,61.35907273,95,205005
"7935",3,61.35907273,96,205508
"7936",3,61.35907273,97,81416
"7937",3,61.35907273,98,168116
"7938",3,61.35907273,99,209067
"7939",3,628.02914418,1,1235627
"7940",3,628.02914418,10,1936829
"7941",3,628.02914418,100,1489501
"7942",3,628.02914418,11,1401025
"7943",3,628.02914418,12,1379318
"7944",3,628.02914418,13,1027068
"7945",3,628.02914418,14,1908347
"7946",3,628.02914418,15,1031227
"7947",3,628.02914418,16,1613053
"7948",3,628.02914418,17,1630447
"7949",3,628.02914418,18,1465165
"7950",3,628.02914418,19,1321429
"7951",3,628.02914418,2,1355267
"7952",3,628.02914418,20,1949421
"7953",3,628.02914418,21,1689236
"7954",3,628.02914418,22,1030222
"7955",3,628.02914418,23,1829924
"7956",3,628.02914418,24,1101768
"7957",3,628.02914418,25,1724796
"7958",3,628.02914418,26,1669235
"7959",3,628.02914418,27,1769744
"7960",3,628.02914418,28,1748928
"7961",3,628.02914418,29,1288360
"7962",3,628.02914418,3,1941336
"7963",3,628.02914418,30,1504772
"7964",3,628.02914418,31,1437085
"7965",3,628.02914418,32,1284819
"7966",3,628.02914418,33,1334956
"7967",3,628.02914418,34,1091154
"7968",3,628.02914418,35,1444116
"7969",3,628.02914418,36,1793799
"7970",3,628.02914418,37,1458153
"7971",3,628.02914418,38,1636777
"7972",3,628.02914418,39,1448212
"7973",3,628.02914418,4,1718954
"7974",3,628.02914418,40,1421079
"7975",3,628.02914418,41,1110768
"7976",3,628.02914418,42,1813750
"7977",3,628.02914418,43,1060615
"7978",3,628.02914418,44,1454165
"7979",3,628.02914418,45,1261961
"7980",3,628.02914418,46,1609445
"7981",3,628.02914418,47,1564808
"7982",3,628.02914418,48,1180456
"7983",3,628.02914418,49,1284874
"7984",3,628.02914418,5,1640878
"7985",3,628.02914418,50,1813219
"7986",3,628.02914418,51,1922111
"7987",3,628.02914418,52,1049959
"7988",3,628.02914418,53,1324190
"7989",3,628.02914418,54,1627769
"7990",3,628.02914418,55,1344078
"7991",3,628.02914418,56,1459468
"7992",3,628.02914418,57,1369490
"7993",3,628.02914418,58,1503020
"7994",3,628.02914418,59,1581581
"7995",3,628.02914418,6,1629999
"7996",3,628.02914418,60,1087755
"7997",3,628.02914418,61,1261596
"7998",3,628.02914418,62,1410918
"7999",3,628.02914418,63,2030439
"8000",3,628.02914418,64,1558223
"8001",3,628.02914418,65,1460977
"8002",3,628.02914418,66,1527606
"8003",3,628.02914418,67,1341886
"8004",3,628.02914418,68,1632811
"8005",3,628.02914418,69,1490110
"8006",3,628.02914418,7,1602634
"8007",3,628.02914418,70,1823590
"8008",3,628.02914418,71,1256567
"8009",3,628.02914418,72,1150508
"8010",3,628.02914418,73,1636511
"8011",3,628.02914418,74,1357742
"8012",3,628.02914418,75,1766136
"8013",3,628.02914418,76,1465743
"8014",3,628.02914418,77,1568446
"8015",3,628.02914418,78,1667978
"8016",3,628.02914418,79,1519685
"8017",3,628.02914418,8,1662283
"8018",3,628.02914418,80,1531466
"8019",3,628.02914418,81,1458532
"8020",3,628.02914418,82,1338080
"8021",3,628.02914418,83,1932465
"8022",3,628.02914418,84,1556342
"8023",3,628.02914418,85,1410049
"8024",3,628.02914418,86,1173187
"8025",3,628.02914418,87,1462747
"8026",3,628.02914418,88,1492957
"8027",3,628.02914418,89,1669724
"8028",3,628.02914418,9,1750714
"8029",3,628.02914418,90,1828611
"8030",3,628.02914418,91,1393373
"8031",3,628.02914418,92,1579348
"8032",3,628.02914418,93,1390896
"8033",3,628.02914418,94,1442353
"8034",3,628.02914418,95,1653857
"8035",3,628.02914418,96,1624194
"8036",3,628.02914418,97,1280377
"8037",3,628.02914418,98,1241293
"8038",3,628.02914418,99,1171275
"8039",3,68.92612104,1,165813
"8040",3,68.92612104,10,167877
"8041",3,68.92612104,100,132190
"8042",3,68.92612104,11,168214
"8043",3,68.92612104,12,77629
"8044",3,68.92612104,13,277759
"8045",3,68.92612104,14,281525
"8046",3,68.92612104,15,160627
"8047",3,68.92612104,16,176437
"8048",3,68.92612104,17,93490
"8049",3,68.92612104,18,168714
"8050",3,68.92612104,19,119451
"8051",3,68.92612104,2,254885
"8052",3,68.92612104,20,170273
"8053",3,68.92612104,21,87454
"8054",3,68.92612104,22,96814
"8055",3,68.92612104,23,2234
"8056",3,68.92612104,24,243673
"8057",3,68.92612104,25,245175
"8058",3,68.92612104,26,132618
"8059",3,68.92612104,27,87146
"8060",3,68.92612104,28,121235
"8061",3,68.92612104,29,226256
"8062",3,68.92612104,3,125367
"8063",3,68.92612104,30,122965
"8064",3,68.92612104,31,99322
"8065",3,68.92612104,32,300661
"8066",3,68.92612104,33,46025
"8067",3,68.92612104,34,90514
"8068",3,68.92612104,35,287511
"8069",3,68.92612104,36,205378
"8070",3,68.92612104,37,99969
"8071",3,68.92612104,38,209625
"8072",3,68.92612104,39,77552
"8073",3,68.92612104,4,166878
"8074",3,68.92612104,40,121135
"8075",3,68.92612104,41,133683
"8076",3,68.92612104,42,216396
"8077",3,68.92612104,43,211760
"8078",3,68.92612104,44,127784
"8079",3,68.92612104,45,199353
"8080",3,68.92612104,46,117058
"8081",3,68.92612104,47,341205
"8082",3,68.92612104,48,125152
"8083",3,68.92612104,49,125481
"8084",3,68.92612104,5,176333
"8085",3,68.92612104,50,256185
"8086",3,68.92612104,51,39104
"8087",3,68.92612104,52,254245
"8088",3,68.92612104,53,164116
"8089",3,68.92612104,54,47382
"8090",3,68.92612104,55,247798
"8091",3,68.92612104,56,207893
"8092",3,68.92612104,57,267993
"8093",3,68.92612104,58,169729
"8094",3,68.92612104,59,242543
"8095",3,68.92612104,6,159833
"8096",3,68.92612104,60,319044
"8097",3,68.92612104,61,95726
"8098",3,68.92612104,62,83406
"8099",3,68.92612104,63,44229
"8100",3,68.92612104,64,165318
"8101",3,68.92612104,65,91972
"8102",3,68.92612104,66,162677
"8103",3,68.92612104,67,206142
"8104",3,68.92612104,68,86246
"8105",3,68.92612104,69,223981
"8106",3,68.92612104,7,1791
"8107",3,68.92612104,70,262579
"8108",3,68.92612104,71,44170
"8109",3,68.92612104,72,39944
"8110",3,68.92612104,73,213455
"8111",3,68.92612104,74,131226
"8112",3,68.92612104,75,165179
"8113",3,68.92612104,76,307912
"8114",3,68.92612104,77,214035
"8115",3,68.92612104,78,1772
"8116",3,68.92612104,79,284497
"8117",3,68.92612104,8,170560
"8118",3,68.92612104,80,121184
"8119",3,68.92612104,81,236721
"8120",3,68.92612104,82,162689
"8121",3,68.92612104,83,124606
"8122",3,68.92612104,84,129471
"8123",3,68.92612104,85,156833
"8124",3,68.92612104,86,131067
"8125",3,68.92612104,87,44099
"8126",3,68.92612104,88,183546
"8127",3,68.92612104,89,173419
"8128",3,68.92612104,9,136962
"8129",3,68.92612104,90,198210
"8130",3,68.92612104,91,91097
"8131",3,68.92612104,92,166974
"8132",3,68.92612104,93,238607
"8133",3,68.92612104,94,243655
"8134",3,68.92612104,95,118021
"8135",3,68.92612104,96,254185
"8136",3,68.92612104,97,460237
"8137",3,68.92612104,98,171319
"8138",3,68.92612104,99,172333
"8139",3,7.56463328,1,184
"8140",3,7.56463328,10,207
"8141",3,7.56463328,100,215
"8142",3,7.56463328,11,197
"8143",3,7.56463328,12,207
"8144",3,7.56463328,13,210
"8145",3,7.56463328,14,212
"8146",3,7.56463328,15,194
"8147",3,7.56463328,16,204
"8148",3,7.56463328,17,195
"8149",3,7.56463328,18,214
"8150",3,7.56463328,19,211
"8151",3,7.56463328,2,201
"8152",3,7.56463328,20,186
"8153",3,7.56463328,21,154
"8154",3,7.56463328,22,192
"8155",3,7.56463328,23,179
"8156",3,7.56463328,24,220
"8157",3,7.56463328,25,194
"8158",3,7.56463328,26,197
"8159",3,7.56463328,27,189
"8160",3,7.56463328,28,227
"8161",3,7.56463328,29,180
"8162",3,7.56463328,3,195
"8163",3,7.56463328,30,195
"8164",3,7.56463328,31,189
"8165",3,7.56463328,32,198
"8166",3,7.56463328,33,214
"8167",3,7.56463328,34,205
"8168",3,7.56463328,35,175
"8169",3,7.56463328,36,190
"8170",3,7.56463328,37,87838
"8171",3,7.56463328,38,192
"8172",3,7.56463328,39,185
"8173",3,7.56463328,4,191
"8174",3,7.56463328,40,180
"8175",3,7.56463328,41,203
"8176",3,7.56463328,42,203
"8177",3,7.56463328,43,195
"8178",3,7.56463328,44,5015
"8179",3,7.56463328,45,35611
"8180",3,7.56463328,46,194
"8181",3,7.56463328,47,198
"8182",3,7.56463328,48,190
"8183",3,7.56463328,49,226
"8184",3,7.56463328,5,42116
"8185",3,7.56463328,50,196
"8186",3,7.56463328,51,40969
"8187",3,7.56463328,52,190
"8188",3,7.56463328,53,206
"8189",3,7.56463328,54,220
"8190",3,7.56463328,55,192
"8191",3,7.56463328,56,43749
"8192",3,7.56463328,57,219
"8193",3,7.56463328,58,197
"8194",3,7.56463328,59,39583
"8195",3,7.56463328,6,204
"8196",3,7.56463328,60,212
"8197",3,7.56463328,61,220
"8198",3,7.56463328,62,198
"8199",3,7.56463328,63,200
"8200",3,7.56463328,64,185
"8201",3,7.56463328,65,207
"8202",3,7.56463328,66,197
"8203",3,7.56463328,67,170
"8204",3,7.56463328,68,192
"8205",3,7.56463328,69,203
"8206",3,7.56463328,7,210
"8207",3,7.56463328,70,40430
"8208",3,7.56463328,71,193
"8209",3,7.56463328,72,181
"8210",3,7.56463328,73,222
"8211",3,7.56463328,74,125917
"8212",3,7.56463328,75,192
"8213",3,7.56463328,76,216
"8214",3,7.56463328,77,209
"8215",3,7.56463328,78,212
"8216",3,7.56463328,79,201
"8217",3,7.56463328,8,179
"8218",3,7.56463328,80,208
"8219",3,7.56463328,81,193
"8220",3,7.56463328,82,221
"8221",3,7.56463328,83,208
"8222",3,7.56463328,84,42193
"8223",3,7.56463328,85,189
"8224",3,7.56463328,86,194
"8225",3,7.56463328,87,193
"8226",3,7.56463328,88,185
"8227",3,7.56463328,89,202
"8228",3,7.56463328,9,236
"8229",3,7.56463328,90,179
"8230",3,7.56463328,91,188
"8231",3,7.56463328,92,208
"8232",3,7.56463328,93,178
"8233",3,7.56463328,94,179
"8234",3,7.56463328,95,220
"8235",3,7.56463328,96,43888
"8236",3,7.56463328,97,204
"8237",3,7.56463328,98,180
"8238",3,7.56463328,99,183
"8239",3,705.48023107,1,1807651
"8240",3,705.48023107,10,2091339
"8241",3,705.48023107,100,1784220
"8242",3,705.48023107,11,1915566
"8243",3,705.48023107,12,1418093
"8244",3,705.48023107,13,1499663
"8245",3,705.48023107,14,1838712
"8246",3,705.48023107,15,1607544
"8247",3,705.48023107,16,1598314
"8248",3,705.48023107,17,1677667
"8249",3,705.48023107,18,1226407
"8250",3,705.48023107,19,1367965
"8251",3,705.48023107,2,1460890
"8252",3,705.48023107,20,2181219
"8253",3,705.48023107,21,1877080
"8254",3,705.48023107,22,1982383
"8255",3,705.48023107,23,1635215
"8256",3,705.48023107,24,2212218
"8257",3,705.48023107,25,1983518
"8258",3,705.48023107,26,1418446
"8259",3,705.48023107,27,1568894
"8260",3,705.48023107,28,1686571
"8261",3,705.48023107,29,1586164
"8262",3,705.48023107,3,1462051
"8263",3,705.48023107,30,1931487
"8264",3,705.48023107,31,2040242
"8265",3,705.48023107,32,1363005
"8266",3,705.48023107,33,1939805
"8267",3,705.48023107,34,1463104
"8268",3,705.48023107,35,1621494
"8269",3,705.48023107,36,1714523
"8270",3,705.48023107,37,2096618
"8271",3,705.48023107,38,1748893
"8272",3,705.48023107,39,1586595
"8273",3,705.48023107,4,1452072
"8274",3,705.48023107,40,1512059
"8275",3,705.48023107,41,1474683
"8276",3,705.48023107,42,1658027
"8277",3,705.48023107,43,1640461
"8278",3,705.48023107,44,1252818
"8279",3,705.48023107,45,1491161
"8280",3,705.48023107,46,2247673
"8281",3,705.48023107,47,1847805
"8282",3,705.48023107,48,2237007
"8283",3,705.48023107,49,1621926
"8284",3,705.48023107,5,1647977
"8285",3,705.48023107,50,1735283
"8286",3,705.48023107,51,1651615
"8287",3,705.48023107,52,1798340
"8288",3,705.48023107,53,1304749
"8289",3,705.48023107,54,1922062
"8290",3,705.48023107,55,1085677
"8291",3,705.48023107,56,1674438
"8292",3,705.48023107,57,1908355
"8293",3,705.48023107,58,1676947
"8294",3,705.48023107,59,1640479
"8295",3,705.48023107,6,1899263
"8296",3,705.48023107,60,1774848
"8297",3,705.48023107,61,1553155
"8298",3,705.48023107,62,1543967
"8299",3,705.48023107,63,1396012
"8300",3,705.48023107,64,1709446
"8301",3,705.48023107,65,1745563
"8302",3,705.48023107,66,2093089
"8303",3,705.48023107,67,1624112
"8304",3,705.48023107,68,1668013
"8305",3,705.48023107,69,1614844
"8306",3,705.48023107,7,1547725
"8307",3,705.48023107,70,1925941
"8308",3,705.48023107,71,1666600
"8309",3,705.48023107,72,1618027
"8310",3,705.48023107,73,1706350
"8311",3,705.48023107,74,1668311
"8312",3,705.48023107,75,1422302
"8313",3,705.48023107,76,1680225
"8314",3,705.48023107,77,2027947
"8315",3,705.48023107,78,1347072
"8316",3,705.48023107,79,1376375
"8317",3,705.48023107,8,1681769
"8318",3,705.48023107,80,2107921
"8319",3,705.48023107,81,1321845
"8320",3,705.48023107,82,2075757
"8321",3,705.48023107,83,1557819
"8322",3,705.48023107,84,1337392
"8323",3,705.48023107,85,1431547
"8324",3,705.48023107,86,1810635
"8325",3,705.48023107,87,2030863
"8326",3,705.48023107,88,1728138
"8327",3,705.48023107,89,1563617
"8328",3,705.48023107,9,1879464
"8329",3,705.48023107,90,1767349
"8330",3,705.48023107,91,2012840
"8331",3,705.48023107,92,1659479
"8332",3,705.48023107,93,1215338
"8333",3,705.48023107,94,1871824
"8334",3,705.48023107,95,1517684
"8335",3,705.48023107,96,2204922
"8336",3,705.48023107,97,1462713
"8337",3,705.48023107,98,1724181
"8338",3,705.48023107,99,1476722
"8339",3,77.42636827,1,120107
"8340",3,77.42636827,10,128698
"8341",3,77.42636827,100,173376
"8342",3,77.42636827,11,127774
"8343",3,77.42636827,12,40170
"8344",3,77.42636827,13,264062
"8345",3,77.42636827,14,127516
"8346",3,77.42636827,15,207342
"8347",3,77.42636827,16,208104
"8348",3,77.42636827,17,379396
"8349",3,77.42636827,18,205804
"8350",3,77.42636827,19,177874
"8351",3,77.42636827,2,120041
"8352",3,77.42636827,20,210527
"8353",3,77.42636827,21,131048
"8354",3,77.42636827,22,211926
"8355",3,77.42636827,23,39615
"8356",3,77.42636827,24,197667
"8357",3,77.42636827,25,86014
"8358",3,77.42636827,26,132925
"8359",3,77.42636827,27,126809
"8360",3,77.42636827,28,96078
"8361",3,77.42636827,29,496532
"8362",3,77.42636827,3,38630
"8363",3,77.42636827,30,44507
"8364",3,77.42636827,31,203502
"8365",3,77.42636827,32,128584
"8366",3,77.42636827,33,126322
"8367",3,77.42636827,34,122686
"8368",3,77.42636827,35,217421
"8369",3,77.42636827,36,254768
"8370",3,77.42636827,37,278705
"8371",3,77.42636827,38,83888
"8372",3,77.42636827,39,242216
"8373",3,77.42636827,4,246956
"8374",3,77.42636827,40,117682
"8375",3,77.42636827,41,116188
"8376",3,77.42636827,42,283375
"8377",3,77.42636827,43,128835
"8378",3,77.42636827,44,125394
"8379",3,77.42636827,45,203635
"8380",3,77.42636827,46,251191
"8381",3,77.42636827,47,1943
"8382",3,77.42636827,48,45178
"8383",3,77.42636827,49,201654
"8384",3,77.42636827,5,249147
"8385",3,77.42636827,50,2005
"8386",3,77.42636827,51,219341
"8387",3,77.42636827,52,41460
"8388",3,77.42636827,53,167675
"8389",3,77.42636827,54,115350
"8390",3,77.42636827,55,376427
"8391",3,77.42636827,56,246458
"8392",3,77.42636827,57,168284
"8393",3,77.42636827,58,248131
"8394",3,77.42636827,59,245247
"8395",3,77.42636827,6,212202
"8396",3,77.42636827,60,137347
"8397",3,77.42636827,61,242736
"8398",3,77.42636827,62,251999
"8399",3,77.42636827,63,253599
"8400",3,77.42636827,64,307330
"8401",3,77.42636827,65,296386
"8402",3,77.42636827,66,210389
"8403",3,77.42636827,67,126417
"8404",3,77.42636827,68,124377
"8405",3,77.42636827,69,118562
"8406",3,77.42636827,7,207647
"8407",3,77.42636827,70,125247
"8408",3,77.42636827,71,174320
"8409",3,77.42636827,72,258661
"8410",3,77.42636827,73,177187
"8411",3,77.42636827,74,335315
"8412",3,77.42636827,75,130520
"8413",3,77.42636827,76,217659
"8414",3,77.42636827,77,213387
"8415",3,77.42636827,78,251676
"8416",3,77.42636827,79,372051
"8417",3,77.42636827,8,46331
"8418",3,77.42636827,80,122030
"8419",3,77.42636827,81,245700
"8420",3,77.42636827,82,127334
"8421",3,77.42636827,83,41543
"8422",3,77.42636827,84,44516
"8423",3,77.42636827,85,206891
"8424",3,77.42636827,86,123474
"8425",3,77.42636827,87,206233
"8426",3,77.42636827,88,41414
"8427",3,77.42636827,89,1978
"8428",3,77.42636827,9,119907
"8429",3,77.42636827,90,292814
"8430",3,77.42636827,91,245845
"8431",3,77.42636827,92,205699
"8432",3,77.42636827,93,287733
"8433",3,77.42636827,94,40177
"8434",3,77.42636827,95,44245
"8435",3,77.42636827,96,279410
"8436",3,77.42636827,97,40137
"8437",3,77.42636827,98,124025
"8438",3,77.42636827,99,124560
"8439",3,792.48289835,1,1907737
"8440",3,792.48289835,10,1928358
"8441",3,792.48289835,100,1371712
"8442",3,792.48289835,11,1880176
"8443",3,792.48289835,12,2068946
"8444",3,792.48289835,13,1752622
"8445",3,792.48289835,14,1728420
"8446",3,792.48289835,15,1667310
"8447",3,792.48289835,16,1625955
"8448",3,792.48289835,17,1889467
"8449",3,792.48289835,18,1971435
"8450",3,792.48289835,19,2020780
"8451",3,792.48289835,2,1542870
"8452",3,792.48289835,20,1800007
"8453",3,792.48289835,21,1883114
"8454",3,792.48289835,22,2024113
"8455",3,792.48289835,23,2119892
"8456",3,792.48289835,24,1742077
"8457",3,792.48289835,25,1772087
"8458",3,792.48289835,26,1916860
"8459",3,792.48289835,27,1606929
"8460",3,792.48289835,28,1368318
"8461",3,792.48289835,29,1915647
"8462",3,792.48289835,3,1879490
"8463",3,792.48289835,30,2527933
"8464",3,792.48289835,31,1763792
"8465",3,792.48289835,32,1547641
"8466",3,792.48289835,33,1888655
"8467",3,792.48289835,34,1951217
"8468",3,792.48289835,35,1423111
"8469",3,792.48289835,36,1706234
"8470",3,792.48289835,37,1959743
"8471",3,792.48289835,38,2050940
"8472",3,792.48289835,39,1974304
"8473",3,792.48289835,4,1758278
"8474",3,792.48289835,40,2147541
"8475",3,792.48289835,41,2040176
"8476",3,792.48289835,42,1917696
"8477",3,792.48289835,43,2035846
"8478",3,792.48289835,44,2111755
"8479",3,792.48289835,45,1967470
"8480",3,792.48289835,46,1491573
"8481",3,792.48289835,47,1907315
"8482",3,792.48289835,48,1690095
"8483",3,792.48289835,49,2062165
"8484",3,792.48289835,5,1899782
"8485",3,792.48289835,50,1438082
"8486",3,792.48289835,51,1713350
"8487",3,792.48289835,52,1579962
"8488",3,792.48289835,53,1824417
"8489",3,792.48289835,54,1989274
"8490",3,792.48289835,55,2088997
"8491",3,792.48289835,56,1817519
"8492",3,792.48289835,57,2097405
"8493",3,792.48289835,58,1708172
"8494",3,792.48289835,59,1627532
"8495",3,792.48289835,6,1862134
"8496",3,792.48289835,60,1678558
"8497",3,792.48289835,61,1667883
"8498",3,792.48289835,62,1710652
"8499",3,792.48289835,63,2018559
"8500",3,792.48289835,64,2371518
"8501",3,792.48289835,65,2504440
"8502",3,792.48289835,66,1441471
"8503",3,792.48289835,67,1575139
"8504",3,792.48289835,68,2104625
"8505",3,792.48289835,69,1789702
"8506",3,792.48289835,7,2281890
"8507",3,792.48289835,70,1253383
"8508",3,792.48289835,71,2168400
"8509",3,792.48289835,72,2203703
"8510",3,792.48289835,73,2083880
"8511",3,792.48289835,74,1844241
"8512",3,792.48289835,75,1561579
"8513",3,792.48289835,76,1911172
"8514",3,792.48289835,77,1569943
"8515",3,792.48289835,78,1676069
"8516",3,792.48289835,79,1575700
"8517",3,792.48289835,8,1443407
"8518",3,792.48289835,80,1599389
"8519",3,792.48289835,81,1995915
"8520",3,792.48289835,82,2333748
"8521",3,792.48289835,83,1722055
"8522",3,792.48289835,84,1894910
"8523",3,792.48289835,85,2255484
"8524",3,792.48289835,86,1706149
"8525",3,792.48289835,87,1652167
"8526",3,792.48289835,88,2092567
"8527",3,792.48289835,89,1757598
"8528",3,792.48289835,9,2289219
"8529",3,792.48289835,90,1090697
"8530",3,792.48289835,91,2199505
"8531",3,792.48289835,92,1751174
"8532",3,792.48289835,93,2039760
"8533",3,792.48289835,94,1984145
"8534",3,792.48289835,95,2202366
"8535",3,792.48289835,96,1944673
"8536",3,792.48289835,97,2176373
"8537",3,792.48289835,98,1223338
"8538",3,792.48289835,99,1898855
"8539",3,8.49753436,1,5138
"8540",3,8.49753436,10,43590
"8541",3,8.49753436,100,40925
"8542",3,8.49753436,11,206
"8543",3,8.49753436,12,88526
"8544",3,8.49753436,13,42081
"8545",3,8.49753436,14,228
"8546",3,8.49753436,15,41640
"8547",3,8.49753436,16,231
"8548",3,8.49753436,17,41438
"8549",3,8.49753436,18,38761
"8550",3,8.49753436,19,42066
"8551",3,8.49753436,2,38391
"8552",3,8.49753436,20,435
"8553",3,8.49753436,21,200
"8554",3,8.49753436,22,209
"8555",3,8.49753436,23,42752
"8556",3,8.49753436,24,38867
"8557",3,8.49753436,25,239
"8558",3,8.49753436,26,73949
"8559",3,8.49753436,27,209
"8560",3,8.49753436,28,6451
"8561",3,8.49753436,29,201
"8562",3,8.49753436,3,40464
"8563",3,8.49753436,30,38832
"8564",3,8.49753436,31,44645
"8565",3,8.49753436,32,242
"8566",3,8.49753436,33,77412
"8567",3,8.49753436,34,189
"8568",3,8.49753436,35,226
"8569",3,8.49753436,36,234
"8570",3,8.49753436,37,237
"8571",3,8.49753436,38,221
"8572",3,8.49753436,39,82658
"8573",3,8.49753436,4,79455
"8574",3,8.49753436,40,42494
"8575",3,8.49753436,41,218
"8576",3,8.49753436,42,212
"8577",3,8.49753436,43,207
"8578",3,8.49753436,44,218
"8579",3,8.49753436,45,85176
"8580",3,8.49753436,46,222
"8581",3,8.49753436,47,408
"8582",3,8.49753436,48,232
"8583",3,8.49753436,49,40581
"8584",3,8.49753436,5,439
"8585",3,8.49753436,50,218
"8586",3,8.49753436,51,38722
"8587",3,8.49753436,52,37142
"8588",3,8.49753436,53,204
"8589",3,8.49753436,54,240
"8590",3,8.49753436,55,43346
"8591",3,8.49753436,56,85806
"8592",3,8.49753436,57,215
"8593",3,8.49753436,58,44068
"8594",3,8.49753436,59,242
"8595",3,8.49753436,6,214
"8596",3,8.49753436,60,244
"8597",3,8.49753436,61,39477
"8598",3,8.49753436,62,244
"8599",3,8.49753436,63,5604
"8600",3,8.49753436,64,238
"8601",3,8.49753436,65,200
"8602",3,8.49753436,66,201
"8603",3,8.49753436,67,44539
"8604",3,8.49753436,68,239
"8605",3,8.49753436,69,219
"8606",3,8.49753436,7,223
"8607",3,8.49753436,70,196
"8608",3,8.49753436,71,246
"8609",3,8.49753436,72,117351
"8610",3,8.49753436,73,206
"8611",3,8.49753436,74,209
"8612",3,8.49753436,75,205
"8613",3,8.49753436,76,195
"8614",3,8.49753436,77,45012
"8615",3,8.49753436,78,217
"8616",3,8.49753436,79,47938
"8617",3,8.49753436,8,405
"8618",3,8.49753436,80,38936
"8619",3,8.49753436,81,258
"8620",3,8.49753436,82,222
"8621",3,8.49753436,83,38105
"8622",3,8.49753436,84,252
"8623",3,8.49753436,85,42086
"8624",3,8.49753436,86,39803
"8625",3,8.49753436,87,252
"8626",3,8.49753436,88,40888
"8627",3,8.49753436,89,242
"8628",3,8.49753436,9,203
"8629",3,8.49753436,90,243
"8630",3,8.49753436,91,232
"8631",3,8.49753436,92,83054
"8632",3,8.49753436,93,234
"8633",3,8.49753436,94,39036
"8634",3,8.49753436,95,199
"8635",3,8.49753436,96,38733
"8636",3,8.49753436,97,37725
"8637",3,8.49753436,98,235
"8638",3,8.49753436,99,43349
"8639",3,86.97490026,1,78654
"8640",3,86.97490026,10,82802
"8641",3,86.97490026,100,182109
"8642",3,86.97490026,11,162362
"8643",3,86.97490026,12,248840
"8644",3,86.97490026,13,161938
"8645",3,86.97490026,14,367908
"8646",3,86.97490026,15,213499
"8647",3,86.97490026,16,89498
"8648",3,86.97490026,17,154350
"8649",3,86.97490026,18,212433
"8650",3,86.97490026,19,196534
"8651",3,86.97490026,2,173555
"8652",3,86.97490026,20,209380
"8653",3,86.97490026,21,208902
"8654",3,86.97490026,22,481963
"8655",3,86.97490026,23,366262
"8656",3,86.97490026,24,127807
"8657",3,86.97490026,25,343846
"8658",3,86.97490026,26,84781
"8659",3,86.97490026,27,259962
"8660",3,86.97490026,28,244693
"8661",3,86.97490026,29,125422
"8662",3,86.97490026,3,418790
"8663",3,86.97490026,30,282734
"8664",3,86.97490026,31,168171
"8665",3,86.97490026,32,253722
"8666",3,86.97490026,33,78950
"8667",3,86.97490026,34,210277
"8668",3,86.97490026,35,327797
"8669",3,86.97490026,36,160967
"8670",3,86.97490026,37,248549
"8671",3,86.97490026,38,84963
"8672",3,86.97490026,39,204854
"8673",3,86.97490026,4,245447
"8674",3,86.97490026,40,282747
"8675",3,86.97490026,41,172496
"8676",3,86.97490026,42,83118
"8677",3,86.97490026,43,527457
"8678",3,86.97490026,44,210658
"8679",3,86.97490026,45,165968
"8680",3,86.97490026,46,124097
"8681",3,86.97490026,47,169315
"8682",3,86.97490026,48,199917
"8683",3,86.97490026,49,208909
"8684",3,86.97490026,5,283811
"8685",3,86.97490026,50,81921
"8686",3,86.97490026,51,125853
"8687",3,86.97490026,52,289012
"8688",3,86.97490026,53,211622
"8689",3,86.97490026,54,206881
"8690",3,86.97490026,55,126420
"8691",3,86.97490026,56,170890
"8692",3,86.97490026,57,214775
"8693",3,86.97490026,58,166873
"8694",3,86.97490026,59,129570
"8695",3,86.97490026,6,217311
"8696",3,86.97490026,60,122115
"8697",3,86.97490026,61,84345
"8698",3,86.97490026,62,130331
"8699",3,86.97490026,63,348308
"8700",3,86.97490026,64,210944
"8701",3,86.97490026,65,249211
"8702",3,86.97490026,66,218259
"8703",3,86.97490026,67,172076
"8704",3,86.97490026,68,173597
"8705",3,86.97490026,69,119816
"8706",3,86.97490026,7,178225
"8707",3,86.97490026,70,303445
"8708",3,86.97490026,71,121049
"8709",3,86.97490026,72,47214
"8710",3,86.97490026,73,193796
"8711",3,86.97490026,74,167089
"8712",3,86.97490026,75,210510
"8713",3,86.97490026,76,127144
"8714",3,86.97490026,77,156797
"8715",3,86.97490026,78,207622
"8716",3,86.97490026,79,162418
"8717",3,86.97490026,8,450400
"8718",3,86.97490026,80,242455
"8719",3,86.97490026,81,246032
"8720",3,86.97490026,82,295522
"8721",3,86.97490026,83,283225
"8722",3,86.97490026,84,211528
"8723",3,86.97490026,85,192148
"8724",3,86.97490026,86,165546
"8725",3,86.97490026,87,157867
"8726",3,86.97490026,88,87413
"8727",3,86.97490026,89,328893
"8728",3,86.97490026,9,258849
"8729",3,86.97490026,90,252030
"8730",3,86.97490026,91,168880
"8731",3,86.97490026,92,79229
"8732",3,86.97490026,93,165305
"8733",3,86.97490026,94,134887
"8734",3,86.97490026,95,165636
"8735",3,86.97490026,96,182168
"8736",3,86.97490026,97,210754
"8737",3,86.97490026,98,209824
"8738",3,86.97490026,99,132987
"8739",3,890.21508545,1,1790334
"8740",3,890.21508545,10,2487408
"8741",3,890.21508545,100,2178069
"8742",3,890.21508545,11,2170164
"8743",3,890.21508545,12,2390284
"8744",3,890.21508545,13,1719514
"8745",3,890.21508545,14,1866357
"8746",3,890.21508545,15,2046340
"8747",3,890.21508545,16,1931959
"8748",3,890.21508545,17,2367688
"8749",3,890.21508545,18,2024234
"8750",3,890.21508545,19,1953022
"8751",3,890.21508545,2,1860879
"8752",3,890.21508545,20,2013743
"8753",3,890.21508545,21,2025786
"8754",3,890.21508545,22,2103636
"8755",3,890.21508545,23,2285856
"8756",3,890.21508545,24,1967244
"8757",3,890.21508545,25,2091716
"8758",3,890.21508545,26,1890464
"8759",3,890.21508545,27,2368711
"8760",3,890.21508545,28,1840326
"8761",3,890.21508545,29,2789321
"8762",3,890.21508545,3,1516095
"8763",3,890.21508545,30,2031880
"8764",3,890.21508545,31,2439656
"8765",3,890.21508545,32,1919300
"8766",3,890.21508545,33,2289970
"8767",3,890.21508545,34,2393106
"8768",3,890.21508545,35,1640711
"8769",3,890.21508545,36,2120615
"8770",3,890.21508545,37,2155202
"8771",3,890.21508545,38,2496917
"8772",3,890.21508545,39,2178069
"8773",3,890.21508545,4,2096650
"8774",3,890.21508545,40,2247078
"8775",3,890.21508545,41,2132976
"8776",3,890.21508545,42,1831133
"8777",3,890.21508545,43,2472125
"8778",3,890.21508545,44,1677067
"8779",3,890.21508545,45,2095478
"8780",3,890.21508545,46,2289877
"8781",3,890.21508545,47,2003501
"8782",3,890.21508545,48,2341004
"8783",3,890.21508545,49,2333367
"8784",3,890.21508545,5,1810669
"8785",3,890.21508545,50,2490959
"8786",3,890.21508545,51,2167087
"8787",3,890.21508545,52,1518854
"8788",3,890.21508545,53,2177478
"8789",3,890.21508545,54,1876009
"8790",3,890.21508545,55,2205910
"8791",3,890.21508545,56,1753995
"8792",3,890.21508545,57,2076480
"8793",3,890.21508545,58,2005578
"8794",3,890.21508545,59,2134518
"8795",3,890.21508545,6,1976482
"8796",3,890.21508545,60,2425185
"8797",3,890.21508545,61,2189482
"8798",3,890.21508545,62,1863829
"8799",3,890.21508545,63,1860362
"8800",3,890.21508545,64,2333980
"8801",3,890.21508545,65,2089959
"8802",3,890.21508545,66,2241060
"8803",3,890.21508545,67,2031880
"8804",3,890.21508545,68,2115376
"8805",3,890.21508545,69,2474682
"8806",3,890.21508545,7,2393185
"8807",3,890.21508545,70,2230536
"8808",3,890.21508545,71,2068622
"8809",3,890.21508545,72,1933425
"8810",3,890.21508545,73,1939775
"8811",3,890.21508545,74,2329028
"8812",3,890.21508545,75,2002173
"8813",3,890.21508545,76,1750251
"8814",3,890.21508545,77,1700807
"8815",3,890.21508545,78,1722285
"8816",3,890.21508545,79,2078959
"8817",3,890.21508545,8,1544315
"8818",3,890.21508545,80,1975199
"8819",3,890.21508545,81,2264171
"8820",3,890.21508545,82,1821218
"8821",3,890.21508545,83,2113347
"8822",3,890.21508545,84,1845390
"8823",3,890.21508545,85,2414322
"8824",3,890.21508545,86,1972376
"8825",3,890.21508545,87,2142683
"8826",3,890.21508545,88,2080514
"8827",3,890.21508545,89,1580087
"8828",3,890.21508545,9,2086154
"8829",3,890.21508545,90,1880654
"8830",3,890.21508545,91,2191676
"8831",3,890.21508545,92,2130531
"8832",3,890.21508545,93,1609317
"8833",3,890.21508545,94,2082003
"8834",3,890.21508545,95,1805318
"8835",3,890.21508545,96,2248904
"8836",3,890.21508545,97,2272628
"8837",3,890.21508545,98,2133008
"8838",3,890.21508545,99,2911847
"8839",3,9.54548457,1,239
"8840",3,9.54548457,10,253
"8841",3,9.54548457,100,247
"8842",3,9.54548457,11,237
"8843",3,9.54548457,12,250
"8844",3,9.54548457,13,250
"8845",3,9.54548457,14,257
"8846",3,9.54548457,15,221
"8847",3,9.54548457,16,257
"8848",3,9.54548457,17,267
"8849",3,9.54548457,18,253
"8850",3,9.54548457,19,249
"8851",3,9.54548457,2,235
"8852",3,9.54548457,20,245
"8853",3,9.54548457,21,260
"8854",3,9.54548457,22,33969
"8855",3,9.54548457,23,247
"8856",3,9.54548457,24,270
"8857",3,9.54548457,25,250
"8858",3,9.54548457,26,272
"8859",3,9.54548457,27,248
"8860",3,9.54548457,28,42217
"8861",3,9.54548457,29,208
"8862",3,9.54548457,3,250
"8863",3,9.54548457,30,5644
"8864",3,9.54548457,31,227
"8865",3,9.54548457,32,252
"8866",3,9.54548457,33,253
"8867",3,9.54548457,34,283
"8868",3,9.54548457,35,259
"8869",3,9.54548457,36,227
"8870",3,9.54548457,37,257
"8871",3,9.54548457,38,227
"8872",3,9.54548457,39,241
"8873",3,9.54548457,4,249
"8874",3,9.54548457,40,258
"8875",3,9.54548457,41,278
"8876",3,9.54548457,42,246
"8877",3,9.54548457,43,40271
"8878",3,9.54548457,44,247
"8879",3,9.54548457,45,227
"8880",3,9.54548457,46,299
"8881",3,9.54548457,47,223
"8882",3,9.54548457,48,225
"8883",3,9.54548457,49,37931
"8884",3,9.54548457,5,229
"8885",3,9.54548457,50,232
"8886",3,9.54548457,51,229
"8887",3,9.54548457,52,255
"8888",3,9.54548457,53,243
"8889",3,9.54548457,54,248
"8890",3,9.54548457,55,248
"8891",3,9.54548457,56,232
"8892",3,9.54548457,57,245
"8893",3,9.54548457,58,40353
"8894",3,9.54548457,59,246
"8895",3,9.54548457,6,259
"8896",3,9.54548457,60,242
"8897",3,9.54548457,61,41648
"8898",3,9.54548457,62,248
"8899",3,9.54548457,63,238
"8900",3,9.54548457,64,41314
"8901",3,9.54548457,65,250
"8902",3,9.54548457,66,261
"8903",3,9.54548457,67,251
"8904",3,9.54548457,68,274
"8905",3,9.54548457,69,44506
"8906",3,9.54548457,7,224
"8907",3,9.54548457,70,238
"8908",3,9.54548457,71,252
"8909",3,9.54548457,72,262
"8910",3,9.54548457,73,248
"8911",3,9.54548457,74,231
"8912",3,9.54548457,75,214
"8913",3,9.54548457,76,45147
"8914",3,9.54548457,77,227
"8915",3,9.54548457,78,218
"8916",3,9.54548457,79,227
"8917",3,9.54548457,8,262
"8918",3,9.54548457,80,270
"8919",3,9.54548457,81,240
"8920",3,9.54548457,82,241
"8921",3,9.54548457,83,226
"8922",3,9.54548457,84,248
"8923",3,9.54548457,85,226
"8924",3,9.54548457,86,244
"8925",3,9.54548457,87,242
"8926",3,9.54548457,88,263
"8927",3,9.54548457,89,6228
"8928",3,9.54548457,9,249
"8929",3,9.54548457,90,240
"8930",3,9.54548457,91,242
"8931",3,9.54548457,92,247
"8932",3,9.54548457,93,254
"8933",3,9.54548457,94,262
"8934",3,9.54548457,95,232
"8935",3,9.54548457,96,262
"8936",3,9.54548457,97,219
"8937",3,9.54548457,98,242
"8938",3,9.54548457,99,233
"8939",3,97.70099573,1,431560
"8940",3,97.70099573,10,217721
"8941",3,97.70099573,100,13855
"8942",3,97.70099573,11,301307
"8943",3,97.70099573,12,381103
"8944",3,97.70099573,13,169918
"8945",3,97.70099573,14,2520
"8946",3,97.70099573,15,211623
"8947",3,97.70099573,16,263361
"8948",3,97.70099573,17,139255
"8949",3,97.70099573,18,242981
"8950",3,97.70099573,19,347812
"8951",3,97.70099573,2,86485
"8952",3,97.70099573,20,284258
"8953",3,97.70099573,21,239800
"8954",3,97.70099573,22,128589
"8955",3,97.70099573,23,87592
"8956",3,97.70099573,24,47662
"8957",3,97.70099573,25,248108
"8958",3,97.70099573,26,252746
"8959",3,97.70099573,27,131634
"8960",3,97.70099573,28,315359
"8961",3,97.70099573,29,468785
"8962",3,97.70099573,3,327934
"8963",3,97.70099573,30,50546
"8964",3,97.70099573,31,127584
"8965",3,97.70099573,32,424950
"8966",3,97.70099573,33,129903
"8967",3,97.70099573,34,248619
"8968",3,97.70099573,35,247274
"8969",3,97.70099573,36,164810
"8970",3,97.70099573,37,127738
"8971",3,97.70099573,38,319787
"8972",3,97.70099573,39,410408
"8973",3,97.70099573,4,167189
"8974",3,97.70099573,40,364493
"8975",3,97.70099573,41,215964
"8976",3,97.70099573,42,357361
"8977",3,97.70099573,43,255105
"8978",3,97.70099573,44,138672
"8979",3,97.70099573,45,289130
"8980",3,97.70099573,46,253740
"8981",3,97.70099573,47,78479
"8982",3,97.70099573,48,214331
"8983",3,97.70099573,49,250292
"8984",3,97.70099573,5,274910
"8985",3,97.70099573,50,371334
"8986",3,97.70099573,51,178579
"8987",3,97.70099573,52,182151
"8988",3,97.70099573,53,171901
"8989",3,97.70099573,54,226455
"8990",3,97.70099573,55,367781
"8991",3,97.70099573,56,238639
"8992",3,97.70099573,57,333455
"8993",3,97.70099573,58,203426
"8994",3,97.70099573,59,114382
"8995",3,97.70099573,6,174595
"8996",3,97.70099573,60,358843
"8997",3,97.70099573,61,166677
"8998",3,97.70099573,62,168211
"8999",3,97.70099573,63,290120
"9000",3,97.70099573,64,284672
"9001",3,97.70099573,65,334874
"9002",3,97.70099573,66,298481
"9003",3,97.70099573,67,301187
"9004",3,97.70099573,68,331192
"9005",3,97.70099573,69,336081
"9006",3,97.70099573,7,166569
"9007",3,97.70099573,70,329253
"9008",3,97.70099573,71,445788
"9009",3,97.70099573,72,131740
"9010",3,97.70099573,73,132372
"9011",3,97.70099573,74,239771
"9012",3,97.70099573,75,242689
"9013",3,97.70099573,76,124342
"9014",3,97.70099573,77,205375
"9015",3,97.70099573,78,82969
"9016",3,97.70099573,79,342754
"9017",3,97.70099573,8,216380
"9018",3,97.70099573,80,376177
"9019",3,97.70099573,81,347051
"9020",3,97.70099573,82,168704
"9021",3,97.70099573,83,136330
"9022",3,97.70099573,84,248035
"9023",3,97.70099573,85,327882
"9024",3,97.70099573,86,208590
"9025",3,97.70099573,87,358886
"9026",3,97.70099573,88,399769
"9027",3,97.70099573,89,288372
"9028",3,97.70099573,9,364511
"9029",3,97.70099573,90,246663
"9030",3,97.70099573,91,170260
"9031",3,97.70099573,92,212309
"9032",3,97.70099573,93,80414
"9033",3,97.70099573,94,375739
"9034",3,97.70099573,95,124167
"9035",3,97.70099573,96,331389
"9036",3,97.70099573,97,209850
"9037",3,97.70099573,98,208393
"9038",3,97.70099573,99,45596
