"","time","nu","id","tot_pfu"
"1",5,0.01592283,55,1
"2",5,0.02009233,10,1
"3",5,0.02009233,25,1
"4",5,0.0225702,18,1
"5",5,0.03593814,67,1
"6",5,0.05722368,66,579139
"7",5,0.08111308,62,822893
"8",5,0.08111308,67,1
"9",5,0.09111628,2,1
"10",5,0.09111628,99,1
"11",5,0.1023531,22,1
"12",5,0.1023531,50,1
"13",5,0.1023531,92,1039670
"14",5,0.1149757,29,1
"15",5,0.1149757,7,1
"16",5,0.1149757,80,1
"17",5,0.1149757,85,1166521
"18",5,0.1149757,88,1165827
"19",5,0.12915497,13,1
"20",5,0.12915497,39,2
"21",5,0.12915497,96,1
"22",5,0.18307383,27,2
"23",5,0.18307383,37,1859978
"24",5,0.18307383,53,2
"25",5,0.18307383,59,1854704
"26",5,0.18307383,6,1
"27",5,0.18307383,66,1
"28",5,0.18307383,77,1
"29",5,0.18307383,83,2
"30",5,0.20565123,2,1
"31",5,0.20565123,20,1
"32",5,0.20565123,83,1
"33",5,0.23101297,2,1
"34",5,0.23101297,23,1
"35",5,0.23101297,35,2
"36",5,0.23101297,6,1
"37",5,0.23101297,62,2347209
"38",5,0.23101297,90,2344258
"39",5,0.23101297,97,1
"40",5,0.25950242,24,1
"41",5,0.25950242,29,1
"42",5,0.25950242,47,1
"43",5,0.25950242,69,1
"44",5,0.25950242,73,2635480
"45",5,0.29150531,12,2836603
"46",5,0.29150531,15,1
"47",5,0.29150531,21,2955123
"48",5,0.29150531,37,1
"49",5,0.29150531,4,1
"50",5,0.29150531,60,1
"51",5,0.29150531,78,1
"52",5,0.32745492,11,1
"53",5,0.32745492,88,2
"54",5,0.36783798,100,1
"55",5,0.36783798,22,3735505
"56",5,0.36783798,24,1
"57",5,0.36783798,29,1
"58",5,0.36783798,3,2
"59",5,0.36783798,57,1
"60",5,0.36783798,67,3734796
"61",5,0.36783798,75,1
"62",5,0.36783798,78,1
"63",5,0.36783798,79,1
"64",5,0.36783798,9,1
"65",5,0.36783798,95,1
"66",5,0.36783798,99,3735871
"67",5,0.41320124,11,1
"68",5,0.41320124,34,1
"69",5,0.41320124,46,1
"70",5,0.41320124,48,4197306
"71",5,0.41320124,72,4196664
"72",5,0.41320124,80,4197961
"73",5,0.41320124,9,4196244
"74",5,0.41320124,90,1
"75",5,0.41320124,91,1
"76",5,0.41320124,99,1
"77",5,0.46415888,24,1
"78",5,0.46415888,41,4710972
"79",5,0.46415888,48,1
"80",5,0.46415888,52,1
"81",5,0.46415888,6,2
"82",5,0.46415888,61,4709338
"83",5,0.46415888,76,1
"84",5,0.46415888,79,1
"85",5,0.46415888,8,1
"86",5,0.46415888,80,1
"87",5,0.46415888,87,1
"88",5,0.46415888,90,1
"89",5,0.52140083,3,1
"90",5,0.52140083,38,2
"91",5,0.52140083,47,1
"92",5,0.52140083,52,1
"93",5,0.52140083,83,1
"94",5,0.52140083,84,1
"95",5,0.58570208,13,1
"96",5,0.58570208,14,1
"97",5,0.58570208,18,1
"98",5,0.58570208,4,4600362
"99",5,0.58570208,52,1
"100",5,0.58570208,55,1
"101",5,0.58570208,56,5946595
"102",5,0.58570208,67,1
"103",5,0.58570208,7,5945796
"104",5,0.58570208,70,1
"105",5,0.58570208,77,1
"106",5,0.58570208,79,1
"107",5,0.58570208,80,1
"108",5,0.58570208,89,1
"109",5,0.58570208,90,5949163
"110",5,0.58570208,92,5946765
"111",5,0.58570208,96,1
"112",5,0.65793322,13,1
"113",5,0.65793322,16,6679487
"114",5,0.65793322,17,1
"115",5,0.65793322,24,1
"116",5,0.65793322,27,2
"117",5,0.65793322,29,6683881
"118",5,0.65793322,33,1
"119",5,0.65793322,34,1
"120",5,0.65793322,50,1
"121",5,0.65793322,54,6676752
"122",5,0.65793322,55,2
"123",5,0.65793322,72,1
"124",5,0.65793322,77,1
"125",5,0.65793322,78,1
"126",5,0.65793322,79,1
"127",5,0.65793322,8,6678433
"128",5,0.65793322,82,1
"129",5,0.65793322,98,1
"130",5,0.7390722,1,7498524
"131",5,0.7390722,10,2
"132",5,0.7390722,12,1
"133",5,0.7390722,13,7503923
"134",5,0.7390722,18,1
"135",5,0.7390722,2,1
"136",5,0.7390722,25,7503987
"137",5,0.7390722,30,7503919
"138",5,0.7390722,34,1
"139",5,0.7390722,36,1
"140",5,0.7390722,37,1
"141",5,0.7390722,44,2
"142",5,0.7390722,45,2
"143",5,0.7390722,48,1
"144",5,0.7390722,51,2
"145",5,0.7390722,56,1
"146",5,0.7390722,57,7503883
"147",5,0.7390722,60,1
"148",5,0.7390722,62,1
"149",5,0.7390722,63,2
"150",5,0.7390722,65,7511866
"151",5,0.7390722,80,1
"152",5,0.7390722,90,1
"153",5,0.7390722,91,7506448
"154",5,0.7390722,92,1
"155",5,0.83021757,13,8433251
"156",5,0.83021757,17,1
"157",5,0.83021757,2,1
"158",5,0.83021757,20,1
"159",5,0.83021757,28,1
"160",5,0.83021757,3,5375718
"161",5,0.83021757,33,8432038
"162",5,0.83021757,39,1
"163",5,0.83021757,43,2
"164",5,0.83021757,50,1
"165",5,0.83021757,64,1
"166",5,0.83021757,66,1
"167",5,0.83021757,80,2
"168",5,0.83021757,81,1
"169",5,0.83021757,84,8428622
"170",5,0.83021757,92,1
"171",5,0.83021757,94,1
"172",5,0.83021757,95,8427695
"173",5,0.83021757,96,1
"174",5,0.93260335,13,1
"175",5,0.93260335,14,1
"176",5,0.93260335,17,1
"177",5,0.93260335,32,1
"178",5,0.93260335,40,2
"179",5,0.93260335,41,1
"180",5,0.93260335,45,2
"181",5,0.93260335,53,1
"182",5,0.93260335,76,1
"183",5,0.93260335,84,1
"184",5,0.93260335,88,1
"185",5,0.93260335,92,1
"186",5,0.93260335,93,1
"187",5,0.93260335,97,1
"188",5,1.04761575,100,1
"189",5,1.04761575,14,10641548
"190",5,1.04761575,2,2
"191",5,1.04761575,20,1
"192",5,1.04761575,31,1
"193",5,1.04761575,33,1
"194",5,1.04761575,35,10638563
"195",5,1.04761575,36,10640034
"196",5,1.04761575,37,1
"197",5,1.04761575,38,2
"198",5,1.04761575,40,1
"199",5,1.04761575,45,1
"200",5,1.04761575,46,10642657
"201",5,1.04761575,57,1
"202",5,1.04761575,67,1
"203",5,1.04761575,68,1
"204",5,1.04761575,73,10640633
"205",5,1.04761575,79,1
"206",5,1.04761575,8,1
"207",5,1.04761575,80,1
"208",5,1.04761575,82,1
"209",5,1.04761575,89,1
"210",5,1.04761575,9,2
"211",5,1.04761575,91,1
"212",5,1.04761575,92,1
"213",5,1.04761575,93,1
"214",5,1.04761575,94,10643490
"215",5,1.17681195,13,1
"216",5,1.17681195,14,1
"217",5,1.17681195,3,1
"218",5,1.17681195,33,1
"219",5,1.17681195,39,1
"220",5,1.17681195,47,1
"221",5,1.17681195,48,1
"222",5,1.17681195,49,2
"223",5,1.17681195,53,1
"224",5,1.17681195,56,1
"225",5,1.17681195,64,1
"226",5,1.17681195,65,1
"227",5,1.17681195,71,2
"228",5,1.17681195,72,1
"229",5,1.17681195,8,1
"230",5,1.17681195,86,2
"231",5,1.17681195,87,2
"232",5,1.17681195,92,1
"233",5,1.17681195,95,1
"234",5,1.17681195,99,1
"235",5,1.32194115,100,2
"236",5,1.32194115,11,1
"237",5,1.32194115,16,1
"238",5,1.32194115,17,1
"239",5,1.32194115,20,1
"240",5,1.32194115,25,1
"241",5,1.32194115,26,1
"242",5,1.32194115,29,13427956
"243",5,1.32194115,31,13419915
"244",5,1.32194115,33,13424362
"245",5,1.32194115,39,1
"246",5,1.32194115,4,13421776
"247",5,1.32194115,42,13433818
"248",5,1.32194115,43,1
"249",5,1.32194115,46,13415765
"250",5,1.32194115,59,1
"251",5,1.32194115,70,1
"252",5,1.32194115,72,1
"253",5,1.32194115,73,1
"254",5,1.32194115,83,2
"255",5,1.32194115,86,13430375
"256",5,1.32194115,88,1
"257",5,1.32194115,90,1
"258",5,1.32194115,92,1
"259",5,1.48496826,11,1
"260",5,1.48496826,14,1
"261",5,1.48496826,19,15085939
"262",5,1.48496826,20,1
"263",5,1.48496826,24,1
"264",5,1.48496826,26,5979142
"265",5,1.48496826,27,1
"266",5,1.48496826,31,1
"267",5,1.48496826,32,1
"268",5,1.48496826,35,1
"269",5,1.48496826,38,15084483
"270",5,1.48496826,41,1
"271",5,1.48496826,42,15079888
"272",5,1.48496826,44,1
"273",5,1.48496826,47,2
"274",5,1.48496826,51,1
"275",5,1.48496826,57,1
"276",5,1.48496826,6,1
"277",5,1.48496826,63,1
"278",5,1.48496826,64,6624385
"279",5,1.48496826,65,15086876
"280",5,1.48496826,68,6312896
"281",5,1.48496826,69,15083530
"282",5,1.48496826,73,1
"283",5,1.48496826,75,1
"284",5,1.48496826,76,1
"285",5,1.48496826,77,1
"286",5,1.48496826,86,15087953
"287",5,1.48496826,9,1
"288",5,1.48496826,91,1
"289",5,1.48496826,92,1
"290",5,1.48496826,94,1
"291",5,1.48496826,96,15074531
"292",5,1.48496826,98,1
"293",5,1.66810054,1,1
"294",5,1.66810054,13,2
"295",5,1.66810054,16,1
"296",5,1.66810054,3,1
"297",5,1.66810054,35,2
"298",5,1.66810054,37,1
"299",5,1.66810054,50,1
"300",5,1.66810054,53,1
"301",5,1.66810054,61,1
"302",5,1.66810054,82,2
"303",5,1.66810054,85,1
"304",5,1.66810054,9,1
"305",5,1.66810054,90,1
"306",5,1.66810054,95,1
"307",5,1.66810054,96,1
"308",5,1.87381742,100,1
"309",5,1.87381742,11,1
"310",5,1.87381742,14,1
"311",5,1.87381742,16,2
"312",5,1.87381742,2,3
"313",5,1.87381742,20,1
"314",5,1.87381742,24,2
"315",5,1.87381742,26,1
"316",5,1.87381742,28,19033663
"317",5,1.87381742,33,1
"318",5,1.87381742,35,1
"319",5,1.87381742,39,2
"320",5,1.87381742,40,3
"321",5,1.87381742,45,2
"322",5,1.87381742,47,1
"323",5,1.87381742,5,19029284
"324",5,1.87381742,52,19025601
"325",5,1.87381742,62,19023679
"326",5,1.87381742,64,19029542
"327",5,1.87381742,69,1
"328",5,1.87381742,70,1
"329",5,1.87381742,73,1
"330",5,1.87381742,74,1
"331",5,1.87381742,79,2
"332",5,1.87381742,80,1
"333",5,1.87381742,82,1
"334",5,1.87381742,83,4
"335",5,1.87381742,86,1
"336",5,1.87381742,89,1
"337",5,1.87381742,90,2
"338",5,1.87381742,95,19021223
"339",5,1.87381742,96,1
"340",5,1.87381742,97,19030408
"341",5,1.87381742,99,1
"342",5,10.72267222,1,108907963
"343",5,10.72267222,10,3
"344",5,10.72267222,100,3
"345",5,10.72267222,11,1
"346",5,10.72267222,12,108926168
"347",5,10.72267222,13,3
"348",5,10.72267222,14,108912662
"349",5,10.72267222,15,108911278
"350",5,10.72267222,16,108896194
"351",5,10.72267222,17,2
"352",5,10.72267222,18,108910101
"353",5,10.72267222,19,3
"354",5,10.72267222,2,108913497
"355",5,10.72267222,20,2
"356",5,10.72267222,21,108899952
"357",5,10.72267222,22,108900012
"358",5,10.72267222,23,108916968
"359",5,10.72267222,24,108897875
"360",5,10.72267222,25,108881595
"361",5,10.72267222,26,108899815
"362",5,10.72267222,27,4
"363",5,10.72267222,28,108902606
"364",5,10.72267222,29,2
"365",5,10.72267222,3,108910124
"366",5,10.72267222,30,108911122
"367",5,10.72267222,31,8198721
"368",5,10.72267222,32,5
"369",5,10.72267222,33,2
"370",5,10.72267222,34,1
"371",5,10.72267222,35,108889509
"372",5,10.72267222,36,108943746
"373",5,10.72267222,37,108909392
"374",5,10.72267222,38,108900278
"375",5,10.72267222,39,108895326
"376",5,10.72267222,4,2
"377",5,10.72267222,40,108895113
"378",5,10.72267222,41,226
"379",5,10.72267222,42,2
"380",5,10.72267222,43,108887918
"381",5,10.72267222,44,108908513
"382",5,10.72267222,45,108874644
"383",5,10.72267222,46,91285537
"384",5,10.72267222,47,7801308
"385",5,10.72267222,48,108871237
"386",5,10.72267222,49,87671748
"387",5,10.72267222,5,108894227
"388",5,10.72267222,50,2
"389",5,10.72267222,51,108910849
"390",5,10.72267222,52,108900280
"391",5,10.72267222,53,3
"392",5,10.72267222,54,3
"393",5,10.72267222,55,108896276
"394",5,10.72267222,56,1
"395",5,10.72267222,57,108901830
"396",5,10.72267222,58,1
"397",5,10.72267222,59,108894049
"398",5,10.72267222,6,3
"399",5,10.72267222,60,2
"400",5,10.72267222,61,2
"401",5,10.72267222,62,108912837
"402",5,10.72267222,63,2
"403",5,10.72267222,64,1
"404",5,10.72267222,65,3
"405",5,10.72267222,66,2
"406",5,10.72267222,67,4
"407",5,10.72267222,68,108890083
"408",5,10.72267222,69,108919164
"409",5,10.72267222,7,5
"410",5,10.72267222,70,4
"411",5,10.72267222,71,2
"412",5,10.72267222,72,108901179
"413",5,10.72267222,73,3
"414",5,10.72267222,74,108911386
"415",5,10.72267222,75,108908136
"416",5,10.72267222,76,2
"417",5,10.72267222,77,108913784
"418",5,10.72267222,78,108902984
"419",5,10.72267222,79,108902251
"420",5,10.72267222,8,2
"421",5,10.72267222,80,108891555
"422",5,10.72267222,81,2
"423",5,10.72267222,82,2
"424",5,10.72267222,83,2
"425",5,10.72267222,84,2
"426",5,10.72267222,85,1
"427",5,10.72267222,86,108887101
"428",5,10.72267222,87,108900108
"429",5,10.72267222,88,5
"430",5,10.72267222,89,1
"431",5,10.72267222,9,1
"432",5,10.72267222,90,1
"433",5,10.72267222,91,108900586
"434",5,10.72267222,92,5
"435",5,10.72267222,93,5
"436",5,10.72267222,94,5
"437",5,10.72267222,95,86893332
"438",5,10.72267222,96,108897247
"439",5,10.72267222,97,108894263
"440",5,10.72267222,98,4
"441",5,10.72267222,99,108912342
"442",5,1000,1,10154567078
"443",5,1000,10,10156136050
"444",5,1000,100,10155790193
"445",5,1000,11,10156100012
"446",5,1000,12,10151323544
"447",5,1000,13,10156019519
"448",5,1000,14,10153923325
"449",5,1000,15,10156438245
"450",5,1000,16,10153829255
"451",5,1000,17,10143892213
"452",5,1000,18,10156083364
"453",5,1000,19,10156287277
"454",5,1000,2,10156002363
"455",5,1000,20,10156247566
"456",5,1000,21,10156580277
"457",5,1000,22,10149311674
"458",5,1000,23,10155183964
"459",5,1000,24,10155550977
"460",5,1000,25,10153886768
"461",5,1000,26,10149747560
"462",5,1000,27,10153559327
"463",5,1000,28,10156140883
"464",5,1000,29,10156583539
"465",5,1000,3,10154629745
"466",5,1000,30,10151935792
"467",5,1000,31,10152076617
"468",5,1000,32,10156486139
"469",5,1000,33,10156208455
"470",5,1000,34,10156591977
"471",5,1000,35,10156340257
"472",5,1000,36,10156637465
"473",5,1000,37,10155692529
"474",5,1000,38,10156138127
"475",5,1000,39,10155177694
"476",5,1000,4,10154382270
"477",5,1000,40,10156174858
"478",5,1000,41,10156083641
"479",5,1000,42,10154711405
"480",5,1000,43,10155897481
"481",5,1000,44,10153707996
"482",5,1000,45,10156673751
"483",5,1000,46,10155771732
"484",5,1000,47,10156589930
"485",5,1000,48,10153667233
"486",5,1000,49,10156271664
"487",5,1000,5,10151562256
"488",5,1000,50,10154896680
"489",5,1000,51,10155016535
"490",5,1000,52,10149112316
"491",5,1000,53,10155660487
"492",5,1000,54,10156213371
"493",5,1000,55,10155741018
"494",5,1000,56,10156124095
"495",5,1000,57,10155704533
"496",5,1000,58,10156195801
"497",5,1000,59,10152690939
"498",5,1000,6,10149207030
"499",5,1000,60,10156493945
"500",5,1000,61,10156417016
"501",5,1000,62,10155495165
"502",5,1000,63,10156753467
"503",5,1000,64,10154481870
"504",5,1000,65,10156168460
"505",5,1000,66,10156388527
"506",5,1000,67,10156149493
"507",5,1000,68,10155650597
"508",5,1000,69,10156151464
"509",5,1000,7,10152514120
"510",5,1000,70,10155908504
"511",5,1000,71,10153849045
"512",5,1000,72,10154507172
"513",5,1000,73,10156608389
"514",5,1000,74,10156722307
"515",5,1000,75,10149210157
"516",5,1000,76,10152453274
"517",5,1000,77,10156744963
"518",5,1000,78,10146837502
"519",5,1000,79,10154611763
"520",5,1000,8,10154563380
"521",5,1000,80,10144210294
"522",5,1000,81,10155860003
"523",5,1000,82,10155304348
"524",5,1000,83,10155964308
"525",5,1000,84,10147593118
"526",5,1000,85,10154857585
"527",5,1000,86,10156149877
"528",5,1000,87,10155894363
"529",5,1000,88,10155204445
"530",5,1000,89,10151341241
"531",5,1000,9,10153773472
"532",5,1000,90,10152690939
"533",5,1000,91,10153761211
"534",5,1000,92,10154389494
"535",5,1000,93,10153869831
"536",5,1000,94,10153886768
"537",5,1000,95,10155671500
"538",5,1000,96,10156503619
"539",5,1000,97,10156232706
"540",5,1000,98,10155596343
"541",5,1000,99,10154624279
"542",5,109.74987655,1,1114547230
"543",5,109.74987655,10,1111780135
"544",5,109.74987655,100,1104750637
"545",5,109.74987655,11,1114239785
"546",5,109.74987655,12,1114228332
"547",5,109.74987655,13,1114607988
"548",5,109.74987655,14,1112609490
"549",5,109.74987655,15,962492142
"550",5,109.74987655,16,1103544705
"551",5,109.74987655,17,1112399516
"552",5,109.74987655,18,1111885587
"553",5,109.74987655,19,1114651267
"554",5,109.74987655,2,1114662994
"555",5,109.74987655,20,1114638260
"556",5,109.74987655,21,1113849854
"557",5,109.74987655,22,1114710694
"558",5,109.74987655,23,1114484865
"559",5,109.74987655,24,1114043028
"560",5,109.74987655,25,1114664481
"561",5,109.74987655,26,1114727670
"562",5,109.74987655,27,1114462398
"563",5,109.74987655,28,1114660897
"564",5,109.74987655,29,1100278231
"565",5,109.74987655,3,1114642116
"566",5,109.74987655,30,1114648860
"567",5,109.74987655,31,1114079762
"568",5,109.74987655,32,1114690277
"569",5,109.74987655,33,1114322960
"570",5,109.74987655,34,1114147243
"571",5,109.74987655,35,1112954486
"572",5,109.74987655,36,1075308980
"573",5,109.74987655,37,1059642489
"574",5,109.74987655,38,1114665966
"575",5,109.74987655,39,1114778351
"576",5,109.74987655,4,1114544983
"577",5,109.74987655,40,1114708902
"578",5,109.74987655,41,1114094910
"579",5,109.74987655,42,1111508792
"580",5,109.74987655,43,1113751568
"581",5,109.74987655,44,1111756642
"582",5,109.74987655,45,1113947761
"583",5,109.74987655,46,1114634608
"584",5,109.74987655,47,1114592526
"585",5,109.74987655,48,1114713311
"586",5,109.74987655,49,1114668485
"587",5,109.74987655,5,1112122028
"588",5,109.74987655,50,1114026164
"589",5,109.74987655,51,1114589361
"590",5,109.74987655,52,1114678484
"591",5,109.74987655,53,1080914878
"592",5,109.74987655,54,1114072692
"593",5,109.74987655,55,1114698907
"594",5,109.74987655,56,1111433471
"595",5,109.74987655,57,1114692523
"596",5,109.74987655,58,1114497005
"597",5,109.74987655,59,1114762863
"598",5,109.74987655,6,1114533442
"599",5,109.74987655,60,1114370805
"600",5,109.74987655,61,1059031720
"601",5,109.74987655,62,1114648211
"602",5,109.74987655,63,1108664137
"603",5,109.74987655,64,1111383665
"604",5,109.74987655,65,1114652056
"605",5,109.74987655,66,1112340292
"606",5,109.74987655,67,1111984762
"607",5,109.74987655,68,1114567139
"608",5,109.74987655,69,1114598074
"609",5,109.74987655,7,1114661640
"610",5,109.74987655,70,1112240284
"611",5,109.74987655,71,1114667648
"612",5,109.74987655,72,1111791002
"613",5,109.74987655,73,1105241174
"614",5,109.74987655,74,1114315163
"615",5,109.74987655,75,1114645632
"616",5,109.74987655,76,1114706181
"617",5,109.74987655,77,1114634431
"618",5,109.74987655,78,1111538505
"619",5,109.74987655,79,1114733056
"620",5,109.74987655,8,1105123926
"621",5,109.74987655,80,1114053875
"622",5,109.74987655,81,1114750897
"623",5,109.74987655,82,1111326444
"624",5,109.74987655,83,1114645193
"625",5,109.74987655,84,1114523174
"626",5,109.74987655,85,1113960263
"627",5,109.74987655,86,1114061777
"628",5,109.74987655,87,1114738572
"629",5,109.74987655,88,1114126882
"630",5,109.74987655,89,1114653787
"631",5,109.74987655,9,1114108313
"632",5,109.74987655,90,1053341123
"633",5,109.74987655,91,1111012990
"634",5,109.74987655,92,1114666334
"635",5,109.74987655,93,1113630580
"636",5,109.74987655,94,1111675358
"637",5,109.74987655,95,1112482806
"638",5,109.74987655,96,1114152707
"639",5,109.74987655,97,1114647828
"640",5,109.74987655,98,1111880934
"641",5,109.74987655,99,1104392552
"642",5,12.0450354,1,122337323
"643",5,12.0450354,10,122346411
"644",5,12.0450354,11,1
"645",5,12.0450354,12,122334034
"646",5,12.0450354,13,3
"647",5,12.0450354,14,122326395
"648",5,12.0450354,15,122331612
"649",5,12.0450354,16,122343321
"650",5,12.0450354,17,3
"651",5,12.0450354,18,122325374
"652",5,12.0450354,19,122337511
"653",5,12.0450354,2,6
"654",5,12.0450354,20,122328788
"655",5,12.0450354,21,122348532
"656",5,12.0450354,22,4
"657",5,12.0450354,23,4
"658",5,12.0450354,24,122338500
"659",5,12.0450354,25,122342826
"660",5,12.0450354,27,122347081
"661",5,12.0450354,28,122350905
"662",5,12.0450354,29,2
"663",5,12.0450354,3,2
"664",5,12.0450354,30,122342683
"665",5,12.0450354,31,5
"666",5,12.0450354,32,3
"667",5,12.0450354,33,3
"668",5,12.0450354,34,2
"669",5,12.0450354,35,122347195
"670",5,12.0450354,36,2
"671",5,12.0450354,37,4
"672",5,12.0450354,38,122326814
"673",5,12.0450354,39,122337472
"674",5,12.0450354,4,4
"675",5,12.0450354,40,122350282
"676",5,12.0450354,41,99774454
"677",5,12.0450354,42,122322493
"678",5,12.0450354,43,122317352
"679",5,12.0450354,44,3
"680",5,12.0450354,45,122331513
"681",5,12.0450354,46,122339226
"682",5,12.0450354,47,122333068
"683",5,12.0450354,48,122342839
"684",5,12.0450354,49,4
"685",5,12.0450354,5,122322408
"686",5,12.0450354,50,122317009
"687",5,12.0450354,51,5
"688",5,12.0450354,52,2
"689",5,12.0450354,53,3
"690",5,12.0450354,54,122347950
"691",5,12.0450354,55,122330365
"692",5,12.0450354,56,2
"693",5,12.0450354,57,1
"694",5,12.0450354,58,5
"695",5,12.0450354,59,122351414
"696",5,12.0450354,6,122342422
"697",5,12.0450354,60,122338608
"698",5,12.0450354,61,122318648
"699",5,12.0450354,62,1
"700",5,12.0450354,63,1
"701",5,12.0450354,64,2
"702",5,12.0450354,65,122332602
"703",5,12.0450354,66,122350213
"704",5,12.0450354,67,3
"705",5,12.0450354,68,2
"706",5,12.0450354,69,4
"707",5,12.0450354,7,3
"708",5,12.0450354,70,3
"709",5,12.0450354,71,122330784
"710",5,12.0450354,72,122350477
"711",5,12.0450354,73,122338539
"712",5,12.0450354,74,122349247
"713",5,12.0450354,75,122322545
"714",5,12.0450354,76,2
"715",5,12.0450354,77,122330501
"716",5,12.0450354,78,122325324
"717",5,12.0450354,79,122342549
"718",5,12.0450354,8,43190
"719",5,12.0450354,80,122351300
"720",5,12.0450354,81,4
"721",5,12.0450354,82,122334329
"722",5,12.0450354,83,45647
"723",5,12.0450354,84,122337368
"724",5,12.0450354,85,122356533
"725",5,12.0450354,86,122347239
"726",5,12.0450354,87,122340061
"727",5,12.0450354,88,110663665
"728",5,12.0450354,89,2
"729",5,12.0450354,9,4
"730",5,12.0450354,90,122322173
"731",5,12.0450354,91,122351717
"732",5,12.0450354,92,122344668
"733",5,12.0450354,93,1
"734",5,12.0450354,94,122334535
"735",5,12.0450354,95,122344672
"736",5,12.0450354,96,122337770
"737",5,12.0450354,97,3
"738",5,12.0450354,98,2
"739",5,12.0450354,99,4
"740",5,123.28467394,1,1252014780
"741",5,123.28467394,10,1252266430
"742",5,123.28467394,100,1252170374
"743",5,123.28467394,11,1251827193
"744",5,123.28467394,12,1251952394
"745",5,123.28467394,13,1180123188
"746",5,123.28467394,14,1252177371
"747",5,123.28467394,15,1252152809
"748",5,123.28467394,16,1252202603
"749",5,123.28467394,17,1252167355
"750",5,123.28467394,18,1251770469
"751",5,123.28467394,19,1252085618
"752",5,123.28467394,2,1252123094
"753",5,123.28467394,20,1252194063
"754",5,123.28467394,21,1250893862
"755",5,123.28467394,22,1252164716
"756",5,123.28467394,23,1251834374
"757",5,123.28467394,24,1252167769
"758",5,123.28467394,25,1252005690
"759",5,123.28467394,26,1252149775
"760",5,123.28467394,27,1252069447
"761",5,123.28467394,28,1252176892
"762",5,123.28467394,29,1252162630
"763",5,123.28467394,3,1252156321
"764",5,123.28467394,30,1250658975
"765",5,123.28467394,31,1251963862
"766",5,123.28467394,32,1252210698
"767",5,123.28467394,33,1252081487
"768",5,123.28467394,34,1252066227
"769",5,123.28467394,35,1252182841
"770",5,123.28467394,36,1252158425
"771",5,123.28467394,37,1252175886
"772",5,123.28467394,38,1252135673
"773",5,123.28467394,39,1252184896
"774",5,123.28467394,4,1252034371
"775",5,123.28467394,40,1232497653
"776",5,123.28467394,41,1252148529
"777",5,123.28467394,42,1250724682
"778",5,123.28467394,43,1252081666
"779",5,123.28467394,44,1252160816
"780",5,123.28467394,45,1251873385
"781",5,123.28467394,46,1232889890
"782",5,123.28467394,47,9158827
"783",5,123.28467394,48,1250481344
"784",5,123.28467394,49,1227054733
"785",5,123.28467394,5,1232935971
"786",5,123.28467394,50,1252139401
"787",5,123.28467394,51,1252098644
"788",5,123.28467394,52,1238634628
"789",5,123.28467394,53,1176986963
"790",5,123.28467394,54,1252230821
"791",5,123.28467394,55,1252140929
"792",5,123.28467394,56,1250871902
"793",5,123.28467394,57,1251661808
"794",5,123.28467394,58,1251734844
"795",5,123.28467394,59,1251789464
"796",5,123.28467394,6,1251724690
"797",5,123.28467394,60,1251977839
"798",5,123.28467394,61,1252049779
"799",5,123.28467394,62,1252116184
"800",5,123.28467394,63,1252146147
"801",5,123.28467394,64,1251046296
"802",5,123.28467394,65,913935179
"803",5,123.28467394,66,1252038310
"804",5,123.28467394,67,1252175650
"805",5,123.28467394,68,1251923970
"806",5,123.28467394,69,1250506025
"807",5,123.28467394,7,1252196291
"808",5,123.28467394,70,1250823181
"809",5,123.28467394,71,1228859424
"810",5,123.28467394,72,1252164649
"811",5,123.28467394,73,938128301
"812",5,123.28467394,74,1161514025
"813",5,123.28467394,75,1252106649
"814",5,123.28467394,76,1250758543
"815",5,123.28467394,77,1252073776
"816",5,123.28467394,78,1252201688
"817",5,123.28467394,79,1251894773
"818",5,123.28467394,8,1252021637
"819",5,123.28467394,80,1252110523
"820",5,123.28467394,81,1251904579
"821",5,123.28467394,82,1251535358
"822",5,123.28467394,83,1251851322
"823",5,123.28467394,84,1252016896
"824",5,123.28467394,85,1252194394
"825",5,123.28467394,86,1250942799
"826",5,123.28467394,87,1251533450
"827",5,123.28467394,88,1247121500
"828",5,123.28467394,89,1250360693
"829",5,123.28467394,9,1248507987
"830",5,123.28467394,90,1252143719
"831",5,123.28467394,91,1252179043
"832",5,123.28467394,92,1251985348
"833",5,123.28467394,93,1251721292
"834",5,123.28467394,94,1252255112
"835",5,123.28467394,95,1252107836
"836",5,123.28467394,96,943619230
"837",5,123.28467394,97,1234559690
"838",5,123.28467394,98,1238592203
"839",5,123.28467394,99,1221060025
"840",5,13.53047775,1,137421507
"841",5,13.53047775,10,3
"842",5,13.53047775,100,137420584
"843",5,13.53047775,11,1
"844",5,13.53047775,12,137432634
"845",5,13.53047775,13,137441592
"846",5,13.53047775,14,5
"847",5,13.53047775,15,6
"848",5,13.53047775,16,2
"849",5,13.53047775,17,9
"850",5,13.53047775,18,3
"851",5,13.53047775,19,8705222
"852",5,13.53047775,2,1
"853",5,13.53047775,20,137436659
"854",5,13.53047775,21,5
"855",5,13.53047775,22,137441709
"856",5,13.53047775,23,2
"857",5,13.53047775,24,137430366
"858",5,13.53047775,26,2
"859",5,13.53047775,27,137415324
"860",5,13.53047775,28,137417742
"861",5,13.53047775,29,137455963
"862",5,13.53047775,3,7691901
"863",5,13.53047775,30,4
"864",5,13.53047775,31,137400045
"865",5,13.53047775,32,137417879
"866",5,13.53047775,33,137416683
"867",5,13.53047775,34,6
"868",5,13.53047775,35,90483280
"869",5,13.53047775,36,137426108
"870",5,13.53047775,37,137434193
"871",5,13.53047775,38,137430170
"872",5,13.53047775,39,137425269
"873",5,13.53047775,4,4
"874",5,13.53047775,40,1
"875",5,13.53047775,41,137413581
"876",5,13.53047775,42,137432461
"877",5,13.53047775,43,1
"878",5,13.53047775,44,3
"879",5,13.53047775,45,137401301
"880",5,13.53047775,46,4
"881",5,13.53047775,48,5
"882",5,13.53047775,49,137451953
"883",5,13.53047775,5,137434167
"884",5,13.53047775,50,2
"885",5,13.53047775,51,137419709
"886",5,13.53047775,52,137419905
"887",5,13.53047775,53,137434717
"888",5,13.53047775,54,137411305
"889",5,13.53047775,55,137395412
"890",5,13.53047775,56,3
"891",5,13.53047775,57,137415976
"892",5,13.53047775,58,8021288
"893",5,13.53047775,59,137410890
"894",5,13.53047775,6,137418990
"895",5,13.53047775,60,3
"896",5,13.53047775,61,137404171
"897",5,13.53047775,62,137432408
"898",5,13.53047775,63,1
"899",5,13.53047775,64,137415140
"900",5,13.53047775,65,1
"901",5,13.53047775,66,5
"902",5,13.53047775,67,2
"903",5,13.53047775,68,8018435
"904",5,13.53047775,69,137428061
"905",5,13.53047775,70,137435929
"906",5,13.53047775,71,137404420
"907",5,13.53047775,72,2
"908",5,13.53047775,73,137440320
"909",5,13.53047775,74,2
"910",5,13.53047775,75,106927955
"911",5,13.53047775,76,7000130
"912",5,13.53047775,77,137417647
"913",5,13.53047775,78,137423580
"914",5,13.53047775,79,2
"915",5,13.53047775,8,105200028
"916",5,13.53047775,80,137392454
"917",5,13.53047775,81,137395969
"918",5,13.53047775,82,3
"919",5,13.53047775,83,4
"920",5,13.53047775,84,137411619
"921",5,13.53047775,85,137427053
"922",5,13.53047775,86,2
"923",5,13.53047775,87,137423453
"924",5,13.53047775,88,137422714
"925",5,13.53047775,89,137422924
"926",5,13.53047775,9,137403617
"927",5,13.53047775,90,1
"928",5,13.53047775,91,137427510
"929",5,13.53047775,92,137413230
"930",5,13.53047775,93,137434653
"931",5,13.53047775,94,2
"932",5,13.53047775,95,3
"933",5,13.53047775,96,4
"934",5,13.53047775,97,137425024
"935",5,13.53047775,98,5
"936",5,13.53047775,99,2
"937",5,138.48863714,1,1406540924
"938",5,138.48863714,10,1406622509
"939",5,138.48863714,100,1406447326
"940",5,138.48863714,11,1406449440
"941",5,138.48863714,12,1406526793
"942",5,138.48863714,13,1405691095
"943",5,138.48863714,14,1406523806
"944",5,138.48863714,15,1406554087
"945",5,138.48863714,16,1406603939
"946",5,138.48863714,17,1406556216
"947",5,138.48863714,18,1402019044
"948",5,138.48863714,19,1405311646
"949",5,138.48863714,2,1406492445
"950",5,138.48863714,20,1406386115
"951",5,138.48863714,21,1396186923
"952",5,138.48863714,22,1406572941
"953",5,138.48863714,23,1403421733
"954",5,138.48863714,24,1405296777
"955",5,138.48863714,25,1398140247
"956",5,138.48863714,26,1402290258
"957",5,138.48863714,27,1404247044
"958",5,138.48863714,28,1405757068
"959",5,138.48863714,29,1406484562
"960",5,138.48863714,3,1406257227
"961",5,138.48863714,30,1405679616
"962",5,138.48863714,31,1406620960
"963",5,138.48863714,32,1406636722
"964",5,138.48863714,33,1405510762
"965",5,138.48863714,34,1406578210
"966",5,138.48863714,35,1405485713
"967",5,138.48863714,36,1406531513
"968",5,138.48863714,37,1405477307
"969",5,138.48863714,38,1406640639
"970",5,138.48863714,39,1406577521
"971",5,138.48863714,4,1406509188
"972",5,138.48863714,40,1406585445
"973",5,138.48863714,41,1406102222
"974",5,138.48863714,42,1405238149
"975",5,138.48863714,43,1365270859
"976",5,138.48863714,44,1406320367
"977",5,138.48863714,45,1406632718
"978",5,138.48863714,46,1405801023
"979",5,138.48863714,47,1406536922
"980",5,138.48863714,48,1406599919
"981",5,138.48863714,49,1393652114
"982",5,138.48863714,5,1406509454
"983",5,138.48863714,50,1394098874
"984",5,138.48863714,51,1406606966
"985",5,138.48863714,52,1405349537
"986",5,138.48863714,53,1406495204
"987",5,138.48863714,54,1406514101
"988",5,138.48863714,55,1406452999
"989",5,138.48863714,56,1406590175
"990",5,138.48863714,57,1406413702
"991",5,138.48863714,58,1406514581
"992",5,138.48863714,59,1406461212
"993",5,138.48863714,6,1391826969
"994",5,138.48863714,60,1405450707
"995",5,138.48863714,61,1396186923
"996",5,138.48863714,62,1405579924
"997",5,138.48863714,63,1406212251
"998",5,138.48863714,64,1406591261
"999",5,138.48863714,65,1405682219
"1000",5,138.48863714,66,1406472026
"1001",5,138.48863714,67,1397484030
"1002",5,138.48863714,68,1406265786
"1003",5,138.48863714,69,1405462859
"1004",5,138.48863714,7,1406620635
"1005",5,138.48863714,70,1406579751
"1006",5,138.48863714,71,1406537465
"1007",5,138.48863714,72,1406599657
"1008",5,138.48863714,73,1405298263
"1009",5,138.48863714,74,1406573995
"1010",5,138.48863714,75,1406573260
"1011",5,138.48863714,76,1406598922
"1012",5,138.48863714,77,1406607677
"1013",5,138.48863714,78,1405950249
"1014",5,138.48863714,79,1402203323
"1015",5,138.48863714,8,1406531340
"1016",5,138.48863714,80,1393281782
"1017",5,138.48863714,81,1406350266
"1018",5,138.48863714,82,1401933496
"1019",5,138.48863714,83,1405757068
"1020",5,138.48863714,84,1406515761
"1021",5,138.48863714,85,1406638396
"1022",5,138.48863714,86,1405192397
"1023",5,138.48863714,87,1406374836
"1024",5,138.48863714,88,1406441321
"1025",5,138.48863714,89,1406578099
"1026",5,138.48863714,9,1406568221
"1027",5,138.48863714,90,1392913109
"1028",5,138.48863714,91,1406577942
"1029",5,138.48863714,92,1395571415
"1030",5,138.48863714,93,1406518213
"1031",5,138.48863714,94,1406620579
"1032",5,138.48863714,95,1406532517
"1033",5,138.48863714,96,1406109620
"1034",5,138.48863714,97,1406589016
"1035",5,138.48863714,98,1396838246
"1036",5,138.48863714,99,1406463424
"1037",5,15.19911083,1,154367520
"1038",5,15.19911083,10,154362750
"1039",5,15.19911083,100,123289052
"1040",5,15.19911083,11,7183328
"1041",5,15.19911083,12,130552038
"1042",5,15.19911083,13,3
"1043",5,15.19911083,14,2
"1044",5,15.19911083,15,154363531
"1045",5,15.19911083,16,154359000
"1046",5,15.19911083,17,154387536
"1047",5,15.19911083,18,4
"1048",5,15.19911083,19,154352819
"1049",5,15.19911083,2,154367719
"1050",5,15.19911083,20,3
"1051",5,15.19911083,21,4
"1052",5,15.19911083,22,154360533
"1053",5,15.19911083,23,2
"1054",5,15.19911083,24,109072009
"1055",5,15.19911083,25,154348218
"1056",5,15.19911083,26,5
"1057",5,15.19911083,27,105074500
"1058",5,15.19911083,28,154362095
"1059",5,15.19911083,29,154355029
"1060",5,15.19911083,3,154363017
"1061",5,15.19911083,30,5
"1062",5,15.19911083,31,154357538
"1063",5,15.19911083,32,4
"1064",5,15.19911083,33,4
"1065",5,15.19911083,34,154380237
"1066",5,15.19911083,35,154368676
"1067",5,15.19911083,36,154372461
"1068",5,15.19911083,37,154380343
"1069",5,15.19911083,38,154371723
"1070",5,15.19911083,39,154335414
"1071",5,15.19911083,4,2
"1072",5,15.19911083,40,154352792
"1073",5,15.19911083,41,154373981
"1074",5,15.19911083,42,3
"1075",5,15.19911083,43,154366767
"1076",5,15.19911083,44,154376830
"1077",5,15.19911083,45,2
"1078",5,15.19911083,46,3
"1079",5,15.19911083,47,2
"1080",5,15.19911083,48,154382454
"1081",5,15.19911083,49,154383251
"1082",5,15.19911083,5,1
"1083",5,15.19911083,50,154381160
"1084",5,15.19911083,51,1
"1085",5,15.19911083,52,1
"1086",5,15.19911083,53,154365404
"1087",5,15.19911083,54,154368224
"1088",5,15.19911083,55,95016614
"1089",5,15.19911083,56,3
"1090",5,15.19911083,57,154373393
"1091",5,15.19911083,58,5
"1092",5,15.19911083,59,154345471
"1093",5,15.19911083,6,154359884
"1094",5,15.19911083,60,154371145
"1095",5,15.19911083,61,6
"1096",5,15.19911083,62,154378249
"1097",5,15.19911083,63,3
"1098",5,15.19911083,64,154371614
"1099",5,15.19911083,65,7508590
"1100",5,15.19911083,66,5
"1101",5,15.19911083,67,4
"1102",5,15.19911083,68,154375551
"1103",5,15.19911083,69,154387569
"1104",5,15.19911083,7,154381859
"1105",5,15.19911083,70,154387588
"1106",5,15.19911083,71,154358844
"1107",5,15.19911083,72,154374975
"1108",5,15.19911083,73,4
"1109",5,15.19911083,74,4
"1110",5,15.19911083,75,154351242
"1111",5,15.19911083,76,154372741
"1112",5,15.19911083,77,154373162
"1113",5,15.19911083,78,154367378
"1114",5,15.19911083,79,5
"1115",5,15.19911083,8,154398326
"1116",5,15.19911083,80,4
"1117",5,15.19911083,81,3
"1118",5,15.19911083,82,2
"1119",5,15.19911083,83,154375985
"1120",5,15.19911083,84,5
"1121",5,15.19911083,85,154373551
"1122",5,15.19911083,86,1
"1123",5,15.19911083,87,154378689
"1124",5,15.19911083,88,5
"1125",5,15.19911083,89,114575732
"1126",5,15.19911083,9,5
"1127",5,15.19911083,90,154371873
"1128",5,15.19911083,91,3
"1129",5,15.19911083,92,154367631
"1130",5,15.19911083,93,9
"1131",5,15.19911083,94,2
"1132",5,15.19911083,95,1
"1133",5,15.19911083,96,154375511
"1134",5,15.19911083,97,2
"1135",5,15.19911083,98,154361919
"1136",5,15.19911083,99,2
"1137",5,155.56761439,1,1580029524
"1138",5,155.56761439,10,1580059931
"1139",5,155.56761439,100,1580004617
"1140",5,155.56761439,11,1577120749
"1141",5,155.56761439,12,1579759759
"1142",5,155.56761439,13,1579943253
"1143",5,155.56761439,14,1580021715
"1144",5,155.56761439,15,1579135102
"1145",5,155.56761439,16,1580093578
"1146",5,155.56761439,17,1577464904
"1147",5,155.56761439,18,1579083798
"1148",5,155.56761439,19,1577056445
"1149",5,155.56761439,2,1572313957
"1150",5,155.56761439,20,1579977514
"1151",5,155.56761439,21,1579987709
"1152",5,155.56761439,22,1406105654
"1153",5,155.56761439,23,1579975342
"1154",5,155.56761439,24,1580069456
"1155",5,155.56761439,25,1573617186
"1156",5,155.56761439,26,1580035904
"1157",5,155.56761439,27,1579953407
"1158",5,155.56761439,28,1579921301
"1159",5,155.56761439,29,1579733679
"1160",5,155.56761439,3,1579293386
"1161",5,155.56761439,30,1579754832
"1162",5,155.56761439,31,1579674143
"1163",5,155.56761439,32,1580023081
"1164",5,155.56761439,33,1579110721
"1165",5,155.56761439,34,1580051663
"1166",5,155.56761439,35,1580037158
"1167",5,155.56761439,36,1579604893
"1168",5,155.56761439,37,1580062123
"1169",5,155.56761439,38,1580001943
"1170",5,155.56761439,39,1573599411
"1171",5,155.56761439,4,1578092303
"1172",5,155.56761439,40,1580067366
"1173",5,155.56761439,41,1579941982
"1174",5,155.56761439,42,1580058423
"1175",5,155.56761439,43,1524827974
"1176",5,155.56761439,44,1579876135
"1177",5,155.56761439,45,1579930319
"1178",5,155.56761439,46,1578838867
"1179",5,155.56761439,47,1579945964
"1180",5,155.56761439,48,1579733090
"1181",5,155.56761439,49,1580086687
"1182",5,155.56761439,5,1579760839
"1183",5,155.56761439,50,1580141282
"1184",5,155.56761439,51,1579854416
"1185",5,155.56761439,52,1573160735
"1186",5,155.56761439,53,1578941965
"1187",5,155.56761439,54,1580038746
"1188",5,155.56761439,55,1579989372
"1189",5,155.56761439,56,1579988538
"1190",5,155.56761439,57,1516489424
"1191",5,155.56761439,58,1580122227
"1192",5,155.56761439,59,1570484456
"1193",5,155.56761439,6,1576379955
"1194",5,155.56761439,60,1580059931
"1195",5,155.56761439,61,1580063960
"1196",5,155.56761439,62,1579985341
"1197",5,155.56761439,63,1580003934
"1198",5,155.56761439,64,1579994969
"1199",5,155.56761439,65,1579836302
"1200",5,155.56761439,66,1579908315
"1201",5,155.56761439,67,1580040355
"1202",5,155.56761439,68,1580077296
"1203",5,155.56761439,69,1579018895
"1204",5,155.56761439,7,1580097516
"1205",5,155.56761439,70,1579908502
"1206",5,155.56761439,71,1580001516
"1207",5,155.56761439,72,1580035496
"1208",5,155.56761439,73,1580103004
"1209",5,155.56761439,74,1580013000
"1210",5,155.56761439,75,1579718582
"1211",5,155.56761439,76,1580093921
"1212",5,155.56761439,77,1579917457
"1213",5,155.56761439,78,1570922068
"1214",5,155.56761439,79,1580088258
"1215",5,155.56761439,8,1580091737
"1216",5,155.56761439,80,1579777739
"1217",5,155.56761439,81,1579738102
"1218",5,155.56761439,82,1571770723
"1219",5,155.56761439,83,1552027039
"1220",5,155.56761439,84,1579980558
"1221",5,155.56761439,85,1371618894
"1222",5,155.56761439,86,1561828188
"1223",5,155.56761439,87,1560679735
"1224",5,155.56761439,88,1580008026
"1225",5,155.56761439,89,1579768997
"1226",5,155.56761439,9,1571902166
"1227",5,155.56761439,90,1579983158
"1228",5,155.56761439,91,1577128493
"1229",5,155.56761439,92,1580002656
"1230",5,155.56761439,93,1572796303
"1231",5,155.56761439,94,1580121947
"1232",5,155.56761439,95,1559242895
"1233",5,155.56761439,96,1580064393
"1234",5,155.56761439,97,1580043997
"1235",5,155.56761439,98,1579997952
"1236",5,155.56761439,99,1580016164
"1237",5,17.07352647,1,3
"1238",5,17.07352647,10,8
"1239",5,17.07352647,100,173426426
"1240",5,17.07352647,11,5
"1241",5,17.07352647,12,2
"1242",5,17.07352647,13,5
"1243",5,17.07352647,14,4
"1244",5,17.07352647,15,173417939
"1245",5,17.07352647,16,173396784
"1246",5,17.07352647,17,3
"1247",5,17.07352647,18,4
"1248",5,17.07352647,19,3
"1249",5,17.07352647,2,3
"1250",5,17.07352647,20,3
"1251",5,17.07352647,21,173387690
"1252",5,17.07352647,22,4
"1253",5,17.07352647,23,3
"1254",5,17.07352647,24,4
"1255",5,17.07352647,25,2
"1256",5,17.07352647,26,4
"1257",5,17.07352647,27,2
"1258",5,17.07352647,28,173375100
"1259",5,17.07352647,29,1
"1260",5,17.07352647,3,6
"1261",5,17.07352647,30,7
"1262",5,17.07352647,31,2
"1263",5,17.07352647,32,10
"1264",5,17.07352647,33,5
"1265",5,17.07352647,34,5
"1266",5,17.07352647,35,3
"1267",5,17.07352647,36,2
"1268",5,17.07352647,37,2
"1269",5,17.07352647,38,2
"1270",5,17.07352647,39,5
"1271",5,17.07352647,4,7
"1272",5,17.07352647,40,173352828
"1273",5,17.07352647,41,5
"1274",5,17.07352647,42,6
"1275",5,17.07352647,43,173409555
"1276",5,17.07352647,44,3
"1277",5,17.07352647,45,7
"1278",5,17.07352647,46,5
"1279",5,17.07352647,47,5
"1280",5,17.07352647,48,3
"1281",5,17.07352647,49,3
"1282",5,17.07352647,5,9
"1283",5,17.07352647,50,173399670
"1284",5,17.07352647,51,173399504
"1285",5,17.07352647,52,3
"1286",5,17.07352647,53,4
"1287",5,17.07352647,54,1
"1288",5,17.07352647,55,3
"1289",5,17.07352647,56,4
"1290",5,17.07352647,57,4
"1291",5,17.07352647,58,8
"1292",5,17.07352647,59,5
"1293",5,17.07352647,6,2
"1294",5,17.07352647,60,5
"1295",5,17.07352647,62,173383197
"1296",5,17.07352647,63,7
"1297",5,17.07352647,64,6
"1298",5,17.07352647,65,5
"1299",5,17.07352647,66,173390699
"1300",5,17.07352647,67,2
"1301",5,17.07352647,68,2
"1302",5,17.07352647,69,173410491
"1303",5,17.07352647,7,4
"1304",5,17.07352647,70,2
"1305",5,17.07352647,71,3
"1306",5,17.07352647,72,2
"1307",5,17.07352647,73,2
"1308",5,17.07352647,74,8
"1309",5,17.07352647,75,4
"1310",5,17.07352647,76,173403436
"1311",5,17.07352647,77,3
"1312",5,17.07352647,78,3
"1313",5,17.07352647,79,173444533
"1314",5,17.07352647,8,4
"1315",5,17.07352647,80,2
"1316",5,17.07352647,81,173367650
"1317",5,17.07352647,82,4
"1318",5,17.07352647,83,3
"1319",5,17.07352647,84,23923964
"1320",5,17.07352647,85,10
"1321",5,17.07352647,86,6
"1322",5,17.07352647,87,173413584
"1323",5,17.07352647,88,2
"1324",5,17.07352647,89,7
"1325",5,17.07352647,9,5
"1326",5,17.07352647,90,4
"1327",5,17.07352647,91,7
"1328",5,17.07352647,92,4
"1329",5,17.07352647,93,2
"1330",5,17.07352647,94,5
"1331",5,17.07352647,95,173376541
"1332",5,17.07352647,96,173395694
"1333",5,17.07352647,97,4
"1334",5,17.07352647,98,173377426
"1335",5,17.07352647,99,7
"1336",5,174.75284,1,1774939269
"1337",5,174.75284,10,1772515585
"1338",5,174.75284,100,1774518871
"1339",5,174.75284,11,1774983142
"1340",5,174.75284,12,1768771609
"1341",5,174.75284,13,1774537935
"1342",5,174.75284,14,1774624868
"1343",5,174.75284,15,1774881151
"1344",5,174.75284,16,1774866042
"1345",5,174.75284,17,1772483445
"1346",5,174.75284,18,1661045921
"1347",5,174.75284,19,1774827561
"1348",5,174.75284,2,1774771223
"1349",5,174.75284,20,1774658018
"1350",5,174.75284,21,1774890645
"1351",5,174.75284,22,1774441926
"1352",5,174.75284,23,1768549227
"1353",5,174.75284,24,1774909572
"1354",5,174.75284,25,1774174612
"1355",5,174.75284,26,1757095929
"1356",5,174.75284,27,1774822943
"1357",5,174.75284,28,1774632228
"1358",5,174.75284,29,1762671469
"1359",5,174.75284,3,1774840622
"1360",5,174.75284,30,1774117512
"1361",5,174.75284,31,1756412965
"1362",5,174.75284,32,1774918323
"1363",5,174.75284,33,1774860481
"1364",5,174.75284,34,1774930157
"1365",5,174.75284,35,1768848186
"1366",5,174.75284,36,1774692844
"1367",5,174.75284,37,1774081747
"1368",5,174.75284,38,1769730466
"1369",5,174.75284,39,1734656126
"1370",5,174.75284,4,1774842650
"1371",5,174.75284,40,1773398702
"1372",5,174.75284,41,1774860076
"1373",5,174.75284,42,1774959413
"1374",5,174.75284,43,1773570701
"1375",5,174.75284,44,1774749459
"1376",5,174.75284,45,1772197420
"1377",5,174.75284,46,1774872568
"1378",5,174.75284,47,1772453993
"1379",5,174.75284,48,1774942823
"1380",5,174.75284,49,1769849227
"1381",5,174.75284,5,1774908913
"1382",5,174.75284,50,1774850388
"1383",5,174.75284,51,1774865189
"1384",5,174.75284,52,1768866319
"1385",5,174.75284,53,1774862011
"1386",5,174.75284,54,1773656558
"1387",5,174.75284,55,1774955517
"1388",5,174.75284,56,1773032329
"1389",5,174.75284,57,1774476306
"1390",5,174.75284,58,1771727475
"1391",5,174.75284,59,1728136251
"1392",5,174.75284,6,1772991140
"1393",5,174.75284,60,1772976856
"1394",5,174.75284,61,1774791204
"1395",5,174.75284,62,1774548987
"1396",5,174.75284,63,1774914980
"1397",5,174.75284,64,1774885371
"1398",5,174.75284,65,1774893668
"1399",5,174.75284,66,1774869468
"1400",5,174.75284,67,1774778370
"1401",5,174.75284,68,1772871099
"1402",5,174.75284,69,1773907340
"1403",5,174.75284,7,1774848236
"1404",5,174.75284,70,1769123215
"1405",5,174.75284,71,1774833041
"1406",5,174.75284,72,1774910407
"1407",5,174.75284,73,1774760794
"1408",5,174.75284,74,1772709034
"1409",5,174.75284,75,1774945722
"1410",5,174.75284,76,1774862294
"1411",5,174.75284,77,1774858644
"1412",5,174.75284,78,1774924333
"1413",5,174.75284,79,1774873809
"1414",5,174.75284,8,1772885419
"1415",5,174.75284,80,1772792113
"1416",5,174.75284,81,1774814407
"1417",5,174.75284,82,1742552876
"1418",5,174.75284,83,1774941032
"1419",5,174.75284,84,1774608090
"1420",5,174.75284,85,1774542720
"1421",5,174.75284,86,1774828796
"1422",5,174.75284,87,1761203760
"1423",5,174.75284,88,1774841355
"1424",5,174.75284,89,1773668151
"1425",5,174.75284,9,1774865757
"1426",5,174.75284,90,1772680586
"1427",5,174.75284,91,1774827926
"1428",5,174.75284,92,1774068623
"1429",5,174.75284,93,1768584286
"1430",5,174.75284,94,1774884171
"1431",5,174.75284,95,1774882612
"1432",5,174.75284,96,1774691261
"1433",5,174.75284,97,1774618538
"1434",5,174.75284,98,1774894865
"1435",5,174.75284,99,1774898110
"1436",5,19.17910262,1,3
"1437",5,19.17910262,10,194762802
"1438",5,19.17910262,100,194734301
"1439",5,19.17910262,11,15705496
"1440",5,19.17910262,12,194777874
"1441",5,19.17910262,13,4
"1442",5,19.17910262,14,194735673
"1443",5,19.17910262,15,194797411
"1444",5,19.17910262,16,6
"1445",5,19.17910262,17,194769555
"1446",5,19.17910262,18,115048531
"1447",5,19.17910262,19,194743515
"1448",5,19.17910262,2,194764434
"1449",5,19.17910262,20,3
"1450",5,19.17910262,21,5
"1451",5,19.17910262,22,194753202
"1452",5,19.17910262,23,194787652
"1453",5,19.17910262,24,194804595
"1454",5,19.17910262,25,194785554
"1455",5,19.17910262,26,10
"1456",5,19.17910262,27,2
"1457",5,19.17910262,28,113581214
"1458",5,19.17910262,29,194817162
"1459",5,19.17910262,3,194765486
"1460",5,19.17910262,30,194752497
"1461",5,19.17910262,31,194806880
"1462",5,19.17910262,32,194740499
"1463",5,19.17910262,33,194802147
"1464",5,19.17910262,34,194727023
"1465",5,19.17910262,35,194654425
"1466",5,19.17910262,36,6
"1467",5,19.17910262,37,194799519
"1468",5,19.17910262,38,194753592
"1469",5,19.17910262,39,1
"1470",5,19.17910262,4,194796654
"1471",5,19.17910262,40,194754754
"1472",5,19.17910262,41,194808425
"1473",5,19.17910262,42,2
"1474",5,19.17910262,43,194753115
"1475",5,19.17910262,44,194797868
"1476",5,19.17910262,45,194790471
"1477",5,19.17910262,46,4
"1478",5,19.17910262,47,194769592
"1479",5,19.17910262,48,8007541
"1480",5,19.17910262,49,7
"1481",5,19.17910262,5,3
"1482",5,19.17910262,50,194784964
"1483",5,19.17910262,51,194808388
"1484",5,19.17910262,52,194795310
"1485",5,19.17910262,53,194738946
"1486",5,19.17910262,54,194793278
"1487",5,19.17910262,55,194804444
"1488",5,19.17910262,56,7
"1489",5,19.17910262,57,194800417
"1490",5,19.17910262,58,194727319
"1491",5,19.17910262,59,194718391
"1492",5,19.17910262,6,194803506
"1493",5,19.17910262,60,5
"1494",5,19.17910262,61,194764123
"1495",5,19.17910262,62,194809784
"1496",5,19.17910262,63,194772224
"1497",5,19.17910262,64,194727881
"1498",5,19.17910262,65,194801191
"1499",5,19.17910262,66,194790007
"1500",5,19.17910262,67,8
"1501",5,19.17910262,68,194807084
"1502",5,19.17910262,69,194798914
"1503",5,19.17910262,7,194817402
"1504",5,19.17910262,70,2
"1505",5,19.17910262,71,194777129
"1506",5,19.17910262,72,5
"1507",5,19.17910262,73,194768918
"1508",5,19.17910262,74,6
"1509",5,19.17910262,75,194753848
"1510",5,19.17910262,76,194769399
"1511",5,19.17910262,77,194767457
"1512",5,19.17910262,78,194813803
"1513",5,19.17910262,79,194768768
"1514",5,19.17910262,8,194810653
"1515",5,19.17910262,80,194765534
"1516",5,19.17910262,81,194803425
"1517",5,19.17910262,82,194807956
"1518",5,19.17910262,83,194715736
"1519",5,19.17910262,84,194751058
"1520",5,19.17910262,85,194758230
"1521",5,19.17910262,86,9
"1522",5,19.17910262,87,194770517
"1523",5,19.17910262,88,4
"1524",5,19.17910262,89,194782886
"1525",5,19.17910262,9,194723789
"1526",5,19.17910262,90,194792463
"1527",5,19.17910262,91,194799353
"1528",5,19.17910262,92,194707979
"1529",5,19.17910262,93,194797692
"1530",5,19.17910262,94,4
"1531",5,19.17910262,95,194762986
"1532",5,19.17910262,96,9
"1533",5,19.17910262,97,194790677
"1534",5,19.17910262,98,194794293
"1535",5,19.17910262,99,3
"1536",5,196.304065,1,1993372256
"1537",5,196.304065,10,1992797355
"1538",5,196.304065,100,1977268565
"1539",5,196.304065,11,1992601023
"1540",5,196.304065,12,1990737809
"1541",5,196.304065,13,1993786914
"1542",5,196.304065,14,1991399371
"1543",5,196.304065,15,1991142504
"1544",5,196.304065,16,1993707623
"1545",5,196.304065,17,1991721519
"1546",5,196.304065,18,1993758239
"1547",5,196.304065,19,1970993705
"1548",5,196.304065,2,1993725289
"1549",5,196.304065,20,1993751799
"1550",5,196.304065,21,1993814884
"1551",5,196.304065,22,1987568296
"1552",5,196.304065,23,1993144236
"1553",5,196.304065,24,1993756079
"1554",5,196.304065,25,1993453884
"1555",5,196.304065,26,1988688692
"1556",5,196.304065,27,1993596761
"1557",5,196.304065,28,1988421129
"1558",5,196.304065,29,1993703798
"1559",5,196.304065,3,1990906537
"1560",5,196.304065,30,1991259981
"1561",5,196.304065,31,1992827978
"1562",5,196.304065,32,1993620706
"1563",5,196.304065,33,1993618996
"1564",5,196.304065,34,1993794847
"1565",5,196.304065,35,1993620605
"1566",5,196.304065,36,1993888122
"1567",5,196.304065,37,1993206969
"1568",5,196.304065,38,1993754430
"1569",5,196.304065,39,1993769792
"1570",5,196.304065,4,1993831204
"1571",5,196.304065,40,1993425507
"1572",5,196.304065,41,1993809310
"1573",5,196.304065,42,1962337516
"1574",5,196.304065,43,1993752520
"1575",5,196.304065,44,1992799221
"1576",5,196.304065,45,1993791680
"1577",5,196.304065,46,1993856686
"1578",5,196.304065,47,1993620755
"1579",5,196.304065,48,1972753692
"1580",5,196.304065,49,1987795345
"1581",5,196.304065,5,1989059244
"1582",5,196.304065,50,1993712545
"1583",5,196.304065,51,1993520302
"1584",5,196.304065,52,1993509288
"1585",5,196.304065,53,1988848220
"1586",5,196.304065,54,1993725699
"1587",5,196.304065,55,1992903340
"1588",5,196.304065,56,1993699066
"1589",5,196.304065,57,1991882268
"1590",5,196.304065,58,1991508896
"1591",5,196.304065,59,1993273841
"1592",5,196.304065,6,1993804011
"1593",5,196.304065,60,1993707804
"1594",5,196.304065,61,1993820057
"1595",5,196.304065,62,1993783077
"1596",5,196.304065,63,1993796771
"1597",5,196.304065,64,1993705129
"1598",5,196.304065,65,1993503259
"1599",5,196.304065,66,1993701926
"1600",5,196.304065,67,1980302256
"1601",5,196.304065,68,1993789271
"1602",5,196.304065,69,1992780717
"1603",5,196.304065,7,1993062155
"1604",5,196.304065,70,1993809310
"1605",5,196.304065,71,1968754532
"1606",5,196.304065,72,1981187923
"1607",5,196.304065,73,1993667149
"1608",5,196.304065,74,1993650599
"1609",5,196.304065,75,1993657361
"1610",5,196.304065,76,1993759126
"1611",5,196.304065,77,1993726377
"1612",5,196.304065,78,1993754097
"1613",5,196.304065,79,1993850265
"1614",5,196.304065,8,1993816129
"1615",5,196.304065,80,1993796448
"1616",5,196.304065,81,1991326960
"1617",5,196.304065,82,1993532463
"1618",5,196.304065,83,1991695419
"1619",5,196.304065,84,1993608112
"1620",5,196.304065,85,1993652463
"1621",5,196.304065,86,1993798711
"1622",5,196.304065,87,1993758702
"1623",5,196.304065,88,1981910136
"1624",5,196.304065,89,1992581742
"1625",5,196.304065,9,1993759812
"1626",5,196.304065,90,1989070242
"1627",5,196.304065,91,1993355223
"1628",5,196.304065,92,1993692136
"1629",5,196.304065,93,1993803078
"1630",5,196.304065,94,1993789407
"1631",5,196.304065,95,1993883526
"1632",5,196.304065,96,1993841163
"1633",5,196.304065,97,1993278867
"1634",5,196.304065,98,1993804363
"1635",5,196.304065,99,1924086727
"1636",5,2.10490414,100,1
"1637",5,2.10490414,13,1
"1638",5,2.10490414,14,2
"1639",5,2.10490414,16,1
"1640",5,2.10490414,17,1
"1641",5,2.10490414,2,1
"1642",5,2.10490414,20,1
"1643",5,2.10490414,21,1
"1644",5,2.10490414,22,2
"1645",5,2.10490414,23,1
"1646",5,2.10490414,27,21381352
"1647",5,2.10490414,28,1
"1648",5,2.10490414,3,21377720
"1649",5,2.10490414,30,1
"1650",5,2.10490414,32,1
"1651",5,2.10490414,33,2
"1652",5,2.10490414,34,21370466
"1653",5,2.10490414,35,1
"1654",5,2.10490414,36,1
"1655",5,2.10490414,37,3
"1656",5,2.10490414,38,2
"1657",5,2.10490414,39,2
"1658",5,2.10490414,4,2
"1659",5,2.10490414,43,1
"1660",5,2.10490414,44,2
"1661",5,2.10490414,46,2
"1662",5,2.10490414,47,1
"1663",5,2.10490414,49,1
"1664",5,2.10490414,50,21389870
"1665",5,2.10490414,51,2
"1666",5,2.10490414,56,2
"1667",5,2.10490414,57,21379143
"1668",5,2.10490414,59,21385542
"1669",5,2.10490414,6,1
"1670",5,2.10490414,60,1
"1671",5,2.10490414,61,1
"1672",5,2.10490414,62,1
"1673",5,2.10490414,64,1
"1674",5,2.10490414,65,2
"1675",5,2.10490414,69,2
"1676",5,2.10490414,7,1
"1677",5,2.10490414,70,1
"1678",5,2.10490414,71,21370470
"1679",5,2.10490414,73,1
"1680",5,2.10490414,79,21368979
"1681",5,2.10490414,80,1
"1682",5,2.10490414,81,1
"1683",5,2.10490414,83,21375322
"1684",5,2.10490414,84,1
"1685",5,2.10490414,86,21369985
"1686",5,2.10490414,9,4
"1687",5,2.10490414,91,1
"1688",5,2.10490414,92,1
"1689",5,2.10490414,93,21372974
"1690",5,2.10490414,95,21372265
"1691",5,2.10490414,97,1
"1692",5,2.10490414,99,1
"1693",5,2.36448941,1,1
"1694",5,2.36448941,13,24016600
"1695",5,2.36448941,15,24011939
"1696",5,2.36448941,21,2
"1697",5,2.36448941,25,1
"1698",5,2.36448941,27,2
"1699",5,2.36448941,28,1
"1700",5,2.36448941,30,1
"1701",5,2.36448941,32,1
"1702",5,2.36448941,37,1
"1703",5,2.36448941,44,2
"1704",5,2.36448941,5,2
"1705",5,2.36448941,50,1
"1706",5,2.36448941,52,2
"1707",5,2.36448941,53,1
"1708",5,2.36448941,54,1
"1709",5,2.36448941,63,24016309
"1710",5,2.36448941,65,24022754
"1711",5,2.36448941,66,1
"1712",5,2.36448941,69,1
"1713",5,2.36448941,70,2
"1714",5,2.36448941,71,24018030
"1715",5,2.36448941,72,1
"1716",5,2.36448941,74,1
"1717",5,2.36448941,76,24013387
"1718",5,2.36448941,79,2
"1719",5,2.36448941,80,1
"1720",5,2.36448941,82,1
"1721",5,2.36448941,83,1
"1722",5,2.36448941,84,24014502
"1723",5,2.36448941,86,1
"1724",5,2.36448941,87,24006196
"1725",5,2.36448941,88,1
"1726",5,2.36448941,90,3
"1727",5,2.36448941,91,24014731
"1728",5,2.36448941,93,2
"1729",5,2.36448941,94,2
"1730",5,2.36448941,97,1
"1731",5,2.65608778,1,26974156
"1732",5,2.65608778,16,1
"1733",5,2.65608778,17,1
"1734",5,2.65608778,18,2
"1735",5,2.65608778,19,1
"1736",5,2.65608778,21,26975940
"1737",5,2.65608778,23,1
"1738",5,2.65608778,24,4
"1739",5,2.65608778,25,2
"1740",5,2.65608778,26,2
"1741",5,2.65608778,3,26981521
"1742",5,2.65608778,33,26969423
"1743",5,2.65608778,36,1
"1744",5,2.65608778,37,2
"1745",5,2.65608778,4,1
"1746",5,2.65608778,40,1
"1747",5,2.65608778,41,1
"1748",5,2.65608778,42,2
"1749",5,2.65608778,46,1
"1750",5,2.65608778,48,26986979
"1751",5,2.65608778,5,1
"1752",5,2.65608778,51,26987360
"1753",5,2.65608778,52,2
"1754",5,2.65608778,54,26968916
"1755",5,2.65608778,58,2
"1756",5,2.65608778,59,26979970
"1757",5,2.65608778,6,1
"1758",5,2.65608778,60,2
"1759",5,2.65608778,63,1
"1760",5,2.65608778,64,26978821
"1761",5,2.65608778,69,1
"1762",5,2.65608778,7,26973819
"1763",5,2.65608778,71,1
"1764",5,2.65608778,72,26967844
"1765",5,2.65608778,74,1
"1766",5,2.65608778,75,1
"1767",5,2.65608778,78,26984918
"1768",5,2.65608778,79,2
"1769",5,2.65608778,8,3
"1770",5,2.65608778,80,26981032
"1771",5,2.65608778,85,2
"1772",5,2.65608778,89,26969695
"1773",5,2.65608778,9,2
"1774",5,2.65608778,91,1
"1775",5,2.65608778,92,2
"1776",5,2.65608778,93,1
"1777",5,2.65608778,95,26972575
"1778",5,2.65608778,99,2
"1779",5,2.98364724,10,7169656
"1780",5,2.98364724,100,30301523
"1781",5,2.98364724,11,1
"1782",5,2.98364724,12,2
"1783",5,2.98364724,13,30303566
"1784",5,2.98364724,15,1
"1785",5,2.98364724,17,1
"1786",5,2.98364724,18,1
"1787",5,2.98364724,2,1
"1788",5,2.98364724,21,1
"1789",5,2.98364724,23,2
"1790",5,2.98364724,26,30298037
"1791",5,2.98364724,27,1
"1792",5,2.98364724,28,1
"1793",5,2.98364724,29,1
"1794",5,2.98364724,3,1
"1795",5,2.98364724,31,3
"1796",5,2.98364724,32,1
"1797",5,2.98364724,35,1
"1798",5,2.98364724,37,3
"1799",5,2.98364724,38,3
"1800",5,2.98364724,39,30293456
"1801",5,2.98364724,40,30299710
"1802",5,2.98364724,41,1
"1803",5,2.98364724,42,1
"1804",5,2.98364724,43,30295606
"1805",5,2.98364724,44,30293906
"1806",5,2.98364724,45,30305574
"1807",5,2.98364724,47,2
"1808",5,2.98364724,48,7905431
"1809",5,2.98364724,49,1
"1810",5,2.98364724,51,1
"1811",5,2.98364724,53,1
"1812",5,2.98364724,54,2
"1813",5,2.98364724,55,2
"1814",5,2.98364724,56,1
"1815",5,2.98364724,57,2
"1816",5,2.98364724,58,30302767
"1817",5,2.98364724,6,30300367
"1818",5,2.98364724,60,30301240
"1819",5,2.98364724,61,30287581
"1820",5,2.98364724,64,3
"1821",5,2.98364724,66,30302512
"1822",5,2.98364724,67,2
"1823",5,2.98364724,70,3
"1824",5,2.98364724,72,1
"1825",5,2.98364724,73,1
"1826",5,2.98364724,74,2
"1827",5,2.98364724,76,30308256
"1828",5,2.98364724,8,30308597
"1829",5,2.98364724,80,1
"1830",5,2.98364724,83,1
"1831",5,2.98364724,85,30302730
"1832",5,2.98364724,87,3
"1833",5,2.98364724,89,30301261
"1834",5,2.98364724,9,2
"1835",5,2.98364724,91,1
"1836",5,2.98364724,92,30306710
"1837",5,2.98364724,93,30301531
"1838",5,2.98364724,94,30303263
"1839",5,2.98364724,98,30288181
"1840",5,21.5443469,1,218821844
"1841",5,21.5443469,10,218827778
"1842",5,21.5443469,100,4
"1843",5,21.5443469,11,218727751
"1844",5,21.5443469,12,218658167
"1845",5,21.5443469,13,2
"1846",5,21.5443469,14,218503695
"1847",5,21.5443469,15,218645453
"1848",5,21.5443469,16,218680551
"1849",5,21.5443469,17,218724016
"1850",5,21.5443469,18,218592888
"1851",5,21.5443469,19,7
"1852",5,21.5443469,2,218703128
"1853",5,21.5443469,20,2
"1854",5,21.5443469,21,218681992
"1855",5,21.5443469,22,4
"1856",5,21.5443469,23,218836470
"1857",5,21.5443469,24,218671453
"1858",5,21.5443469,25,218848780
"1859",5,21.5443469,26,3
"1860",5,21.5443469,27,218658512
"1861",5,21.5443469,28,218800829
"1862",5,21.5443469,29,218683973
"1863",5,21.5443469,3,7
"1864",5,21.5443469,30,218716186
"1865",5,21.5443469,31,218734302
"1866",5,21.5443469,32,218649094
"1867",5,21.5443469,33,218692174
"1868",5,21.5443469,34,218821896
"1869",5,21.5443469,35,218826363
"1870",5,21.5443469,36,218838885
"1871",5,21.5443469,37,218720625
"1872",5,21.5443469,38,218819977
"1873",5,21.5443469,39,218760216
"1874",5,21.5443469,4,218675781
"1875",5,21.5443469,40,8470550
"1876",5,21.5443469,41,218715145
"1877",5,21.5443469,42,5
"1878",5,21.5443469,43,5
"1879",5,21.5443469,44,218815933
"1880",5,21.5443469,45,218771712
"1881",5,21.5443469,46,218805246
"1882",5,21.5443469,47,218731005
"1883",5,21.5443469,48,218839091
"1884",5,21.5443469,49,218826937
"1885",5,21.5443469,5,218659439
"1886",5,21.5443469,50,218808531
"1887",5,21.5443469,51,218826127
"1888",5,21.5443469,52,218816539
"1889",5,21.5443469,53,218689684
"1890",5,21.5443469,54,218779254
"1891",5,21.5443469,55,3
"1892",5,21.5443469,56,218677635
"1893",5,21.5443469,57,218847362
"1894",5,21.5443469,58,218780251
"1895",5,21.5443469,59,141216950
"1896",5,21.5443469,6,218836965
"1897",5,21.5443469,60,218855280
"1898",5,21.5443469,61,218765988
"1899",5,21.5443469,62,10
"1900",5,21.5443469,63,218822596
"1901",5,21.5443469,64,218786133
"1902",5,21.5443469,65,218655869
"1903",5,21.5443469,66,218732729
"1904",5,21.5443469,67,218649587
"1905",5,21.5443469,68,4
"1906",5,21.5443469,69,218742817
"1907",5,21.5443469,7,218714749
"1908",5,21.5443469,70,218733864
"1909",5,21.5443469,71,4
"1910",5,21.5443469,72,218815204
"1911",5,21.5443469,73,218829941
"1912",5,21.5443469,74,218651859
"1913",5,21.5443469,75,218652775
"1914",5,21.5443469,76,2
"1915",5,21.5443469,77,218823735
"1916",5,21.5443469,78,218725981
"1917",5,21.5443469,79,218809037
"1918",5,21.5443469,8,218840493
"1919",5,21.5443469,80,218818116
"1920",5,21.5443469,81,218686447
"1921",5,21.5443469,82,218821815
"1922",5,21.5443469,83,2
"1923",5,21.5443469,84,3
"1924",5,21.5443469,85,218722509
"1925",5,21.5443469,86,4
"1926",5,21.5443469,87,218833224
"1927",5,21.5443469,88,218822449
"1928",5,21.5443469,89,218775047
"1929",5,21.5443469,9,218806099
"1930",5,21.5443469,90,8209940
"1931",5,21.5443469,91,218606831
"1932",5,21.5443469,92,218673092
"1933",5,21.5443469,93,218805437
"1934",5,21.5443469,94,218774675
"1935",5,21.5443469,95,218843242
"1936",5,21.5443469,96,6
"1937",5,21.5443469,97,6
"1938",5,21.5443469,98,6
"1939",5,21.5443469,99,218753155
"1940",5,220.51307399,1,2239123714
"1941",5,220.51307399,10,2239406958
"1942",5,220.51307399,100,2237351358
"1943",5,220.51307399,11,2238438213
"1944",5,220.51307399,12,2239261438
"1945",5,220.51307399,13,2239458636
"1946",5,220.51307399,14,2239663657
"1947",5,220.51307399,15,2239771305
"1948",5,220.51307399,16,2236884757
"1949",5,220.51307399,17,2239699778
"1950",5,220.51307399,18,2239563605
"1951",5,220.51307399,19,2239622736
"1952",5,220.51307399,2,2218454003
"1953",5,220.51307399,20,2239611407
"1954",5,220.51307399,21,2239654085
"1955",5,220.51307399,22,2239673809
"1956",5,220.51307399,23,2239730400
"1957",5,220.51307399,24,2235156155
"1958",5,220.51307399,25,2230027289
"1959",5,220.51307399,26,2239103164
"1960",5,220.51307399,27,2239494807
"1961",5,220.51307399,28,2232944903
"1962",5,220.51307399,29,2239646860
"1963",5,220.51307399,3,2233177946
"1964",5,220.51307399,30,2239663507
"1965",5,220.51307399,31,2239427179
"1966",5,220.51307399,32,2239673446
"1967",5,220.51307399,33,2239695665
"1968",5,220.51307399,34,2237427638
"1969",5,220.51307399,35,2239713123
"1970",5,220.51307399,36,2238594719
"1971",5,220.51307399,37,2231464442
"1972",5,220.51307399,38,2238716826
"1973",5,220.51307399,39,2232212392
"1974",5,220.51307399,4,2239579544
"1975",5,220.51307399,40,2238766539
"1976",5,220.51307399,41,2237639222
"1977",5,220.51307399,42,2184458305
"1978",5,220.51307399,43,2239187979
"1979",5,220.51307399,44,2238764880
"1980",5,220.51307399,45,2239275248
"1981",5,220.51307399,46,2239769911
"1982",5,220.51307399,47,2239363484
"1983",5,220.51307399,48,2238587906
"1984",5,220.51307399,49,2239686389
"1985",5,220.51307399,5,2238954278
"1986",5,220.51307399,50,2239588519
"1987",5,220.51307399,51,2239210679
"1988",5,220.51307399,52,2228138824
"1989",5,220.51307399,53,2239192523
"1990",5,220.51307399,54,2239805993
"1991",5,220.51307399,55,2238883437
"1992",5,220.51307399,56,2238309150
"1993",5,220.51307399,57,2239626927
"1994",5,220.51307399,58,2237148988
"1995",5,220.51307399,59,2239289473
"1996",5,220.51307399,6,2239563895
"1997",5,220.51307399,60,2237330237
"1998",5,220.51307399,61,2239118198
"1999",5,220.51307399,62,2239700904
"2000",5,220.51307399,63,2239136358
"2001",5,220.51307399,64,2238574182
"2002",5,220.51307399,65,2232336318
"2003",5,220.51307399,66,2230029666
"2004",5,220.51307399,67,2236512895
"2005",5,220.51307399,68,2239638146
"2006",5,220.51307399,69,2238534337
"2007",5,220.51307399,7,2239724397
"2008",5,220.51307399,70,2238573141
"2009",5,220.51307399,71,2239447748
"2010",5,220.51307399,72,2239217198
"2011",5,220.51307399,73,2239371626
"2012",5,220.51307399,74,2239444440
"2013",5,220.51307399,75,2239468523
"2014",5,220.51307399,76,2239284632
"2015",5,220.51307399,77,2239642672
"2016",5,220.51307399,78,2239062072
"2017",5,220.51307399,79,2237168027
"2018",5,220.51307399,8,2239654306
"2019",5,220.51307399,80,2239628080
"2020",5,220.51307399,81,2239133075
"2021",5,220.51307399,82,2239467256
"2022",5,220.51307399,83,2239477616
"2023",5,220.51307399,84,2239395888
"2024",5,220.51307399,85,2239609019
"2025",5,220.51307399,86,2239505681
"2026",5,220.51307399,87,2239682182
"2027",5,220.51307399,88,2238739849
"2028",5,220.51307399,89,2238311101
"2029",5,220.51307399,9,2239622541
"2030",5,220.51307399,90,2239604650
"2031",5,220.51307399,91,2239335054
"2032",5,220.51307399,92,2235981507
"2033",5,220.51307399,93,2234262607
"2034",5,220.51307399,94,2236063390
"2035",5,220.51307399,95,2214293922
"2036",5,220.51307399,96,2230645200
"2037",5,220.51307399,97,2237602782
"2038",5,220.51307399,98,2239400118
"2039",5,220.51307399,99,2239402300
"2040",5,24.20128265,1,245817573
"2041",5,24.20128265,10,8510085
"2042",5,24.20128265,100,6
"2043",5,24.20128265,11,2
"2044",5,24.20128265,12,245775550
"2045",5,24.20128265,13,245816221
"2046",5,24.20128265,14,245814604
"2047",5,24.20128265,15,245397950
"2048",5,24.20128265,16,245837007
"2049",5,24.20128265,17,245592125
"2050",5,24.20128265,18,245791744
"2051",5,24.20128265,19,245816103
"2052",5,24.20128265,2,245729838
"2053",5,24.20128265,20,245580382
"2054",5,24.20128265,21,245135463
"2055",5,24.20128265,22,245806900
"2056",5,24.20128265,23,245813070
"2057",5,24.20128265,24,4
"2058",5,24.20128265,25,8527187
"2059",5,24.20128265,26,5
"2060",5,24.20128265,27,245820682
"2061",5,24.20128265,28,245797536
"2062",5,24.20128265,29,245564137
"2063",5,24.20128265,3,245804266
"2064",5,24.20128265,30,245389028
"2065",5,24.20128265,31,245806696
"2066",5,24.20128265,32,245511756
"2067",5,24.20128265,33,7939202
"2068",5,24.20128265,34,245688803
"2069",5,24.20128265,35,245797642
"2070",5,24.20128265,36,5
"2071",5,24.20128265,37,245252400
"2072",5,24.20128265,38,245804495
"2073",5,24.20128265,39,245555972
"2074",5,24.20128265,4,5
"2075",5,24.20128265,40,245805627
"2076",5,24.20128265,41,245816716
"2077",5,24.20128265,42,245809552
"2078",5,24.20128265,43,245789989
"2079",5,24.20128265,44,245823517
"2080",5,24.20128265,45,245800923
"2081",5,24.20128265,46,245813853
"2082",5,24.20128265,47,245378642
"2083",5,24.20128265,48,8882681
"2084",5,24.20128265,49,245815237
"2085",5,24.20128265,5,245816962
"2086",5,24.20128265,50,245818111
"2087",5,24.20128265,51,245780058
"2088",5,24.20128265,52,245646096
"2089",5,24.20128265,53,245809906
"2090",5,24.20128265,54,245577725
"2091",5,24.20128265,55,245786896
"2092",5,24.20128265,56,245809112
"2093",5,24.20128265,57,245811471
"2094",5,24.20128265,58,245807990
"2095",5,24.20128265,59,6
"2096",5,24.20128265,6,5
"2097",5,24.20128265,60,245828599
"2098",5,24.20128265,61,245789857
"2099",5,24.20128265,62,245375245
"2100",5,24.20128265,63,245199995
"2101",5,24.20128265,64,245661912
"2102",5,24.20128265,65,245796463
"2103",5,24.20128265,66,245481995
"2104",5,24.20128265,67,7
"2105",5,24.20128265,68,245798986
"2106",5,24.20128265,69,245532775
"2107",5,24.20128265,7,245521829
"2108",5,24.20128265,70,3
"2109",5,24.20128265,71,245813070
"2110",5,24.20128265,72,245677268
"2111",5,24.20128265,73,2
"2112",5,24.20128265,74,8
"2113",5,24.20128265,75,245476592
"2114",5,24.20128265,76,8714987
"2115",5,24.20128265,77,245818302
"2116",5,24.20128265,78,245570068
"2117",5,24.20128265,79,245810094
"2118",5,24.20128265,8,245260742
"2119",5,24.20128265,80,144334773
"2120",5,24.20128265,81,245371854
"2121",5,24.20128265,82,245809007
"2122",5,24.20128265,83,245596439
"2123",5,24.20128265,84,245493270
"2124",5,24.20128265,85,245792141
"2125",5,24.20128265,86,2
"2126",5,24.20128265,87,109330625
"2127",5,24.20128265,88,8
"2128",5,24.20128265,89,245452317
"2129",5,24.20128265,9,6
"2130",5,24.20128265,90,245795753
"2131",5,24.20128265,91,245790095
"2132",5,24.20128265,92,245514800
"2133",5,24.20128265,93,245585511
"2134",5,24.20128265,94,245492097
"2135",5,24.20128265,95,245793326
"2136",5,24.20128265,96,9015489
"2137",5,24.20128265,97,245795941
"2138",5,24.20128265,98,102984863
"2139",5,24.20128265,99,245833596
"2140",5,247.7076356,1,2515610429
"2141",5,247.7076356,10,2515823626
"2142",5,247.7076356,100,2515541718
"2143",5,247.7076356,11,2505065756
"2144",5,247.7076356,12,2514232208
"2145",5,247.7076356,13,2352679744
"2146",5,247.7076356,14,2515689454
"2147",5,247.7076356,15,2506183965
"2148",5,247.7076356,16,2515057596
"2149",5,247.7076356,17,2515345945
"2150",5,247.7076356,18,2515024840
"2151",5,247.7076356,19,2514961807
"2152",5,247.7076356,2,2515710828
"2153",5,247.7076356,20,2515755523
"2154",5,247.7076356,21,2502055099
"2155",5,247.7076356,22,2514113812
"2156",5,247.7076356,23,2514462650
"2157",5,247.7076356,24,2515678539
"2158",5,247.7076356,25,2515447267
"2159",5,247.7076356,26,2504772442
"2160",5,247.7076356,27,2515826894
"2161",5,247.7076356,28,2515403809
"2162",5,247.7076356,29,2510616096
"2163",5,247.7076356,3,2515246686
"2164",5,247.7076356,30,2514982663
"2165",5,247.7076356,31,2515242256
"2166",5,247.7076356,32,2512657041
"2167",5,247.7076356,33,2513136651
"2168",5,247.7076356,34,2515826486
"2169",5,247.7076356,35,2514735893
"2170",5,247.7076356,36,2512889312
"2171",5,247.7076356,37,2515888567
"2172",5,247.7076356,38,2515057434
"2173",5,247.7076356,39,2510204027
"2174",5,247.7076356,4,2515447267
"2175",5,247.7076356,40,2515834827
"2176",5,247.7076356,41,2515749431
"2177",5,247.7076356,42,2514277468
"2178",5,247.7076356,43,2515088752
"2179",5,247.7076356,44,2515891091
"2180",5,247.7076356,45,2515765122
"2181",5,247.7076356,46,2515855034
"2182",5,247.7076356,47,2515795585
"2183",5,247.7076356,48,2515889645
"2184",5,247.7076356,49,2515934423
"2185",5,247.7076356,5,2515921147
"2186",5,247.7076356,50,2515912793
"2187",5,247.7076356,51,2515896473
"2188",5,247.7076356,52,2515860120
"2189",5,247.7076356,53,2515847758
"2190",5,247.7076356,54,2515029352
"2191",5,247.7076356,55,2514995278
"2192",5,247.7076356,56,2515874216
"2193",5,247.7076356,57,2515994125
"2194",5,247.7076356,58,2512755089
"2195",5,247.7076356,59,2515563632
"2196",5,247.7076356,6,2515973554
"2197",5,247.7076356,60,2515819471
"2198",5,247.7076356,61,2514003008
"2199",5,247.7076356,62,2515948598
"2200",5,247.7076356,63,2503935538
"2201",5,247.7076356,64,2515746536
"2202",5,247.7076356,65,2493109367
"2203",5,247.7076356,66,2515089686
"2204",5,247.7076356,67,2515872576
"2205",5,247.7076356,68,2515804291
"2206",5,247.7076356,69,2513289289
"2207",5,247.7076356,7,2515906480
"2208",5,247.7076356,70,2515795388
"2209",5,247.7076356,71,2509184930
"2210",5,247.7076356,72,2514266270
"2211",5,247.7076356,73,2515590639
"2212",5,247.7076356,74,2491897496
"2213",5,247.7076356,75,2515634997
"2214",5,247.7076356,76,2515912791
"2215",5,247.7076356,77,2515645347
"2216",5,247.7076356,78,2515731097
"2217",5,247.7076356,79,2515832100
"2218",5,247.7076356,8,2515840668
"2219",5,247.7076356,80,2515310116
"2220",5,247.7076356,81,2504713605
"2221",5,247.7076356,82,2515108991
"2222",5,247.7076356,83,2515882525
"2223",5,247.7076356,84,2514437631
"2224",5,247.7076356,85,2515928293
"2225",5,247.7076356,86,2515762902
"2226",5,247.7076356,87,2515872687
"2227",5,247.7076356,88,2515852018
"2228",5,247.7076356,89,2515972117
"2229",5,247.7076356,9,2515826201
"2230",5,247.7076356,90,2515904190
"2231",5,247.7076356,91,2515784539
"2232",5,247.7076356,92,2515966600
"2233",5,247.7076356,93,2515466748
"2234",5,247.7076356,94,2515715302
"2235",5,247.7076356,95,2515911950
"2236",5,247.7076356,96,2515856031
"2237",5,247.7076356,97,2514829185
"2238",5,247.7076356,98,2515265182
"2239",5,247.7076356,99,2503104491
"2240",5,27.18588243,1,276113164
"2241",5,27.18588243,10,276101193
"2242",5,27.18588243,100,275630136
"2243",5,27.18588243,11,276120236
"2244",5,27.18588243,12,276128676
"2245",5,27.18588243,13,276109313
"2246",5,27.18588243,14,3
"2247",5,27.18588243,15,276115281
"2248",5,27.18588243,16,5
"2249",5,27.18588243,17,276106216
"2250",5,27.18588243,18,276113161
"2251",5,27.18588243,19,276113078
"2252",5,27.18588243,2,275675774
"2253",5,27.18588243,20,276116916
"2254",5,27.18588243,21,276108390
"2255",5,27.18588243,22,276119715
"2256",5,27.18588243,23,276104980
"2257",5,27.18588243,24,276095028
"2258",5,27.18588243,25,274904760
"2259",5,27.18588243,26,275554132
"2260",5,27.18588243,27,276101460
"2261",5,27.18588243,28,275385460
"2262",5,27.18588243,29,275552025
"2263",5,27.18588243,3,275457011
"2264",5,27.18588243,30,276125163
"2265",5,27.18588243,31,275650294
"2266",5,27.18588243,32,275564761
"2267",5,27.18588243,33,275226165
"2268",5,27.18588243,34,276119559
"2269",5,27.18588243,35,275065946
"2270",5,27.18588243,36,276110593
"2271",5,27.18588243,37,8
"2272",5,27.18588243,38,2
"2273",5,27.18588243,39,276105033
"2274",5,27.18588243,4,276120806
"2275",5,27.18588243,40,276083740
"2276",5,27.18588243,41,7396406
"2277",5,27.18588243,42,7
"2278",5,27.18588243,43,276105416
"2279",5,27.18588243,44,276093988
"2280",5,27.18588243,45,275100689
"2281",5,27.18588243,46,275466913
"2282",5,27.18588243,47,276116352
"2283",5,27.18588243,48,276136121
"2284",5,27.18588243,49,7
"2285",5,27.18588243,5,276116080
"2286",5,27.18588243,50,276126414
"2287",5,27.18588243,51,275344257
"2288",5,27.18588243,52,276128714
"2289",5,27.18588243,53,10
"2290",5,27.18588243,54,275603697
"2291",5,27.18588243,55,276128792
"2292",5,27.18588243,56,276163190
"2293",5,27.18588243,57,3
"2294",5,27.18588243,58,276141672
"2295",5,27.18588243,59,276113415
"2296",5,27.18588243,6,276111084
"2297",5,27.18588243,60,276116989
"2298",5,27.18588243,61,275929708
"2299",5,27.18588243,62,276082151
"2300",5,27.18588243,63,275677457
"2301",5,27.18588243,64,276108787
"2302",5,27.18588243,65,275325415
"2303",5,27.18588243,66,276130401
"2304",5,27.18588243,67,276138814
"2305",5,27.18588243,68,276127767
"2306",5,27.18588243,69,275364058
"2307",5,27.18588243,7,276121805
"2308",5,27.18588243,70,276140482
"2309",5,27.18588243,71,275184044
"2310",5,27.18588243,72,276099806
"2311",5,27.18588243,73,276129683
"2312",5,27.18588243,74,2
"2313",5,27.18588243,75,275707558
"2314",5,27.18588243,76,275691302
"2315",5,27.18588243,77,7757700
"2316",5,27.18588243,78,275689318
"2317",5,27.18588243,79,274436871
"2318",5,27.18588243,8,276139261
"2319",5,27.18588243,80,276101297
"2320",5,27.18588243,81,275273929
"2321",5,27.18588243,82,276109320
"2322",5,27.18588243,83,6
"2323",5,27.18588243,84,275360975
"2324",5,27.18588243,85,276113802
"2325",5,27.18588243,86,276105033
"2326",5,27.18588243,87,276073716
"2327",5,27.18588243,88,274908354
"2328",5,27.18588243,89,276115028
"2329",5,27.18588243,9,6
"2330",5,27.18588243,90,276087207
"2331",5,27.18588243,91,274701740
"2332",5,27.18588243,92,275211105
"2333",5,27.18588243,93,276098901
"2334",5,27.18588243,94,4
"2335",5,27.18588243,95,275574431
"2336",5,27.18588243,96,276123126
"2337",5,27.18588243,97,276114040
"2338",5,27.18588243,98,276135908
"2339",5,27.18588243,99,275440442
"2340",5,278.25594022,1,2825915763
"2341",5,278.25594022,10,2825393301
"2342",5,278.25594022,100,2805897189
"2343",5,278.25594022,11,2825348331
"2344",5,278.25594022,12,2826033496
"2345",5,278.25594022,13,2825512857
"2346",5,278.25594022,14,2825531547
"2347",5,278.25594022,15,2823459967
"2348",5,278.25594022,16,2826149557
"2349",5,278.25594022,17,2826107887
"2350",5,278.25594022,18,2826094391
"2351",5,278.25594022,19,2826122774
"2352",5,278.25594022,2,2826076900
"2353",5,278.25594022,20,2826123385
"2354",5,278.25594022,21,2825800526
"2355",5,278.25594022,22,2826127062
"2356",5,278.25594022,23,2825572135
"2357",5,278.25594022,24,2823924479
"2358",5,278.25594022,25,2825940961
"2359",5,278.25594022,26,2825942061
"2360",5,278.25594022,27,2825646298
"2361",5,278.25594022,28,2825898602
"2362",5,278.25594022,29,2824975447
"2363",5,278.25594022,3,2826180740
"2364",5,278.25594022,30,2824765373
"2365",5,278.25594022,31,2822494555
"2366",5,278.25594022,32,2813840429
"2367",5,278.25594022,33,2825666820
"2368",5,278.25594022,34,2825680363
"2369",5,278.25594022,35,2821428388
"2370",5,278.25594022,36,2826140083
"2371",5,278.25594022,37,2816702480
"2372",5,278.25594022,38,2825377359
"2373",5,278.25594022,39,2825930050
"2374",5,278.25594022,4,2824556917
"2375",5,278.25594022,40,2819720519
"2376",5,278.25594022,41,2819695108
"2377",5,278.25594022,42,2825656939
"2378",5,278.25594022,43,2825485731
"2379",5,278.25594022,44,2825886183
"2380",5,278.25594022,45,2826065468
"2381",5,278.25594022,46,2826261788
"2382",5,278.25594022,47,2825278621
"2383",5,278.25594022,48,2825478790
"2384",5,278.25594022,49,2824568687
"2385",5,278.25594022,5,2786119370
"2386",5,278.25594022,50,2825146671
"2387",5,278.25594022,51,2824677090
"2388",5,278.25594022,52,2779965270
"2389",5,278.25594022,53,2824962895
"2390",5,278.25594022,54,2826120479
"2391",5,278.25594022,55,2805181842
"2392",5,278.25594022,56,2826000081
"2393",5,278.25594022,57,2826092415
"2394",5,278.25594022,58,2822795499
"2395",5,278.25594022,59,2825763070
"2396",5,278.25594022,6,2823587478
"2397",5,278.25594022,60,2825743033
"2398",5,278.25594022,61,2823410500
"2399",5,278.25594022,62,2817306067
"2400",5,278.25594022,63,2826214226
"2401",5,278.25594022,64,2823694350
"2402",5,278.25594022,65,2825929771
"2403",5,278.25594022,66,2825706156
"2404",5,278.25594022,67,2826049402
"2405",5,278.25594022,68,2826209299
"2406",5,278.25594022,69,2824766616
"2407",5,278.25594022,7,2824255618
"2408",5,278.25594022,70,2822203197
"2409",5,278.25594022,71,2826212355
"2410",5,278.25594022,72,2809321482
"2411",5,278.25594022,73,2826145676
"2412",5,278.25594022,74,2822376498
"2413",5,278.25594022,75,2826111495
"2414",5,278.25594022,76,2826224069
"2415",5,278.25594022,77,2824804740
"2416",5,278.25594022,78,2826065534
"2417",5,278.25594022,79,2826108321
"2418",5,278.25594022,8,2824392188
"2419",5,278.25594022,80,2826029283
"2420",5,278.25594022,81,2826068219
"2421",5,278.25594022,82,2825296635
"2422",5,278.25594022,83,2826241425
"2423",5,278.25594022,84,2823982057
"2424",5,278.25594022,85,2826092196
"2425",5,278.25594022,86,2826096199
"2426",5,278.25594022,87,2824211901
"2427",5,278.25594022,88,2825399469
"2428",5,278.25594022,89,2825648250
"2429",5,278.25594022,9,2826066920
"2430",5,278.25594022,90,2826169761
"2431",5,278.25594022,91,2818056885
"2432",5,278.25594022,92,2819582820
"2433",5,278.25594022,93,2824476833
"2434",5,278.25594022,94,2822332483
"2435",5,278.25594022,95,2825725425
"2436",5,278.25594022,96,2826188622
"2437",5,278.25594022,97,2825081227
"2438",5,278.25594022,98,2826083832
"2439",5,278.25594022,99,2826038405
"2440",5,3.35160265,1,34033448
"2441",5,3.35160265,10,34038907
"2442",5,3.35160265,100,34037435
"2443",5,3.35160265,11,1
"2444",5,3.35160265,12,1
"2445",5,3.35160265,13,1
"2446",5,3.35160265,14,1
"2447",5,3.35160265,16,2
"2448",5,3.35160265,18,1
"2449",5,3.35160265,21,2
"2450",5,3.35160265,22,34040783
"2451",5,3.35160265,23,1
"2452",5,3.35160265,25,1
"2453",5,3.35160265,26,3
"2454",5,3.35160265,27,2
"2455",5,3.35160265,28,1
"2456",5,3.35160265,29,3
"2457",5,3.35160265,3,34037403
"2458",5,3.35160265,30,3
"2459",5,3.35160265,31,1
"2460",5,3.35160265,34,34038156
"2461",5,3.35160265,36,2
"2462",5,3.35160265,38,2
"2463",5,3.35160265,39,1
"2464",5,3.35160265,40,1
"2465",5,3.35160265,41,7029363
"2466",5,3.35160265,42,34049534
"2467",5,3.35160265,43,34041973
"2468",5,3.35160265,45,1
"2469",5,3.35160265,49,2
"2470",5,3.35160265,5,34035356
"2471",5,3.35160265,51,1
"2472",5,3.35160265,52,1
"2473",5,3.35160265,54,2
"2474",5,3.35160265,56,1
"2475",5,3.35160265,57,34036824
"2476",5,3.35160265,58,1
"2477",5,3.35160265,59,2
"2478",5,3.35160265,6,1
"2479",5,3.35160265,61,1
"2480",5,3.35160265,62,1
"2481",5,3.35160265,64,1
"2482",5,3.35160265,65,2
"2483",5,3.35160265,67,34037598
"2484",5,3.35160265,68,34041457
"2485",5,3.35160265,69,1
"2486",5,3.35160265,71,1
"2487",5,3.35160265,72,1
"2488",5,3.35160265,73,1
"2489",5,3.35160265,74,34045304
"2490",5,3.35160265,75,34045843
"2491",5,3.35160265,76,34035865
"2492",5,3.35160265,77,34038109
"2493",5,3.35160265,78,34047291
"2494",5,3.35160265,8,1
"2495",5,3.35160265,80,1
"2496",5,3.35160265,83,2
"2497",5,3.35160265,84,1
"2498",5,3.35160265,85,1
"2499",5,3.35160265,87,34044467
"2500",5,3.35160265,88,1
"2501",5,3.35160265,90,1
"2502",5,3.35160265,92,2
"2503",5,3.35160265,95,34036728
"2504",5,3.35160265,96,1
"2505",5,3.76493581,1,38232525
"2506",5,3.76493581,10,1
"2507",5,3.76493581,100,38243595
"2508",5,3.76493581,11,2
"2509",5,3.76493581,12,38247770
"2510",5,3.76493581,13,1
"2511",5,3.76493581,15,1
"2512",5,3.76493581,16,1
"2513",5,3.76493581,17,1
"2514",5,3.76493581,18,1
"2515",5,3.76493581,19,1
"2516",5,3.76493581,20,3
"2517",5,3.76493581,21,2
"2518",5,3.76493581,23,1
"2519",5,3.76493581,25,1
"2520",5,3.76493581,26,3
"2521",5,3.76493581,27,3
"2522",5,3.76493581,28,7266461
"2523",5,3.76493581,30,1
"2524",5,3.76493581,31,1
"2525",5,3.76493581,32,1
"2526",5,3.76493581,34,38216827
"2527",5,3.76493581,35,4
"2528",5,3.76493581,37,1
"2529",5,3.76493581,38,1
"2530",5,3.76493581,39,2
"2531",5,3.76493581,4,2
"2532",5,3.76493581,40,1
"2533",5,3.76493581,41,38239238
"2534",5,3.76493581,42,1
"2535",5,3.76493581,43,38240734
"2536",5,3.76493581,44,38234302
"2537",5,3.76493581,45,2
"2538",5,3.76493581,46,2
"2539",5,3.76493581,47,1
"2540",5,3.76493581,48,1
"2541",5,3.76493581,49,38241477
"2542",5,3.76493581,52,38235682
"2543",5,3.76493581,53,38239808
"2544",5,3.76493581,54,1
"2545",5,3.76493581,58,1
"2546",5,3.76493581,59,1
"2547",5,3.76493581,6,1
"2548",5,3.76493581,60,38243503
"2549",5,3.76493581,61,1
"2550",5,3.76493581,63,38249178
"2551",5,3.76493581,64,38235188
"2552",5,3.76493581,65,38240294
"2553",5,3.76493581,67,1
"2554",5,3.76493581,68,1
"2555",5,3.76493581,72,1
"2556",5,3.76493581,74,38234665
"2557",5,3.76493581,76,38234382
"2558",5,3.76493581,77,38239140
"2559",5,3.76493581,78,2
"2560",5,3.76493581,79,1
"2561",5,3.76493581,80,1
"2562",5,3.76493581,82,1
"2563",5,3.76493581,83,2
"2564",5,3.76493581,85,1
"2565",5,3.76493581,86,2
"2566",5,3.76493581,88,1
"2567",5,3.76493581,89,1
"2568",5,3.76493581,9,1
"2569",5,3.76493581,92,2
"2570",5,3.76493581,93,38233527
"2571",5,3.76493581,94,38232307
"2572",5,3.76493581,96,1
"2573",5,3.76493581,97,1
"2574",5,3.76493581,98,1
"2575",5,3.76493581,99,2
"2576",5,30.53855509,1,310175277
"2577",5,30.53855509,10,310142049
"2578",5,30.53855509,100,172336989
"2579",5,30.53855509,11,6
"2580",5,30.53855509,12,309463727
"2581",5,30.53855509,13,310157036
"2582",5,30.53855509,14,308735658
"2583",5,30.53855509,15,308071745
"2584",5,30.53855509,16,8383563
"2585",5,30.53855509,17,310129979
"2586",5,30.53855509,18,310158618
"2587",5,30.53855509,19,310173683
"2588",5,30.53855509,2,309213806
"2589",5,30.53855509,20,306041034
"2590",5,30.53855509,21,310169092
"2591",5,30.53855509,22,310167218
"2592",5,30.53855509,23,308471639
"2593",5,30.53855509,24,310154671
"2594",5,30.53855509,25,310213246
"2595",5,30.53855509,26,310150959
"2596",5,30.53855509,27,9
"2597",5,30.53855509,28,310143657
"2598",5,30.53855509,29,309011054
"2599",5,30.53855509,3,308701045
"2600",5,30.53855509,30,310184841
"2601",5,30.53855509,31,310165711
"2602",5,30.53855509,32,308195574
"2603",5,30.53855509,33,308463852
"2604",5,30.53855509,34,310131653
"2605",5,30.53855509,35,310192297
"2606",5,30.53855509,36,9
"2607",5,30.53855509,37,310153069
"2608",5,30.53855509,38,310120574
"2609",5,30.53855509,39,309638755
"2610",5,30.53855509,4,308284391
"2611",5,30.53855509,40,305602647
"2612",5,30.53855509,41,308567275
"2613",5,30.53855509,42,310162805
"2614",5,30.53855509,43,310159577
"2615",5,30.53855509,44,310146632
"2616",5,30.53855509,45,310160908
"2617",5,30.53855509,46,310208884
"2618",5,30.53855509,47,310191504
"2619",5,30.53855509,48,310185226
"2620",5,30.53855509,49,310151536
"2621",5,30.53855509,5,310187108
"2622",5,30.53855509,50,310155771
"2623",5,30.53855509,51,2
"2624",5,30.53855509,52,310179229
"2625",5,30.53855509,53,310138688
"2626",5,30.53855509,54,310162432
"2627",5,30.53855509,55,310170074
"2628",5,30.53855509,56,8
"2629",5,30.53855509,57,152819293
"2630",5,30.53855509,58,310181981
"2631",5,30.53855509,59,309122695
"2632",5,30.53855509,6,310214458
"2633",5,30.53855509,60,309514129
"2634",5,30.53855509,61,310164297
"2635",5,30.53855509,62,5
"2636",5,30.53855509,63,310134390
"2637",5,30.53855509,64,6
"2638",5,30.53855509,65,132449026
"2639",5,30.53855509,66,310203030
"2640",5,30.53855509,67,310200139
"2641",5,30.53855509,68,309703838
"2642",5,30.53855509,69,309099004
"2643",5,30.53855509,7,309148545
"2644",5,30.53855509,70,309056946
"2645",5,30.53855509,71,307477759
"2646",5,30.53855509,72,310179072
"2647",5,30.53855509,73,9
"2648",5,30.53855509,74,38870
"2649",5,30.53855509,75,3
"2650",5,30.53855509,76,309032575
"2651",5,30.53855509,77,6
"2652",5,30.53855509,78,310177860
"2653",5,30.53855509,79,309616123
"2654",5,30.53855509,8,310194410
"2655",5,30.53855509,80,137789528
"2656",5,30.53855509,81,309122124
"2657",5,30.53855509,82,7
"2658",5,30.53855509,83,310140538
"2659",5,30.53855509,84,309389620
"2660",5,30.53855509,85,307487084
"2661",5,30.53855509,86,310156000
"2662",5,30.53855509,87,7
"2663",5,30.53855509,88,309334906
"2664",5,30.53855509,89,310156091
"2665",5,30.53855509,9,310200229
"2666",5,30.53855509,90,310167548
"2667",5,30.53855509,91,7
"2668",5,30.53855509,92,310173879
"2669",5,30.53855509,93,7
"2670",5,30.53855509,94,308484289
"2671",5,30.53855509,95,309322681
"2672",5,30.53855509,96,166237691
"2673",5,30.53855509,97,170261321
"2674",5,30.53855509,98,8132055
"2675",5,30.53855509,99,309386368
"2676",5,312.57158497,1,3174265429
"2677",5,312.57158497,10,3174424592
"2678",5,312.57158497,100,3174338994
"2679",5,312.57158497,11,3174708528
"2680",5,312.57158497,12,3174646209
"2681",5,312.57158497,13,3174590429
"2682",5,312.57158497,14,3167453857
"2683",5,312.57158497,15,3174601954
"2684",5,312.57158497,16,3174659399
"2685",5,312.57158497,17,3157684840
"2686",5,312.57158497,18,3174259209
"2687",5,312.57158497,19,3173324836
"2688",5,312.57158497,2,3174330947
"2689",5,312.57158497,20,3174520672
"2690",5,312.57158497,21,3174583953
"2691",5,312.57158497,22,3174784532
"2692",5,312.57158497,23,3172485498
"2693",5,312.57158497,24,3173392211
"2694",5,312.57158497,25,3171754158
"2695",5,312.57158497,26,3173639594
"2696",5,312.57158497,27,3168641232
"2697",5,312.57158497,28,3174113543
"2698",5,312.57158497,29,3172798918
"2699",5,312.57158497,3,3174662326
"2700",5,312.57158497,30,3171944993
"2701",5,312.57158497,31,3173035949
"2702",5,312.57158497,32,3174463699
"2703",5,312.57158497,33,3174641460
"2704",5,312.57158497,34,3170458439
"2705",5,312.57158497,35,3174545451
"2706",5,312.57158497,36,3174695573
"2707",5,312.57158497,37,3174312870
"2708",5,312.57158497,38,3173046049
"2709",5,312.57158497,39,3171262015
"2710",5,312.57158497,4,3174581698
"2711",5,312.57158497,40,3173386808
"2712",5,312.57158497,41,3174460620
"2713",5,312.57158497,42,3174257143
"2714",5,312.57158497,43,3173956765
"2715",5,312.57158497,44,3174528280
"2716",5,312.57158497,45,3174580072
"2717",5,312.57158497,46,3168966590
"2718",5,312.57158497,47,3174168337
"2719",5,312.57158497,48,3173247905
"2720",5,312.57158497,49,3174400284
"2721",5,312.57158497,5,3168931088
"2722",5,312.57158497,50,3174015440
"2723",5,312.57158497,51,3173481184
"2724",5,312.57158497,52,3174755136
"2725",5,312.57158497,53,3174516381
"2726",5,312.57158497,54,3172958604
"2727",5,312.57158497,55,3174172274
"2728",5,312.57158497,56,3174726066
"2729",5,312.57158497,57,3174569635
"2730",5,312.57158497,58,3174674417
"2731",5,312.57158497,59,3173416564
"2732",5,312.57158497,6,3164582030
"2733",5,312.57158497,60,3174628677
"2734",5,312.57158497,61,3174475721
"2735",5,312.57158497,62,3174502212
"2736",5,312.57158497,63,3172623241
"2737",5,312.57158497,64,3174656745
"2738",5,312.57158497,65,3174806689
"2739",5,312.57158497,66,3174684158
"2740",5,312.57158497,67,3174482690
"2741",5,312.57158497,68,3174006793
"2742",5,312.57158497,69,3174602486
"2743",5,312.57158497,7,3174040116
"2744",5,312.57158497,70,3174647746
"2745",5,312.57158497,71,3173702359
"2746",5,312.57158497,72,3174510964
"2747",5,312.57158497,73,3164924644
"2748",5,312.57158497,74,3172659352
"2749",5,312.57158497,75,3174658338
"2750",5,312.57158497,76,3174272948
"2751",5,312.57158497,77,3174391219
"2752",5,312.57158497,78,3174590339
"2753",5,312.57158497,79,3174716330
"2754",5,312.57158497,8,3174669131
"2755",5,312.57158497,80,3174133394
"2756",5,312.57158497,81,3174702353
"2757",5,312.57158497,82,3174216856
"2758",5,312.57158497,83,3171509976
"2759",5,312.57158497,84,3173611355
"2760",5,312.57158497,85,3174438239
"2761",5,312.57158497,86,3174378600
"2762",5,312.57158497,87,3173105244
"2763",5,312.57158497,88,3174580685
"2764",5,312.57158497,89,3174723588
"2765",5,312.57158497,9,3174370777
"2766",5,312.57158497,90,3174355776
"2767",5,312.57158497,91,3165854929
"2768",5,312.57158497,92,3173962815
"2769",5,312.57158497,93,3174125374
"2770",5,312.57158497,94,3166475698
"2771",5,312.57158497,95,3174147060
"2772",5,312.57158497,96,3174515649
"2773",5,312.57158497,97,3174283732
"2774",5,312.57158497,98,3161497914
"2775",5,312.57158497,99,3167547994
"2776",5,34.30469286,1,348405623
"2777",5,34.30469286,10,2
"2778",5,34.30469286,100,4
"2779",5,34.30469286,11,348395807
"2780",5,34.30469286,12,348435041
"2781",5,34.30469286,13,345678532
"2782",5,34.30469286,14,348409482
"2783",5,34.30469286,15,344655171
"2784",5,34.30469286,16,345203881
"2785",5,34.30469286,17,344756941
"2786",5,34.30469286,18,348440429
"2787",5,34.30469286,19,348443156
"2788",5,34.30469286,2,348401791
"2789",5,34.30469286,20,344251745
"2790",5,34.30469286,21,345130181
"2791",5,34.30469286,22,348447950
"2792",5,34.30469286,23,347193470
"2793",5,34.30469286,24,348403850
"2794",5,34.30469286,25,348405272
"2795",5,34.30469286,26,348459286
"2796",5,34.30469286,27,345270191
"2797",5,34.30469286,28,346620386
"2798",5,34.30469286,29,348388457
"2799",5,34.30469286,3,348352656
"2800",5,34.30469286,30,348420133
"2801",5,34.30469286,31,348406853
"2802",5,34.30469286,32,348388674
"2803",5,34.30469286,33,348416778
"2804",5,34.30469286,34,348436486
"2805",5,34.30469286,35,348366372
"2806",5,34.30469286,36,348401728
"2807",5,34.30469286,37,348358508
"2808",5,34.30469286,38,346916349
"2809",5,34.30469286,39,348394212
"2810",5,34.30469286,4,348373941
"2811",5,34.30469286,40,345728047
"2812",5,34.30469286,41,346096923
"2813",5,34.30469286,42,346179837
"2814",5,34.30469286,43,7
"2815",5,34.30469286,44,348431928
"2816",5,34.30469286,45,348407310
"2817",5,34.30469286,46,348390884
"2818",5,34.30469286,47,348402259
"2819",5,34.30469286,48,344396180
"2820",5,34.30469286,49,344726532
"2821",5,34.30469286,5,344975078
"2822",5,34.30469286,50,347047322
"2823",5,34.30469286,51,348437198
"2824",5,34.30469286,52,348417846
"2825",5,34.30469286,53,344673132
"2826",5,34.30469286,54,348405857
"2827",5,34.30469286,55,348367118
"2828",5,34.30469286,56,348418325
"2829",5,34.30469286,57,348389731
"2830",5,34.30469286,58,7912292
"2831",5,34.30469286,59,348428987
"2832",5,34.30469286,6,348409308
"2833",5,34.30469286,60,348398272
"2834",5,34.30469286,61,348431598
"2835",5,34.30469286,62,348410952
"2836",5,34.30469286,63,9
"2837",5,34.30469286,64,348449756
"2838",5,34.30469286,65,348457449
"2839",5,34.30469286,66,348409048
"2840",5,34.30469286,67,348447779
"2841",5,34.30469286,68,348398621
"2842",5,34.30469286,69,348410670
"2843",5,34.30469286,7,346334366
"2844",5,34.30469286,70,348425083
"2845",5,34.30469286,71,346057175
"2846",5,34.30469286,72,348409475
"2847",5,34.30469286,73,345856537
"2848",5,34.30469286,74,347231832
"2849",5,34.30469286,75,348393608
"2850",5,34.30469286,76,348417591
"2851",5,34.30469286,77,345844591
"2852",5,34.30469286,78,348391263
"2853",5,34.30469286,79,348445494
"2854",5,34.30469286,8,345282894
"2855",5,34.30469286,80,344396573
"2856",5,34.30469286,81,348382677
"2857",5,34.30469286,82,344870832
"2858",5,34.30469286,83,179566893
"2859",5,34.30469286,84,348426473
"2860",5,34.30469286,85,12
"2861",5,34.30469286,86,348390768
"2862",5,34.30469286,87,348439936
"2863",5,34.30469286,88,8719151
"2864",5,34.30469286,89,348426628
"2865",5,34.30469286,9,348423035
"2866",5,34.30469286,90,348354255
"2867",5,34.30469286,91,348378980
"2868",5,34.30469286,92,348418219
"2869",5,34.30469286,93,4
"2870",5,34.30469286,94,346497104
"2871",5,34.30469286,95,348459742
"2872",5,34.30469286,96,348415921
"2873",5,34.30469286,97,348406695
"2874",5,34.30469286,98,347124195
"2875",5,34.30469286,99,348435314
"2876",5,351.11917342,1,3566192585
"2877",5,351.11917342,10,3564874514
"2878",5,351.11917342,100,3565883321
"2879",5,351.11917342,11,3565884084
"2880",5,351.11917342,12,3565777600
"2881",5,351.11917342,13,3564565325
"2882",5,351.11917342,14,3554806151
"2883",5,351.11917342,15,3566205624
"2884",5,351.11917342,16,3566186040
"2885",5,351.11917342,17,3566262476
"2886",5,351.11917342,18,3566124810
"2887",5,351.11917342,19,3565851332
"2888",5,351.11917342,2,3565694984
"2889",5,351.11917342,20,3566084100
"2890",5,351.11917342,21,3566213982
"2891",5,351.11917342,22,3565783849
"2892",5,351.11917342,23,3565654046
"2893",5,351.11917342,24,3565794520
"2894",5,351.11917342,25,3565283051
"2895",5,351.11917342,26,3566106297
"2896",5,351.11917342,27,3561833439
"2897",5,351.11917342,28,3566134674
"2898",5,351.11917342,29,3561634986
"2899",5,351.11917342,3,3566172420
"2900",5,351.11917342,30,3565512556
"2901",5,351.11917342,31,3565539211
"2902",5,351.11917342,32,3564970867
"2903",5,351.11917342,33,3566237680
"2904",5,351.11917342,34,3565710250
"2905",5,351.11917342,35,3565919671
"2906",5,351.11917342,36,3558811653
"2907",5,351.11917342,37,3566194537
"2908",5,351.11917342,38,3565427620
"2909",5,351.11917342,39,3564093986
"2910",5,351.11917342,4,3563165224
"2911",5,351.11917342,40,3566005411
"2912",5,351.11917342,41,3561352986
"2913",5,351.11917342,42,3565894709
"2914",5,351.11917342,43,3565650508
"2915",5,351.11917342,44,3564322776
"2916",5,351.11917342,45,3566111653
"2917",5,351.11917342,46,3566113443
"2918",5,351.11917342,47,3565357575
"2919",5,351.11917342,48,3565575585
"2920",5,351.11917342,49,3565954537
"2921",5,351.11917342,5,3556436410
"2922",5,351.11917342,50,3562767151
"2923",5,351.11917342,51,3566078992
"2924",5,351.11917342,52,3566215911
"2925",5,351.11917342,53,3565941986
"2926",5,351.11917342,54,3566213934
"2927",5,351.11917342,55,3562476582
"2928",5,351.11917342,56,3566258806
"2929",5,351.11917342,57,3559662290
"2930",5,351.11917342,58,3536868478
"2931",5,351.11917342,59,3565890678
"2932",5,351.11917342,6,3565738939
"2933",5,351.11917342,60,3566035207
"2934",5,351.11917342,61,3566095062
"2935",5,351.11917342,62,3566183256
"2936",5,351.11917342,63,3565786121
"2937",5,351.11917342,64,3545008530
"2938",5,351.11917342,65,3565589631
"2939",5,351.11917342,66,3557092652
"2940",5,351.11917342,67,3565501004
"2941",5,351.11917342,68,3566107093
"2942",5,351.11917342,69,3565431378
"2943",5,351.11917342,7,3554806151
"2944",5,351.11917342,70,3565751157
"2945",5,351.11917342,71,3565980944
"2946",5,351.11917342,72,3565829415
"2947",5,351.11917342,73,3561548543
"2948",5,351.11917342,74,3564450355
"2949",5,351.11917342,75,3566185477
"2950",5,351.11917342,76,3564004929
"2951",5,351.11917342,77,3565840952
"2952",5,351.11917342,78,3557587680
"2953",5,351.11917342,79,3565594028
"2954",5,351.11917342,8,3560960944
"2955",5,351.11917342,80,3565421007
"2956",5,351.11917342,81,3565528900
"2957",5,351.11917342,82,3565739617
"2958",5,351.11917342,83,3566234739
"2959",5,351.11917342,84,3564548420
"2960",5,351.11917342,85,3565986181
"2961",5,351.11917342,86,3563610695
"2962",5,351.11917342,87,3566152323
"2963",5,351.11917342,88,3565962247
"2964",5,351.11917342,89,3566156332
"2965",5,351.11917342,9,3565847566
"2966",5,351.11917342,90,3565785218
"2967",5,351.11917342,91,3566203023
"2968",5,351.11917342,92,3559170380
"2969",5,351.11917342,93,3565465223
"2970",5,351.11917342,94,3566305755
"2971",5,351.11917342,95,3566196173
"2972",5,351.11917342,96,3552719900
"2973",5,351.11917342,97,3565601143
"2974",5,351.11917342,98,3564102918
"2975",5,351.11917342,99,3564280070
"2976",5,38.53528594,1,391416877
"2977",5,38.53528594,10,387152328
"2978",5,38.53528594,100,391365881
"2979",5,38.53528594,11,391414557
"2980",5,38.53528594,12,9
"2981",5,38.53528594,13,385841932
"2982",5,38.53528594,14,391322321
"2983",5,38.53528594,15,391395717
"2984",5,38.53528594,16,391240772
"2985",5,38.53528594,17,385231003
"2986",5,38.53528594,18,391345787
"2987",5,38.53528594,19,391284450
"2988",5,38.53528594,2,391391166
"2989",5,38.53528594,20,391383150
"2990",5,38.53528594,21,385952679
"2991",5,38.53528594,22,8389369
"2992",5,38.53528594,23,387152745
"2993",5,38.53528594,24,391430159
"2994",5,38.53528594,25,391360929
"2995",5,38.53528594,26,391371867
"2996",5,38.53528594,27,387173377
"2997",5,38.53528594,28,391390115
"2998",5,38.53528594,29,391377257
"2999",5,38.53528594,3,386576368
"3000",5,38.53528594,30,391265804
"3001",5,38.53528594,31,385538344
"3002",5,38.53528594,32,391407230
"3003",5,38.53528594,33,385074293
"3004",5,38.53528594,34,391363175
"3005",5,38.53528594,35,391336189
"3006",5,38.53528594,36,5
"3007",5,38.53528594,37,391291882
"3008",5,38.53528594,38,382931403
"3009",5,38.53528594,39,380449415
"3010",5,38.53528594,4,384249617
"3011",5,38.53528594,40,391402731
"3012",5,38.53528594,41,391279049
"3013",5,38.53528594,42,391420177
"3014",5,38.53528594,43,391383108
"3015",5,38.53528594,44,387284340
"3016",5,38.53528594,45,391359200
"3017",5,38.53528594,46,386451449
"3018",5,38.53528594,47,386619145
"3019",5,38.53528594,48,391402009
"3020",5,38.53528594,49,385743588
"3021",5,38.53528594,5,391391452
"3022",5,38.53528594,50,391384161
"3023",5,38.53528594,51,391304158
"3024",5,38.53528594,52,391378556
"3025",5,38.53528594,53,387583488
"3026",5,38.53528594,54,8
"3027",5,38.53528594,55,391376623
"3028",5,38.53528594,56,387106737
"3029",5,38.53528594,57,387914084
"3030",5,38.53528594,58,384515868
"3031",5,38.53528594,59,391320120
"3032",5,38.53528594,6,385419719
"3033",5,38.53528594,60,388685931
"3034",5,38.53528594,61,391306575
"3035",5,38.53528594,62,391288854
"3036",5,38.53528594,63,5
"3037",5,38.53528594,64,391384377
"3038",5,38.53528594,65,388256727
"3039",5,38.53528594,66,391289003
"3040",5,38.53528594,67,391360795
"3041",5,38.53528594,68,391322814
"3042",5,38.53528594,69,386407842
"3043",5,38.53528594,7,391387032
"3044",5,38.53528594,70,391296302
"3045",5,38.53528594,71,391371698
"3046",5,38.53528594,72,391308255
"3047",5,38.53528594,73,391044914
"3048",5,38.53528594,74,4
"3049",5,38.53528594,75,391367543
"3050",5,38.53528594,76,391307737
"3051",5,38.53528594,77,391386825
"3052",5,38.53528594,78,391394646
"3053",5,38.53528594,79,391218651
"3054",5,38.53528594,8,16495420
"3055",5,38.53528594,80,391413978
"3056",5,38.53528594,81,391388621
"3057",5,38.53528594,82,391321339
"3058",5,38.53528594,83,391325015
"3059",5,38.53528594,84,386831743
"3060",5,38.53528594,85,387185652
"3061",5,38.53528594,86,386574112
"3062",5,38.53528594,87,389102475
"3063",5,38.53528594,88,391379788
"3064",5,38.53528594,89,391302495
"3065",5,38.53528594,9,387109912
"3066",5,38.53528594,90,7
"3067",5,38.53528594,91,391354455
"3068",5,38.53528594,92,391257038
"3069",5,38.53528594,93,391406767
"3070",5,38.53528594,94,391371104
"3071",5,38.53528594,95,391409214
"3072",5,38.53528594,96,385235162
"3073",5,38.53528594,97,383096349
"3074",5,38.53528594,98,391345164
"3075",5,38.53528594,99,391245932
"3076",5,394.42060594,1,4005276071
"3077",5,394.42060594,10,4005812355
"3078",5,394.42060594,100,4005144086
"3079",5,394.42060594,11,4006026494
"3080",5,394.42060594,12,4006051586
"3081",5,394.42060594,13,3988873258
"3082",5,394.42060594,14,4005892819
"3083",5,394.42060594,15,4005968049
"3084",5,394.42060594,16,4002619370
"3085",5,394.42060594,17,4004534553
"3086",5,394.42060594,18,4000753868
"3087",5,394.42060594,19,3997735205
"3088",5,394.42060594,2,3991169084
"3089",5,394.42060594,20,3991169084
"3090",5,394.42060594,21,4005888866
"3091",5,394.42060594,22,4005920711
"3092",5,394.42060594,23,4005970455
"3093",5,394.42060594,24,4005914059
"3094",5,394.42060594,25,4001625439
"3095",5,394.42060594,26,4000386684
"3096",5,394.42060594,27,4005672332
"3097",5,394.42060594,28,4005225674
"3098",5,394.42060594,29,4006030881
"3099",5,394.42060594,3,4006001117
"3100",5,394.42060594,30,4005374273
"3101",5,394.42060594,31,4000055678
"3102",5,394.42060594,32,3999304527
"3103",5,394.42060594,33,4005166593
"3104",5,394.42060594,34,4005546633
"3105",5,394.42060594,35,4003651787
"3106",5,394.42060594,36,4003482175
"3107",5,394.42060594,37,4005940843
"3108",5,394.42060594,38,4004449899
"3109",5,394.42060594,39,4004988894
"3110",5,394.42060594,4,4001022073
"3111",5,394.42060594,40,4003595033
"3112",5,394.42060594,41,4004583351
"3113",5,394.42060594,42,4005924199
"3114",5,394.42060594,43,4004914278
"3115",5,394.42060594,44,4005442870
"3116",5,394.42060594,45,4006009576
"3117",5,394.42060594,46,4005927912
"3118",5,394.42060594,47,4005986093
"3119",5,394.42060594,48,4005937909
"3120",5,394.42060594,49,4005220673
"3121",5,394.42060594,5,4005128672
"3122",5,394.42060594,50,4006026560
"3123",5,394.42060594,51,4005584816
"3124",5,394.42060594,52,4002946046
"3125",5,394.42060594,53,4005864973
"3126",5,394.42060594,54,4005031903
"3127",5,394.42060594,55,4006078479
"3128",5,394.42060594,56,4005947107
"3129",5,394.42060594,57,4004014490
"3130",5,394.42060594,58,4004670382
"3131",5,394.42060594,59,4004790776
"3132",5,394.42060594,6,4004169462
"3133",5,394.42060594,60,4005078586
"3134",5,394.42060594,61,3999362665
"3135",5,394.42060594,62,4005025178
"3136",5,394.42060594,63,4005758996
"3137",5,394.42060594,64,4005739306
"3138",5,394.42060594,65,4006027525
"3139",5,394.42060594,66,4005980042
"3140",5,394.42060594,67,4005951851
"3141",5,394.42060594,68,4002938535
"3142",5,394.42060594,69,4005730188
"3143",5,394.42060594,7,3998588416
"3144",5,394.42060594,70,3981276038
"3145",5,394.42060594,71,4004477203
"3146",5,394.42060594,72,4005856342
"3147",5,394.42060594,73,4005875886
"3148",5,394.42060594,74,4005945495
"3149",5,394.42060594,75,4005098168
"3150",5,394.42060594,76,3996796890
"3151",5,394.42060594,77,4002487239
"3152",5,394.42060594,78,4005982277
"3153",5,394.42060594,79,4006044378
"3154",5,394.42060594,8,4004501642
"3155",5,394.42060594,80,3998774559
"3156",5,394.42060594,81,4004642877
"3157",5,394.42060594,82,4002874912
"3158",5,394.42060594,83,4005944314
"3159",5,394.42060594,84,4005771251
"3160",5,394.42060594,85,4005891632
"3161",5,394.42060594,86,4005779785
"3162",5,394.42060594,87,4003940022
"3163",5,394.42060594,88,4005944178
"3164",5,394.42060594,89,3998150902
"3165",5,394.42060594,9,4005857078
"3166",5,394.42060594,90,4005792978
"3167",5,394.42060594,91,4006078580
"3168",5,394.42060594,92,4005938116
"3169",5,394.42060594,93,4005557696
"3170",5,394.42060594,94,4004740357
"3171",5,394.42060594,95,4005713870
"3172",5,394.42060594,96,3996287802
"3173",5,394.42060594,97,4005868104
"3174",5,394.42060594,98,4004783546
"3175",5,394.42060594,99,4004487474
"3176",5,4.22924287,1,3
"3177",5,4.22924287,10,42946309
"3178",5,4.22924287,100,2
"3179",5,4.22924287,11,1
"3180",5,4.22924287,13,4
"3181",5,4.22924287,14,42959779
"3182",5,4.22924287,15,1
"3183",5,4.22924287,16,42958054
"3184",5,4.22924287,18,2
"3185",5,4.22924287,19,1
"3186",5,4.22924287,20,1
"3187",5,4.22924287,22,3
"3188",5,4.22924287,27,2
"3189",5,4.22924287,3,1
"3190",5,4.22924287,31,1
"3191",5,4.22924287,32,4
"3192",5,4.22924287,34,40998522
"3193",5,4.22924287,36,42960145
"3194",5,4.22924287,37,42939538
"3195",5,4.22924287,38,1
"3196",5,4.22924287,4,42955587
"3197",5,4.22924287,43,1
"3198",5,4.22924287,44,42947774
"3199",5,4.22924287,45,3
"3200",5,4.22924287,47,1
"3201",5,4.22924287,48,1
"3202",5,4.22924287,49,1
"3203",5,4.22924287,5,42965080
"3204",5,4.22924287,51,1
"3205",5,4.22924287,53,1
"3206",5,4.22924287,54,2
"3207",5,4.22924287,57,42943859
"3208",5,4.22924287,58,42285955
"3209",5,4.22924287,6,2
"3210",5,4.22924287,60,1
"3211",5,4.22924287,61,2
"3212",5,4.22924287,63,42951331
"3213",5,4.22924287,66,42946380
"3214",5,4.22924287,68,42955727
"3215",5,4.22924287,69,2
"3216",5,4.22924287,7,2
"3217",5,4.22924287,70,1
"3218",5,4.22924287,71,1
"3219",5,4.22924287,72,42047837
"3220",5,4.22924287,77,42952255
"3221",5,4.22924287,78,1
"3222",5,4.22924287,79,42947826
"3223",5,4.22924287,8,2
"3224",5,4.22924287,80,1
"3225",5,4.22924287,81,2
"3226",5,4.22924287,82,1
"3227",5,4.22924287,83,1
"3228",5,4.22924287,84,2
"3229",5,4.22924287,85,42952721
"3230",5,4.22924287,86,1
"3231",5,4.22924287,87,1
"3232",5,4.22924287,88,1
"3233",5,4.22924287,89,42950203
"3234",5,4.22924287,90,42954125
"3235",5,4.22924287,93,1
"3236",5,4.22924287,94,3
"3237",5,4.22924287,95,2
"3238",5,4.22924287,96,42957969
"3239",5,4.22924287,97,42947684
"3240",5,4.22924287,98,1
"3241",5,4.22924287,99,42956184
"3242",5,4.75081016,10,1
"3243",5,4.75081016,100,48249942
"3244",5,4.75081016,11,48262316
"3245",5,4.75081016,12,1
"3246",5,4.75081016,13,48261153
"3247",5,4.75081016,14,1
"3248",5,4.75081016,15,1
"3249",5,4.75081016,16,2
"3250",5,4.75081016,17,1
"3251",5,4.75081016,18,1
"3252",5,4.75081016,19,48248930
"3253",5,4.75081016,2,1
"3254",5,4.75081016,20,48247474
"3255",5,4.75081016,22,1
"3256",5,4.75081016,23,4
"3257",5,4.75081016,25,48241421
"3258",5,4.75081016,28,4
"3259",5,4.75081016,29,2
"3260",5,4.75081016,3,48260124
"3261",5,4.75081016,30,1
"3262",5,4.75081016,31,48252465
"3263",5,4.75081016,32,48258997
"3264",5,4.75081016,33,48245397
"3265",5,4.75081016,35,2
"3266",5,4.75081016,37,1
"3267",5,4.75081016,38,48244326
"3268",5,4.75081016,39,1
"3269",5,4.75081016,4,48248915
"3270",5,4.75081016,40,1
"3271",5,4.75081016,41,3
"3272",5,4.75081016,42,48244770
"3273",5,4.75081016,43,48250114
"3274",5,4.75081016,44,1
"3275",5,4.75081016,45,48250976
"3276",5,4.75081016,46,48248135
"3277",5,4.75081016,49,2
"3278",5,4.75081016,50,1
"3279",5,4.75081016,51,1
"3280",5,4.75081016,52,1
"3281",5,4.75081016,53,48248721
"3282",5,4.75081016,54,1
"3283",5,4.75081016,57,48258980
"3284",5,4.75081016,58,1
"3285",5,4.75081016,59,1
"3286",5,4.75081016,6,3
"3287",5,4.75081016,60,2
"3288",5,4.75081016,63,1
"3289",5,4.75081016,64,1
"3290",5,4.75081016,66,5
"3291",5,4.75081016,68,48247938
"3292",5,4.75081016,69,48243307
"3293",5,4.75081016,7,3
"3294",5,4.75081016,70,2
"3295",5,4.75081016,71,3
"3296",5,4.75081016,72,1
"3297",5,4.75081016,76,1
"3298",5,4.75081016,78,48247009
"3299",5,4.75081016,79,1
"3300",5,4.75081016,8,1
"3301",5,4.75081016,80,48255324
"3302",5,4.75081016,81,48248930
"3303",5,4.75081016,82,1
"3304",5,4.75081016,83,1
"3305",5,4.75081016,86,48255811
"3306",5,4.75081016,87,1
"3307",5,4.75081016,89,1
"3308",5,4.75081016,91,2
"3309",5,4.75081016,92,7755646
"3310",5,4.75081016,93,1
"3311",5,4.75081016,94,1
"3312",5,4.75081016,96,1
"3313",5,4.75081016,97,4
"3314",5,4.75081016,98,48248092
"3315",5,4.75081016,99,3
"3316",5,43.28761281,1,432905405
"3317",5,43.28761281,10,433374398
"3318",5,43.28761281,100,439636780
"3319",5,43.28761281,11,439613412
"3320",5,43.28761281,12,5
"3321",5,43.28761281,13,439664488
"3322",5,43.28761281,14,172598649
"3323",5,43.28761281,15,439665138
"3324",5,43.28761281,16,439657076
"3325",5,43.28761281,17,439676290
"3326",5,43.28761281,18,439328814
"3327",5,43.28761281,19,439362934
"3328",5,43.28761281,2,439653459
"3329",5,43.28761281,20,439211786
"3330",5,43.28761281,21,430616806
"3331",5,43.28761281,22,167115284
"3332",5,43.28761281,23,15
"3333",5,43.28761281,24,439638240
"3334",5,43.28761281,25,431646011
"3335",5,43.28761281,26,12
"3336",5,43.28761281,27,439664840
"3337",5,43.28761281,28,439418634
"3338",5,43.28761281,29,439640226
"3339",5,43.28761281,3,439356533
"3340",5,43.28761281,30,439639604
"3341",5,43.28761281,31,439602240
"3342",5,43.28761281,32,439685272
"3343",5,43.28761281,33,9
"3344",5,43.28761281,34,439638060
"3345",5,43.28761281,35,439486847
"3346",5,43.28761281,36,439358027
"3347",5,43.28761281,37,439674418
"3348",5,43.28761281,38,439321509
"3349",5,43.28761281,39,439360616
"3350",5,43.28761281,4,439508132
"3351",5,43.28761281,40,439652587
"3352",5,43.28761281,41,162132194
"3353",5,43.28761281,42,439645811
"3354",5,43.28761281,43,427485741
"3355",5,43.28761281,44,432315076
"3356",5,43.28761281,45,439315369
"3357",5,43.28761281,46,439690772
"3358",5,43.28761281,47,430908858
"3359",5,43.28761281,48,439426612
"3360",5,43.28761281,49,439370932
"3361",5,43.28761281,5,430241566
"3362",5,43.28761281,50,439479227
"3363",5,43.28761281,51,439676331
"3364",5,43.28761281,52,439677387
"3365",5,43.28761281,53,439684992
"3366",5,43.28761281,54,427859655
"3367",5,43.28761281,55,439696299
"3368",5,43.28761281,56,428199593
"3369",5,43.28761281,57,439441034
"3370",5,43.28761281,58,428470806
"3371",5,43.28761281,59,439646204
"3372",5,43.28761281,6,439674116
"3373",5,43.28761281,60,439186315
"3374",5,43.28761281,61,439467251
"3375",5,43.28761281,62,439652684
"3376",5,43.28761281,63,439670333
"3377",5,43.28761281,64,439664945
"3378",5,43.28761281,65,423321895
"3379",5,43.28761281,66,439667424
"3380",5,43.28761281,67,439178866
"3381",5,43.28761281,68,439532392
"3382",5,43.28761281,69,439368301
"3383",5,43.28761281,7,424929424
"3384",5,43.28761281,70,439546316
"3385",5,43.28761281,71,430102462
"3386",5,43.28761281,72,9
"3387",5,43.28761281,73,439671663
"3388",5,43.28761281,74,439624105
"3389",5,43.28761281,75,439549461
"3390",5,43.28761281,76,439652951
"3391",5,43.28761281,77,439676051
"3392",5,43.28761281,78,439685836
"3393",5,43.28761281,79,423454904
"3394",5,43.28761281,8,425561949
"3395",5,43.28761281,80,439441212
"3396",5,43.28761281,81,439292365
"3397",5,43.28761281,82,8
"3398",5,43.28761281,83,439659230
"3399",5,43.28761281,84,439657860
"3400",5,43.28761281,85,428478713
"3401",5,43.28761281,86,431803409
"3402",5,43.28761281,87,439517637
"3403",5,43.28761281,88,439408542
"3404",5,43.28761281,89,439629993
"3405",5,43.28761281,9,429809780
"3406",5,43.28761281,90,439656722
"3407",5,43.28761281,91,432447427
"3408",5,43.28761281,92,439531047
"3409",5,43.28761281,93,427109975
"3410",5,43.28761281,94,439682131
"3411",5,43.28761281,95,423071361
"3412",5,43.28761281,96,430222904
"3413",5,43.28761281,97,439286080
"3414",5,43.28761281,98,439411543
"3415",5,43.28761281,99,439321509
"3416",5,443.06214576,1,4499534679
"3417",5,443.06214576,10,4498519817
"3418",5,443.06214576,100,4499662585
"3419",5,443.06214576,11,4499925592
"3420",5,443.06214576,12,4499557905
"3421",5,443.06214576,13,4498417399
"3422",5,443.06214576,14,4500111781
"3423",5,443.06214576,15,4499973931
"3424",5,443.06214576,16,4499757369
"3425",5,443.06214576,17,4498277520
"3426",5,443.06214576,18,4497596406
"3427",5,443.06214576,19,4499976372
"3428",5,443.06214576,2,4499409950
"3429",5,443.06214576,20,4498286458
"3430",5,443.06214576,21,4499917243
"3431",5,443.06214576,22,4497535871
"3432",5,443.06214576,23,4499047047
"3433",5,443.06214576,24,4498067733
"3434",5,443.06214576,25,4499411388
"3435",5,443.06214576,26,4497841559
"3436",5,443.06214576,27,4499576508
"3437",5,443.06214576,28,4500029892
"3438",5,443.06214576,29,4499695093
"3439",5,443.06214576,3,4496474775
"3440",5,443.06214576,30,4498613707
"3441",5,443.06214576,31,4493458728
"3442",5,443.06214576,32,4492985390
"3443",5,443.06214576,33,4499793113
"3444",5,443.06214576,34,4500084400
"3445",5,443.06214576,35,4499771606
"3446",5,443.06214576,36,4499593767
"3447",5,443.06214576,37,4499714442
"3448",5,443.06214576,38,4499102080
"3449",5,443.06214576,39,4500024750
"3450",5,443.06214576,4,4498929376
"3451",5,443.06214576,40,4499749825
"3452",5,443.06214576,41,4500077527
"3453",5,443.06214576,42,4496530965
"3454",5,443.06214576,43,4499921736
"3455",5,443.06214576,44,4499907099
"3456",5,443.06214576,45,4499667739
"3457",5,443.06214576,46,4500037756
"3458",5,443.06214576,47,4500069783
"3459",5,443.06214576,48,4499259128
"3460",5,443.06214576,49,4500018279
"3461",5,443.06214576,5,4499693831
"3462",5,443.06214576,50,4499915339
"3463",5,443.06214576,51,4499996283
"3464",5,443.06214576,52,4499993110
"3465",5,443.06214576,53,4499752600
"3466",5,443.06214576,54,4499999973
"3467",5,443.06214576,55,4499098238
"3468",5,443.06214576,56,4499957965
"3469",5,443.06214576,57,4498742494
"3470",5,443.06214576,58,4499787942
"3471",5,443.06214576,59,4399219326
"3472",5,443.06214576,6,4500033437
"3473",5,443.06214576,60,4499817749
"3474",5,443.06214576,61,4499707772
"3475",5,443.06214576,62,4491709133
"3476",5,443.06214576,63,4499863676
"3477",5,443.06214576,64,4499811514
"3478",5,443.06214576,65,4487082139
"3479",5,443.06214576,66,4499177090
"3480",5,443.06214576,67,4499379046
"3481",5,443.06214576,68,4499651604
"3482",5,443.06214576,69,4499813036
"3483",5,443.06214576,7,4500118493
"3484",5,443.06214576,70,4499903686
"3485",5,443.06214576,71,4499775050
"3486",5,443.06214576,72,4499873845
"3487",5,443.06214576,73,4499327105
"3488",5,443.06214576,74,4496707613
"3489",5,443.06214576,75,4499837314
"3490",5,443.06214576,76,4498559798
"3491",5,443.06214576,77,4496994196
"3492",5,443.06214576,78,4499906803
"3493",5,443.06214576,79,4499803412
"3494",5,443.06214576,8,4499807919
"3495",5,443.06214576,80,4498074469
"3496",5,443.06214576,81,4499155020
"3497",5,443.06214576,82,4499904464
"3498",5,443.06214576,83,4500115129
"3499",5,443.06214576,84,4500020759
"3500",5,443.06214576,85,4499672359
"3501",5,443.06214576,86,4499957281
"3502",5,443.06214576,87,4498571656
"3503",5,443.06214576,88,4499659474
"3504",5,443.06214576,89,4498692773
"3505",5,443.06214576,9,4500014198
"3506",5,443.06214576,90,4500054714
"3507",5,443.06214576,91,4495344570
"3508",5,443.06214576,92,4499818349
"3509",5,443.06214576,93,4485031181
"3510",5,443.06214576,94,4499947020
"3511",5,443.06214576,95,4494457591
"3512",5,443.06214576,96,4499981898
"3513",5,443.06214576,97,4499603496
"3514",5,443.06214576,98,4499859879
"3515",5,443.06214576,99,4497950520
"3516",5,48.6260158,1,493532648
"3517",5,48.6260158,10,468606244
"3518",5,48.6260158,100,493583342
"3519",5,48.6260158,11,468606244
"3520",5,48.6260158,12,493441781
"3521",5,48.6260158,13,493878728
"3522",5,48.6260158,14,493871886
"3523",5,48.6260158,15,478708790
"3524",5,48.6260158,16,475800205
"3525",5,48.6260158,17,473361286
"3526",5,48.6260158,18,480000023
"3527",5,48.6260158,19,493864037
"3528",5,48.6260158,2,493930843
"3529",5,48.6260158,20,493340937
"3530",5,48.6260158,21,493872884
"3531",5,48.6260158,22,493844606
"3532",5,48.6260158,23,471241229
"3533",5,48.6260158,24,478852730
"3534",5,48.6260158,25,493110824
"3535",5,48.6260158,26,493889033
"3536",5,48.6260158,27,493183334
"3537",5,48.6260158,28,493377780
"3538",5,48.6260158,29,493877738
"3539",5,48.6260158,3,493921848
"3540",5,48.6260158,30,493447899
"3541",5,48.6260158,31,493863603
"3542",5,48.6260158,32,493884063
"3543",5,48.6260158,33,14
"3544",5,48.6260158,34,484472123
"3545",5,48.6260158,35,493942219
"3546",5,48.6260158,36,474442155
"3547",5,48.6260158,37,493882308
"3548",5,48.6260158,38,493874313
"3549",5,48.6260158,39,493916237
"3550",5,48.6260158,4,493500044
"3551",5,48.6260158,40,493390795
"3552",5,48.6260158,41,11
"3553",5,48.6260158,42,493862977
"3554",5,48.6260158,43,11
"3555",5,48.6260158,44,484969080
"3556",5,48.6260158,45,481338902
"3557",5,48.6260158,46,493892007
"3558",5,48.6260158,47,479812447
"3559",5,48.6260158,48,493874583
"3560",5,48.6260158,49,493903900
"3561",5,48.6260158,5,5
"3562",5,48.6260158,50,492870357
"3563",5,48.6260158,51,493867321
"3564",5,48.6260158,52,493853204
"3565",5,48.6260158,53,492865084
"3566",5,48.6260158,54,493881136
"3567",5,48.6260158,55,493857815
"3568",5,48.6260158,56,7
"3569",5,48.6260158,57,492537759
"3570",5,48.6260158,58,19
"3571",5,48.6260158,59,493893551
"3572",5,48.6260158,6,479162955
"3573",5,48.6260158,60,493880914
"3574",5,48.6260158,61,474648628
"3575",5,48.6260158,62,493885225
"3576",5,48.6260158,63,493937630
"3577",5,48.6260158,64,493455541
"3578",5,48.6260158,65,15
"3579",5,48.6260158,66,493868851
"3580",5,48.6260158,67,493293243
"3581",5,48.6260158,68,493865800
"3582",5,48.6260158,69,493393286
"3583",5,48.6260158,7,493127017
"3584",5,48.6260158,70,493851090
"3585",5,48.6260158,71,474451272
"3586",5,48.6260158,72,493901160
"3587",5,48.6260158,73,476293648
"3588",5,48.6260158,74,493542434
"3589",5,48.6260158,75,493823014
"3590",5,48.6260158,76,493875461
"3591",5,48.6260158,77,493878032
"3592",5,48.6260158,78,493866460
"3593",5,48.6260158,79,493899100
"3594",5,48.6260158,8,493375701
"3595",5,48.6260158,80,492946491
"3596",5,48.6260158,81,493846909
"3597",5,48.6260158,82,493360503
"3598",5,48.6260158,83,493894006
"3599",5,48.6260158,84,12
"3600",5,48.6260158,85,493877264
"3601",5,48.6260158,86,493622681
"3602",5,48.6260158,87,479068602
"3603",5,48.6260158,88,493861151
"3604",5,48.6260158,89,483159766
"3605",5,48.6260158,9,9
"3606",5,48.6260158,90,13
"3607",5,48.6260158,91,493235144
"3608",5,48.6260158,92,493334976
"3609",5,48.6260158,93,493395737
"3610",5,48.6260158,94,493880894
"3611",5,48.6260158,95,493875731
"3612",5,48.6260158,96,493399797
"3613",5,48.6260158,97,12
"3614",5,48.6260158,98,481668172
"3615",5,48.6260158,99,492765870
"3616",5,497.70235643,1,5055029848
"3617",5,497.70235643,10,5054589486
"3618",5,497.70235643,100,5054769894
"3619",5,497.70235643,11,5054670342
"3620",5,497.70235643,12,5055000188
"3621",5,497.70235643,13,5050227893
"3622",5,497.70235643,14,5052409157
"3623",5,497.70235643,15,5054614005
"3624",5,497.70235643,16,5053926677
"3625",5,497.70235643,17,5053335728
"3626",5,497.70235643,18,5051928702
"3627",5,497.70235643,19,5054510512
"3628",5,497.70235643,2,5050159403
"3629",5,497.70235643,20,5054538724
"3630",5,497.70235643,21,5054456397
"3631",5,497.70235643,22,5054733968
"3632",5,497.70235643,23,5054907723
"3633",5,497.70235643,24,5054591541
"3634",5,497.70235643,25,5054990024
"3635",5,497.70235643,26,5049974189
"3636",5,497.70235643,27,5054008588
"3637",5,497.70235643,28,5053377881
"3638",5,497.70235643,29,5054817137
"3639",5,497.70235643,3,5047787600
"3640",5,497.70235643,30,5051687132
"3641",5,497.70235643,31,5053309509
"3642",5,497.70235643,32,5054047011
"3643",5,497.70235643,33,5053980501
"3644",5,497.70235643,34,5054934357
"3645",5,497.70235643,35,5054885984
"3646",5,497.70235643,36,5054936315
"3647",5,497.70235643,37,5054093055
"3648",5,497.70235643,38,5054927049
"3649",5,497.70235643,39,5054899916
"3650",5,497.70235643,4,5053385764
"3651",5,497.70235643,40,5054928417
"3652",5,497.70235643,41,5053744249
"3653",5,497.70235643,42,5054836655
"3654",5,497.70235643,43,5025154904
"3655",5,497.70235643,44,5054966227
"3656",5,497.70235643,45,5054903729
"3657",5,497.70235643,46,5052998035
"3658",5,497.70235643,47,5053973034
"3659",5,497.70235643,48,5054754554
"3660",5,497.70235643,49,5054635904
"3661",5,497.70235643,5,5052708030
"3662",5,497.70235643,50,5053486527
"3663",5,497.70235643,51,5055071416
"3664",5,497.70235643,52,5046455397
"3665",5,497.70235643,53,5050233486
"3666",5,497.70235643,54,5054533809
"3667",5,497.70235643,55,5052197170
"3668",5,497.70235643,56,5055081157
"3669",5,497.70235643,57,5051861213
"3670",5,497.70235643,58,5053765146
"3671",5,497.70235643,59,5053934078
"3672",5,497.70235643,6,5054456461
"3673",5,497.70235643,60,5054967472
"3674",5,497.70235643,61,5054621253
"3675",5,497.70235643,62,5051992396
"3676",5,497.70235643,63,5052506249
"3677",5,497.70235643,64,5054958852
"3678",5,497.70235643,65,5054040005
"3679",5,497.70235643,66,5054303532
"3680",5,497.70235643,67,5054679134
"3681",5,497.70235643,68,5054854573
"3682",5,497.70235643,69,5054622325
"3683",5,497.70235643,7,5053026098
"3684",5,497.70235643,70,5052784378
"3685",5,497.70235643,71,5052808094
"3686",5,497.70235643,72,5054296462
"3687",5,497.70235643,73,5054640230
"3688",5,497.70235643,74,5048186966
"3689",5,497.70235643,75,5054999532
"3690",5,497.70235643,76,5054852646
"3691",5,497.70235643,77,5054583642
"3692",5,497.70235643,78,5054926484
"3693",5,497.70235643,79,5054795029
"3694",5,497.70235643,8,5055107207
"3695",5,497.70235643,80,5051445181
"3696",5,497.70235643,81,5054757325
"3697",5,497.70235643,82,5054614804
"3698",5,497.70235643,83,5041713743
"3699",5,497.70235643,84,5054712673
"3700",5,497.70235643,85,5054911040
"3701",5,497.70235643,86,5054703359
"3702",5,497.70235643,87,5054803697
"3703",5,497.70235643,88,5053356934
"3704",5,497.70235643,89,5053721307
"3705",5,497.70235643,9,5054816911
"3706",5,497.70235643,90,5053172032
"3707",5,497.70235643,91,5054850191
"3708",5,497.70235643,92,5053073748
"3709",5,497.70235643,93,5054669473
"3710",5,497.70235643,94,5054923341
"3711",5,497.70235643,95,5054685461
"3712",5,497.70235643,96,5053843831
"3713",5,497.70235643,97,5044892207
"3714",5,497.70235643,98,5054967515
"3715",5,497.70235643,99,5054838014
"3716",5,5.33669923,1,7718078
"3717",5,5.33669923,10,1
"3718",5,5.33669923,100,54199091
"3719",5,5.33669923,11,2
"3720",5,5.33669923,12,3
"3721",5,5.33669923,13,52838871
"3722",5,5.33669923,14,1
"3723",5,5.33669923,15,2
"3724",5,5.33669923,16,54193606
"3725",5,5.33669923,17,4
"3726",5,5.33669923,18,4
"3727",5,5.33669923,19,1
"3728",5,5.33669923,2,54211224
"3729",5,5.33669923,20,1
"3730",5,5.33669923,21,3
"3731",5,5.33669923,23,7944894
"3732",5,5.33669923,24,54198226
"3733",5,5.33669923,25,54201733
"3734",5,5.33669923,26,2
"3735",5,5.33669923,27,1
"3736",5,5.33669923,28,54203864
"3737",5,5.33669923,3,1
"3738",5,5.33669923,30,54201441
"3739",5,5.33669923,31,4
"3740",5,5.33669923,32,2
"3741",5,5.33669923,33,2
"3742",5,5.33669923,34,54197664
"3743",5,5.33669923,35,1
"3744",5,5.33669923,37,54205548
"3745",5,5.33669923,39,54201765
"3746",5,5.33669923,4,3
"3747",5,5.33669923,40,3
"3748",5,5.33669923,42,2
"3749",5,5.33669923,43,1
"3750",5,5.33669923,44,44108448
"3751",5,5.33669923,45,1
"3752",5,5.33669923,46,1
"3753",5,5.33669923,47,1
"3754",5,5.33669923,48,2
"3755",5,5.33669923,49,1
"3756",5,5.33669923,50,1
"3757",5,5.33669923,51,54200831
"3758",5,5.33669923,52,54210462
"3759",5,5.33669923,53,1
"3760",5,5.33669923,54,7467098
"3761",5,5.33669923,55,1
"3762",5,5.33669923,56,54209600
"3763",5,5.33669923,57,1
"3764",5,5.33669923,58,54207279
"3765",5,5.33669923,59,2
"3766",5,5.33669923,6,3
"3767",5,5.33669923,61,54192354
"3768",5,5.33669923,62,54207251
"3769",5,5.33669923,63,54208918
"3770",5,5.33669923,64,54190590
"3771",5,5.33669923,65,2
"3772",5,5.33669923,67,1
"3773",5,5.33669923,68,54214313
"3774",5,5.33669923,69,2
"3775",5,5.33669923,7,3
"3776",5,5.33669923,71,2
"3777",5,5.33669923,72,1
"3778",5,5.33669923,73,1
"3779",5,5.33669923,74,3
"3780",5,5.33669923,75,1
"3781",5,5.33669923,76,1
"3782",5,5.33669923,79,54196655
"3783",5,5.33669923,8,54201715
"3784",5,5.33669923,82,1
"3785",5,5.33669923,83,54199085
"3786",5,5.33669923,84,1
"3787",5,5.33669923,85,2
"3788",5,5.33669923,86,1
"3789",5,5.33669923,87,51667155
"3790",5,5.33669923,88,54208938
"3791",5,5.33669923,89,1
"3792",5,5.33669923,92,54196522
"3793",5,5.33669923,93,54196586
"3794",5,5.33669923,94,2
"3795",5,5.33669923,95,54205229
"3796",5,5.33669923,96,54216340
"3797",5,5.33669923,97,1
"3798",5,5.33669923,98,2
"3799",5,5.33669923,99,3
"3800",5,5.9948425,1,7804567
"3801",5,5.9948425,100,60892631
"3802",5,5.9948425,11,2
"3803",5,5.9948425,13,2
"3804",5,5.9948425,14,3
"3805",5,5.9948425,16,1
"3806",5,5.9948425,17,2
"3807",5,5.9948425,18,60880357
"3808",5,5.9948425,19,1
"3809",5,5.9948425,21,1
"3810",5,5.9948425,22,2
"3811",5,5.9948425,24,60903724
"3812",5,5.9948425,25,2
"3813",5,5.9948425,27,60887139
"3814",5,5.9948425,28,1
"3815",5,5.9948425,29,3
"3816",5,5.9948425,3,60890991
"3817",5,5.9948425,30,1
"3818",5,5.9948425,31,2
"3819",5,5.9948425,34,60896039
"3820",5,5.9948425,35,60894537
"3821",5,5.9948425,37,60895256
"3822",5,5.9948425,38,7639279
"3823",5,5.9948425,39,3
"3824",5,5.9948425,4,60907887
"3825",5,5.9948425,40,7
"3826",5,5.9948425,41,60892177
"3827",5,5.9948425,42,60886172
"3828",5,5.9948425,43,2
"3829",5,5.9948425,45,3
"3830",5,5.9948425,46,60884904
"3831",5,5.9948425,47,1
"3832",5,5.9948425,48,4
"3833",5,5.9948425,49,60885873
"3834",5,5.9948425,5,5
"3835",5,5.9948425,50,1
"3836",5,5.9948425,51,60875222
"3837",5,5.9948425,52,60886735
"3838",5,5.9948425,53,1
"3839",5,5.9948425,55,60235315
"3840",5,5.9948425,57,3
"3841",5,5.9948425,58,1
"3842",5,5.9948425,59,1
"3843",5,5.9948425,6,2
"3844",5,5.9948425,60,1
"3845",5,5.9948425,61,2
"3846",5,5.9948425,62,60879567
"3847",5,5.9948425,63,1
"3848",5,5.9948425,64,1
"3849",5,5.9948425,65,60894986
"3850",5,5.9948425,66,2
"3851",5,5.9948425,67,60878578
"3852",5,5.9948425,69,2
"3853",5,5.9948425,70,60887601
"3854",5,5.9948425,72,60897756
"3855",5,5.9948425,73,2
"3856",5,5.9948425,74,1
"3857",5,5.9948425,75,1
"3858",5,5.9948425,76,2
"3859",5,5.9948425,77,1
"3860",5,5.9948425,78,1
"3861",5,5.9948425,79,60892017
"3862",5,5.9948425,8,1
"3863",5,5.9948425,80,60892821
"3864",5,5.9948425,81,6
"3865",5,5.9948425,82,60889200
"3866",5,5.9948425,83,1
"3867",5,5.9948425,84,2
"3868",5,5.9948425,85,3
"3869",5,5.9948425,86,3
"3870",5,5.9948425,87,2
"3871",5,5.9948425,88,60876740
"3872",5,5.9948425,89,1
"3873",5,5.9948425,9,1
"3874",5,5.9948425,90,60900054
"3875",5,5.9948425,91,60885532
"3876",5,5.9948425,92,2
"3877",5,5.9948425,93,2
"3878",5,5.9948425,95,60882748
"3879",5,5.9948425,97,60872015
"3880",5,5.9948425,98,1
"3881",5,5.9948425,99,60899507
"3882",5,54.62277218,1,554673364
"3883",5,54.62277218,10,554743819
"3884",5,54.62277218,100,554644783
"3885",5,54.62277218,11,554786329
"3886",5,54.62277218,12,553549850
"3887",5,54.62277218,13,552921679
"3888",5,54.62277218,14,554070720
"3889",5,54.62277218,15,553263784
"3890",5,54.62277218,16,554763740
"3891",5,54.62277218,17,528216375
"3892",5,54.62277218,18,521514164
"3893",5,54.62277218,19,554750267
"3894",5,54.62277218,2,553680926
"3895",5,54.62277218,20,554818718
"3896",5,54.62277218,21,552865765
"3897",5,54.62277218,22,554798191
"3898",5,54.62277218,23,554705158
"3899",5,54.62277218,24,530629411
"3900",5,54.62277218,25,532990252
"3901",5,54.62277218,26,554810083
"3902",5,54.62277218,27,554736645
"3903",5,54.62277218,28,522899657
"3904",5,54.62277218,29,553539976
"3905",5,54.62277218,3,552686220
"3906",5,54.62277218,30,554725131
"3907",5,54.62277218,31,10
"3908",5,54.62277218,32,518098158
"3909",5,54.62277218,33,553439919
"3910",5,54.62277218,34,554737773
"3911",5,54.62277218,35,554751842
"3912",5,54.62277218,36,527917542
"3913",5,54.62277218,37,554787639
"3914",5,54.62277218,38,8904813
"3915",5,54.62277218,39,554778758
"3916",5,54.62277218,4,554691507
"3917",5,54.62277218,40,538033339
"3918",5,54.62277218,41,554772020
"3919",5,54.62277218,42,553447016
"3920",5,54.62277218,43,554810686
"3921",5,54.62277218,44,554789197
"3922",5,54.62277218,45,554740832
"3923",5,54.62277218,46,533699909
"3924",5,54.62277218,47,554745921
"3925",5,54.62277218,48,514700802
"3926",5,54.62277218,49,526930695
"3927",5,54.62277218,5,554821037
"3928",5,54.62277218,50,554857868
"3929",5,54.62277218,51,554785135
"3930",5,54.62277218,52,554782577
"3931",5,54.62277218,53,553723088
"3932",5,54.62277218,54,554700140
"3933",5,54.62277218,55,554729640
"3934",5,54.62277218,56,554800541
"3935",5,54.62277218,57,554732425
"3936",5,54.62277218,58,554780899
"3937",5,54.62277218,59,553495081
"3938",5,54.62277218,6,554788977
"3939",5,54.62277218,60,553737115
"3940",5,54.62277218,61,553494183
"3941",5,54.62277218,62,554709330
"3942",5,54.62277218,63,552406760
"3943",5,54.62277218,64,554840357
"3944",5,54.62277218,65,553044277
"3945",5,54.62277218,66,554809715
"3946",5,54.62277218,67,554819634
"3947",5,54.62277218,68,554784191
"3948",5,54.62277218,69,554775851
"3949",5,54.62277218,7,169889978
"3950",5,54.62277218,70,535403005
"3951",5,54.62277218,71,554776011
"3952",5,54.62277218,72,554693854
"3953",5,54.62277218,73,554788379
"3954",5,54.62277218,74,553584834
"3955",5,54.62277218,75,554030952
"3956",5,54.62277218,76,535020144
"3957",5,54.62277218,77,553996649
"3958",5,54.62277218,78,554781174
"3959",5,54.62277218,79,554760645
"3960",5,54.62277218,8,554808070
"3961",5,54.62277218,80,554781118
"3962",5,54.62277218,81,528859625
"3963",5,54.62277218,82,554802578
"3964",5,54.62277218,83,554761737
"3965",5,54.62277218,84,554703667
"3966",5,54.62277218,85,554645679
"3967",5,54.62277218,86,554729974
"3968",5,54.62277218,87,554772571
"3969",5,54.62277218,88,554658731
"3970",5,54.62277218,89,554811134
"3971",5,54.62277218,9,553648366
"3972",5,54.62277218,90,536847054
"3973",5,54.62277218,91,554720916
"3974",5,54.62277218,92,554760872
"3975",5,54.62277218,93,542905722
"3976",5,54.62277218,94,554782144
"3977",5,54.62277218,95,8788922
"3978",5,54.62277218,96,522853087
"3979",5,54.62277218,97,554696509
"3980",5,54.62277218,98,554805302
"3981",5,54.62277218,99,554799699
"3982",5,559.08101825,1,5678187633
"3983",5,559.08101825,10,5678107892
"3984",5,559.08101825,100,5678312404
"3985",5,559.08101825,11,5677452909
"3986",5,559.08101825,12,5677359418
"3987",5,559.08101825,13,5677878715
"3988",5,559.08101825,14,5678152330
"3989",5,559.08101825,15,5678291928
"3990",5,559.08101825,16,5678365505
"3991",5,559.08101825,17,5677741474
"3992",5,559.08101825,18,5667322680
"3993",5,559.08101825,19,5678471691
"3994",5,559.08101825,2,5672915847
"3995",5,559.08101825,20,5677723533
"3996",5,559.08101825,21,5678272875
"3997",5,559.08101825,22,5676670532
"3998",5,559.08101825,23,5678459742
"3999",5,559.08101825,24,5677931489
"4000",5,559.08101825,25,5678500251
"4001",5,559.08101825,26,5678464469
"4002",5,559.08101825,27,5674320093
"4003",5,559.08101825,28,5677861311
"4004",5,559.08101825,29,5674055980
"4005",5,559.08101825,3,5678019852
"4006",5,559.08101825,30,5677947246
"4007",5,559.08101825,31,5677952915
"4008",5,559.08101825,32,5678350043
"4009",5,559.08101825,33,5677147611
"4010",5,559.08101825,34,5678263568
"4011",5,559.08101825,35,5677893717
"4012",5,559.08101825,36,5678254850
"4013",5,559.08101825,37,5677723293
"4014",5,559.08101825,38,5678439281
"4015",5,559.08101825,39,5678058867
"4016",5,559.08101825,4,5676853435
"4017",5,559.08101825,40,5675801596
"4018",5,559.08101825,41,5675889394
"4019",5,559.08101825,42,5677916099
"4020",5,559.08101825,43,5677808852
"4021",5,559.08101825,44,5669483411
"4022",5,559.08101825,45,5678224516
"4023",5,559.08101825,46,5676874676
"4024",5,559.08101825,47,5677438436
"4025",5,559.08101825,48,5678406809
"4026",5,559.08101825,49,5678356160
"4027",5,559.08101825,5,5678361643
"4028",5,559.08101825,50,5678106146
"4029",5,559.08101825,51,5676108936
"4030",5,559.08101825,52,5678259075
"4031",5,559.08101825,53,5677773814
"4032",5,559.08101825,54,5678601635
"4033",5,559.08101825,55,5678471471
"4034",5,559.08101825,56,5678356231
"4035",5,559.08101825,57,5678115520
"4036",5,559.08101825,58,5665430284
"4037",5,559.08101825,59,5673816101
"4038",5,559.08101825,6,5678480344
"4039",5,559.08101825,60,5677694565
"4040",5,559.08101825,61,5678430258
"4041",5,559.08101825,62,5663470063
"4042",5,559.08101825,63,5674124394
"4043",5,559.08101825,64,5676999149
"4044",5,559.08101825,65,5677311781
"4045",5,559.08101825,66,5678374416
"4046",5,559.08101825,67,5607051453
"4047",5,559.08101825,68,5678401413
"4048",5,559.08101825,69,5675104933
"4049",5,559.08101825,7,5678398721
"4050",5,559.08101825,70,5678310668
"4051",5,559.08101825,71,5677455601
"4052",5,559.08101825,72,5675853166
"4053",5,559.08101825,73,5676702822
"4054",5,559.08101825,74,5677274540
"4055",5,559.08101825,75,5678279434
"4056",5,559.08101825,76,5676955596
"4057",5,559.08101825,77,5675442175
"4058",5,559.08101825,78,5677622767
"4059",5,559.08101825,79,5678364792
"4060",5,559.08101825,8,5673431158
"4061",5,559.08101825,80,5678024678
"4062",5,559.08101825,81,5676501289
"4063",5,559.08101825,82,5678451612
"4064",5,559.08101825,83,5678373602
"4065",5,559.08101825,84,5677907704
"4066",5,559.08101825,85,5677777955
"4067",5,559.08101825,86,5678330474
"4068",5,559.08101825,87,5677954897
"4069",5,559.08101825,88,5678308318
"4070",5,559.08101825,89,5678010528
"4071",5,559.08101825,9,5678336045
"4072",5,559.08101825,90,5677773964
"4073",5,559.08101825,91,5677808562
"4074",5,559.08101825,92,5678436505
"4075",5,559.08101825,93,5677052395
"4076",5,559.08101825,94,5677508579
"4077",5,559.08101825,95,5678566879
"4078",5,559.08101825,96,5674219453
"4079",5,559.08101825,97,5675336097
"4080",5,559.08101825,98,5673482665
"4081",5,559.08101825,99,5677834645
"4082",5,6.73415066,1,1
"4083",5,6.73415066,10,68395070
"4084",5,6.73415066,100,1
"4085",5,6.73415066,13,3
"4086",5,6.73415066,15,2
"4087",5,6.73415066,16,3
"4088",5,6.73415066,17,1
"4089",5,6.73415066,18,1
"4090",5,6.73415066,20,2
"4091",5,6.73415066,21,4
"4092",5,6.73415066,22,1
"4093",5,6.73415066,23,1
"4094",5,6.73415066,24,3
"4095",5,6.73415066,25,1
"4096",5,6.73415066,26,4
"4097",5,6.73415066,27,1
"4098",5,6.73415066,28,1
"4099",5,6.73415066,3,3
"4100",5,6.73415066,31,68389927
"4101",5,6.73415066,32,1
"4102",5,6.73415066,33,68399095
"4103",5,6.73415066,34,1
"4104",5,6.73415066,35,1
"4105",5,6.73415066,36,3
"4106",5,6.73415066,37,2
"4107",5,6.73415066,39,1
"4108",5,6.73415066,4,5
"4109",5,6.73415066,40,1
"4110",5,6.73415066,41,4
"4111",5,6.73415066,42,4
"4112",5,6.73415066,43,1
"4113",5,6.73415066,44,2
"4114",5,6.73415066,45,1
"4115",5,6.73415066,47,1
"4116",5,6.73415066,49,1
"4117",5,6.73415066,5,1
"4118",5,6.73415066,50,3
"4119",5,6.73415066,51,2
"4120",5,6.73415066,52,3
"4121",5,6.73415066,54,1
"4122",5,6.73415066,55,68410805
"4123",5,6.73415066,56,68394250
"4124",5,6.73415066,57,1
"4125",5,6.73415066,59,1
"4126",5,6.73415066,6,2
"4127",5,6.73415066,60,1
"4128",5,6.73415066,61,1
"4129",5,6.73415066,62,6
"4130",5,6.73415066,63,1
"4131",5,6.73415066,66,3
"4132",5,6.73415066,68,1
"4133",5,6.73415066,70,68404735
"4134",5,6.73415066,72,2
"4135",5,6.73415066,73,68395636
"4136",5,6.73415066,74,3
"4137",5,6.73415066,75,1
"4138",5,6.73415066,76,68386558
"4139",5,6.73415066,77,68403480
"4140",5,6.73415066,78,1
"4141",5,6.73415066,8,1
"4142",5,6.73415066,80,1
"4143",5,6.73415066,81,2
"4144",5,6.73415066,84,1
"4145",5,6.73415066,85,1
"4146",5,6.73415066,87,3
"4147",5,6.73415066,88,2
"4148",5,6.73415066,89,1
"4149",5,6.73415066,9,2
"4150",5,6.73415066,90,2
"4151",5,6.73415066,91,3
"4152",5,6.73415066,92,2
"4153",5,6.73415066,94,4
"4154",5,6.73415066,95,1
"4155",5,6.73415066,96,3
"4156",5,6.73415066,98,2
"4157",5,6.73415066,99,2
"4158",5,61.35907273,1,623258717
"4159",5,61.35907273,10,623192832
"4160",5,61.35907273,100,623153679
"4161",5,61.35907273,11,621702052
"4162",5,61.35907273,12,620499473
"4163",5,61.35907273,13,620102614
"4164",5,61.35907273,14,623161798
"4165",5,61.35907273,15,619566249
"4166",5,61.35907273,16,623234408
"4167",5,61.35907273,17,623168327
"4168",5,61.35907273,18,623179304
"4169",5,61.35907273,19,142094818
"4170",5,61.35907273,2,597266433
"4171",5,61.35907273,20,587392847
"4172",5,61.35907273,21,588694679
"4173",5,61.35907273,22,623213104
"4174",5,61.35907273,23,594553970
"4175",5,61.35907273,24,623230296
"4176",5,61.35907273,25,623202413
"4177",5,61.35907273,26,15
"4178",5,61.35907273,27,577368481
"4179",5,61.35907273,28,623236654
"4180",5,61.35907273,29,620534936
"4181",5,61.35907273,3,620643418
"4182",5,61.35907273,30,623219916
"4183",5,61.35907273,31,623214926
"4184",5,61.35907273,32,623196603
"4185",5,61.35907273,33,623166604
"4186",5,61.35907273,34,623172024
"4187",5,61.35907273,35,623214642
"4188",5,61.35907273,36,619924578
"4189",5,61.35907273,37,578111077
"4190",5,61.35907273,38,619726161
"4191",5,61.35907273,39,619792498
"4192",5,61.35907273,4,623202321
"4193",5,61.35907273,40,623190977
"4194",5,61.35907273,41,623180150
"4195",5,61.35907273,42,620276710
"4196",5,61.35907273,43,623204634
"4197",5,61.35907273,44,623179580
"4198",5,61.35907273,45,623215156
"4199",5,61.35907273,46,574141809
"4200",5,61.35907273,47,594202527
"4201",5,61.35907273,48,618416428
"4202",5,61.35907273,49,583315982
"4203",5,61.35907273,5,620058466
"4204",5,61.35907273,50,622937645
"4205",5,61.35907273,51,623168067
"4206",5,61.35907273,52,619043271
"4207",5,61.35907273,53,620843793
"4208",5,61.35907273,54,623210177
"4209",5,61.35907273,55,623206573
"4210",5,61.35907273,56,578619574
"4211",5,61.35907273,57,623182058
"4212",5,61.35907273,58,623190617
"4213",5,61.35907273,59,623224087
"4214",5,61.35907273,6,619172039
"4215",5,61.35907273,60,619902858
"4216",5,61.35907273,61,623182567
"4217",5,61.35907273,62,566292464
"4218",5,61.35907273,63,623212267
"4219",5,61.35907273,64,622919397
"4220",5,61.35907273,65,620916345
"4221",5,61.35907273,66,623218006
"4222",5,61.35907273,67,623156378
"4223",5,61.35907273,68,623228447
"4224",5,61.35907273,69,623213148
"4225",5,61.35907273,7,621579129
"4226",5,61.35907273,70,623174070
"4227",5,61.35907273,71,579586827
"4228",5,61.35907273,72,623238513
"4229",5,61.35907273,73,623197031
"4230",5,61.35907273,74,620768837
"4231",5,61.35907273,75,623165061
"4232",5,61.35907273,76,623164284
"4233",5,61.35907273,77,623210121
"4234",5,61.35907273,78,620968250
"4235",5,61.35907273,79,621118630
"4236",5,61.35907273,8,623212147
"4237",5,61.35907273,80,623214809
"4238",5,61.35907273,81,620237561
"4239",5,61.35907273,82,620675097
"4240",5,61.35907273,83,623232280
"4241",5,61.35907273,84,620962566
"4242",5,61.35907273,85,623167133
"4243",5,61.35907273,86,623251955
"4244",5,61.35907273,87,620458338
"4245",5,61.35907273,88,21
"4246",5,61.35907273,89,623074164
"4247",5,61.35907273,9,575936705
"4248",5,61.35907273,90,623202580
"4249",5,61.35907273,91,623219383
"4250",5,61.35907273,92,623206926
"4251",5,61.35907273,93,623220862
"4252",5,61.35907273,94,621261516
"4253",5,61.35907273,95,623193720
"4254",5,61.35907273,96,623202749
"4255",5,61.35907273,97,619857671
"4256",5,61.35907273,98,623182437
"4257",5,61.35907273,99,623192873
"4258",5,628.02914418,1,6376038765
"4259",5,628.02914418,10,6378835230
"4260",5,628.02914418,100,6378155139
"4261",5,628.02914418,11,6377756234
"4262",5,628.02914418,12,6377617289
"4263",5,628.02914418,13,6368376985
"4264",5,628.02914418,14,6378710773
"4265",5,628.02914418,15,6368749934
"4266",5,628.02914418,16,6378456916
"4267",5,628.02914418,17,6378525827
"4268",5,628.02914418,18,6377999462
"4269",5,628.02914418,19,6377088617
"4270",5,628.02914418,2,6377512075
"4271",5,628.02914418,20,6378758655
"4272",5,628.02914418,21,6378642969
"4273",5,628.02914418,22,6368701714
"4274",5,628.02914418,23,6378735955
"4275",5,628.02914418,24,6372183112
"4276",5,628.02914418,25,6378577514
"4277",5,628.02914418,26,6378487473
"4278",5,628.02914418,27,6378703502
"4279",5,628.02914418,28,6378648356
"4280",5,628.02914418,29,6376691627
"4281",5,628.02914418,3,6378742967
"4282",5,628.02914418,30,6378108145
"4283",5,628.02914418,31,6377873933
"4284",5,628.02914418,32,6376683653
"4285",5,628.02914418,33,6377309822
"4286",5,628.02914418,34,6371927514
"4287",5,628.02914418,35,6377927761
"4288",5,628.02914418,36,6378752143
"4289",5,628.02914418,37,6378098504
"4290",5,628.02914418,38,6378396815
"4291",5,628.02914418,39,6378148985
"4292",5,628.02914418,4,6378608593
"4293",5,628.02914418,40,6377808652
"4294",5,628.02914418,41,6372685618
"4295",5,628.02914418,42,6378710656
"4296",5,628.02914418,43,6370300540
"4297",5,628.02914418,44,6378026861
"4298",5,628.02914418,45,6376198440
"4299",5,628.02914418,46,6378449714
"4300",5,628.02914418,47,6378302542
"4301",5,628.02914418,48,6374757189
"4302",5,628.02914418,49,6376658660
"4303",5,628.02914418,5,6378485432
"4304",5,628.02914418,50,6378600094
"4305",5,628.02914418,51,6378695561
"4306",5,628.02914418,52,6369855894
"4307",5,628.02914418,53,6377169497
"4308",5,628.02914418,54,6378541628
"4309",5,628.02914418,55,6377296320
"4310",5,628.02914418,56,6378267450
"4311",5,628.02914418,57,6377578182
"4312",5,628.02914418,58,6378200975
"4313",5,628.02914418,59,6378533041
"4314",5,628.02914418,6,6378587392
"4315",5,628.02914418,60,6371877242
"4316",5,628.02914418,61,6376329434
"4317",5,628.02914418,62,6377655741
"4318",5,628.02914418,63,6378736052
"4319",5,628.02914418,64,6378336772
"4320",5,628.02914418,65,6378222402
"4321",5,628.02914418,66,6378235467
"4322",5,628.02914418,67,6377294016
"4323",5,628.02914418,68,6378539285
"4324",5,628.02914418,69,6378086783
"4325",5,628.02914418,7,6378570760
"4326",5,628.02914418,70,6378811731
"4327",5,628.02914418,71,6376187705
"4328",5,628.02914418,72,6374140575
"4329",5,628.02914418,73,6378409307
"4330",5,628.02914418,74,6377474440
"4331",5,628.02914418,75,6378699710
"4332",5,628.02914418,76,6378071255
"4333",5,628.02914418,77,6378264392
"4334",5,628.02914418,78,6378738646
"4335",5,628.02914418,79,6378446376
"4336",5,628.02914418,8,6378574356
"4337",5,628.02914418,80,6378380422
"4338",5,628.02914418,81,6377941803
"4339",5,628.02914418,82,6377380162
"4340",5,628.02914418,83,6378756389
"4341",5,628.02914418,84,6378368145
"4342",5,628.02914418,85,6377856451
"4343",5,628.02914418,86,6374840674
"4344",5,628.02914418,87,6378047172
"4345",5,628.02914418,88,6377994759
"4346",5,628.02914418,89,6378615270
"4347",5,628.02914418,9,6378595813
"4348",5,628.02914418,90,6378729682
"4349",5,628.02914418,91,6377722624
"4350",5,628.02914418,92,6378391886
"4351",5,628.02914418,93,6377707677
"4352",5,628.02914418,94,6377932864
"4353",5,628.02914418,95,6378468389
"4354",5,628.02914418,96,6378449945
"4355",5,628.02914418,97,6376738574
"4356",5,628.02914418,98,6376089654
"4357",5,628.02914418,99,6374628020
"4358",5,68.92612104,1,699997433
"4359",5,68.92612104,10,700019495
"4360",5,68.92612104,100,699724092
"4361",5,68.92612104,11,700015120
"4362",5,68.92612104,12,691681494
"4363",5,68.92612104,13,700063087
"4364",5,68.92612104,14,700007068
"4365",5,68.92612104,15,700002987
"4366",5,68.92612104,16,700045934
"4367",5,68.92612104,17,696675865
"4368",5,68.92612104,18,699995312
"4369",5,68.92612104,19,699322962
"4370",5,68.92612104,2,700078820
"4371",5,68.92612104,20,700009161
"4372",5,68.92612104,21,695243150
"4373",5,68.92612104,22,697233237
"4374",5,68.92612104,23,15832981
"4375",5,68.92612104,24,700045294
"4376",5,68.92612104,25,700073008
"4377",5,68.92612104,26,699691649
"4378",5,68.92612104,27,695279084
"4379",5,68.92612104,28,699356613
"4380",5,68.92612104,29,700059664
"4381",5,68.92612104,3,699538498
"4382",5,68.92612104,30,699405327
"4383",5,68.92612104,31,697615027
"4384",5,68.92612104,32,700067611
"4385",5,68.92612104,33,647653674
"4386",5,68.92612104,34,696141659
"4387",5,68.92612104,35,700037521
"4388",5,68.92612104,36,700062993
"4389",5,68.92612104,37,697770933
"4390",5,68.92612104,38,700091494
"4391",5,68.92612104,39,691610167
"4392",5,68.92612104,4,699996957
"4393",5,68.92612104,40,699383616
"4394",5,68.92612104,41,699783820
"4395",5,68.92612104,42,700061514
"4396",5,68.92612104,43,700035529
"4397",5,68.92612104,44,699539414
"4398",5,68.92612104,45,700038269
"4399",5,68.92612104,46,699232294
"4400",5,68.92612104,47,700029291
"4401",5,68.92612104,48,699446299
"4402",5,68.92612104,49,699551329
"4403",5,68.92612104,5,700020682
"4404",5,68.92612104,50,700097298
"4405",5,68.92612104,51,621522597
"4406",5,68.92612104,52,700082935
"4407",5,68.92612104,53,699994343
"4408",5,68.92612104,54,651672721
"4409",5,68.92612104,55,700060128
"4410",5,68.92612104,56,700024626
"4411",5,68.92612104,57,700035521
"4412",5,68.92612104,58,700052835
"4413",5,68.92612104,59,700015052
"4414",5,68.92612104,6,699989870
"4415",5,68.92612104,60,700027976
"4416",5,68.92612104,61,697094635
"4417",5,68.92612104,62,694058368
"4418",5,68.92612104,63,641461110
"4419",5,68.92612104,64,699999597
"4420",5,68.92612104,65,696391093
"4421",5,68.92612104,66,699977052
"4422",5,68.92612104,67,700024044
"4423",5,68.92612104,68,694881921
"4424",5,68.92612104,69,700110242
"4425",5,68.92612104,7,15
"4426",5,68.92612104,70,700049153
"4427",5,68.92612104,71,641764827
"4428",5,68.92612104,72,625246860
"4429",5,68.92612104,73,700039484
"4430",5,68.92612104,74,699613327
"4431",5,68.92612104,75,699993432
"4432",5,68.92612104,76,700031661
"4433",5,68.92612104,77,699992306
"4434",5,68.92612104,78,19
"4435",5,68.92612104,79,700038341
"4436",5,68.92612104,8,700059346
"4437",5,68.92612104,80,699333707
"4438",5,68.92612104,81,700036091
"4439",5,68.92612104,82,700005867
"4440",5,68.92612104,83,699456921
"4441",5,68.92612104,84,699623070
"4442",5,68.92612104,85,699958543
"4443",5,68.92612104,86,699694148
"4444",5,68.92612104,87,641299486
"4445",5,68.92612104,88,699984907
"4446",5,68.92612104,89,700027022
"4447",5,68.92612104,9,699802955
"4448",5,68.92612104,90,700062942
"4449",5,68.92612104,91,696180813
"4450",5,68.92612104,92,700004346
"4451",5,68.92612104,93,700076442
"4452",5,68.92612104,94,700088701
"4453",5,68.92612104,95,699235920
"4454",5,68.92612104,96,700037364
"4455",5,68.92612104,97,700086773
"4456",5,68.92612104,98,700016676
"4457",5,68.92612104,99,699996817
"4458",5,7.56463328,10,2
"4459",5,7.56463328,100,2
"4460",5,7.56463328,11,1
"4461",5,7.56463328,12,5
"4462",5,7.56463328,13,1
"4463",5,7.56463328,14,2
"4464",5,7.56463328,15,1
"4465",5,7.56463328,16,2
"4466",5,7.56463328,17,4
"4467",5,7.56463328,18,1
"4468",5,7.56463328,19,1
"4469",5,7.56463328,2,3
"4470",5,7.56463328,20,3
"4471",5,7.56463328,21,3
"4472",5,7.56463328,22,1
"4473",5,7.56463328,23,1
"4474",5,7.56463328,24,1
"4475",5,7.56463328,25,5
"4476",5,7.56463328,26,3
"4477",5,7.56463328,27,1
"4478",5,7.56463328,28,3
"4479",5,7.56463328,29,2
"4480",5,7.56463328,3,1
"4481",5,7.56463328,30,2
"4482",5,7.56463328,31,2
"4483",5,7.56463328,32,4
"4484",5,7.56463328,34,2
"4485",5,7.56463328,35,4
"4486",5,7.56463328,36,1
"4487",5,7.56463328,37,76805409
"4488",5,7.56463328,38,1
"4489",5,7.56463328,39,3
"4490",5,7.56463328,4,1
"4491",5,7.56463328,40,2
"4492",5,7.56463328,41,2
"4493",5,7.56463328,42,1
"4494",5,7.56463328,44,70969916
"4495",5,7.56463328,45,76840745
"4496",5,7.56463328,46,1
"4497",5,7.56463328,47,1
"4498",5,7.56463328,48,3
"4499",5,7.56463328,49,3
"4500",5,7.56463328,5,76826368
"4501",5,7.56463328,51,76833771
"4502",5,7.56463328,53,3
"4503",5,7.56463328,55,1
"4504",5,7.56463328,56,76814903
"4505",5,7.56463328,57,2
"4506",5,7.56463328,58,3
"4507",5,7.56463328,59,76829016
"4508",5,7.56463328,6,3
"4509",5,7.56463328,60,2
"4510",5,7.56463328,62,1
"4511",5,7.56463328,63,1
"4512",5,7.56463328,65,1
"4513",5,7.56463328,67,1
"4514",5,7.56463328,68,1
"4515",5,7.56463328,7,1
"4516",5,7.56463328,70,76830511
"4517",5,7.56463328,71,2
"4518",5,7.56463328,72,1
"4519",5,7.56463328,73,3
"4520",5,7.56463328,74,76815622
"4521",5,7.56463328,75,1
"4522",5,7.56463328,76,3
"4523",5,7.56463328,77,4
"4524",5,7.56463328,78,4
"4525",5,7.56463328,79,2
"4526",5,7.56463328,8,3
"4527",5,7.56463328,80,3
"4528",5,7.56463328,81,3
"4529",5,7.56463328,82,1
"4530",5,7.56463328,83,4
"4531",5,7.56463328,84,76836709
"4532",5,7.56463328,85,1
"4533",5,7.56463328,88,1
"4534",5,7.56463328,89,2
"4535",5,7.56463328,9,1
"4536",5,7.56463328,90,1
"4537",5,7.56463328,91,5
"4538",5,7.56463328,92,1
"4539",5,7.56463328,93,2
"4540",5,7.56463328,94,3
"4541",5,7.56463328,95,1
"4542",5,7.56463328,96,76827585
"4543",5,7.56463328,97,2
"4544",5,7.56463328,98,3
"4545",5,7.56463328,99,1
"4546",5,705.48023107,1,7164973148
"4547",5,705.48023107,10,7165287119
"4548",5,705.48023107,100,7165071955
"4549",5,705.48023107,11,7165262642
"4550",5,705.48023107,12,7162841925
"4551",5,705.48023107,13,7163567291
"4552",5,705.48023107,14,7165168237
"4553",5,705.48023107,15,7164439573
"4554",5,705.48023107,16,7164319122
"4555",5,705.48023107,17,7164866042
"4556",5,705.48023107,18,7157761650
"4557",5,705.48023107,19,7161713362
"4558",5,705.48023107,2,7163425005
"4559",5,705.48023107,20,7165438348
"4560",5,705.48023107,21,7165233922
"4561",5,705.48023107,22,7165209566
"4562",5,705.48023107,23,7164511432
"4563",5,705.48023107,24,7165316195
"4564",5,705.48023107,25,7165333970
"4565",5,705.48023107,26,7162742915
"4566",5,705.48023107,27,7164225699
"4567",5,705.48023107,28,7164859959
"4568",5,705.48023107,29,7164127031
"4569",5,705.48023107,3,7163394495
"4570",5,705.48023107,30,7165225713
"4571",5,705.48023107,31,7165312875
"4572",5,705.48023107,32,7161845157
"4573",5,705.48023107,33,7165212951
"4574",5,705.48023107,34,7163333632
"4575",5,705.48023107,35,7164570248
"4576",5,705.48023107,36,7164948778
"4577",5,705.48023107,37,7165168654
"4578",5,705.48023107,38,7164903717
"4579",5,705.48023107,39,7164247617
"4580",5,705.48023107,4,7163307947
"4581",5,705.48023107,40,7163780143
"4582",5,705.48023107,41,7163446856
"4583",5,705.48023107,42,7164557869
"4584",5,705.48023107,43,7164669194
"4585",5,705.48023107,44,7158762841
"4586",5,705.48023107,45,7163529157
"4587",5,705.48023107,46,7165219480
"4588",5,705.48023107,47,7165279161
"4589",5,705.48023107,48,7165382787
"4590",5,705.48023107,49,7164486830
"4591",5,705.48023107,5,7164756591
"4592",5,705.48023107,50,7164945155
"4593",5,705.48023107,51,7164888520
"4594",5,705.48023107,52,7165038738
"4595",5,705.48023107,53,7160532809
"4596",5,705.48023107,54,7165297835
"4597",5,705.48023107,55,7148407352
"4598",5,705.48023107,56,7164731747
"4599",5,705.48023107,57,7165137311
"4600",5,705.48023107,58,7164853574
"4601",5,705.48023107,59,7164743534
"4602",5,705.48023107,6,7165274102
"4603",5,705.48023107,60,7165069397
"4604",5,705.48023107,61,7164154941
"4605",5,705.48023107,62,7164133555
"4606",5,705.48023107,63,7162323679
"4607",5,705.48023107,64,7164891730
"4608",5,705.48023107,65,7165109246
"4609",5,705.48023107,66,7165226305
"4610",5,705.48023107,67,7164522873
"4611",5,705.48023107,68,7164898835
"4612",5,705.48023107,69,7164575076
"4613",5,705.48023107,7,7164228091
"4614",5,705.48023107,70,7165254272
"4615",5,705.48023107,71,7164727131
"4616",5,705.48023107,72,7164653831
"4617",5,705.48023107,73,7164813985
"4618",5,705.48023107,74,7164890752
"4619",5,705.48023107,75,7162824718
"4620",5,705.48023107,76,7164957069
"4621",5,705.48023107,77,7165403990
"4622",5,705.48023107,78,7161545306
"4623",5,705.48023107,79,7162119428
"4624",5,705.48023107,8,7164880666
"4625",5,705.48023107,80,7165412732
"4626",5,705.48023107,81,7161001860
"4627",5,705.48023107,82,7165295459
"4628",5,705.48023107,83,7164212630
"4629",5,705.48023107,84,7161267967
"4630",5,705.48023107,85,7162785147
"4631",5,705.48023107,86,7165075232
"4632",5,705.48023107,87,7165340575
"4633",5,705.48023107,88,7164808155
"4634",5,705.48023107,89,7164259553
"4635",5,705.48023107,9,7165097457
"4636",5,705.48023107,90,7165043051
"4637",5,705.48023107,91,7165280893
"4638",5,705.48023107,92,7164597549
"4639",5,705.48023107,93,7157069637
"4640",5,705.48023107,94,7164993857
"4641",5,705.48023107,95,7163800242
"4642",5,705.48023107,96,7165376313
"4643",5,705.48023107,97,7163357843
"4644",5,705.48023107,98,7164801221
"4645",5,705.48023107,99,7163233791
"4646",5,77.42636827,1,784668465
"4647",5,77.42636827,10,785214265
"4648",5,77.42636827,100,786295559
"4649",5,77.42636827,11,785172042
"4650",5,77.42636827,12,679527093
"4651",5,77.42636827,13,786345129
"4652",5,77.42636827,14,785254515
"4653",5,77.42636827,15,786371306
"4654",5,77.42636827,16,786366963
"4655",5,77.42636827,17,786433728
"4656",5,77.42636827,18,786343589
"4657",5,77.42636827,19,786315229
"4658",5,77.42636827,2,784656906
"4659",5,77.42636827,20,786400191
"4660",5,77.42636827,21,785320865
"4661",5,77.42636827,22,786420260
"4662",5,77.42636827,23,675817786
"4663",5,77.42636827,24,786383731
"4664",5,77.42636827,25,776262853
"4665",5,77.42636827,26,785442566
"4666",5,77.42636827,27,785152874
"4667",5,77.42636827,28,780378498
"4668",5,77.42636827,29,786392688
"4669",5,77.42636827,3,670683096
"4670",5,77.42636827,30,701047747
"4671",5,77.42636827,31,786369862
"4672",5,77.42636827,32,785243048
"4673",5,77.42636827,33,785156519
"4674",5,77.42636827,34,784887214
"4675",5,77.42636827,35,786406947
"4676",5,77.42636827,36,786391114
"4677",5,77.42636827,37,786354035
"4678",5,77.42636827,38,775172030
"4679",5,77.42636827,39,786414316
"4680",5,77.42636827,4,786399726
"4681",5,77.42636827,40,784392339
"4682",5,77.42636827,41,784280461
"4683",5,77.42636827,42,786461956
"4684",5,77.42636827,43,785268665
"4685",5,77.42636827,44,785109485
"4686",5,77.42636827,45,786374780
"4687",5,77.42636827,46,786405440
"4688",5,77.42636827,47,15
"4689",5,77.42636827,48,703725140
"4690",5,77.42636827,49,786343176
"4691",5,77.42636827,5,786359991
"4692",5,77.42636827,50,17
"4693",5,77.42636827,51,786374042
"4694",5,77.42636827,52,685702793
"4695",5,77.42636827,53,786250182
"4696",5,77.42636827,54,784106121
"4697",5,77.42636827,55,786368768
"4698",5,77.42636827,56,786384484
"4699",5,77.42636827,57,786242016
"4700",5,77.42636827,58,786419223
"4701",5,77.42636827,59,786412956
"4702",5,77.42636827,6,786345321
"4703",5,77.42636827,60,785631567
"4704",5,77.42636827,61,786380361
"4705",5,77.42636827,62,786411673
"4706",5,77.42636827,63,786373029
"4707",5,77.42636827,64,786403617
"4708",5,77.42636827,65,786393317
"4709",5,77.42636827,66,786366181
"4710",5,77.42636827,67,785090765
"4711",5,77.42636827,68,784977023
"4712",5,77.42636827,69,784527793
"4713",5,77.42636827,7,786384836
"4714",5,77.42636827,70,785056633
"4715",5,77.42636827,71,786328606
"4716",5,77.42636827,72,786384205
"4717",5,77.42636827,73,786315932
"4718",5,77.42636827,74,786420553
"4719",5,77.42636827,75,785353664
"4720",5,77.42636827,76,786422043
"4721",5,77.42636827,77,786327736
"4722",5,77.42636827,78,786421276
"4723",5,77.42636827,79,786379186
"4724",5,77.42636827,8,707835818
"4725",5,77.42636827,80,784791151
"4726",5,77.42636827,81,786411745
"4727",5,77.42636827,82,785237298
"4728",5,77.42636827,83,686459763
"4729",5,77.42636827,84,700068568
"4730",5,77.42636827,85,786375438
"4731",5,77.42636827,86,784891387
"4732",5,77.42636827,87,786404220
"4733",5,77.42636827,88,685630602
"4734",5,77.42636827,89,13
"4735",5,77.42636827,9,784661683
"4736",5,77.42636827,90,786365948
"4737",5,77.42636827,91,786396875
"4738",5,77.42636827,92,786404978
"4739",5,77.42636827,93,786382119
"4740",5,77.42636827,94,679323108
"4741",5,77.42636827,95,699744455
"4742",5,77.42636827,96,786346524
"4743",5,77.42636827,97,679060636
"4744",5,77.42636827,98,785010997
"4745",5,77.42636827,99,785042983
"4746",5,792.48289835,1,8048345871
"4747",5,792.48289835,10,8048617086
"4748",5,792.48289835,100,8040286877
"4749",5,792.48289835,11,8048369378
"4750",5,792.48289835,12,8048743582
"4751",5,792.48289835,13,8047710703
"4752",5,792.48289835,14,8047724889
"4753",5,792.48289835,15,8046976331
"4754",5,792.48289835,16,8046622399
"4755",5,792.48289835,17,8048346310
"4756",5,792.48289835,18,8048554314
"4757",5,792.48289835,19,8048568415
"4758",5,792.48289835,2,8045149396
"4759",5,792.48289835,20,8047991692
"4760",5,792.48289835,21,8048524186
"4761",5,792.48289835,22,8048585441
"4762",5,792.48289835,23,8048816858
"4763",5,792.48289835,24,8047720952
"4764",5,792.48289835,25,8047736116
"4765",5,792.48289835,26,8048400743
"4766",5,792.48289835,27,8046365668
"4767",5,792.48289835,28,8039924662
"4768",5,792.48289835,29,8048429011
"4769",5,792.48289835,3,8048328289
"4770",5,792.48289835,30,8048989159
"4771",5,792.48289835,31,8047558164
"4772",5,792.48289835,32,8045403706
"4773",5,792.48289835,33,8048375643
"4774",5,792.48289835,34,8048587878
"4775",5,792.48289835,35,8042195772
"4776",5,792.48289835,36,8047335696
"4777",5,792.48289835,37,8048652968
"4778",5,792.48289835,38,8048789183
"4779",5,792.48289835,39,8048552235
"4780",5,792.48289835,4,8047661296
"4781",5,792.48289835,40,8048834626
"4782",5,792.48289835,41,8048673457
"4783",5,792.48289835,42,8048516537
"4784",5,792.48289835,43,8048585356
"4785",5,792.48289835,44,8048954981
"4786",5,792.48289835,45,8048667107
"4787",5,792.48289835,46,8044170013
"4788",5,792.48289835,47,8048472080
"4789",5,792.48289835,48,8047340051
"4790",5,792.48289835,49,8048619261
"4791",5,792.48289835,5,8048385402
"4792",5,792.48289835,50,8042772304
"4793",5,792.48289835,51,8047345578
"4794",5,792.48289835,52,8045849519
"4795",5,792.48289835,53,8048009091
"4796",5,792.48289835,54,8048659362
"4797",5,792.48289835,55,8048827645
"4798",5,792.48289835,56,8048038960
"4799",5,792.48289835,57,8048850599
"4800",5,792.48289835,58,8047398084
"4801",5,792.48289835,59,8046483344
"4802",5,792.48289835,6,8048384638
"4803",5,792.48289835,60,8047179144
"4804",5,792.48289835,61,8046998542
"4805",5,792.48289835,62,8047400552
"4806",5,792.48289835,63,8048719408
"4807",5,792.48289835,64,8049151046
"4808",5,792.48289835,65,8048861412
"4809",5,792.48289835,66,8042638165
"4810",5,792.48289835,67,8045938667
"4811",5,792.48289835,68,8048836407
"4812",5,792.48289835,69,8047858226
"4813",5,792.48289835,7,8049188701
"4814",5,792.48289835,70,8033110500
"4815",5,792.48289835,71,8048843406
"4816",5,792.48289835,72,8048936785
"4817",5,792.48289835,73,8048723855
"4818",5,792.48289835,74,8048211745
"4819",5,792.48289835,75,8045557146
"4820",5,792.48289835,76,8048455935
"4821",5,792.48289835,77,8045793816
"4822",5,792.48289835,78,8047229592
"4823",5,792.48289835,79,8045902322
"4824",5,792.48289835,8,8042933328
"4825",5,792.48289835,80,8046015505
"4826",5,792.48289835,81,8048594814
"4827",5,792.48289835,82,8049093185
"4828",5,792.48289835,83,8047582018
"4829",5,792.48289835,84,8048431987
"4830",5,792.48289835,85,8049055192
"4831",5,792.48289835,86,8047406110
"4832",5,792.48289835,87,8046845363
"4833",5,792.48289835,88,8048869109
"4834",5,792.48289835,89,8047735570
"4835",5,792.48289835,9,8049017936
"4836",5,792.48289835,90,8013057372
"4837",5,792.48289835,91,8048769762
"4838",5,792.48289835,92,8047653340
"4839",5,792.48289835,93,8048593532
"4840",5,792.48289835,94,8048562638
"4841",5,792.48289835,95,8048657143
"4842",5,792.48289835,96,8048478933
"4843",5,792.48289835,97,8048910508
"4844",5,792.48289835,98,8030561655
"4845",5,792.48289835,99,8048408740
"4846",5,8.49753436,1,77904688
"4847",5,8.49753436,10,86316359
"4848",5,8.49753436,100,86319703
"4849",5,8.49753436,12,86306348
"4850",5,8.49753436,13,86293828
"4851",5,8.49753436,14,2
"4852",5,8.49753436,15,86288788
"4853",5,8.49753436,16,1
"4854",5,8.49753436,17,86295910
"4855",5,8.49753436,18,86315344
"4856",5,8.49753436,19,86314043
"4857",5,8.49753436,2,86304659
"4858",5,8.49753436,20,9025881
"4859",5,8.49753436,21,1
"4860",5,8.49753436,22,2
"4861",5,8.49753436,23,86304418
"4862",5,8.49753436,24,86320630
"4863",5,8.49753436,25,2
"4864",5,8.49753436,26,86297576
"4865",5,8.49753436,27,2
"4866",5,8.49753436,28,81735331
"4867",5,8.49753436,29,2
"4868",5,8.49753436,3,86305553
"4869",5,8.49753436,30,86315079
"4870",5,8.49753436,31,86312198
"4871",5,8.49753436,32,5
"4872",5,8.49753436,33,86308143
"4873",5,8.49753436,34,3
"4874",5,8.49753436,35,5
"4875",5,8.49753436,36,2
"4876",5,8.49753436,37,2
"4877",5,8.49753436,39,86307674
"4878",5,8.49753436,4,86302468
"4879",5,8.49753436,40,86310662
"4880",5,8.49753436,41,1
"4881",5,8.49753436,42,1
"4882",5,8.49753436,43,2
"4883",5,8.49753436,44,1
"4884",5,8.49753436,45,86278663
"4885",5,8.49753436,46,3
"4886",5,8.49753436,47,7401545
"4887",5,8.49753436,49,86306662
"4888",5,8.49753436,5,8902990
"4889",5,8.49753436,50,1
"4890",5,8.49753436,51,86289817
"4891",5,8.49753436,52,86299586
"4892",5,8.49753436,53,1
"4893",5,8.49753436,54,1
"4894",5,8.49753436,55,86292112
"4895",5,8.49753436,56,86296549
"4896",5,8.49753436,57,3
"4897",5,8.49753436,58,86305087
"4898",5,8.49753436,59,1
"4899",5,8.49753436,6,3
"4900",5,8.49753436,60,2
"4901",5,8.49753436,61,86308229
"4902",5,8.49753436,62,3
"4903",5,8.49753436,63,79612153
"4904",5,8.49753436,64,1
"4905",5,8.49753436,65,2
"4906",5,8.49753436,66,1
"4907",5,8.49753436,67,86305956
"4908",5,8.49753436,68,2
"4909",5,8.49753436,69,4
"4910",5,8.49753436,7,2
"4911",5,8.49753436,70,1
"4912",5,8.49753436,71,4
"4913",5,8.49753436,72,86303526
"4914",5,8.49753436,73,1
"4915",5,8.49753436,74,1
"4916",5,8.49753436,75,4
"4917",5,8.49753436,77,86289846
"4918",5,8.49753436,78,8
"4919",5,8.49753436,79,86310135
"4920",5,8.49753436,8,6473908
"4921",5,8.49753436,80,86296610
"4922",5,8.49753436,81,3
"4923",5,8.49753436,82,1
"4924",5,8.49753436,83,86310455
"4925",5,8.49753436,84,3
"4926",5,8.49753436,85,86307892
"4927",5,8.49753436,86,86310255
"4928",5,8.49753436,88,86312883
"4929",5,8.49753436,90,824605
"4930",5,8.49753436,91,2
"4931",5,8.49753436,92,86311855
"4932",5,8.49753436,93,3
"4933",5,8.49753436,94,86323899
"4934",5,8.49753436,95,1
"4935",5,8.49753436,96,86300870
"4936",5,8.49753436,97,86307795
"4937",5,8.49753436,99,86305446
"4938",5,86.97490026,1,857640516
"4939",5,86.97490026,10,861903565
"4940",5,86.97490026,100,883154896
"4941",5,86.97490026,11,882796581
"4942",5,86.97490026,12,883398821
"4943",5,86.97490026,13,882870753
"4944",5,86.97490026,14,883351936
"4945",5,86.97490026,15,883335777
"4946",5,86.97490026,16,867671299
"4947",5,86.97490026,17,882562288
"4948",5,86.97490026,18,883411839
"4949",5,86.97490026,19,883273525
"4950",5,86.97490026,2,883046573
"4951",5,86.97490026,20,883274770
"4952",5,86.97490026,21,883303489
"4953",5,86.97490026,22,883372746
"4954",5,86.97490026,23,883382235
"4955",5,86.97490026,24,880629639
"4956",5,86.97490026,25,883379092
"4957",5,86.97490026,26,863926674
"4958",5,86.97490026,27,883407576
"4959",5,86.97490026,28,883331089
"4960",5,86.97490026,29,880364981
"4961",5,86.97490026,3,883391324
"4962",5,86.97490026,30,883394927
"4963",5,86.97490026,31,882969497
"4964",5,86.97490026,32,883368215
"4965",5,86.97490026,33,857740714
"4966",5,86.97490026,34,883306748
"4967",5,86.97490026,35,883412808
"4968",5,86.97490026,36,882803737
"4969",5,86.97490026,37,883343599
"4970",5,86.97490026,38,864101186
"4971",5,86.97490026,39,883255690
"4972",5,86.97490026,4,883307346
"4973",5,86.97490026,40,883373483
"4974",5,86.97490026,41,883023398
"4975",5,86.97490026,42,862325644
"4976",5,86.97490026,43,883390246
"4977",5,86.97490026,44,883274151
"4978",5,86.97490026,45,882843308
"4979",5,86.97490026,46,880128716
"4980",5,86.97490026,47,882917554
"4981",5,86.97490026,48,883308043
"4982",5,86.97490026,49,883319493
"4983",5,86.97490026,5,883420516
"4984",5,86.97490026,50,861186290
"4985",5,86.97490026,51,880434089
"4986",5,86.97490026,52,883403078
"4987",5,86.97490026,53,883326347
"4988",5,86.97490026,54,883292759
"4989",5,86.97490026,55,880524347
"4990",5,86.97490026,56,883032749
"4991",5,86.97490026,57,883328978
"4992",5,86.97490026,58,882940262
"4993",5,86.97490026,59,880808952
"4994",5,86.97490026,6,883355672
"4995",5,86.97490026,60,879805970
"4996",5,86.97490026,61,863679131
"4997",5,86.97490026,62,880934968
"4998",5,86.97490026,63,883381800
"4999",5,86.97490026,64,883327631
"5000",5,86.97490026,65,883380608
"5001",5,86.97490026,66,883343082
"5002",5,86.97490026,67,882976587
"5003",5,86.97490026,68,883029042
"5004",5,86.97490026,69,879431726
"5005",5,86.97490026,7,883076768
"5006",5,86.97490026,70,883297073
"5007",5,86.97490026,71,879574767
"5008",5,86.97490026,72,773851705
"5009",5,86.97490026,73,883188665
"5010",5,86.97490026,74,882907582
"5011",5,86.97490026,75,883313783
"5012",5,86.97490026,76,880653457
"5013",5,86.97490026,77,882631962
"5014",5,86.97490026,78,883255212
"5015",5,86.97490026,79,882839430
"5016",5,86.97490026,8,883337455
"5017",5,86.97490026,80,883370433
"5018",5,86.97490026,81,883369463
"5019",5,86.97490026,82,883387551
"5020",5,86.97490026,83,883357807
"5021",5,86.97490026,84,883362854
"5022",5,86.97490026,85,883164650
"5023",5,86.97490026,86,882895921
"5024",5,86.97490026,87,882650216
"5025",5,86.97490026,88,866229371
"5026",5,86.97490026,89,883362796
"5027",5,86.97490026,9,883335146
"5028",5,86.97490026,90,883362453
"5029",5,86.97490026,91,882933704
"5030",5,86.97490026,92,858317613
"5031",5,86.97490026,93,882930032
"5032",5,86.97490026,94,881379001
"5033",5,86.97490026,95,882932907
"5034",5,86.97490026,96,883123448
"5035",5,86.97490026,97,883305687
"5036",5,86.97490026,98,883304475
"5037",5,86.97490026,99,881245177
"5038",5,890.21508545,1,9038564994
"5039",5,890.21508545,10,9041440394
"5040",5,890.21508545,100,9041055169
"5041",5,890.21508545,11,9041150764
"5042",5,890.21508545,12,9041400572
"5043",5,890.21508545,13,9037057092
"5044",5,890.21508545,14,9039254722
"5045",5,890.21508545,15,9040553948
"5046",5,890.21508545,16,9040061750
"5047",5,890.21508545,17,9041187019
"5048",5,890.21508545,18,9040461219
"5049",5,890.21508545,19,9040198376
"5050",5,890.21508545,2,9039315119
"5051",5,890.21508545,20,9040389651
"5052",5,890.21508545,21,9040470531
"5053",5,890.21508545,22,9040844086
"5054",5,890.21508545,23,9041256932
"5055",5,890.21508545,24,9040089744
"5056",5,890.21508545,25,9040808710
"5057",5,890.21508545,26,9039730229
"5058",5,890.21508545,27,9041337474
"5059",5,890.21508545,28,9039040540
"5060",5,890.21508545,29,9041756165
"5061",5,890.21508545,3,9030545569
"5062",5,890.21508545,30,9040523133
"5063",5,890.21508545,31,9041465168
"5064",5,890.21508545,32,9039698468
"5065",5,890.21508545,33,9041277954
"5066",5,890.21508545,34,9041486613
"5067",5,890.21508545,35,9035423341
"5068",5,890.21508545,36,9040817207
"5069",5,890.21508545,37,9040954403
"5070",5,890.21508545,38,9041669329
"5071",5,890.21508545,39,9041055169
"5072",5,890.21508545,4,9040760536
"5073",5,890.21508545,40,9041385967
"5074",5,890.21508545,41,9040964689
"5075",5,890.21508545,42,9038868201
"5076",5,890.21508545,43,9041621602
"5077",5,890.21508545,44,9036254535
"5078",5,890.21508545,45,9040827361
"5079",5,890.21508545,46,9041290824
"5080",5,890.21508545,47,9040446645
"5081",5,890.21508545,48,9041601619
"5082",5,890.21508545,49,9041339978
"5083",5,890.21508545,5,9038484428
"5084",5,890.21508545,50,9041508160
"5085",5,890.21508545,51,9040996668
"5086",5,890.21508545,52,9030734196
"5087",5,890.21508545,53,9041026858
"5088",5,890.21508545,54,9039259270
"5089",5,890.21508545,55,9041142994
"5090",5,890.21508545,56,9037719992
"5091",5,890.21508545,57,9040742382
"5092",5,890.21508545,58,9040417452
"5093",5,890.21508545,59,9040669451
"5094",5,890.21508545,6,9040380995
"5095",5,890.21508545,60,9041540683
"5096",5,890.21508545,61,9041028169
"5097",5,890.21508545,62,9039169131
"5098",5,890.21508545,63,9039295163
"5099",5,890.21508545,64,9041434527
"5100",5,890.21508545,65,9040781281
"5101",5,890.21508545,66,9041154060
"5102",5,890.21508545,67,9040523133
"5103",5,890.21508545,68,9040977960
"5104",5,890.21508545,69,9041563331
"5105",5,890.21508545,7,9041494865
"5106",5,890.21508545,70,9041141600
"5107",5,890.21508545,71,9040631678
"5108",5,890.21508545,72,9039988574
"5109",5,890.21508545,73,9040147580
"5110",5,890.21508545,74,9041337637
"5111",5,890.21508545,75,9040362233
"5112",5,890.21508545,76,9037719290
"5113",5,890.21508545,77,9036723727
"5114",5,890.21508545,78,9037038003
"5115",5,890.21508545,79,9040762842
"5116",5,890.21508545,8,9031887239
"5117",5,890.21508545,80,9040089892
"5118",5,890.21508545,81,9041256988
"5119",5,890.21508545,82,9038995518
"5120",5,890.21508545,83,9040781828
"5121",5,890.21508545,84,9038900515
"5122",5,890.21508545,85,9041544640
"5123",5,890.21508545,86,9040205562
"5124",5,890.21508545,87,9040977080
"5125",5,890.21508545,88,9040842241
"5126",5,890.21508545,89,9033177235
"5127",5,890.21508545,9,9040898185
"5128",5,890.21508545,90,9039538006
"5129",5,890.21508545,91,9040980186
"5130",5,890.21508545,92,9041005341
"5131",5,890.21508545,93,9034450503
"5132",5,890.21508545,94,9040832558
"5133",5,890.21508545,95,9038740949
"5134",5,890.21508545,96,9041274296
"5135",5,890.21508545,97,9041353226
"5136",5,890.21508545,98,9040990670
"5137",5,890.21508545,99,9041779776
"5138",5,9.54548457,1,5
"5139",5,9.54548457,10,2
"5140",5,9.54548457,100,1
"5141",5,9.54548457,11,4
"5142",5,9.54548457,12,1
"5143",5,9.54548457,13,4
"5144",5,9.54548457,14,3
"5145",5,9.54548457,15,2
"5146",5,9.54548457,16,3
"5147",5,9.54548457,17,2
"5148",5,9.54548457,18,2
"5149",5,9.54548457,19,5
"5150",5,9.54548457,20,5
"5151",5,9.54548457,21,4
"5152",5,9.54548457,22,96923323
"5153",5,9.54548457,23,2
"5154",5,9.54548457,25,4
"5155",5,9.54548457,26,1
"5156",5,9.54548457,28,96953493
"5157",5,9.54548457,29,3
"5158",5,9.54548457,3,2
"5159",5,9.54548457,30,87018241
"5160",5,9.54548457,31,2
"5161",5,9.54548457,32,2
"5162",5,9.54548457,33,4
"5163",5,9.54548457,34,5
"5164",5,9.54548457,35,2
"5165",5,9.54548457,36,2
"5166",5,9.54548457,37,1
"5167",5,9.54548457,38,3
"5168",5,9.54548457,39,4
"5169",5,9.54548457,4,2
"5170",5,9.54548457,40,3
"5171",5,9.54548457,41,1
"5172",5,9.54548457,42,1
"5173",5,9.54548457,43,96937834
"5174",5,9.54548457,44,1
"5175",5,9.54548457,45,2
"5176",5,9.54548457,47,2
"5177",5,9.54548457,48,3
"5178",5,9.54548457,49,96946301
"5179",5,9.54548457,5,3
"5180",5,9.54548457,50,4
"5181",5,9.54548457,51,1
"5182",5,9.54548457,52,2
"5183",5,9.54548457,53,2
"5184",5,9.54548457,54,1
"5185",5,9.54548457,56,2
"5186",5,9.54548457,57,6
"5187",5,9.54548457,58,96954906
"5188",5,9.54548457,59,1
"5189",5,9.54548457,6,3
"5190",5,9.54548457,60,1
"5191",5,9.54548457,61,96961945
"5192",5,9.54548457,62,2
"5193",5,9.54548457,63,1
"5194",5,9.54548457,64,96954753
"5195",5,9.54548457,65,1
"5196",5,9.54548457,66,3
"5197",5,9.54548457,68,3
"5198",5,9.54548457,69,96958913
"5199",5,9.54548457,7,2
"5200",5,9.54548457,71,2
"5201",5,9.54548457,72,2
"5202",5,9.54548457,73,2
"5203",5,9.54548457,74,1
"5204",5,9.54548457,75,1
"5205",5,9.54548457,76,96948828
"5206",5,9.54548457,77,1
"5207",5,9.54548457,8,2
"5208",5,9.54548457,80,2
"5209",5,9.54548457,81,4
"5210",5,9.54548457,82,2
"5211",5,9.54548457,83,4
"5212",5,9.54548457,84,3
"5213",5,9.54548457,85,1
"5214",5,9.54548457,86,1
"5215",5,9.54548457,87,3
"5216",5,9.54548457,88,2
"5217",5,9.54548457,89,89133328
"5218",5,9.54548457,9,4
"5219",5,9.54548457,91,3
"5220",5,9.54548457,92,2
"5221",5,9.54548457,93,2
"5222",5,9.54548457,94,6
"5223",5,9.54548457,96,5
"5224",5,9.54548457,98,2
"5225",5,9.54548457,99,3
"5226",5,97.70099573,1,992294266
"5227",5,97.70099573,10,992187089
"5228",5,97.70099573,100,371673087
"5229",5,97.70099573,11,992305075
"5230",5,97.70099573,12,992329221
"5231",5,97.70099573,13,991275247
"5232",5,97.70099573,14,41
"5233",5,97.70099573,15,992097602
"5234",5,97.70099573,16,992297789
"5235",5,97.70099573,17,988680630
"5236",5,97.70099573,18,992251774
"5237",5,97.70099573,19,992284245
"5238",5,97.70099573,2,961188462
"5239",5,97.70099573,20,992332127
"5240",5,97.70099573,21,992214318
"5241",5,97.70099573,22,986760778
"5242",5,97.70099573,23,962661225
"5243",5,97.70099573,24,838635610
"5244",5,97.70099573,25,992275639
"5245",5,97.70099573,26,992313881
"5246",5,97.70099573,27,987322584
"5247",5,97.70099573,28,992333952
"5248",5,97.70099573,29,992364726
"5249",5,97.70099573,3,992322175
"5250",5,97.70099573,30,856455956
"5251",5,97.70099573,31,986430060
"5252",5,97.70099573,32,992330008
"5253",5,97.70099573,33,986999421
"5254",5,97.70099573,34,992250363
"5255",5,97.70099573,35,992236217
"5256",5,97.70099573,36,991044393
"5257",5,97.70099573,37,986642789
"5258",5,97.70099573,38,992271311
"5259",5,97.70099573,39,992377440
"5260",5,97.70099573,4,991137549
"5261",5,97.70099573,40,992347114
"5262",5,97.70099573,41,992167823
"5263",5,97.70099573,42,992381175
"5264",5,97.70099573,43,992302151
"5265",5,97.70099573,44,988533899
"5266",5,97.70099573,45,992356132
"5267",5,97.70099573,46,992305139
"5268",5,97.70099573,47,949094940
"5269",5,97.70099573,48,992094509
"5270",5,97.70099573,49,992313961
"5271",5,97.70099573,5,992263682
"5272",5,97.70099573,50,992243733
"5273",5,97.70099573,51,991606277
"5274",5,97.70099573,52,991651498
"5275",5,97.70099573,53,991308831
"5276",5,97.70099573,54,992227159
"5277",5,97.70099573,55,992290291
"5278",5,97.70099573,56,992213229
"5279",5,97.70099573,57,992335969
"5280",5,97.70099573,58,992030757
"5281",5,97.70099573,59,982400289
"5282",5,97.70099573,6,991472914
"5283",5,97.70099573,60,992289209
"5284",5,97.70099573,61,991137489
"5285",5,97.70099573,62,991178115
"5286",5,97.70099573,63,992305859
"5287",5,97.70099573,64,992304690
"5288",5,97.70099573,65,992364711
"5289",5,97.70099573,66,992328793
"5290",5,97.70099573,67,992392364
"5291",5,97.70099573,68,992246968
"5292",5,97.70099573,69,992381978
"5293",5,97.70099573,7,991134003
"5294",5,97.70099573,70,992333613
"5295",5,97.70099573,71,992294946
"5296",5,97.70099573,72,987378637
"5297",5,97.70099573,73,987472033
"5298",5,97.70099573,74,992229282
"5299",5,97.70099573,75,992312689
"5300",5,97.70099573,76,985630434
"5301",5,97.70099573,77,992082115
"5302",5,97.70099573,78,956257523
"5303",5,97.70099573,79,992336140
"5304",5,97.70099573,8,992135792
"5305",5,97.70099573,80,992339717
"5306",5,97.70099573,81,992330347
"5307",5,97.70099573,82,991236815
"5308",5,97.70099573,83,988295632
"5309",5,97.70099573,84,992278690
"5310",5,97.70099573,85,992316415
"5311",5,97.70099573,86,992135491
"5312",5,97.70099573,87,992343227
"5313",5,97.70099573,88,992354401
"5314",5,97.70099573,89,992352278
"5315",5,97.70099573,9,992375572
"5316",5,97.70099573,90,992235367
"5317",5,97.70099573,91,991235951
"5318",5,97.70099573,92,992137656
"5319",5,97.70099573,93,952375771
"5320",5,97.70099573,94,992371241
"5321",5,97.70099573,95,985464902
"5322",5,97.70099573,96,992335772
"5323",5,97.70099573,97,992106759
"5324",5,97.70099573,98,992142447
"5325",5,97.70099573,99,825595155
