"","time","nu","id","tot_pfu"
"1",0,0.01,1,500
"2",0,0.01,10,500
"3",0,0.01,100,500
"4",0,0.01,11,500
"5",0,0.01,12,500
"6",0,0.01,13,500
"7",0,0.01,14,500
"8",0,0.01,15,500
"9",0,0.01,16,500
"10",0,0.01,17,500
"11",0,0.01,18,500
"12",0,0.01,19,500
"13",0,0.01,2,500
"14",0,0.01,20,500
"15",0,0.01,21,500
"16",0,0.01,22,500
"17",0,0.01,23,500
"18",0,0.01,24,500
"19",0,0.01,25,500
"20",0,0.01,26,500
"21",0,0.01,27,500
"22",0,0.01,28,500
"23",0,0.01,29,500
"24",0,0.01,3,500
"25",0,0.01,30,500
"26",0,0.01,31,500
"27",0,0.01,32,500
"28",0,0.01,33,500
"29",0,0.01,34,500
"30",0,0.01,35,500
"31",0,0.01,36,500
"32",0,0.01,37,500
"33",0,0.01,38,500
"34",0,0.01,39,500
"35",0,0.01,4,500
"36",0,0.01,40,500
"37",0,0.01,41,500
"38",0,0.01,42,500
"39",0,0.01,43,500
"40",0,0.01,44,500
"41",0,0.01,45,500
"42",0,0.01,46,500
"43",0,0.01,47,500
"44",0,0.01,48,500
"45",0,0.01,49,500
"46",0,0.01,5,500
"47",0,0.01,50,500
"48",0,0.01,51,500
"49",0,0.01,52,500
"50",0,0.01,53,500
"51",0,0.01,54,500
"52",0,0.01,55,500
"53",0,0.01,56,500
"54",0,0.01,57,500
"55",0,0.01,58,500
"56",0,0.01,59,500
"57",0,0.01,6,500
"58",0,0.01,60,500
"59",0,0.01,61,500
"60",0,0.01,62,500
"61",0,0.01,63,500
"62",0,0.01,64,500
"63",0,0.01,65,500
"64",0,0.01,66,500
"65",0,0.01,67,500
"66",0,0.01,68,500
"67",0,0.01,69,500
"68",0,0.01,7,500
"69",0,0.01,70,500
"70",0,0.01,71,500
"71",0,0.01,72,500
"72",0,0.01,73,500
"73",0,0.01,74,500
"74",0,0.01,75,500
"75",0,0.01,76,500
"76",0,0.01,77,500
"77",0,0.01,78,500
"78",0,0.01,79,500
"79",0,0.01,8,500
"80",0,0.01,80,500
"81",0,0.01,81,500
"82",0,0.01,82,500
"83",0,0.01,83,500
"84",0,0.01,84,500
"85",0,0.01,85,500
"86",0,0.01,86,500
"87",0,0.01,87,500
"88",0,0.01,88,500
"89",0,0.01,89,500
"90",0,0.01,9,500
"91",0,0.01,90,500
"92",0,0.01,91,500
"93",0,0.01,92,500
"94",0,0.01,93,500
"95",0,0.01,94,500
"96",0,0.01,95,500
"97",0,0.01,96,500
"98",0,0.01,97,500
"99",0,0.01,98,500
"100",0,0.01,99,500
"101",0,0.01123324,1,561.662
"102",0,0.01123324,10,561.662
"103",0,0.01123324,100,561.662
"104",0,0.01123324,11,561.662
"105",0,0.01123324,12,561.662
"106",0,0.01123324,13,561.662
"107",0,0.01123324,14,561.662
"108",0,0.01123324,15,561.662
"109",0,0.01123324,16,561.662
"110",0,0.01123324,17,561.662
"111",0,0.01123324,18,561.662
"112",0,0.01123324,19,561.662
"113",0,0.01123324,2,561.662
"114",0,0.01123324,20,561.662
"115",0,0.01123324,21,561.662
"116",0,0.01123324,22,561.662
"117",0,0.01123324,23,561.662
"118",0,0.01123324,24,561.662
"119",0,0.01123324,25,561.662
"120",0,0.01123324,26,561.662
"121",0,0.01123324,27,561.662
"122",0,0.01123324,28,561.662
"123",0,0.01123324,29,561.662
"124",0,0.01123324,3,561.662
"125",0,0.01123324,30,561.662
"126",0,0.01123324,31,561.662
"127",0,0.01123324,32,561.662
"128",0,0.01123324,33,561.662
"129",0,0.01123324,34,561.662
"130",0,0.01123324,35,561.662
"131",0,0.01123324,36,561.662
"132",0,0.01123324,37,561.662
"133",0,0.01123324,38,561.662
"134",0,0.01123324,39,561.662
"135",0,0.01123324,4,561.662
"136",0,0.01123324,40,561.662
"137",0,0.01123324,41,561.662
"138",0,0.01123324,42,561.662
"139",0,0.01123324,43,561.662
"140",0,0.01123324,44,561.662
"141",0,0.01123324,45,561.662
"142",0,0.01123324,46,561.662
"143",0,0.01123324,47,561.662
"144",0,0.01123324,48,561.662
"145",0,0.01123324,49,561.662
"146",0,0.01123324,5,561.662
"147",0,0.01123324,50,561.662
"148",0,0.01123324,51,561.662
"149",0,0.01123324,52,561.662
"150",0,0.01123324,53,561.662
"151",0,0.01123324,54,561.662
"152",0,0.01123324,55,561.662
"153",0,0.01123324,56,561.662
"154",0,0.01123324,57,561.662
"155",0,0.01123324,58,561.662
"156",0,0.01123324,59,561.662
"157",0,0.01123324,6,561.662
"158",0,0.01123324,60,561.662
"159",0,0.01123324,61,561.662
"160",0,0.01123324,62,561.662
"161",0,0.01123324,63,561.662
"162",0,0.01123324,64,561.662
"163",0,0.01123324,65,561.662
"164",0,0.01123324,66,561.662
"165",0,0.01123324,67,561.662
"166",0,0.01123324,68,561.662
"167",0,0.01123324,69,561.662
"168",0,0.01123324,7,561.662
"169",0,0.01123324,70,561.662
"170",0,0.01123324,71,561.662
"171",0,0.01123324,72,561.662
"172",0,0.01123324,73,561.662
"173",0,0.01123324,74,561.662
"174",0,0.01123324,75,561.662
"175",0,0.01123324,76,561.662
"176",0,0.01123324,77,561.662
"177",0,0.01123324,78,561.662
"178",0,0.01123324,79,561.662
"179",0,0.01123324,8,561.662
"180",0,0.01123324,80,561.662
"181",0,0.01123324,81,561.662
"182",0,0.01123324,82,561.662
"183",0,0.01123324,83,561.662
"184",0,0.01123324,84,561.662
"185",0,0.01123324,85,561.662
"186",0,0.01123324,86,561.662
"187",0,0.01123324,87,561.662
"188",0,0.01123324,88,561.662
"189",0,0.01123324,89,561.662
"190",0,0.01123324,9,561.662
"191",0,0.01123324,90,561.662
"192",0,0.01123324,91,561.662
"193",0,0.01123324,92,561.662
"194",0,0.01123324,93,561.662
"195",0,0.01123324,94,561.662
"196",0,0.01123324,95,561.662
"197",0,0.01123324,96,561.662
"198",0,0.01123324,97,561.662
"199",0,0.01123324,98,561.662
"200",0,0.01123324,99,561.662
"201",0,0.01261857,1,630.9285
"202",0,0.01261857,10,630.9285
"203",0,0.01261857,100,630.9285
"204",0,0.01261857,11,630.9285
"205",0,0.01261857,12,630.9285
"206",0,0.01261857,13,630.9285
"207",0,0.01261857,14,630.9285
"208",0,0.01261857,15,630.9285
"209",0,0.01261857,16,630.9285
"210",0,0.01261857,17,630.9285
"211",0,0.01261857,18,630.9285
"212",0,0.01261857,19,630.9285
"213",0,0.01261857,2,630.9285
"214",0,0.01261857,20,630.9285
"215",0,0.01261857,21,630.9285
"216",0,0.01261857,22,630.9285
"217",0,0.01261857,23,630.9285
"218",0,0.01261857,24,630.9285
"219",0,0.01261857,25,630.9285
"220",0,0.01261857,26,630.9285
"221",0,0.01261857,27,630.9285
"222",0,0.01261857,28,630.9285
"223",0,0.01261857,29,630.9285
"224",0,0.01261857,3,630.9285
"225",0,0.01261857,30,630.9285
"226",0,0.01261857,31,630.9285
"227",0,0.01261857,32,630.9285
"228",0,0.01261857,33,630.9285
"229",0,0.01261857,34,630.9285
"230",0,0.01261857,35,630.9285
"231",0,0.01261857,36,630.9285
"232",0,0.01261857,37,630.9285
"233",0,0.01261857,38,630.9285
"234",0,0.01261857,39,630.9285
"235",0,0.01261857,4,630.9285
"236",0,0.01261857,40,630.9285
"237",0,0.01261857,41,630.9285
"238",0,0.01261857,42,630.9285
"239",0,0.01261857,43,630.9285
"240",0,0.01261857,44,630.9285
"241",0,0.01261857,45,630.9285
"242",0,0.01261857,46,630.9285
"243",0,0.01261857,47,630.9285
"244",0,0.01261857,48,630.9285
"245",0,0.01261857,49,630.9285
"246",0,0.01261857,5,630.9285
"247",0,0.01261857,50,630.9285
"248",0,0.01261857,51,630.9285
"249",0,0.01261857,52,630.9285
"250",0,0.01261857,53,630.9285
"251",0,0.01261857,54,630.9285
"252",0,0.01261857,55,630.9285
"253",0,0.01261857,56,630.9285
"254",0,0.01261857,57,630.9285
"255",0,0.01261857,58,630.9285
"256",0,0.01261857,59,630.9285
"257",0,0.01261857,6,630.9285
"258",0,0.01261857,60,630.9285
"259",0,0.01261857,61,630.9285
"260",0,0.01261857,62,630.9285
"261",0,0.01261857,63,630.9285
"262",0,0.01261857,64,630.9285
"263",0,0.01261857,65,630.9285
"264",0,0.01261857,66,630.9285
"265",0,0.01261857,67,630.9285
"266",0,0.01261857,68,630.9285
"267",0,0.01261857,69,630.9285
"268",0,0.01261857,7,630.9285
"269",0,0.01261857,70,630.9285
"270",0,0.01261857,71,630.9285
"271",0,0.01261857,72,630.9285
"272",0,0.01261857,73,630.9285
"273",0,0.01261857,74,630.9285
"274",0,0.01261857,75,630.9285
"275",0,0.01261857,76,630.9285
"276",0,0.01261857,77,630.9285
"277",0,0.01261857,78,630.9285
"278",0,0.01261857,79,630.9285
"279",0,0.01261857,8,630.9285
"280",0,0.01261857,80,630.9285
"281",0,0.01261857,81,630.9285
"282",0,0.01261857,82,630.9285
"283",0,0.01261857,83,630.9285
"284",0,0.01261857,84,630.9285
"285",0,0.01261857,85,630.9285
"286",0,0.01261857,86,630.9285
"287",0,0.01261857,87,630.9285
"288",0,0.01261857,88,630.9285
"289",0,0.01261857,89,630.9285
"290",0,0.01261857,9,630.9285
"291",0,0.01261857,90,630.9285
"292",0,0.01261857,91,630.9285
"293",0,0.01261857,92,630.9285
"294",0,0.01261857,93,630.9285
"295",0,0.01261857,94,630.9285
"296",0,0.01261857,95,630.9285
"297",0,0.01261857,96,630.9285
"298",0,0.01261857,97,630.9285
"299",0,0.01261857,98,630.9285
"300",0,0.01261857,99,630.9285
"301",0,0.01417474,1,708.737
"302",0,0.01417474,10,708.737
"303",0,0.01417474,100,708.737
"304",0,0.01417474,11,708.737
"305",0,0.01417474,12,708.737
"306",0,0.01417474,13,708.737
"307",0,0.01417474,14,708.737
"308",0,0.01417474,15,708.737
"309",0,0.01417474,16,708.737
"310",0,0.01417474,17,708.737
"311",0,0.01417474,18,708.737
"312",0,0.01417474,19,708.737
"313",0,0.01417474,2,708.737
"314",0,0.01417474,20,708.737
"315",0,0.01417474,21,708.737
"316",0,0.01417474,22,708.737
"317",0,0.01417474,23,708.737
"318",0,0.01417474,24,708.737
"319",0,0.01417474,25,708.737
"320",0,0.01417474,26,708.737
"321",0,0.01417474,27,708.737
"322",0,0.01417474,28,708.737
"323",0,0.01417474,29,708.737
"324",0,0.01417474,3,708.737
"325",0,0.01417474,30,708.737
"326",0,0.01417474,31,708.737
"327",0,0.01417474,32,708.737
"328",0,0.01417474,33,708.737
"329",0,0.01417474,34,708.737
"330",0,0.01417474,35,708.737
"331",0,0.01417474,36,708.737
"332",0,0.01417474,37,708.737
"333",0,0.01417474,38,708.737
"334",0,0.01417474,39,708.737
"335",0,0.01417474,4,708.737
"336",0,0.01417474,40,708.737
"337",0,0.01417474,41,708.737
"338",0,0.01417474,42,708.737
"339",0,0.01417474,43,708.737
"340",0,0.01417474,44,708.737
"341",0,0.01417474,45,708.737
"342",0,0.01417474,46,708.737
"343",0,0.01417474,47,708.737
"344",0,0.01417474,48,708.737
"345",0,0.01417474,49,708.737
"346",0,0.01417474,5,708.737
"347",0,0.01417474,50,708.737
"348",0,0.01417474,51,708.737
"349",0,0.01417474,52,708.737
"350",0,0.01417474,53,708.737
"351",0,0.01417474,54,708.737
"352",0,0.01417474,55,708.737
"353",0,0.01417474,56,708.737
"354",0,0.01417474,57,708.737
"355",0,0.01417474,58,708.737
"356",0,0.01417474,59,708.737
"357",0,0.01417474,6,708.737
"358",0,0.01417474,60,708.737
"359",0,0.01417474,61,708.737
"360",0,0.01417474,62,708.737
"361",0,0.01417474,63,708.737
"362",0,0.01417474,64,708.737
"363",0,0.01417474,65,708.737
"364",0,0.01417474,66,708.737
"365",0,0.01417474,67,708.737
"366",0,0.01417474,68,708.737
"367",0,0.01417474,69,708.737
"368",0,0.01417474,7,708.737
"369",0,0.01417474,70,708.737
"370",0,0.01417474,71,708.737
"371",0,0.01417474,72,708.737
"372",0,0.01417474,73,708.737
"373",0,0.01417474,74,708.737
"374",0,0.01417474,75,708.737
"375",0,0.01417474,76,708.737
"376",0,0.01417474,77,708.737
"377",0,0.01417474,78,708.737
"378",0,0.01417474,79,708.737
"379",0,0.01417474,8,708.737
"380",0,0.01417474,80,708.737
"381",0,0.01417474,81,708.737
"382",0,0.01417474,82,708.737
"383",0,0.01417474,83,708.737
"384",0,0.01417474,84,708.737
"385",0,0.01417474,85,708.737
"386",0,0.01417474,86,708.737
"387",0,0.01417474,87,708.737
"388",0,0.01417474,88,708.737
"389",0,0.01417474,89,708.737
"390",0,0.01417474,9,708.737
"391",0,0.01417474,90,708.737
"392",0,0.01417474,91,708.737
"393",0,0.01417474,92,708.737
"394",0,0.01417474,93,708.737
"395",0,0.01417474,94,708.737
"396",0,0.01417474,95,708.737
"397",0,0.01417474,96,708.737
"398",0,0.01417474,97,708.737
"399",0,0.01417474,98,708.737
"400",0,0.01417474,99,708.737
"401",0,0.01592283,1,796.1415
"402",0,0.01592283,10,796.1415
"403",0,0.01592283,100,796.1415
"404",0,0.01592283,11,796.1415
"405",0,0.01592283,12,796.1415
"406",0,0.01592283,13,796.1415
"407",0,0.01592283,14,796.1415
"408",0,0.01592283,15,796.1415
"409",0,0.01592283,16,796.1415
"410",0,0.01592283,17,796.1415
"411",0,0.01592283,18,796.1415
"412",0,0.01592283,19,796.1415
"413",0,0.01592283,2,796.1415
"414",0,0.01592283,20,796.1415
"415",0,0.01592283,21,796.1415
"416",0,0.01592283,22,796.1415
"417",0,0.01592283,23,796.1415
"418",0,0.01592283,24,796.1415
"419",0,0.01592283,25,796.1415
"420",0,0.01592283,26,796.1415
"421",0,0.01592283,27,796.1415
"422",0,0.01592283,28,796.1415
"423",0,0.01592283,29,796.1415
"424",0,0.01592283,3,796.1415
"425",0,0.01592283,30,796.1415
"426",0,0.01592283,31,796.1415
"427",0,0.01592283,32,796.1415
"428",0,0.01592283,33,796.1415
"429",0,0.01592283,34,796.1415
"430",0,0.01592283,35,796.1415
"431",0,0.01592283,36,796.1415
"432",0,0.01592283,37,796.1415
"433",0,0.01592283,38,796.1415
"434",0,0.01592283,39,796.1415
"435",0,0.01592283,4,796.1415
"436",0,0.01592283,40,796.1415
"437",0,0.01592283,41,796.1415
"438",0,0.01592283,42,796.1415
"439",0,0.01592283,43,796.1415
"440",0,0.01592283,44,796.1415
"441",0,0.01592283,45,796.1415
"442",0,0.01592283,46,796.1415
"443",0,0.01592283,47,796.1415
"444",0,0.01592283,48,796.1415
"445",0,0.01592283,49,796.1415
"446",0,0.01592283,5,796.1415
"447",0,0.01592283,50,796.1415
"448",0,0.01592283,51,796.1415
"449",0,0.01592283,52,796.1415
"450",0,0.01592283,53,796.1415
"451",0,0.01592283,54,796.1415
"452",0,0.01592283,55,796.1415
"453",0,0.01592283,56,796.1415
"454",0,0.01592283,57,796.1415
"455",0,0.01592283,58,796.1415
"456",0,0.01592283,59,796.1415
"457",0,0.01592283,6,796.1415
"458",0,0.01592283,60,796.1415
"459",0,0.01592283,61,796.1415
"460",0,0.01592283,62,796.1415
"461",0,0.01592283,63,796.1415
"462",0,0.01592283,64,796.1415
"463",0,0.01592283,65,796.1415
"464",0,0.01592283,66,796.1415
"465",0,0.01592283,67,796.1415
"466",0,0.01592283,68,796.1415
"467",0,0.01592283,69,796.1415
"468",0,0.01592283,7,796.1415
"469",0,0.01592283,70,796.1415
"470",0,0.01592283,71,796.1415
"471",0,0.01592283,72,796.1415
"472",0,0.01592283,73,796.1415
"473",0,0.01592283,74,796.1415
"474",0,0.01592283,75,796.1415
"475",0,0.01592283,76,796.1415
"476",0,0.01592283,77,796.1415
"477",0,0.01592283,78,796.1415
"478",0,0.01592283,79,796.1415
"479",0,0.01592283,8,796.1415
"480",0,0.01592283,80,796.1415
"481",0,0.01592283,81,796.1415
"482",0,0.01592283,82,796.1415
"483",0,0.01592283,83,796.1415
"484",0,0.01592283,84,796.1415
"485",0,0.01592283,85,796.1415
"486",0,0.01592283,86,796.1415
"487",0,0.01592283,87,796.1415
"488",0,0.01592283,88,796.1415
"489",0,0.01592283,89,796.1415
"490",0,0.01592283,9,796.1415
"491",0,0.01592283,90,796.1415
"492",0,0.01592283,91,796.1415
"493",0,0.01592283,92,796.1415
"494",0,0.01592283,93,796.1415
"495",0,0.01592283,94,796.1415
"496",0,0.01592283,95,796.1415
"497",0,0.01592283,96,796.1415
"498",0,0.01592283,97,796.1415
"499",0,0.01592283,98,796.1415
"500",0,0.01592283,99,796.1415
"501",0,0.0178865,1,894.325
"502",0,0.0178865,10,894.325
"503",0,0.0178865,100,894.325
"504",0,0.0178865,11,894.325
"505",0,0.0178865,12,894.325
"506",0,0.0178865,13,894.325
"507",0,0.0178865,14,894.325
"508",0,0.0178865,15,894.325
"509",0,0.0178865,16,894.325
"510",0,0.0178865,17,894.325
"511",0,0.0178865,18,894.325
"512",0,0.0178865,19,894.325
"513",0,0.0178865,2,894.325
"514",0,0.0178865,20,894.325
"515",0,0.0178865,21,894.325
"516",0,0.0178865,22,894.325
"517",0,0.0178865,23,894.325
"518",0,0.0178865,24,894.325
"519",0,0.0178865,25,894.325
"520",0,0.0178865,26,894.325
"521",0,0.0178865,27,894.325
"522",0,0.0178865,28,894.325
"523",0,0.0178865,29,894.325
"524",0,0.0178865,3,894.325
"525",0,0.0178865,30,894.325
"526",0,0.0178865,31,894.325
"527",0,0.0178865,32,894.325
"528",0,0.0178865,33,894.325
"529",0,0.0178865,34,894.325
"530",0,0.0178865,35,894.325
"531",0,0.0178865,36,894.325
"532",0,0.0178865,37,894.325
"533",0,0.0178865,38,894.325
"534",0,0.0178865,39,894.325
"535",0,0.0178865,4,894.325
"536",0,0.0178865,40,894.325
"537",0,0.0178865,41,894.325
"538",0,0.0178865,42,894.325
"539",0,0.0178865,43,894.325
"540",0,0.0178865,44,894.325
"541",0,0.0178865,45,894.325
"542",0,0.0178865,46,894.325
"543",0,0.0178865,47,894.325
"544",0,0.0178865,48,894.325
"545",0,0.0178865,49,894.325
"546",0,0.0178865,5,894.325
"547",0,0.0178865,50,894.325
"548",0,0.0178865,51,894.325
"549",0,0.0178865,52,894.325
"550",0,0.0178865,53,894.325
"551",0,0.0178865,54,894.325
"552",0,0.0178865,55,894.325
"553",0,0.0178865,56,894.325
"554",0,0.0178865,57,894.325
"555",0,0.0178865,58,894.325
"556",0,0.0178865,59,894.325
"557",0,0.0178865,6,894.325
"558",0,0.0178865,60,894.325
"559",0,0.0178865,61,894.325
"560",0,0.0178865,62,894.325
"561",0,0.0178865,63,894.325
"562",0,0.0178865,64,894.325
"563",0,0.0178865,65,894.325
"564",0,0.0178865,66,894.325
"565",0,0.0178865,67,894.325
"566",0,0.0178865,68,894.325
"567",0,0.0178865,69,894.325
"568",0,0.0178865,7,894.325
"569",0,0.0178865,70,894.325
"570",0,0.0178865,71,894.325
"571",0,0.0178865,72,894.325
"572",0,0.0178865,73,894.325
"573",0,0.0178865,74,894.325
"574",0,0.0178865,75,894.325
"575",0,0.0178865,76,894.325
"576",0,0.0178865,77,894.325
"577",0,0.0178865,78,894.325
"578",0,0.0178865,79,894.325
"579",0,0.0178865,8,894.325
"580",0,0.0178865,80,894.325
"581",0,0.0178865,81,894.325
"582",0,0.0178865,82,894.325
"583",0,0.0178865,83,894.325
"584",0,0.0178865,84,894.325
"585",0,0.0178865,85,894.325
"586",0,0.0178865,86,894.325
"587",0,0.0178865,87,894.325
"588",0,0.0178865,88,894.325
"589",0,0.0178865,89,894.325
"590",0,0.0178865,9,894.325
"591",0,0.0178865,90,894.325
"592",0,0.0178865,91,894.325
"593",0,0.0178865,92,894.325
"594",0,0.0178865,93,894.325
"595",0,0.0178865,94,894.325
"596",0,0.0178865,95,894.325
"597",0,0.0178865,96,894.325
"598",0,0.0178865,97,894.325
"599",0,0.0178865,98,894.325
"600",0,0.0178865,99,894.325
"601",0,0.02009233,1,1004.6165
"602",0,0.02009233,10,1004.6165
"603",0,0.02009233,100,1004.6165
"604",0,0.02009233,11,1004.6165
"605",0,0.02009233,12,1004.6165
"606",0,0.02009233,13,1004.6165
"607",0,0.02009233,14,1004.6165
"608",0,0.02009233,15,1004.6165
"609",0,0.02009233,16,1004.6165
"610",0,0.02009233,17,1004.6165
"611",0,0.02009233,18,1004.6165
"612",0,0.02009233,19,1004.6165
"613",0,0.02009233,2,1004.6165
"614",0,0.02009233,20,1004.6165
"615",0,0.02009233,21,1004.6165
"616",0,0.02009233,22,1004.6165
"617",0,0.02009233,23,1004.6165
"618",0,0.02009233,24,1004.6165
"619",0,0.02009233,25,1004.6165
"620",0,0.02009233,26,1004.6165
"621",0,0.02009233,27,1004.6165
"622",0,0.02009233,28,1004.6165
"623",0,0.02009233,29,1004.6165
"624",0,0.02009233,3,1004.6165
"625",0,0.02009233,30,1004.6165
"626",0,0.02009233,31,1004.6165
"627",0,0.02009233,32,1004.6165
"628",0,0.02009233,33,1004.6165
"629",0,0.02009233,34,1004.6165
"630",0,0.02009233,35,1004.6165
"631",0,0.02009233,36,1004.6165
"632",0,0.02009233,37,1004.6165
"633",0,0.02009233,38,1004.6165
"634",0,0.02009233,39,1004.6165
"635",0,0.02009233,4,1004.6165
"636",0,0.02009233,40,1004.6165
"637",0,0.02009233,41,1004.6165
"638",0,0.02009233,42,1004.6165
"639",0,0.02009233,43,1004.6165
"640",0,0.02009233,44,1004.6165
"641",0,0.02009233,45,1004.6165
"642",0,0.02009233,46,1004.6165
"643",0,0.02009233,47,1004.6165
"644",0,0.02009233,48,1004.6165
"645",0,0.02009233,49,1004.6165
"646",0,0.02009233,5,1004.6165
"647",0,0.02009233,50,1004.6165
"648",0,0.02009233,51,1004.6165
"649",0,0.02009233,52,1004.6165
"650",0,0.02009233,53,1004.6165
"651",0,0.02009233,54,1004.6165
"652",0,0.02009233,55,1004.6165
"653",0,0.02009233,56,1004.6165
"654",0,0.02009233,57,1004.6165
"655",0,0.02009233,58,1004.6165
"656",0,0.02009233,59,1004.6165
"657",0,0.02009233,6,1004.6165
"658",0,0.02009233,60,1004.6165
"659",0,0.02009233,61,1004.6165
"660",0,0.02009233,62,1004.6165
"661",0,0.02009233,63,1004.6165
"662",0,0.02009233,64,1004.6165
"663",0,0.02009233,65,1004.6165
"664",0,0.02009233,66,1004.6165
"665",0,0.02009233,67,1004.6165
"666",0,0.02009233,68,1004.6165
"667",0,0.02009233,69,1004.6165
"668",0,0.02009233,7,1004.6165
"669",0,0.02009233,70,1004.6165
"670",0,0.02009233,71,1004.6165
"671",0,0.02009233,72,1004.6165
"672",0,0.02009233,73,1004.6165
"673",0,0.02009233,74,1004.6165
"674",0,0.02009233,75,1004.6165
"675",0,0.02009233,76,1004.6165
"676",0,0.02009233,77,1004.6165
"677",0,0.02009233,78,1004.6165
"678",0,0.02009233,79,1004.6165
"679",0,0.02009233,8,1004.6165
"680",0,0.02009233,80,1004.6165
"681",0,0.02009233,81,1004.6165
"682",0,0.02009233,82,1004.6165
"683",0,0.02009233,83,1004.6165
"684",0,0.02009233,84,1004.6165
"685",0,0.02009233,85,1004.6165
"686",0,0.02009233,86,1004.6165
"687",0,0.02009233,87,1004.6165
"688",0,0.02009233,88,1004.6165
"689",0,0.02009233,89,1004.6165
"690",0,0.02009233,9,1004.6165
"691",0,0.02009233,90,1004.6165
"692",0,0.02009233,91,1004.6165
"693",0,0.02009233,92,1004.6165
"694",0,0.02009233,93,1004.6165
"695",0,0.02009233,94,1004.6165
"696",0,0.02009233,95,1004.6165
"697",0,0.02009233,96,1004.6165
"698",0,0.02009233,97,1004.6165
"699",0,0.02009233,98,1004.6165
"700",0,0.02009233,99,1004.6165
"701",0,0.0225702,1,1128.51
"702",0,0.0225702,10,1128.51
"703",0,0.0225702,100,1128.51
"704",0,0.0225702,11,1128.51
"705",0,0.0225702,12,1128.51
"706",0,0.0225702,13,1128.51
"707",0,0.0225702,14,1128.51
"708",0,0.0225702,15,1128.51
"709",0,0.0225702,16,1128.51
"710",0,0.0225702,17,1128.51
"711",0,0.0225702,18,1128.51
"712",0,0.0225702,19,1128.51
"713",0,0.0225702,2,1128.51
"714",0,0.0225702,20,1128.51
"715",0,0.0225702,21,1128.51
"716",0,0.0225702,22,1128.51
"717",0,0.0225702,23,1128.51
"718",0,0.0225702,24,1128.51
"719",0,0.0225702,25,1128.51
"720",0,0.0225702,26,1128.51
"721",0,0.0225702,27,1128.51
"722",0,0.0225702,28,1128.51
"723",0,0.0225702,29,1128.51
"724",0,0.0225702,3,1128.51
"725",0,0.0225702,30,1128.51
"726",0,0.0225702,31,1128.51
"727",0,0.0225702,32,1128.51
"728",0,0.0225702,33,1128.51
"729",0,0.0225702,34,1128.51
"730",0,0.0225702,35,1128.51
"731",0,0.0225702,36,1128.51
"732",0,0.0225702,37,1128.51
"733",0,0.0225702,38,1128.51
"734",0,0.0225702,39,1128.51
"735",0,0.0225702,4,1128.51
"736",0,0.0225702,40,1128.51
"737",0,0.0225702,41,1128.51
"738",0,0.0225702,42,1128.51
"739",0,0.0225702,43,1128.51
"740",0,0.0225702,44,1128.51
"741",0,0.0225702,45,1128.51
"742",0,0.0225702,46,1128.51
"743",0,0.0225702,47,1128.51
"744",0,0.0225702,48,1128.51
"745",0,0.0225702,49,1128.51
"746",0,0.0225702,5,1128.51
"747",0,0.0225702,50,1128.51
"748",0,0.0225702,51,1128.51
"749",0,0.0225702,52,1128.51
"750",0,0.0225702,53,1128.51
"751",0,0.0225702,54,1128.51
"752",0,0.0225702,55,1128.51
"753",0,0.0225702,56,1128.51
"754",0,0.0225702,57,1128.51
"755",0,0.0225702,58,1128.51
"756",0,0.0225702,59,1128.51
"757",0,0.0225702,6,1128.51
"758",0,0.0225702,60,1128.51
"759",0,0.0225702,61,1128.51
"760",0,0.0225702,62,1128.51
"761",0,0.0225702,63,1128.51
"762",0,0.0225702,64,1128.51
"763",0,0.0225702,65,1128.51
"764",0,0.0225702,66,1128.51
"765",0,0.0225702,67,1128.51
"766",0,0.0225702,68,1128.51
"767",0,0.0225702,69,1128.51
"768",0,0.0225702,7,1128.51
"769",0,0.0225702,70,1128.51
"770",0,0.0225702,71,1128.51
"771",0,0.0225702,72,1128.51
"772",0,0.0225702,73,1128.51
"773",0,0.0225702,74,1128.51
"774",0,0.0225702,75,1128.51
"775",0,0.0225702,76,1128.51
"776",0,0.0225702,77,1128.51
"777",0,0.0225702,78,1128.51
"778",0,0.0225702,79,1128.51
"779",0,0.0225702,8,1128.51
"780",0,0.0225702,80,1128.51
"781",0,0.0225702,81,1128.51
"782",0,0.0225702,82,1128.51
"783",0,0.0225702,83,1128.51
"784",0,0.0225702,84,1128.51
"785",0,0.0225702,85,1128.51
"786",0,0.0225702,86,1128.51
"787",0,0.0225702,87,1128.51
"788",0,0.0225702,88,1128.51
"789",0,0.0225702,89,1128.51
"790",0,0.0225702,9,1128.51
"791",0,0.0225702,90,1128.51
"792",0,0.0225702,91,1128.51
"793",0,0.0225702,92,1128.51
"794",0,0.0225702,93,1128.51
"795",0,0.0225702,94,1128.51
"796",0,0.0225702,95,1128.51
"797",0,0.0225702,96,1128.51
"798",0,0.0225702,97,1128.51
"799",0,0.0225702,98,1128.51
"800",0,0.0225702,99,1128.51
"801",0,0.02535364,1,1267.682
"802",0,0.02535364,10,1267.682
"803",0,0.02535364,100,1267.682
"804",0,0.02535364,11,1267.682
"805",0,0.02535364,12,1267.682
"806",0,0.02535364,13,1267.682
"807",0,0.02535364,14,1267.682
"808",0,0.02535364,15,1267.682
"809",0,0.02535364,16,1267.682
"810",0,0.02535364,17,1267.682
"811",0,0.02535364,18,1267.682
"812",0,0.02535364,19,1267.682
"813",0,0.02535364,2,1267.682
"814",0,0.02535364,20,1267.682
"815",0,0.02535364,21,1267.682
"816",0,0.02535364,22,1267.682
"817",0,0.02535364,23,1267.682
"818",0,0.02535364,24,1267.682
"819",0,0.02535364,25,1267.682
"820",0,0.02535364,26,1267.682
"821",0,0.02535364,27,1267.682
"822",0,0.02535364,28,1267.682
"823",0,0.02535364,29,1267.682
"824",0,0.02535364,3,1267.682
"825",0,0.02535364,30,1267.682
"826",0,0.02535364,31,1267.682
"827",0,0.02535364,32,1267.682
"828",0,0.02535364,33,1267.682
"829",0,0.02535364,34,1267.682
"830",0,0.02535364,35,1267.682
"831",0,0.02535364,36,1267.682
"832",0,0.02535364,37,1267.682
"833",0,0.02535364,38,1267.682
"834",0,0.02535364,39,1267.682
"835",0,0.02535364,4,1267.682
"836",0,0.02535364,40,1267.682
"837",0,0.02535364,41,1267.682
"838",0,0.02535364,42,1267.682
"839",0,0.02535364,43,1267.682
"840",0,0.02535364,44,1267.682
"841",0,0.02535364,45,1267.682
"842",0,0.02535364,46,1267.682
"843",0,0.02535364,47,1267.682
"844",0,0.02535364,48,1267.682
"845",0,0.02535364,49,1267.682
"846",0,0.02535364,5,1267.682
"847",0,0.02535364,50,1267.682
"848",0,0.02535364,51,1267.682
"849",0,0.02535364,52,1267.682
"850",0,0.02535364,53,1267.682
"851",0,0.02535364,54,1267.682
"852",0,0.02535364,55,1267.682
"853",0,0.02535364,56,1267.682
"854",0,0.02535364,57,1267.682
"855",0,0.02535364,58,1267.682
"856",0,0.02535364,59,1267.682
"857",0,0.02535364,6,1267.682
"858",0,0.02535364,60,1267.682
"859",0,0.02535364,61,1267.682
"860",0,0.02535364,62,1267.682
"861",0,0.02535364,63,1267.682
"862",0,0.02535364,64,1267.682
"863",0,0.02535364,65,1267.682
"864",0,0.02535364,66,1267.682
"865",0,0.02535364,67,1267.682
"866",0,0.02535364,68,1267.682
"867",0,0.02535364,69,1267.682
"868",0,0.02535364,7,1267.682
"869",0,0.02535364,70,1267.682
"870",0,0.02535364,71,1267.682
"871",0,0.02535364,72,1267.682
"872",0,0.02535364,73,1267.682
"873",0,0.02535364,74,1267.682
"874",0,0.02535364,75,1267.682
"875",0,0.02535364,76,1267.682
"876",0,0.02535364,77,1267.682
"877",0,0.02535364,78,1267.682
"878",0,0.02535364,79,1267.682
"879",0,0.02535364,8,1267.682
"880",0,0.02535364,80,1267.682
"881",0,0.02535364,81,1267.682
"882",0,0.02535364,82,1267.682
"883",0,0.02535364,83,1267.682
"884",0,0.02535364,84,1267.682
"885",0,0.02535364,85,1267.682
"886",0,0.02535364,86,1267.682
"887",0,0.02535364,87,1267.682
"888",0,0.02535364,88,1267.682
"889",0,0.02535364,89,1267.682
"890",0,0.02535364,9,1267.682
"891",0,0.02535364,90,1267.682
"892",0,0.02535364,91,1267.682
"893",0,0.02535364,92,1267.682
"894",0,0.02535364,93,1267.682
"895",0,0.02535364,94,1267.682
"896",0,0.02535364,95,1267.682
"897",0,0.02535364,96,1267.682
"898",0,0.02535364,97,1267.682
"899",0,0.02535364,98,1267.682
"900",0,0.02535364,99,1267.682
"901",0,0.02848036,1,1424.018
"902",0,0.02848036,10,1424.018
"903",0,0.02848036,100,1424.018
"904",0,0.02848036,11,1424.018
"905",0,0.02848036,12,1424.018
"906",0,0.02848036,13,1424.018
"907",0,0.02848036,14,1424.018
"908",0,0.02848036,15,1424.018
"909",0,0.02848036,16,1424.018
"910",0,0.02848036,17,1424.018
"911",0,0.02848036,18,1424.018
"912",0,0.02848036,19,1424.018
"913",0,0.02848036,2,1424.018
"914",0,0.02848036,20,1424.018
"915",0,0.02848036,21,1424.018
"916",0,0.02848036,22,1424.018
"917",0,0.02848036,23,1424.018
"918",0,0.02848036,24,1424.018
"919",0,0.02848036,25,1424.018
"920",0,0.02848036,26,1424.018
"921",0,0.02848036,27,1424.018
"922",0,0.02848036,28,1424.018
"923",0,0.02848036,29,1424.018
"924",0,0.02848036,3,1424.018
"925",0,0.02848036,30,1424.018
"926",0,0.02848036,31,1424.018
"927",0,0.02848036,32,1424.018
"928",0,0.02848036,33,1424.018
"929",0,0.02848036,34,1424.018
"930",0,0.02848036,35,1424.018
"931",0,0.02848036,36,1424.018
"932",0,0.02848036,37,1424.018
"933",0,0.02848036,38,1424.018
"934",0,0.02848036,39,1424.018
"935",0,0.02848036,4,1424.018
"936",0,0.02848036,40,1424.018
"937",0,0.02848036,41,1424.018
"938",0,0.02848036,42,1424.018
"939",0,0.02848036,43,1424.018
"940",0,0.02848036,44,1424.018
"941",0,0.02848036,45,1424.018
"942",0,0.02848036,46,1424.018
"943",0,0.02848036,47,1424.018
"944",0,0.02848036,48,1424.018
"945",0,0.02848036,49,1424.018
"946",0,0.02848036,5,1424.018
"947",0,0.02848036,50,1424.018
"948",0,0.02848036,51,1424.018
"949",0,0.02848036,52,1424.018
"950",0,0.02848036,53,1424.018
"951",0,0.02848036,54,1424.018
"952",0,0.02848036,55,1424.018
"953",0,0.02848036,56,1424.018
"954",0,0.02848036,57,1424.018
"955",0,0.02848036,58,1424.018
"956",0,0.02848036,59,1424.018
"957",0,0.02848036,6,1424.018
"958",0,0.02848036,60,1424.018
"959",0,0.02848036,61,1424.018
"960",0,0.02848036,62,1424.018
"961",0,0.02848036,63,1424.018
"962",0,0.02848036,64,1424.018
"963",0,0.02848036,65,1424.018
"964",0,0.02848036,66,1424.018
"965",0,0.02848036,67,1424.018
"966",0,0.02848036,68,1424.018
"967",0,0.02848036,69,1424.018
"968",0,0.02848036,7,1424.018
"969",0,0.02848036,70,1424.018
"970",0,0.02848036,71,1424.018
"971",0,0.02848036,72,1424.018
"972",0,0.02848036,73,1424.018
"973",0,0.02848036,74,1424.018
"974",0,0.02848036,75,1424.018
"975",0,0.02848036,76,1424.018
"976",0,0.02848036,77,1424.018
"977",0,0.02848036,78,1424.018
"978",0,0.02848036,79,1424.018
"979",0,0.02848036,8,1424.018
"980",0,0.02848036,80,1424.018
"981",0,0.02848036,81,1424.018
"982",0,0.02848036,82,1424.018
"983",0,0.02848036,83,1424.018
"984",0,0.02848036,84,1424.018
"985",0,0.02848036,85,1424.018
"986",0,0.02848036,86,1424.018
"987",0,0.02848036,87,1424.018
"988",0,0.02848036,88,1424.018
"989",0,0.02848036,89,1424.018
"990",0,0.02848036,9,1424.018
"991",0,0.02848036,90,1424.018
"992",0,0.02848036,91,1424.018
"993",0,0.02848036,92,1424.018
"994",0,0.02848036,93,1424.018
"995",0,0.02848036,94,1424.018
"996",0,0.02848036,95,1424.018
"997",0,0.02848036,96,1424.018
"998",0,0.02848036,97,1424.018
"999",0,0.02848036,98,1424.018
"1000",0,0.02848036,99,1424.018
"1001",0,0.03199267,1,1599.6335
"1002",0,0.03199267,10,1599.6335
"1003",0,0.03199267,100,1599.6335
"1004",0,0.03199267,11,1599.6335
"1005",0,0.03199267,12,1599.6335
"1006",0,0.03199267,13,1599.6335
"1007",0,0.03199267,14,1599.6335
"1008",0,0.03199267,15,1599.6335
"1009",0,0.03199267,16,1599.6335
"1010",0,0.03199267,17,1599.6335
"1011",0,0.03199267,18,1599.6335
"1012",0,0.03199267,19,1599.6335
"1013",0,0.03199267,2,1599.6335
"1014",0,0.03199267,20,1599.6335
"1015",0,0.03199267,21,1599.6335
"1016",0,0.03199267,22,1599.6335
"1017",0,0.03199267,23,1599.6335
"1018",0,0.03199267,24,1599.6335
"1019",0,0.03199267,25,1599.6335
"1020",0,0.03199267,26,1599.6335
"1021",0,0.03199267,27,1599.6335
"1022",0,0.03199267,28,1599.6335
"1023",0,0.03199267,29,1599.6335
"1024",0,0.03199267,3,1599.6335
"1025",0,0.03199267,30,1599.6335
"1026",0,0.03199267,31,1599.6335
"1027",0,0.03199267,32,1599.6335
"1028",0,0.03199267,33,1599.6335
"1029",0,0.03199267,34,1599.6335
"1030",0,0.03199267,35,1599.6335
"1031",0,0.03199267,36,1599.6335
"1032",0,0.03199267,37,1599.6335
"1033",0,0.03199267,38,1599.6335
"1034",0,0.03199267,39,1599.6335
"1035",0,0.03199267,4,1599.6335
"1036",0,0.03199267,40,1599.6335
"1037",0,0.03199267,41,1599.6335
"1038",0,0.03199267,42,1599.6335
"1039",0,0.03199267,43,1599.6335
"1040",0,0.03199267,44,1599.6335
"1041",0,0.03199267,45,1599.6335
"1042",0,0.03199267,46,1599.6335
"1043",0,0.03199267,47,1599.6335
"1044",0,0.03199267,48,1599.6335
"1045",0,0.03199267,49,1599.6335
"1046",0,0.03199267,5,1599.6335
"1047",0,0.03199267,50,1599.6335
"1048",0,0.03199267,51,1599.6335
"1049",0,0.03199267,52,1599.6335
"1050",0,0.03199267,53,1599.6335
"1051",0,0.03199267,54,1599.6335
"1052",0,0.03199267,55,1599.6335
"1053",0,0.03199267,56,1599.6335
"1054",0,0.03199267,57,1599.6335
"1055",0,0.03199267,58,1599.6335
"1056",0,0.03199267,59,1599.6335
"1057",0,0.03199267,6,1599.6335
"1058",0,0.03199267,60,1599.6335
"1059",0,0.03199267,61,1599.6335
"1060",0,0.03199267,62,1599.6335
"1061",0,0.03199267,63,1599.6335
"1062",0,0.03199267,64,1599.6335
"1063",0,0.03199267,65,1599.6335
"1064",0,0.03199267,66,1599.6335
"1065",0,0.03199267,67,1599.6335
"1066",0,0.03199267,68,1599.6335
"1067",0,0.03199267,69,1599.6335
"1068",0,0.03199267,7,1599.6335
"1069",0,0.03199267,70,1599.6335
"1070",0,0.03199267,71,1599.6335
"1071",0,0.03199267,72,1599.6335
"1072",0,0.03199267,73,1599.6335
"1073",0,0.03199267,74,1599.6335
"1074",0,0.03199267,75,1599.6335
"1075",0,0.03199267,76,1599.6335
"1076",0,0.03199267,77,1599.6335
"1077",0,0.03199267,78,1599.6335
"1078",0,0.03199267,79,1599.6335
"1079",0,0.03199267,8,1599.6335
"1080",0,0.03199267,80,1599.6335
"1081",0,0.03199267,81,1599.6335
"1082",0,0.03199267,82,1599.6335
"1083",0,0.03199267,83,1599.6335
"1084",0,0.03199267,84,1599.6335
"1085",0,0.03199267,85,1599.6335
"1086",0,0.03199267,86,1599.6335
"1087",0,0.03199267,87,1599.6335
"1088",0,0.03199267,88,1599.6335
"1089",0,0.03199267,89,1599.6335
"1090",0,0.03199267,9,1599.6335
"1091",0,0.03199267,90,1599.6335
"1092",0,0.03199267,91,1599.6335
"1093",0,0.03199267,92,1599.6335
"1094",0,0.03199267,93,1599.6335
"1095",0,0.03199267,94,1599.6335
"1096",0,0.03199267,95,1599.6335
"1097",0,0.03199267,96,1599.6335
"1098",0,0.03199267,97,1599.6335
"1099",0,0.03199267,98,1599.6335
"1100",0,0.03199267,99,1599.6335
"1101",0,0.03593814,1,1796.907
"1102",0,0.03593814,10,1796.907
"1103",0,0.03593814,100,1796.907
"1104",0,0.03593814,11,1796.907
"1105",0,0.03593814,12,1796.907
"1106",0,0.03593814,13,1796.907
"1107",0,0.03593814,14,1796.907
"1108",0,0.03593814,15,1796.907
"1109",0,0.03593814,16,1796.907
"1110",0,0.03593814,17,1796.907
"1111",0,0.03593814,18,1796.907
"1112",0,0.03593814,19,1796.907
"1113",0,0.03593814,2,1796.907
"1114",0,0.03593814,20,1796.907
"1115",0,0.03593814,21,1796.907
"1116",0,0.03593814,22,1796.907
"1117",0,0.03593814,23,1796.907
"1118",0,0.03593814,24,1796.907
"1119",0,0.03593814,25,1796.907
"1120",0,0.03593814,26,1796.907
"1121",0,0.03593814,27,1796.907
"1122",0,0.03593814,28,1796.907
"1123",0,0.03593814,29,1796.907
"1124",0,0.03593814,3,1796.907
"1125",0,0.03593814,30,1796.907
"1126",0,0.03593814,31,1796.907
"1127",0,0.03593814,32,1796.907
"1128",0,0.03593814,33,1796.907
"1129",0,0.03593814,34,1796.907
"1130",0,0.03593814,35,1796.907
"1131",0,0.03593814,36,1796.907
"1132",0,0.03593814,37,1796.907
"1133",0,0.03593814,38,1796.907
"1134",0,0.03593814,39,1796.907
"1135",0,0.03593814,4,1796.907
"1136",0,0.03593814,40,1796.907
"1137",0,0.03593814,41,1796.907
"1138",0,0.03593814,42,1796.907
"1139",0,0.03593814,43,1796.907
"1140",0,0.03593814,44,1796.907
"1141",0,0.03593814,45,1796.907
"1142",0,0.03593814,46,1796.907
"1143",0,0.03593814,47,1796.907
"1144",0,0.03593814,48,1796.907
"1145",0,0.03593814,49,1796.907
"1146",0,0.03593814,5,1796.907
"1147",0,0.03593814,50,1796.907
"1148",0,0.03593814,51,1796.907
"1149",0,0.03593814,52,1796.907
"1150",0,0.03593814,53,1796.907
"1151",0,0.03593814,54,1796.907
"1152",0,0.03593814,55,1796.907
"1153",0,0.03593814,56,1796.907
"1154",0,0.03593814,57,1796.907
"1155",0,0.03593814,58,1796.907
"1156",0,0.03593814,59,1796.907
"1157",0,0.03593814,6,1796.907
"1158",0,0.03593814,60,1796.907
"1159",0,0.03593814,61,1796.907
"1160",0,0.03593814,62,1796.907
"1161",0,0.03593814,63,1796.907
"1162",0,0.03593814,64,1796.907
"1163",0,0.03593814,65,1796.907
"1164",0,0.03593814,66,1796.907
"1165",0,0.03593814,67,1796.907
"1166",0,0.03593814,68,1796.907
"1167",0,0.03593814,69,1796.907
"1168",0,0.03593814,7,1796.907
"1169",0,0.03593814,70,1796.907
"1170",0,0.03593814,71,1796.907
"1171",0,0.03593814,72,1796.907
"1172",0,0.03593814,73,1796.907
"1173",0,0.03593814,74,1796.907
"1174",0,0.03593814,75,1796.907
"1175",0,0.03593814,76,1796.907
"1176",0,0.03593814,77,1796.907
"1177",0,0.03593814,78,1796.907
"1178",0,0.03593814,79,1796.907
"1179",0,0.03593814,8,1796.907
"1180",0,0.03593814,80,1796.907
"1181",0,0.03593814,81,1796.907
"1182",0,0.03593814,82,1796.907
"1183",0,0.03593814,83,1796.907
"1184",0,0.03593814,84,1796.907
"1185",0,0.03593814,85,1796.907
"1186",0,0.03593814,86,1796.907
"1187",0,0.03593814,87,1796.907
"1188",0,0.03593814,88,1796.907
"1189",0,0.03593814,89,1796.907
"1190",0,0.03593814,9,1796.907
"1191",0,0.03593814,90,1796.907
"1192",0,0.03593814,91,1796.907
"1193",0,0.03593814,92,1796.907
"1194",0,0.03593814,93,1796.907
"1195",0,0.03593814,94,1796.907
"1196",0,0.03593814,95,1796.907
"1197",0,0.03593814,96,1796.907
"1198",0,0.03593814,97,1796.907
"1199",0,0.03593814,98,1796.907
"1200",0,0.03593814,99,1796.907
"1201",0,0.04037017,1,2018.5085
"1202",0,0.04037017,10,2018.5085
"1203",0,0.04037017,100,2018.5085
"1204",0,0.04037017,11,2018.5085
"1205",0,0.04037017,12,2018.5085
"1206",0,0.04037017,13,2018.5085
"1207",0,0.04037017,14,2018.5085
"1208",0,0.04037017,15,2018.5085
"1209",0,0.04037017,16,2018.5085
"1210",0,0.04037017,17,2018.5085
"1211",0,0.04037017,18,2018.5085
"1212",0,0.04037017,19,2018.5085
"1213",0,0.04037017,2,2018.5085
"1214",0,0.04037017,20,2018.5085
"1215",0,0.04037017,21,2018.5085
"1216",0,0.04037017,22,2018.5085
"1217",0,0.04037017,23,2018.5085
"1218",0,0.04037017,24,2018.5085
"1219",0,0.04037017,25,2018.5085
"1220",0,0.04037017,26,2018.5085
"1221",0,0.04037017,27,2018.5085
"1222",0,0.04037017,28,2018.5085
"1223",0,0.04037017,29,2018.5085
"1224",0,0.04037017,3,2018.5085
"1225",0,0.04037017,30,2018.5085
"1226",0,0.04037017,31,2018.5085
"1227",0,0.04037017,32,2018.5085
"1228",0,0.04037017,33,2018.5085
"1229",0,0.04037017,34,2018.5085
"1230",0,0.04037017,35,2018.5085
"1231",0,0.04037017,36,2018.5085
"1232",0,0.04037017,37,2018.5085
"1233",0,0.04037017,38,2018.5085
"1234",0,0.04037017,39,2018.5085
"1235",0,0.04037017,4,2018.5085
"1236",0,0.04037017,40,2018.5085
"1237",0,0.04037017,41,2018.5085
"1238",0,0.04037017,42,2018.5085
"1239",0,0.04037017,43,2018.5085
"1240",0,0.04037017,44,2018.5085
"1241",0,0.04037017,45,2018.5085
"1242",0,0.04037017,46,2018.5085
"1243",0,0.04037017,47,2018.5085
"1244",0,0.04037017,48,2018.5085
"1245",0,0.04037017,49,2018.5085
"1246",0,0.04037017,5,2018.5085
"1247",0,0.04037017,50,2018.5085
"1248",0,0.04037017,51,2018.5085
"1249",0,0.04037017,52,2018.5085
"1250",0,0.04037017,53,2018.5085
"1251",0,0.04037017,54,2018.5085
"1252",0,0.04037017,55,2018.5085
"1253",0,0.04037017,56,2018.5085
"1254",0,0.04037017,57,2018.5085
"1255",0,0.04037017,58,2018.5085
"1256",0,0.04037017,59,2018.5085
"1257",0,0.04037017,6,2018.5085
"1258",0,0.04037017,60,2018.5085
"1259",0,0.04037017,61,2018.5085
"1260",0,0.04037017,62,2018.5085
"1261",0,0.04037017,63,2018.5085
"1262",0,0.04037017,64,2018.5085
"1263",0,0.04037017,65,2018.5085
"1264",0,0.04037017,66,2018.5085
"1265",0,0.04037017,67,2018.5085
"1266",0,0.04037017,68,2018.5085
"1267",0,0.04037017,69,2018.5085
"1268",0,0.04037017,7,2018.5085
"1269",0,0.04037017,70,2018.5085
"1270",0,0.04037017,71,2018.5085
"1271",0,0.04037017,72,2018.5085
"1272",0,0.04037017,73,2018.5085
"1273",0,0.04037017,74,2018.5085
"1274",0,0.04037017,75,2018.5085
"1275",0,0.04037017,76,2018.5085
"1276",0,0.04037017,77,2018.5085
"1277",0,0.04037017,78,2018.5085
"1278",0,0.04037017,79,2018.5085
"1279",0,0.04037017,8,2018.5085
"1280",0,0.04037017,80,2018.5085
"1281",0,0.04037017,81,2018.5085
"1282",0,0.04037017,82,2018.5085
"1283",0,0.04037017,83,2018.5085
"1284",0,0.04037017,84,2018.5085
"1285",0,0.04037017,85,2018.5085
"1286",0,0.04037017,86,2018.5085
"1287",0,0.04037017,87,2018.5085
"1288",0,0.04037017,88,2018.5085
"1289",0,0.04037017,89,2018.5085
"1290",0,0.04037017,9,2018.5085
"1291",0,0.04037017,90,2018.5085
"1292",0,0.04037017,91,2018.5085
"1293",0,0.04037017,92,2018.5085
"1294",0,0.04037017,93,2018.5085
"1295",0,0.04037017,94,2018.5085
"1296",0,0.04037017,95,2018.5085
"1297",0,0.04037017,96,2018.5085
"1298",0,0.04037017,97,2018.5085
"1299",0,0.04037017,98,2018.5085
"1300",0,0.04037017,99,2018.5085
"1301",0,0.04534879,1,2267.4395
"1302",0,0.04534879,10,2267.4395
"1303",0,0.04534879,100,2267.4395
"1304",0,0.04534879,11,2267.4395
"1305",0,0.04534879,12,2267.4395
"1306",0,0.04534879,13,2267.4395
"1307",0,0.04534879,14,2267.4395
"1308",0,0.04534879,15,2267.4395
"1309",0,0.04534879,16,2267.4395
"1310",0,0.04534879,17,2267.4395
"1311",0,0.04534879,18,2267.4395
"1312",0,0.04534879,19,2267.4395
"1313",0,0.04534879,2,2267.4395
"1314",0,0.04534879,20,2267.4395
"1315",0,0.04534879,21,2267.4395
"1316",0,0.04534879,22,2267.4395
"1317",0,0.04534879,23,2267.4395
"1318",0,0.04534879,24,2267.4395
"1319",0,0.04534879,25,2267.4395
"1320",0,0.04534879,26,2267.4395
"1321",0,0.04534879,27,2267.4395
"1322",0,0.04534879,28,2267.4395
"1323",0,0.04534879,29,2267.4395
"1324",0,0.04534879,3,2267.4395
"1325",0,0.04534879,30,2267.4395
"1326",0,0.04534879,31,2267.4395
"1327",0,0.04534879,32,2267.4395
"1328",0,0.04534879,33,2267.4395
"1329",0,0.04534879,34,2267.4395
"1330",0,0.04534879,35,2267.4395
"1331",0,0.04534879,36,2267.4395
"1332",0,0.04534879,37,2267.4395
"1333",0,0.04534879,38,2267.4395
"1334",0,0.04534879,39,2267.4395
"1335",0,0.04534879,4,2267.4395
"1336",0,0.04534879,40,2267.4395
"1337",0,0.04534879,41,2267.4395
"1338",0,0.04534879,42,2267.4395
"1339",0,0.04534879,43,2267.4395
"1340",0,0.04534879,44,2267.4395
"1341",0,0.04534879,45,2267.4395
"1342",0,0.04534879,46,2267.4395
"1343",0,0.04534879,47,2267.4395
"1344",0,0.04534879,48,2267.4395
"1345",0,0.04534879,49,2267.4395
"1346",0,0.04534879,5,2267.4395
"1347",0,0.04534879,50,2267.4395
"1348",0,0.04534879,51,2267.4395
"1349",0,0.04534879,52,2267.4395
"1350",0,0.04534879,53,2267.4395
"1351",0,0.04534879,54,2267.4395
"1352",0,0.04534879,55,2267.4395
"1353",0,0.04534879,56,2267.4395
"1354",0,0.04534879,57,2267.4395
"1355",0,0.04534879,58,2267.4395
"1356",0,0.04534879,59,2267.4395
"1357",0,0.04534879,6,2267.4395
"1358",0,0.04534879,60,2267.4395
"1359",0,0.04534879,61,2267.4395
"1360",0,0.04534879,62,2267.4395
"1361",0,0.04534879,63,2267.4395
"1362",0,0.04534879,64,2267.4395
"1363",0,0.04534879,65,2267.4395
"1364",0,0.04534879,66,2267.4395
"1365",0,0.04534879,67,2267.4395
"1366",0,0.04534879,68,2267.4395
"1367",0,0.04534879,69,2267.4395
"1368",0,0.04534879,7,2267.4395
"1369",0,0.04534879,70,2267.4395
"1370",0,0.04534879,71,2267.4395
"1371",0,0.04534879,72,2267.4395
"1372",0,0.04534879,73,2267.4395
"1373",0,0.04534879,74,2267.4395
"1374",0,0.04534879,75,2267.4395
"1375",0,0.04534879,76,2267.4395
"1376",0,0.04534879,77,2267.4395
"1377",0,0.04534879,78,2267.4395
"1378",0,0.04534879,79,2267.4395
"1379",0,0.04534879,8,2267.4395
"1380",0,0.04534879,80,2267.4395
"1381",0,0.04534879,81,2267.4395
"1382",0,0.04534879,82,2267.4395
"1383",0,0.04534879,83,2267.4395
"1384",0,0.04534879,84,2267.4395
"1385",0,0.04534879,85,2267.4395
"1386",0,0.04534879,86,2267.4395
"1387",0,0.04534879,87,2267.4395
"1388",0,0.04534879,88,2267.4395
"1389",0,0.04534879,89,2267.4395
"1390",0,0.04534879,9,2267.4395
"1391",0,0.04534879,90,2267.4395
"1392",0,0.04534879,91,2267.4395
"1393",0,0.04534879,92,2267.4395
"1394",0,0.04534879,93,2267.4395
"1395",0,0.04534879,94,2267.4395
"1396",0,0.04534879,95,2267.4395
"1397",0,0.04534879,96,2267.4395
"1398",0,0.04534879,97,2267.4395
"1399",0,0.04534879,98,2267.4395
"1400",0,0.04534879,99,2267.4395
"1401",0,0.05094138,1,2547.069
"1402",0,0.05094138,10,2547.069
"1403",0,0.05094138,100,2547.069
"1404",0,0.05094138,11,2547.069
"1405",0,0.05094138,12,2547.069
"1406",0,0.05094138,13,2547.069
"1407",0,0.05094138,14,2547.069
"1408",0,0.05094138,15,2547.069
"1409",0,0.05094138,16,2547.069
"1410",0,0.05094138,17,2547.069
"1411",0,0.05094138,18,2547.069
"1412",0,0.05094138,19,2547.069
"1413",0,0.05094138,2,2547.069
"1414",0,0.05094138,20,2547.069
"1415",0,0.05094138,21,2547.069
"1416",0,0.05094138,22,2547.069
"1417",0,0.05094138,23,2547.069
"1418",0,0.05094138,24,2547.069
"1419",0,0.05094138,25,2547.069
"1420",0,0.05094138,26,2547.069
"1421",0,0.05094138,27,2547.069
"1422",0,0.05094138,28,2547.069
"1423",0,0.05094138,29,2547.069
"1424",0,0.05094138,3,2547.069
"1425",0,0.05094138,30,2547.069
"1426",0,0.05094138,31,2547.069
"1427",0,0.05094138,32,2547.069
"1428",0,0.05094138,33,2547.069
"1429",0,0.05094138,34,2547.069
"1430",0,0.05094138,35,2547.069
"1431",0,0.05094138,36,2547.069
"1432",0,0.05094138,37,2547.069
"1433",0,0.05094138,38,2547.069
"1434",0,0.05094138,39,2547.069
"1435",0,0.05094138,4,2547.069
"1436",0,0.05094138,40,2547.069
"1437",0,0.05094138,41,2547.069
"1438",0,0.05094138,42,2547.069
"1439",0,0.05094138,43,2547.069
"1440",0,0.05094138,44,2547.069
"1441",0,0.05094138,45,2547.069
"1442",0,0.05094138,46,2547.069
"1443",0,0.05094138,47,2547.069
"1444",0,0.05094138,48,2547.069
"1445",0,0.05094138,49,2547.069
"1446",0,0.05094138,5,2547.069
"1447",0,0.05094138,50,2547.069
"1448",0,0.05094138,51,2547.069
"1449",0,0.05094138,52,2547.069
"1450",0,0.05094138,53,2547.069
"1451",0,0.05094138,54,2547.069
"1452",0,0.05094138,55,2547.069
"1453",0,0.05094138,56,2547.069
"1454",0,0.05094138,57,2547.069
"1455",0,0.05094138,58,2547.069
"1456",0,0.05094138,59,2547.069
"1457",0,0.05094138,6,2547.069
"1458",0,0.05094138,60,2547.069
"1459",0,0.05094138,61,2547.069
"1460",0,0.05094138,62,2547.069
"1461",0,0.05094138,63,2547.069
"1462",0,0.05094138,64,2547.069
"1463",0,0.05094138,65,2547.069
"1464",0,0.05094138,66,2547.069
"1465",0,0.05094138,67,2547.069
"1466",0,0.05094138,68,2547.069
"1467",0,0.05094138,69,2547.069
"1468",0,0.05094138,7,2547.069
"1469",0,0.05094138,70,2547.069
"1470",0,0.05094138,71,2547.069
"1471",0,0.05094138,72,2547.069
"1472",0,0.05094138,73,2547.069
"1473",0,0.05094138,74,2547.069
"1474",0,0.05094138,75,2547.069
"1475",0,0.05094138,76,2547.069
"1476",0,0.05094138,77,2547.069
"1477",0,0.05094138,78,2547.069
"1478",0,0.05094138,79,2547.069
"1479",0,0.05094138,8,2547.069
"1480",0,0.05094138,80,2547.069
"1481",0,0.05094138,81,2547.069
"1482",0,0.05094138,82,2547.069
"1483",0,0.05094138,83,2547.069
"1484",0,0.05094138,84,2547.069
"1485",0,0.05094138,85,2547.069
"1486",0,0.05094138,86,2547.069
"1487",0,0.05094138,87,2547.069
"1488",0,0.05094138,88,2547.069
"1489",0,0.05094138,89,2547.069
"1490",0,0.05094138,9,2547.069
"1491",0,0.05094138,90,2547.069
"1492",0,0.05094138,91,2547.069
"1493",0,0.05094138,92,2547.069
"1494",0,0.05094138,93,2547.069
"1495",0,0.05094138,94,2547.069
"1496",0,0.05094138,95,2547.069
"1497",0,0.05094138,96,2547.069
"1498",0,0.05094138,97,2547.069
"1499",0,0.05094138,98,2547.069
"1500",0,0.05094138,99,2547.069
"1501",0,0.05722368,1,2861.184
"1502",0,0.05722368,10,2861.184
"1503",0,0.05722368,100,2861.184
"1504",0,0.05722368,11,2861.184
"1505",0,0.05722368,12,2861.184
"1506",0,0.05722368,13,2861.184
"1507",0,0.05722368,14,2861.184
"1508",0,0.05722368,15,2861.184
"1509",0,0.05722368,16,2861.184
"1510",0,0.05722368,17,2861.184
"1511",0,0.05722368,18,2861.184
"1512",0,0.05722368,19,2861.184
"1513",0,0.05722368,2,2861.184
"1514",0,0.05722368,20,2861.184
"1515",0,0.05722368,21,2861.184
"1516",0,0.05722368,22,2861.184
"1517",0,0.05722368,23,2861.184
"1518",0,0.05722368,24,2861.184
"1519",0,0.05722368,25,2861.184
"1520",0,0.05722368,26,2861.184
"1521",0,0.05722368,27,2861.184
"1522",0,0.05722368,28,2861.184
"1523",0,0.05722368,29,2861.184
"1524",0,0.05722368,3,2861.184
"1525",0,0.05722368,30,2861.184
"1526",0,0.05722368,31,2861.184
"1527",0,0.05722368,32,2861.184
"1528",0,0.05722368,33,2861.184
"1529",0,0.05722368,34,2861.184
"1530",0,0.05722368,35,2861.184
"1531",0,0.05722368,36,2861.184
"1532",0,0.05722368,37,2861.184
"1533",0,0.05722368,38,2861.184
"1534",0,0.05722368,39,2861.184
"1535",0,0.05722368,4,2861.184
"1536",0,0.05722368,40,2861.184
"1537",0,0.05722368,41,2861.184
"1538",0,0.05722368,42,2861.184
"1539",0,0.05722368,43,2861.184
"1540",0,0.05722368,44,2861.184
"1541",0,0.05722368,45,2861.184
"1542",0,0.05722368,46,2861.184
"1543",0,0.05722368,47,2861.184
"1544",0,0.05722368,48,2861.184
"1545",0,0.05722368,49,2861.184
"1546",0,0.05722368,5,2861.184
"1547",0,0.05722368,50,2861.184
"1548",0,0.05722368,51,2861.184
"1549",0,0.05722368,52,2861.184
"1550",0,0.05722368,53,2861.184
"1551",0,0.05722368,54,2861.184
"1552",0,0.05722368,55,2861.184
"1553",0,0.05722368,56,2861.184
"1554",0,0.05722368,57,2861.184
"1555",0,0.05722368,58,2861.184
"1556",0,0.05722368,59,2861.184
"1557",0,0.05722368,6,2861.184
"1558",0,0.05722368,60,2861.184
"1559",0,0.05722368,61,2861.184
"1560",0,0.05722368,62,2861.184
"1561",0,0.05722368,63,2861.184
"1562",0,0.05722368,64,2861.184
"1563",0,0.05722368,65,2861.184
"1564",0,0.05722368,66,2861.184
"1565",0,0.05722368,67,2861.184
"1566",0,0.05722368,68,2861.184
"1567",0,0.05722368,69,2861.184
"1568",0,0.05722368,7,2861.184
"1569",0,0.05722368,70,2861.184
"1570",0,0.05722368,71,2861.184
"1571",0,0.05722368,72,2861.184
"1572",0,0.05722368,73,2861.184
"1573",0,0.05722368,74,2861.184
"1574",0,0.05722368,75,2861.184
"1575",0,0.05722368,76,2861.184
"1576",0,0.05722368,77,2861.184
"1577",0,0.05722368,78,2861.184
"1578",0,0.05722368,79,2861.184
"1579",0,0.05722368,8,2861.184
"1580",0,0.05722368,80,2861.184
"1581",0,0.05722368,81,2861.184
"1582",0,0.05722368,82,2861.184
"1583",0,0.05722368,83,2861.184
"1584",0,0.05722368,84,2861.184
"1585",0,0.05722368,85,2861.184
"1586",0,0.05722368,86,2861.184
"1587",0,0.05722368,87,2861.184
"1588",0,0.05722368,88,2861.184
"1589",0,0.05722368,89,2861.184
"1590",0,0.05722368,9,2861.184
"1591",0,0.05722368,90,2861.184
"1592",0,0.05722368,91,2861.184
"1593",0,0.05722368,92,2861.184
"1594",0,0.05722368,93,2861.184
"1595",0,0.05722368,94,2861.184
"1596",0,0.05722368,95,2861.184
"1597",0,0.05722368,96,2861.184
"1598",0,0.05722368,97,2861.184
"1599",0,0.05722368,98,2861.184
"1600",0,0.05722368,99,2861.184
"1601",0,0.06428073,1,3214.0365
"1602",0,0.06428073,10,3214.0365
"1603",0,0.06428073,100,3214.0365
"1604",0,0.06428073,11,3214.0365
"1605",0,0.06428073,12,3214.0365
"1606",0,0.06428073,13,3214.0365
"1607",0,0.06428073,14,3214.0365
"1608",0,0.06428073,15,3214.0365
"1609",0,0.06428073,16,3214.0365
"1610",0,0.06428073,17,3214.0365
"1611",0,0.06428073,18,3214.0365
"1612",0,0.06428073,19,3214.0365
"1613",0,0.06428073,2,3214.0365
"1614",0,0.06428073,20,3214.0365
"1615",0,0.06428073,21,3214.0365
"1616",0,0.06428073,22,3214.0365
"1617",0,0.06428073,23,3214.0365
"1618",0,0.06428073,24,3214.0365
"1619",0,0.06428073,25,3214.0365
"1620",0,0.06428073,26,3214.0365
"1621",0,0.06428073,27,3214.0365
"1622",0,0.06428073,28,3214.0365
"1623",0,0.06428073,29,3214.0365
"1624",0,0.06428073,3,3214.0365
"1625",0,0.06428073,30,3214.0365
"1626",0,0.06428073,31,3214.0365
"1627",0,0.06428073,32,3214.0365
"1628",0,0.06428073,33,3214.0365
"1629",0,0.06428073,34,3214.0365
"1630",0,0.06428073,35,3214.0365
"1631",0,0.06428073,36,3214.0365
"1632",0,0.06428073,37,3214.0365
"1633",0,0.06428073,38,3214.0365
"1634",0,0.06428073,39,3214.0365
"1635",0,0.06428073,4,3214.0365
"1636",0,0.06428073,40,3214.0365
"1637",0,0.06428073,41,3214.0365
"1638",0,0.06428073,42,3214.0365
"1639",0,0.06428073,43,3214.0365
"1640",0,0.06428073,44,3214.0365
"1641",0,0.06428073,45,3214.0365
"1642",0,0.06428073,46,3214.0365
"1643",0,0.06428073,47,3214.0365
"1644",0,0.06428073,48,3214.0365
"1645",0,0.06428073,49,3214.0365
"1646",0,0.06428073,5,3214.0365
"1647",0,0.06428073,50,3214.0365
"1648",0,0.06428073,51,3214.0365
"1649",0,0.06428073,52,3214.0365
"1650",0,0.06428073,53,3214.0365
"1651",0,0.06428073,54,3214.0365
"1652",0,0.06428073,55,3214.0365
"1653",0,0.06428073,56,3214.0365
"1654",0,0.06428073,57,3214.0365
"1655",0,0.06428073,58,3214.0365
"1656",0,0.06428073,59,3214.0365
"1657",0,0.06428073,6,3214.0365
"1658",0,0.06428073,60,3214.0365
"1659",0,0.06428073,61,3214.0365
"1660",0,0.06428073,62,3214.0365
"1661",0,0.06428073,63,3214.0365
"1662",0,0.06428073,64,3214.0365
"1663",0,0.06428073,65,3214.0365
"1664",0,0.06428073,66,3214.0365
"1665",0,0.06428073,67,3214.0365
"1666",0,0.06428073,68,3214.0365
"1667",0,0.06428073,69,3214.0365
"1668",0,0.06428073,7,3214.0365
"1669",0,0.06428073,70,3214.0365
"1670",0,0.06428073,71,3214.0365
"1671",0,0.06428073,72,3214.0365
"1672",0,0.06428073,73,3214.0365
"1673",0,0.06428073,74,3214.0365
"1674",0,0.06428073,75,3214.0365
"1675",0,0.06428073,76,3214.0365
"1676",0,0.06428073,77,3214.0365
"1677",0,0.06428073,78,3214.0365
"1678",0,0.06428073,79,3214.0365
"1679",0,0.06428073,8,3214.0365
"1680",0,0.06428073,80,3214.0365
"1681",0,0.06428073,81,3214.0365
"1682",0,0.06428073,82,3214.0365
"1683",0,0.06428073,83,3214.0365
"1684",0,0.06428073,84,3214.0365
"1685",0,0.06428073,85,3214.0365
"1686",0,0.06428073,86,3214.0365
"1687",0,0.06428073,87,3214.0365
"1688",0,0.06428073,88,3214.0365
"1689",0,0.06428073,89,3214.0365
"1690",0,0.06428073,9,3214.0365
"1691",0,0.06428073,90,3214.0365
"1692",0,0.06428073,91,3214.0365
"1693",0,0.06428073,92,3214.0365
"1694",0,0.06428073,93,3214.0365
"1695",0,0.06428073,94,3214.0365
"1696",0,0.06428073,95,3214.0365
"1697",0,0.06428073,96,3214.0365
"1698",0,0.06428073,97,3214.0365
"1699",0,0.06428073,98,3214.0365
"1700",0,0.06428073,99,3214.0365
"1701",0,0.07220809,1,3610.4045
"1702",0,0.07220809,10,3610.4045
"1703",0,0.07220809,100,3610.4045
"1704",0,0.07220809,11,3610.4045
"1705",0,0.07220809,12,3610.4045
"1706",0,0.07220809,13,3610.4045
"1707",0,0.07220809,14,3610.4045
"1708",0,0.07220809,15,3610.4045
"1709",0,0.07220809,16,3610.4045
"1710",0,0.07220809,17,3610.4045
"1711",0,0.07220809,18,3610.4045
"1712",0,0.07220809,19,3610.4045
"1713",0,0.07220809,2,3610.4045
"1714",0,0.07220809,20,3610.4045
"1715",0,0.07220809,21,3610.4045
"1716",0,0.07220809,22,3610.4045
"1717",0,0.07220809,23,3610.4045
"1718",0,0.07220809,24,3610.4045
"1719",0,0.07220809,25,3610.4045
"1720",0,0.07220809,26,3610.4045
"1721",0,0.07220809,27,3610.4045
"1722",0,0.07220809,28,3610.4045
"1723",0,0.07220809,29,3610.4045
"1724",0,0.07220809,3,3610.4045
"1725",0,0.07220809,30,3610.4045
"1726",0,0.07220809,31,3610.4045
"1727",0,0.07220809,32,3610.4045
"1728",0,0.07220809,33,3610.4045
"1729",0,0.07220809,34,3610.4045
"1730",0,0.07220809,35,3610.4045
"1731",0,0.07220809,36,3610.4045
"1732",0,0.07220809,37,3610.4045
"1733",0,0.07220809,38,3610.4045
"1734",0,0.07220809,39,3610.4045
"1735",0,0.07220809,4,3610.4045
"1736",0,0.07220809,40,3610.4045
"1737",0,0.07220809,41,3610.4045
"1738",0,0.07220809,42,3610.4045
"1739",0,0.07220809,43,3610.4045
"1740",0,0.07220809,44,3610.4045
"1741",0,0.07220809,45,3610.4045
"1742",0,0.07220809,46,3610.4045
"1743",0,0.07220809,47,3610.4045
"1744",0,0.07220809,48,3610.4045
"1745",0,0.07220809,49,3610.4045
"1746",0,0.07220809,5,3610.4045
"1747",0,0.07220809,50,3610.4045
"1748",0,0.07220809,51,3610.4045
"1749",0,0.07220809,52,3610.4045
"1750",0,0.07220809,53,3610.4045
"1751",0,0.07220809,54,3610.4045
"1752",0,0.07220809,55,3610.4045
"1753",0,0.07220809,56,3610.4045
"1754",0,0.07220809,57,3610.4045
"1755",0,0.07220809,58,3610.4045
"1756",0,0.07220809,59,3610.4045
"1757",0,0.07220809,6,3610.4045
"1758",0,0.07220809,60,3610.4045
"1759",0,0.07220809,61,3610.4045
"1760",0,0.07220809,62,3610.4045
"1761",0,0.07220809,63,3610.4045
"1762",0,0.07220809,64,3610.4045
"1763",0,0.07220809,65,3610.4045
"1764",0,0.07220809,66,3610.4045
"1765",0,0.07220809,67,3610.4045
"1766",0,0.07220809,68,3610.4045
"1767",0,0.07220809,69,3610.4045
"1768",0,0.07220809,7,3610.4045
"1769",0,0.07220809,70,3610.4045
"1770",0,0.07220809,71,3610.4045
"1771",0,0.07220809,72,3610.4045
"1772",0,0.07220809,73,3610.4045
"1773",0,0.07220809,74,3610.4045
"1774",0,0.07220809,75,3610.4045
"1775",0,0.07220809,76,3610.4045
"1776",0,0.07220809,77,3610.4045
"1777",0,0.07220809,78,3610.4045
"1778",0,0.07220809,79,3610.4045
"1779",0,0.07220809,8,3610.4045
"1780",0,0.07220809,80,3610.4045
"1781",0,0.07220809,81,3610.4045
"1782",0,0.07220809,82,3610.4045
"1783",0,0.07220809,83,3610.4045
"1784",0,0.07220809,84,3610.4045
"1785",0,0.07220809,85,3610.4045
"1786",0,0.07220809,86,3610.4045
"1787",0,0.07220809,87,3610.4045
"1788",0,0.07220809,88,3610.4045
"1789",0,0.07220809,89,3610.4045
"1790",0,0.07220809,9,3610.4045
"1791",0,0.07220809,90,3610.4045
"1792",0,0.07220809,91,3610.4045
"1793",0,0.07220809,92,3610.4045
"1794",0,0.07220809,93,3610.4045
"1795",0,0.07220809,94,3610.4045
"1796",0,0.07220809,95,3610.4045
"1797",0,0.07220809,96,3610.4045
"1798",0,0.07220809,97,3610.4045
"1799",0,0.07220809,98,3610.4045
"1800",0,0.07220809,99,3610.4045
"1801",0,0.08111308,1,4055.654
"1802",0,0.08111308,10,4055.654
"1803",0,0.08111308,100,4055.654
"1804",0,0.08111308,11,4055.654
"1805",0,0.08111308,12,4055.654
"1806",0,0.08111308,13,4055.654
"1807",0,0.08111308,14,4055.654
"1808",0,0.08111308,15,4055.654
"1809",0,0.08111308,16,4055.654
"1810",0,0.08111308,17,4055.654
"1811",0,0.08111308,18,4055.654
"1812",0,0.08111308,19,4055.654
"1813",0,0.08111308,2,4055.654
"1814",0,0.08111308,20,4055.654
"1815",0,0.08111308,21,4055.654
"1816",0,0.08111308,22,4055.654
"1817",0,0.08111308,23,4055.654
"1818",0,0.08111308,24,4055.654
"1819",0,0.08111308,25,4055.654
"1820",0,0.08111308,26,4055.654
"1821",0,0.08111308,27,4055.654
"1822",0,0.08111308,28,4055.654
"1823",0,0.08111308,29,4055.654
"1824",0,0.08111308,3,4055.654
"1825",0,0.08111308,30,4055.654
"1826",0,0.08111308,31,4055.654
"1827",0,0.08111308,32,4055.654
"1828",0,0.08111308,33,4055.654
"1829",0,0.08111308,34,4055.654
"1830",0,0.08111308,35,4055.654
"1831",0,0.08111308,36,4055.654
"1832",0,0.08111308,37,4055.654
"1833",0,0.08111308,38,4055.654
"1834",0,0.08111308,39,4055.654
"1835",0,0.08111308,4,4055.654
"1836",0,0.08111308,40,4055.654
"1837",0,0.08111308,41,4055.654
"1838",0,0.08111308,42,4055.654
"1839",0,0.08111308,43,4055.654
"1840",0,0.08111308,44,4055.654
"1841",0,0.08111308,45,4055.654
"1842",0,0.08111308,46,4055.654
"1843",0,0.08111308,47,4055.654
"1844",0,0.08111308,48,4055.654
"1845",0,0.08111308,49,4055.654
"1846",0,0.08111308,5,4055.654
"1847",0,0.08111308,50,4055.654
"1848",0,0.08111308,51,4055.654
"1849",0,0.08111308,52,4055.654
"1850",0,0.08111308,53,4055.654
"1851",0,0.08111308,54,4055.654
"1852",0,0.08111308,55,4055.654
"1853",0,0.08111308,56,4055.654
"1854",0,0.08111308,57,4055.654
"1855",0,0.08111308,58,4055.654
"1856",0,0.08111308,59,4055.654
"1857",0,0.08111308,6,4055.654
"1858",0,0.08111308,60,4055.654
"1859",0,0.08111308,61,4055.654
"1860",0,0.08111308,62,4055.654
"1861",0,0.08111308,63,4055.654
"1862",0,0.08111308,64,4055.654
"1863",0,0.08111308,65,4055.654
"1864",0,0.08111308,66,4055.654
"1865",0,0.08111308,67,4055.654
"1866",0,0.08111308,68,4055.654
"1867",0,0.08111308,69,4055.654
"1868",0,0.08111308,7,4055.654
"1869",0,0.08111308,70,4055.654
"1870",0,0.08111308,71,4055.654
"1871",0,0.08111308,72,4055.654
"1872",0,0.08111308,73,4055.654
"1873",0,0.08111308,74,4055.654
"1874",0,0.08111308,75,4055.654
"1875",0,0.08111308,76,4055.654
"1876",0,0.08111308,77,4055.654
"1877",0,0.08111308,78,4055.654
"1878",0,0.08111308,79,4055.654
"1879",0,0.08111308,8,4055.654
"1880",0,0.08111308,80,4055.654
"1881",0,0.08111308,81,4055.654
"1882",0,0.08111308,82,4055.654
"1883",0,0.08111308,83,4055.654
"1884",0,0.08111308,84,4055.654
"1885",0,0.08111308,85,4055.654
"1886",0,0.08111308,86,4055.654
"1887",0,0.08111308,87,4055.654
"1888",0,0.08111308,88,4055.654
"1889",0,0.08111308,89,4055.654
"1890",0,0.08111308,9,4055.654
"1891",0,0.08111308,90,4055.654
"1892",0,0.08111308,91,4055.654
"1893",0,0.08111308,92,4055.654
"1894",0,0.08111308,93,4055.654
"1895",0,0.08111308,94,4055.654
"1896",0,0.08111308,95,4055.654
"1897",0,0.08111308,96,4055.654
"1898",0,0.08111308,97,4055.654
"1899",0,0.08111308,98,4055.654
"1900",0,0.08111308,99,4055.654
"1901",0,0.09111628,1,4555.814
"1902",0,0.09111628,10,4555.814
"1903",0,0.09111628,100,4555.814
"1904",0,0.09111628,11,4555.814
"1905",0,0.09111628,12,4555.814
"1906",0,0.09111628,13,4555.814
"1907",0,0.09111628,14,4555.814
"1908",0,0.09111628,15,4555.814
"1909",0,0.09111628,16,4555.814
"1910",0,0.09111628,17,4555.814
"1911",0,0.09111628,18,4555.814
"1912",0,0.09111628,19,4555.814
"1913",0,0.09111628,2,4555.814
"1914",0,0.09111628,20,4555.814
"1915",0,0.09111628,21,4555.814
"1916",0,0.09111628,22,4555.814
"1917",0,0.09111628,23,4555.814
"1918",0,0.09111628,24,4555.814
"1919",0,0.09111628,25,4555.814
"1920",0,0.09111628,26,4555.814
"1921",0,0.09111628,27,4555.814
"1922",0,0.09111628,28,4555.814
"1923",0,0.09111628,29,4555.814
"1924",0,0.09111628,3,4555.814
"1925",0,0.09111628,30,4555.814
"1926",0,0.09111628,31,4555.814
"1927",0,0.09111628,32,4555.814
"1928",0,0.09111628,33,4555.814
"1929",0,0.09111628,34,4555.814
"1930",0,0.09111628,35,4555.814
"1931",0,0.09111628,36,4555.814
"1932",0,0.09111628,37,4555.814
"1933",0,0.09111628,38,4555.814
"1934",0,0.09111628,39,4555.814
"1935",0,0.09111628,4,4555.814
"1936",0,0.09111628,40,4555.814
"1937",0,0.09111628,41,4555.814
"1938",0,0.09111628,42,4555.814
"1939",0,0.09111628,43,4555.814
"1940",0,0.09111628,44,4555.814
"1941",0,0.09111628,45,4555.814
"1942",0,0.09111628,46,4555.814
"1943",0,0.09111628,47,4555.814
"1944",0,0.09111628,48,4555.814
"1945",0,0.09111628,49,4555.814
"1946",0,0.09111628,5,4555.814
"1947",0,0.09111628,50,4555.814
"1948",0,0.09111628,51,4555.814
"1949",0,0.09111628,52,4555.814
"1950",0,0.09111628,53,4555.814
"1951",0,0.09111628,54,4555.814
"1952",0,0.09111628,55,4555.814
"1953",0,0.09111628,56,4555.814
"1954",0,0.09111628,57,4555.814
"1955",0,0.09111628,58,4555.814
"1956",0,0.09111628,59,4555.814
"1957",0,0.09111628,6,4555.814
"1958",0,0.09111628,60,4555.814
"1959",0,0.09111628,61,4555.814
"1960",0,0.09111628,62,4555.814
"1961",0,0.09111628,63,4555.814
"1962",0,0.09111628,64,4555.814
"1963",0,0.09111628,65,4555.814
"1964",0,0.09111628,66,4555.814
"1965",0,0.09111628,67,4555.814
"1966",0,0.09111628,68,4555.814
"1967",0,0.09111628,69,4555.814
"1968",0,0.09111628,7,4555.814
"1969",0,0.09111628,70,4555.814
"1970",0,0.09111628,71,4555.814
"1971",0,0.09111628,72,4555.814
"1972",0,0.09111628,73,4555.814
"1973",0,0.09111628,74,4555.814
"1974",0,0.09111628,75,4555.814
"1975",0,0.09111628,76,4555.814
"1976",0,0.09111628,77,4555.814
"1977",0,0.09111628,78,4555.814
"1978",0,0.09111628,79,4555.814
"1979",0,0.09111628,8,4555.814
"1980",0,0.09111628,80,4555.814
"1981",0,0.09111628,81,4555.814
"1982",0,0.09111628,82,4555.814
"1983",0,0.09111628,83,4555.814
"1984",0,0.09111628,84,4555.814
"1985",0,0.09111628,85,4555.814
"1986",0,0.09111628,86,4555.814
"1987",0,0.09111628,87,4555.814
"1988",0,0.09111628,88,4555.814
"1989",0,0.09111628,89,4555.814
"1990",0,0.09111628,9,4555.814
"1991",0,0.09111628,90,4555.814
"1992",0,0.09111628,91,4555.814
"1993",0,0.09111628,92,4555.814
"1994",0,0.09111628,93,4555.814
"1995",0,0.09111628,94,4555.814
"1996",0,0.09111628,95,4555.814
"1997",0,0.09111628,96,4555.814
"1998",0,0.09111628,97,4555.814
"1999",0,0.09111628,98,4555.814
"2000",0,0.09111628,99,4555.814
"2001",0,0.1023531,1,5117.655
"2002",0,0.1023531,10,5117.655
"2003",0,0.1023531,100,5117.655
"2004",0,0.1023531,11,5117.655
"2005",0,0.1023531,12,5117.655
"2006",0,0.1023531,13,5117.655
"2007",0,0.1023531,14,5117.655
"2008",0,0.1023531,15,5117.655
"2009",0,0.1023531,16,5117.655
"2010",0,0.1023531,17,5117.655
"2011",0,0.1023531,18,5117.655
"2012",0,0.1023531,19,5117.655
"2013",0,0.1023531,2,5117.655
"2014",0,0.1023531,20,5117.655
"2015",0,0.1023531,21,5117.655
"2016",0,0.1023531,22,5117.655
"2017",0,0.1023531,23,5117.655
"2018",0,0.1023531,24,5117.655
"2019",0,0.1023531,25,5117.655
"2020",0,0.1023531,26,5117.655
"2021",0,0.1023531,27,5117.655
"2022",0,0.1023531,28,5117.655
"2023",0,0.1023531,29,5117.655
"2024",0,0.1023531,3,5117.655
"2025",0,0.1023531,30,5117.655
"2026",0,0.1023531,31,5117.655
"2027",0,0.1023531,32,5117.655
"2028",0,0.1023531,33,5117.655
"2029",0,0.1023531,34,5117.655
"2030",0,0.1023531,35,5117.655
"2031",0,0.1023531,36,5117.655
"2032",0,0.1023531,37,5117.655
"2033",0,0.1023531,38,5117.655
"2034",0,0.1023531,39,5117.655
"2035",0,0.1023531,4,5117.655
"2036",0,0.1023531,40,5117.655
"2037",0,0.1023531,41,5117.655
"2038",0,0.1023531,42,5117.655
"2039",0,0.1023531,43,5117.655
"2040",0,0.1023531,44,5117.655
"2041",0,0.1023531,45,5117.655
"2042",0,0.1023531,46,5117.655
"2043",0,0.1023531,47,5117.655
"2044",0,0.1023531,48,5117.655
"2045",0,0.1023531,49,5117.655
"2046",0,0.1023531,5,5117.655
"2047",0,0.1023531,50,5117.655
"2048",0,0.1023531,51,5117.655
"2049",0,0.1023531,52,5117.655
"2050",0,0.1023531,53,5117.655
"2051",0,0.1023531,54,5117.655
"2052",0,0.1023531,55,5117.655
"2053",0,0.1023531,56,5117.655
"2054",0,0.1023531,57,5117.655
"2055",0,0.1023531,58,5117.655
"2056",0,0.1023531,59,5117.655
"2057",0,0.1023531,6,5117.655
"2058",0,0.1023531,60,5117.655
"2059",0,0.1023531,61,5117.655
"2060",0,0.1023531,62,5117.655
"2061",0,0.1023531,63,5117.655
"2062",0,0.1023531,64,5117.655
"2063",0,0.1023531,65,5117.655
"2064",0,0.1023531,66,5117.655
"2065",0,0.1023531,67,5117.655
"2066",0,0.1023531,68,5117.655
"2067",0,0.1023531,69,5117.655
"2068",0,0.1023531,7,5117.655
"2069",0,0.1023531,70,5117.655
"2070",0,0.1023531,71,5117.655
"2071",0,0.1023531,72,5117.655
"2072",0,0.1023531,73,5117.655
"2073",0,0.1023531,74,5117.655
"2074",0,0.1023531,75,5117.655
"2075",0,0.1023531,76,5117.655
"2076",0,0.1023531,77,5117.655
"2077",0,0.1023531,78,5117.655
"2078",0,0.1023531,79,5117.655
"2079",0,0.1023531,8,5117.655
"2080",0,0.1023531,80,5117.655
"2081",0,0.1023531,81,5117.655
"2082",0,0.1023531,82,5117.655
"2083",0,0.1023531,83,5117.655
"2084",0,0.1023531,84,5117.655
"2085",0,0.1023531,85,5117.655
"2086",0,0.1023531,86,5117.655
"2087",0,0.1023531,87,5117.655
"2088",0,0.1023531,88,5117.655
"2089",0,0.1023531,89,5117.655
"2090",0,0.1023531,9,5117.655
"2091",0,0.1023531,90,5117.655
"2092",0,0.1023531,91,5117.655
"2093",0,0.1023531,92,5117.655
"2094",0,0.1023531,93,5117.655
"2095",0,0.1023531,94,5117.655
"2096",0,0.1023531,95,5117.655
"2097",0,0.1023531,96,5117.655
"2098",0,0.1023531,97,5117.655
"2099",0,0.1023531,98,5117.655
"2100",0,0.1023531,99,5117.655
"2101",0,0.1149757,1,5748.785
"2102",0,0.1149757,10,5748.785
"2103",0,0.1149757,100,5748.785
"2104",0,0.1149757,11,5748.785
"2105",0,0.1149757,12,5748.785
"2106",0,0.1149757,13,5748.785
"2107",0,0.1149757,14,5748.785
"2108",0,0.1149757,15,5748.785
"2109",0,0.1149757,16,5748.785
"2110",0,0.1149757,17,5748.785
"2111",0,0.1149757,18,5748.785
"2112",0,0.1149757,19,5748.785
"2113",0,0.1149757,2,5748.785
"2114",0,0.1149757,20,5748.785
"2115",0,0.1149757,21,5748.785
"2116",0,0.1149757,22,5748.785
"2117",0,0.1149757,23,5748.785
"2118",0,0.1149757,24,5748.785
"2119",0,0.1149757,25,5748.785
"2120",0,0.1149757,26,5748.785
"2121",0,0.1149757,27,5748.785
"2122",0,0.1149757,28,5748.785
"2123",0,0.1149757,29,5748.785
"2124",0,0.1149757,3,5748.785
"2125",0,0.1149757,30,5748.785
"2126",0,0.1149757,31,5748.785
"2127",0,0.1149757,32,5748.785
"2128",0,0.1149757,33,5748.785
"2129",0,0.1149757,34,5748.785
"2130",0,0.1149757,35,5748.785
"2131",0,0.1149757,36,5748.785
"2132",0,0.1149757,37,5748.785
"2133",0,0.1149757,38,5748.785
"2134",0,0.1149757,39,5748.785
"2135",0,0.1149757,4,5748.785
"2136",0,0.1149757,40,5748.785
"2137",0,0.1149757,41,5748.785
"2138",0,0.1149757,42,5748.785
"2139",0,0.1149757,43,5748.785
"2140",0,0.1149757,44,5748.785
"2141",0,0.1149757,45,5748.785
"2142",0,0.1149757,46,5748.785
"2143",0,0.1149757,47,5748.785
"2144",0,0.1149757,48,5748.785
"2145",0,0.1149757,49,5748.785
"2146",0,0.1149757,5,5748.785
"2147",0,0.1149757,50,5748.785
"2148",0,0.1149757,51,5748.785
"2149",0,0.1149757,52,5748.785
"2150",0,0.1149757,53,5748.785
"2151",0,0.1149757,54,5748.785
"2152",0,0.1149757,55,5748.785
"2153",0,0.1149757,56,5748.785
"2154",0,0.1149757,57,5748.785
"2155",0,0.1149757,58,5748.785
"2156",0,0.1149757,59,5748.785
"2157",0,0.1149757,6,5748.785
"2158",0,0.1149757,60,5748.785
"2159",0,0.1149757,61,5748.785
"2160",0,0.1149757,62,5748.785
"2161",0,0.1149757,63,5748.785
"2162",0,0.1149757,64,5748.785
"2163",0,0.1149757,65,5748.785
"2164",0,0.1149757,66,5748.785
"2165",0,0.1149757,67,5748.785
"2166",0,0.1149757,68,5748.785
"2167",0,0.1149757,69,5748.785
"2168",0,0.1149757,7,5748.785
"2169",0,0.1149757,70,5748.785
"2170",0,0.1149757,71,5748.785
"2171",0,0.1149757,72,5748.785
"2172",0,0.1149757,73,5748.785
"2173",0,0.1149757,74,5748.785
"2174",0,0.1149757,75,5748.785
"2175",0,0.1149757,76,5748.785
"2176",0,0.1149757,77,5748.785
"2177",0,0.1149757,78,5748.785
"2178",0,0.1149757,79,5748.785
"2179",0,0.1149757,8,5748.785
"2180",0,0.1149757,80,5748.785
"2181",0,0.1149757,81,5748.785
"2182",0,0.1149757,82,5748.785
"2183",0,0.1149757,83,5748.785
"2184",0,0.1149757,84,5748.785
"2185",0,0.1149757,85,5748.785
"2186",0,0.1149757,86,5748.785
"2187",0,0.1149757,87,5748.785
"2188",0,0.1149757,88,5748.785
"2189",0,0.1149757,89,5748.785
"2190",0,0.1149757,9,5748.785
"2191",0,0.1149757,90,5748.785
"2192",0,0.1149757,91,5748.785
"2193",0,0.1149757,92,5748.785
"2194",0,0.1149757,93,5748.785
"2195",0,0.1149757,94,5748.785
"2196",0,0.1149757,95,5748.785
"2197",0,0.1149757,96,5748.785
"2198",0,0.1149757,97,5748.785
"2199",0,0.1149757,98,5748.785
"2200",0,0.1149757,99,5748.785
"2201",0,0.12915497,1,6457.7485
"2202",0,0.12915497,10,6457.7485
"2203",0,0.12915497,100,6457.7485
"2204",0,0.12915497,11,6457.7485
"2205",0,0.12915497,12,6457.7485
"2206",0,0.12915497,13,6457.7485
"2207",0,0.12915497,14,6457.7485
"2208",0,0.12915497,15,6457.7485
"2209",0,0.12915497,16,6457.7485
"2210",0,0.12915497,17,6457.7485
"2211",0,0.12915497,18,6457.7485
"2212",0,0.12915497,19,6457.7485
"2213",0,0.12915497,2,6457.7485
"2214",0,0.12915497,20,6457.7485
"2215",0,0.12915497,21,6457.7485
"2216",0,0.12915497,22,6457.7485
"2217",0,0.12915497,23,6457.7485
"2218",0,0.12915497,24,6457.7485
"2219",0,0.12915497,25,6457.7485
"2220",0,0.12915497,26,6457.7485
"2221",0,0.12915497,27,6457.7485
"2222",0,0.12915497,28,6457.7485
"2223",0,0.12915497,29,6457.7485
"2224",0,0.12915497,3,6457.7485
"2225",0,0.12915497,30,6457.7485
"2226",0,0.12915497,31,6457.7485
"2227",0,0.12915497,32,6457.7485
"2228",0,0.12915497,33,6457.7485
"2229",0,0.12915497,34,6457.7485
"2230",0,0.12915497,35,6457.7485
"2231",0,0.12915497,36,6457.7485
"2232",0,0.12915497,37,6457.7485
"2233",0,0.12915497,38,6457.7485
"2234",0,0.12915497,39,6457.7485
"2235",0,0.12915497,4,6457.7485
"2236",0,0.12915497,40,6457.7485
"2237",0,0.12915497,41,6457.7485
"2238",0,0.12915497,42,6457.7485
"2239",0,0.12915497,43,6457.7485
"2240",0,0.12915497,44,6457.7485
"2241",0,0.12915497,45,6457.7485
"2242",0,0.12915497,46,6457.7485
"2243",0,0.12915497,47,6457.7485
"2244",0,0.12915497,48,6457.7485
"2245",0,0.12915497,49,6457.7485
"2246",0,0.12915497,5,6457.7485
"2247",0,0.12915497,50,6457.7485
"2248",0,0.12915497,51,6457.7485
"2249",0,0.12915497,52,6457.7485
"2250",0,0.12915497,53,6457.7485
"2251",0,0.12915497,54,6457.7485
"2252",0,0.12915497,55,6457.7485
"2253",0,0.12915497,56,6457.7485
"2254",0,0.12915497,57,6457.7485
"2255",0,0.12915497,58,6457.7485
"2256",0,0.12915497,59,6457.7485
"2257",0,0.12915497,6,6457.7485
"2258",0,0.12915497,60,6457.7485
"2259",0,0.12915497,61,6457.7485
"2260",0,0.12915497,62,6457.7485
"2261",0,0.12915497,63,6457.7485
"2262",0,0.12915497,64,6457.7485
"2263",0,0.12915497,65,6457.7485
"2264",0,0.12915497,66,6457.7485
"2265",0,0.12915497,67,6457.7485
"2266",0,0.12915497,68,6457.7485
"2267",0,0.12915497,69,6457.7485
"2268",0,0.12915497,7,6457.7485
"2269",0,0.12915497,70,6457.7485
"2270",0,0.12915497,71,6457.7485
"2271",0,0.12915497,72,6457.7485
"2272",0,0.12915497,73,6457.7485
"2273",0,0.12915497,74,6457.7485
"2274",0,0.12915497,75,6457.7485
"2275",0,0.12915497,76,6457.7485
"2276",0,0.12915497,77,6457.7485
"2277",0,0.12915497,78,6457.7485
"2278",0,0.12915497,79,6457.7485
"2279",0,0.12915497,8,6457.7485
"2280",0,0.12915497,80,6457.7485
"2281",0,0.12915497,81,6457.7485
"2282",0,0.12915497,82,6457.7485
"2283",0,0.12915497,83,6457.7485
"2284",0,0.12915497,84,6457.7485
"2285",0,0.12915497,85,6457.7485
"2286",0,0.12915497,86,6457.7485
"2287",0,0.12915497,87,6457.7485
"2288",0,0.12915497,88,6457.7485
"2289",0,0.12915497,89,6457.7485
"2290",0,0.12915497,9,6457.7485
"2291",0,0.12915497,90,6457.7485
"2292",0,0.12915497,91,6457.7485
"2293",0,0.12915497,92,6457.7485
"2294",0,0.12915497,93,6457.7485
"2295",0,0.12915497,94,6457.7485
"2296",0,0.12915497,95,6457.7485
"2297",0,0.12915497,96,6457.7485
"2298",0,0.12915497,97,6457.7485
"2299",0,0.12915497,98,6457.7485
"2300",0,0.12915497,99,6457.7485
"2301",0,0.14508288,1,7254.144
"2302",0,0.14508288,10,7254.144
"2303",0,0.14508288,100,7254.144
"2304",0,0.14508288,11,7254.144
"2305",0,0.14508288,12,7254.144
"2306",0,0.14508288,13,7254.144
"2307",0,0.14508288,14,7254.144
"2308",0,0.14508288,15,7254.144
"2309",0,0.14508288,16,7254.144
"2310",0,0.14508288,17,7254.144
"2311",0,0.14508288,18,7254.144
"2312",0,0.14508288,19,7254.144
"2313",0,0.14508288,2,7254.144
"2314",0,0.14508288,20,7254.144
"2315",0,0.14508288,21,7254.144
"2316",0,0.14508288,22,7254.144
"2317",0,0.14508288,23,7254.144
"2318",0,0.14508288,24,7254.144
"2319",0,0.14508288,25,7254.144
"2320",0,0.14508288,26,7254.144
"2321",0,0.14508288,27,7254.144
"2322",0,0.14508288,28,7254.144
"2323",0,0.14508288,29,7254.144
"2324",0,0.14508288,3,7254.144
"2325",0,0.14508288,30,7254.144
"2326",0,0.14508288,31,7254.144
"2327",0,0.14508288,32,7254.144
"2328",0,0.14508288,33,7254.144
"2329",0,0.14508288,34,7254.144
"2330",0,0.14508288,35,7254.144
"2331",0,0.14508288,36,7254.144
"2332",0,0.14508288,37,7254.144
"2333",0,0.14508288,38,7254.144
"2334",0,0.14508288,39,7254.144
"2335",0,0.14508288,4,7254.144
"2336",0,0.14508288,40,7254.144
"2337",0,0.14508288,41,7254.144
"2338",0,0.14508288,42,7254.144
"2339",0,0.14508288,43,7254.144
"2340",0,0.14508288,44,7254.144
"2341",0,0.14508288,45,7254.144
"2342",0,0.14508288,46,7254.144
"2343",0,0.14508288,47,7254.144
"2344",0,0.14508288,48,7254.144
"2345",0,0.14508288,49,7254.144
"2346",0,0.14508288,5,7254.144
"2347",0,0.14508288,50,7254.144
"2348",0,0.14508288,51,7254.144
"2349",0,0.14508288,52,7254.144
"2350",0,0.14508288,53,7254.144
"2351",0,0.14508288,54,7254.144
"2352",0,0.14508288,55,7254.144
"2353",0,0.14508288,56,7254.144
"2354",0,0.14508288,57,7254.144
"2355",0,0.14508288,58,7254.144
"2356",0,0.14508288,59,7254.144
"2357",0,0.14508288,6,7254.144
"2358",0,0.14508288,60,7254.144
"2359",0,0.14508288,61,7254.144
"2360",0,0.14508288,62,7254.144
"2361",0,0.14508288,63,7254.144
"2362",0,0.14508288,64,7254.144
"2363",0,0.14508288,65,7254.144
"2364",0,0.14508288,66,7254.144
"2365",0,0.14508288,67,7254.144
"2366",0,0.14508288,68,7254.144
"2367",0,0.14508288,69,7254.144
"2368",0,0.14508288,7,7254.144
"2369",0,0.14508288,70,7254.144
"2370",0,0.14508288,71,7254.144
"2371",0,0.14508288,72,7254.144
"2372",0,0.14508288,73,7254.144
"2373",0,0.14508288,74,7254.144
"2374",0,0.14508288,75,7254.144
"2375",0,0.14508288,76,7254.144
"2376",0,0.14508288,77,7254.144
"2377",0,0.14508288,78,7254.144
"2378",0,0.14508288,79,7254.144
"2379",0,0.14508288,8,7254.144
"2380",0,0.14508288,80,7254.144
"2381",0,0.14508288,81,7254.144
"2382",0,0.14508288,82,7254.144
"2383",0,0.14508288,83,7254.144
"2384",0,0.14508288,84,7254.144
"2385",0,0.14508288,85,7254.144
"2386",0,0.14508288,86,7254.144
"2387",0,0.14508288,87,7254.144
"2388",0,0.14508288,88,7254.144
"2389",0,0.14508288,89,7254.144
"2390",0,0.14508288,9,7254.144
"2391",0,0.14508288,90,7254.144
"2392",0,0.14508288,91,7254.144
"2393",0,0.14508288,92,7254.144
"2394",0,0.14508288,93,7254.144
"2395",0,0.14508288,94,7254.144
"2396",0,0.14508288,95,7254.144
"2397",0,0.14508288,96,7254.144
"2398",0,0.14508288,97,7254.144
"2399",0,0.14508288,98,7254.144
"2400",0,0.14508288,99,7254.144
"2401",0,0.16297508,1,8148.754
"2402",0,0.16297508,10,8148.754
"2403",0,0.16297508,100,8148.754
"2404",0,0.16297508,11,8148.754
"2405",0,0.16297508,12,8148.754
"2406",0,0.16297508,13,8148.754
"2407",0,0.16297508,14,8148.754
"2408",0,0.16297508,15,8148.754
"2409",0,0.16297508,16,8148.754
"2410",0,0.16297508,17,8148.754
"2411",0,0.16297508,18,8148.754
"2412",0,0.16297508,19,8148.754
"2413",0,0.16297508,2,8148.754
"2414",0,0.16297508,20,8148.754
"2415",0,0.16297508,21,8148.754
"2416",0,0.16297508,22,8148.754
"2417",0,0.16297508,23,8148.754
"2418",0,0.16297508,24,8148.754
"2419",0,0.16297508,25,8148.754
"2420",0,0.16297508,26,8148.754
"2421",0,0.16297508,27,8148.754
"2422",0,0.16297508,28,8148.754
"2423",0,0.16297508,29,8148.754
"2424",0,0.16297508,3,8148.754
"2425",0,0.16297508,30,8148.754
"2426",0,0.16297508,31,8148.754
"2427",0,0.16297508,32,8148.754
"2428",0,0.16297508,33,8148.754
"2429",0,0.16297508,34,8148.754
"2430",0,0.16297508,35,8148.754
"2431",0,0.16297508,36,8148.754
"2432",0,0.16297508,37,8148.754
"2433",0,0.16297508,38,8148.754
"2434",0,0.16297508,39,8148.754
"2435",0,0.16297508,4,8148.754
"2436",0,0.16297508,40,8148.754
"2437",0,0.16297508,41,8148.754
"2438",0,0.16297508,42,8148.754
"2439",0,0.16297508,43,8148.754
"2440",0,0.16297508,44,8148.754
"2441",0,0.16297508,45,8148.754
"2442",0,0.16297508,46,8148.754
"2443",0,0.16297508,47,8148.754
"2444",0,0.16297508,48,8148.754
"2445",0,0.16297508,49,8148.754
"2446",0,0.16297508,5,8148.754
"2447",0,0.16297508,50,8148.754
"2448",0,0.16297508,51,8148.754
"2449",0,0.16297508,52,8148.754
"2450",0,0.16297508,53,8148.754
"2451",0,0.16297508,54,8148.754
"2452",0,0.16297508,55,8148.754
"2453",0,0.16297508,56,8148.754
"2454",0,0.16297508,57,8148.754
"2455",0,0.16297508,58,8148.754
"2456",0,0.16297508,59,8148.754
"2457",0,0.16297508,6,8148.754
"2458",0,0.16297508,60,8148.754
"2459",0,0.16297508,61,8148.754
"2460",0,0.16297508,62,8148.754
"2461",0,0.16297508,63,8148.754
"2462",0,0.16297508,64,8148.754
"2463",0,0.16297508,65,8148.754
"2464",0,0.16297508,66,8148.754
"2465",0,0.16297508,67,8148.754
"2466",0,0.16297508,68,8148.754
"2467",0,0.16297508,69,8148.754
"2468",0,0.16297508,7,8148.754
"2469",0,0.16297508,70,8148.754
"2470",0,0.16297508,71,8148.754
"2471",0,0.16297508,72,8148.754
"2472",0,0.16297508,73,8148.754
"2473",0,0.16297508,74,8148.754
"2474",0,0.16297508,75,8148.754
"2475",0,0.16297508,76,8148.754
"2476",0,0.16297508,77,8148.754
"2477",0,0.16297508,78,8148.754
"2478",0,0.16297508,79,8148.754
"2479",0,0.16297508,8,8148.754
"2480",0,0.16297508,80,8148.754
"2481",0,0.16297508,81,8148.754
"2482",0,0.16297508,82,8148.754
"2483",0,0.16297508,83,8148.754
"2484",0,0.16297508,84,8148.754
"2485",0,0.16297508,85,8148.754
"2486",0,0.16297508,86,8148.754
"2487",0,0.16297508,87,8148.754
"2488",0,0.16297508,88,8148.754
"2489",0,0.16297508,89,8148.754
"2490",0,0.16297508,9,8148.754
"2491",0,0.16297508,90,8148.754
"2492",0,0.16297508,91,8148.754
"2493",0,0.16297508,92,8148.754
"2494",0,0.16297508,93,8148.754
"2495",0,0.16297508,94,8148.754
"2496",0,0.16297508,95,8148.754
"2497",0,0.16297508,96,8148.754
"2498",0,0.16297508,97,8148.754
"2499",0,0.16297508,98,8148.754
"2500",0,0.16297508,99,8148.754
"2501",0,0.18307383,1,9153.6915
"2502",0,0.18307383,10,9153.6915
"2503",0,0.18307383,100,9153.6915
"2504",0,0.18307383,11,9153.6915
"2505",0,0.18307383,12,9153.6915
"2506",0,0.18307383,13,9153.6915
"2507",0,0.18307383,14,9153.6915
"2508",0,0.18307383,15,9153.6915
"2509",0,0.18307383,16,9153.6915
"2510",0,0.18307383,17,9153.6915
"2511",0,0.18307383,18,9153.6915
"2512",0,0.18307383,19,9153.6915
"2513",0,0.18307383,2,9153.6915
"2514",0,0.18307383,20,9153.6915
"2515",0,0.18307383,21,9153.6915
"2516",0,0.18307383,22,9153.6915
"2517",0,0.18307383,23,9153.6915
"2518",0,0.18307383,24,9153.6915
"2519",0,0.18307383,25,9153.6915
"2520",0,0.18307383,26,9153.6915
"2521",0,0.18307383,27,9153.6915
"2522",0,0.18307383,28,9153.6915
"2523",0,0.18307383,29,9153.6915
"2524",0,0.18307383,3,9153.6915
"2525",0,0.18307383,30,9153.6915
"2526",0,0.18307383,31,9153.6915
"2527",0,0.18307383,32,9153.6915
"2528",0,0.18307383,33,9153.6915
"2529",0,0.18307383,34,9153.6915
"2530",0,0.18307383,35,9153.6915
"2531",0,0.18307383,36,9153.6915
"2532",0,0.18307383,37,9153.6915
"2533",0,0.18307383,38,9153.6915
"2534",0,0.18307383,39,9153.6915
"2535",0,0.18307383,4,9153.6915
"2536",0,0.18307383,40,9153.6915
"2537",0,0.18307383,41,9153.6915
"2538",0,0.18307383,42,9153.6915
"2539",0,0.18307383,43,9153.6915
"2540",0,0.18307383,44,9153.6915
"2541",0,0.18307383,45,9153.6915
"2542",0,0.18307383,46,9153.6915
"2543",0,0.18307383,47,9153.6915
"2544",0,0.18307383,48,9153.6915
"2545",0,0.18307383,49,9153.6915
"2546",0,0.18307383,5,9153.6915
"2547",0,0.18307383,50,9153.6915
"2548",0,0.18307383,51,9153.6915
"2549",0,0.18307383,52,9153.6915
"2550",0,0.18307383,53,9153.6915
"2551",0,0.18307383,54,9153.6915
"2552",0,0.18307383,55,9153.6915
"2553",0,0.18307383,56,9153.6915
"2554",0,0.18307383,57,9153.6915
"2555",0,0.18307383,58,9153.6915
"2556",0,0.18307383,59,9153.6915
"2557",0,0.18307383,6,9153.6915
"2558",0,0.18307383,60,9153.6915
"2559",0,0.18307383,61,9153.6915
"2560",0,0.18307383,62,9153.6915
"2561",0,0.18307383,63,9153.6915
"2562",0,0.18307383,64,9153.6915
"2563",0,0.18307383,65,9153.6915
"2564",0,0.18307383,66,9153.6915
"2565",0,0.18307383,67,9153.6915
"2566",0,0.18307383,68,9153.6915
"2567",0,0.18307383,69,9153.6915
"2568",0,0.18307383,7,9153.6915
"2569",0,0.18307383,70,9153.6915
"2570",0,0.18307383,71,9153.6915
"2571",0,0.18307383,72,9153.6915
"2572",0,0.18307383,73,9153.6915
"2573",0,0.18307383,74,9153.6915
"2574",0,0.18307383,75,9153.6915
"2575",0,0.18307383,76,9153.6915
"2576",0,0.18307383,77,9153.6915
"2577",0,0.18307383,78,9153.6915
"2578",0,0.18307383,79,9153.6915
"2579",0,0.18307383,8,9153.6915
"2580",0,0.18307383,80,9153.6915
"2581",0,0.18307383,81,9153.6915
"2582",0,0.18307383,82,9153.6915
"2583",0,0.18307383,83,9153.6915
"2584",0,0.18307383,84,9153.6915
"2585",0,0.18307383,85,9153.6915
"2586",0,0.18307383,86,9153.6915
"2587",0,0.18307383,87,9153.6915
"2588",0,0.18307383,88,9153.6915
"2589",0,0.18307383,89,9153.6915
"2590",0,0.18307383,9,9153.6915
"2591",0,0.18307383,90,9153.6915
"2592",0,0.18307383,91,9153.6915
"2593",0,0.18307383,92,9153.6915
"2594",0,0.18307383,93,9153.6915
"2595",0,0.18307383,94,9153.6915
"2596",0,0.18307383,95,9153.6915
"2597",0,0.18307383,96,9153.6915
"2598",0,0.18307383,97,9153.6915
"2599",0,0.18307383,98,9153.6915
"2600",0,0.18307383,99,9153.6915
"2601",0,0.20565123,1,10282.5615
"2602",0,0.20565123,10,10282.5615
"2603",0,0.20565123,100,10282.5615
"2604",0,0.20565123,11,10282.5615
"2605",0,0.20565123,12,10282.5615
"2606",0,0.20565123,13,10282.5615
"2607",0,0.20565123,14,10282.5615
"2608",0,0.20565123,15,10282.5615
"2609",0,0.20565123,16,10282.5615
"2610",0,0.20565123,17,10282.5615
"2611",0,0.20565123,18,10282.5615
"2612",0,0.20565123,19,10282.5615
"2613",0,0.20565123,2,10282.5615
"2614",0,0.20565123,20,10282.5615
"2615",0,0.20565123,21,10282.5615
"2616",0,0.20565123,22,10282.5615
"2617",0,0.20565123,23,10282.5615
"2618",0,0.20565123,24,10282.5615
"2619",0,0.20565123,25,10282.5615
"2620",0,0.20565123,26,10282.5615
"2621",0,0.20565123,27,10282.5615
"2622",0,0.20565123,28,10282.5615
"2623",0,0.20565123,29,10282.5615
"2624",0,0.20565123,3,10282.5615
"2625",0,0.20565123,30,10282.5615
"2626",0,0.20565123,31,10282.5615
"2627",0,0.20565123,32,10282.5615
"2628",0,0.20565123,33,10282.5615
"2629",0,0.20565123,34,10282.5615
"2630",0,0.20565123,35,10282.5615
"2631",0,0.20565123,36,10282.5615
"2632",0,0.20565123,37,10282.5615
"2633",0,0.20565123,38,10282.5615
"2634",0,0.20565123,39,10282.5615
"2635",0,0.20565123,4,10282.5615
"2636",0,0.20565123,40,10282.5615
"2637",0,0.20565123,41,10282.5615
"2638",0,0.20565123,42,10282.5615
"2639",0,0.20565123,43,10282.5615
"2640",0,0.20565123,44,10282.5615
"2641",0,0.20565123,45,10282.5615
"2642",0,0.20565123,46,10282.5615
"2643",0,0.20565123,47,10282.5615
"2644",0,0.20565123,48,10282.5615
"2645",0,0.20565123,49,10282.5615
"2646",0,0.20565123,5,10282.5615
"2647",0,0.20565123,50,10282.5615
"2648",0,0.20565123,51,10282.5615
"2649",0,0.20565123,52,10282.5615
"2650",0,0.20565123,53,10282.5615
"2651",0,0.20565123,54,10282.5615
"2652",0,0.20565123,55,10282.5615
"2653",0,0.20565123,56,10282.5615
"2654",0,0.20565123,57,10282.5615
"2655",0,0.20565123,58,10282.5615
"2656",0,0.20565123,59,10282.5615
"2657",0,0.20565123,6,10282.5615
"2658",0,0.20565123,60,10282.5615
"2659",0,0.20565123,61,10282.5615
"2660",0,0.20565123,62,10282.5615
"2661",0,0.20565123,63,10282.5615
"2662",0,0.20565123,64,10282.5615
"2663",0,0.20565123,65,10282.5615
"2664",0,0.20565123,66,10282.5615
"2665",0,0.20565123,67,10282.5615
"2666",0,0.20565123,68,10282.5615
"2667",0,0.20565123,69,10282.5615
"2668",0,0.20565123,7,10282.5615
"2669",0,0.20565123,70,10282.5615
"2670",0,0.20565123,71,10282.5615
"2671",0,0.20565123,72,10282.5615
"2672",0,0.20565123,73,10282.5615
"2673",0,0.20565123,74,10282.5615
"2674",0,0.20565123,75,10282.5615
"2675",0,0.20565123,76,10282.5615
"2676",0,0.20565123,77,10282.5615
"2677",0,0.20565123,78,10282.5615
"2678",0,0.20565123,79,10282.5615
"2679",0,0.20565123,8,10282.5615
"2680",0,0.20565123,80,10282.5615
"2681",0,0.20565123,81,10282.5615
"2682",0,0.20565123,82,10282.5615
"2683",0,0.20565123,83,10282.5615
"2684",0,0.20565123,84,10282.5615
"2685",0,0.20565123,85,10282.5615
"2686",0,0.20565123,86,10282.5615
"2687",0,0.20565123,87,10282.5615
"2688",0,0.20565123,88,10282.5615
"2689",0,0.20565123,89,10282.5615
"2690",0,0.20565123,9,10282.5615
"2691",0,0.20565123,90,10282.5615
"2692",0,0.20565123,91,10282.5615
"2693",0,0.20565123,92,10282.5615
"2694",0,0.20565123,93,10282.5615
"2695",0,0.20565123,94,10282.5615
"2696",0,0.20565123,95,10282.5615
"2697",0,0.20565123,96,10282.5615
"2698",0,0.20565123,97,10282.5615
"2699",0,0.20565123,98,10282.5615
"2700",0,0.20565123,99,10282.5615
"2701",0,0.23101297,1,11550.6485
"2702",0,0.23101297,10,11550.6485
"2703",0,0.23101297,100,11550.6485
"2704",0,0.23101297,11,11550.6485
"2705",0,0.23101297,12,11550.6485
"2706",0,0.23101297,13,11550.6485
"2707",0,0.23101297,14,11550.6485
"2708",0,0.23101297,15,11550.6485
"2709",0,0.23101297,16,11550.6485
"2710",0,0.23101297,17,11550.6485
"2711",0,0.23101297,18,11550.6485
"2712",0,0.23101297,19,11550.6485
"2713",0,0.23101297,2,11550.6485
"2714",0,0.23101297,20,11550.6485
"2715",0,0.23101297,21,11550.6485
"2716",0,0.23101297,22,11550.6485
"2717",0,0.23101297,23,11550.6485
"2718",0,0.23101297,24,11550.6485
"2719",0,0.23101297,25,11550.6485
"2720",0,0.23101297,26,11550.6485
"2721",0,0.23101297,27,11550.6485
"2722",0,0.23101297,28,11550.6485
"2723",0,0.23101297,29,11550.6485
"2724",0,0.23101297,3,11550.6485
"2725",0,0.23101297,30,11550.6485
"2726",0,0.23101297,31,11550.6485
"2727",0,0.23101297,32,11550.6485
"2728",0,0.23101297,33,11550.6485
"2729",0,0.23101297,34,11550.6485
"2730",0,0.23101297,35,11550.6485
"2731",0,0.23101297,36,11550.6485
"2732",0,0.23101297,37,11550.6485
"2733",0,0.23101297,38,11550.6485
"2734",0,0.23101297,39,11550.6485
"2735",0,0.23101297,4,11550.6485
"2736",0,0.23101297,40,11550.6485
"2737",0,0.23101297,41,11550.6485
"2738",0,0.23101297,42,11550.6485
"2739",0,0.23101297,43,11550.6485
"2740",0,0.23101297,44,11550.6485
"2741",0,0.23101297,45,11550.6485
"2742",0,0.23101297,46,11550.6485
"2743",0,0.23101297,47,11550.6485
"2744",0,0.23101297,48,11550.6485
"2745",0,0.23101297,49,11550.6485
"2746",0,0.23101297,5,11550.6485
"2747",0,0.23101297,50,11550.6485
"2748",0,0.23101297,51,11550.6485
"2749",0,0.23101297,52,11550.6485
"2750",0,0.23101297,53,11550.6485
"2751",0,0.23101297,54,11550.6485
"2752",0,0.23101297,55,11550.6485
"2753",0,0.23101297,56,11550.6485
"2754",0,0.23101297,57,11550.6485
"2755",0,0.23101297,58,11550.6485
"2756",0,0.23101297,59,11550.6485
"2757",0,0.23101297,6,11550.6485
"2758",0,0.23101297,60,11550.6485
"2759",0,0.23101297,61,11550.6485
"2760",0,0.23101297,62,11550.6485
"2761",0,0.23101297,63,11550.6485
"2762",0,0.23101297,64,11550.6485
"2763",0,0.23101297,65,11550.6485
"2764",0,0.23101297,66,11550.6485
"2765",0,0.23101297,67,11550.6485
"2766",0,0.23101297,68,11550.6485
"2767",0,0.23101297,69,11550.6485
"2768",0,0.23101297,7,11550.6485
"2769",0,0.23101297,70,11550.6485
"2770",0,0.23101297,71,11550.6485
"2771",0,0.23101297,72,11550.6485
"2772",0,0.23101297,73,11550.6485
"2773",0,0.23101297,74,11550.6485
"2774",0,0.23101297,75,11550.6485
"2775",0,0.23101297,76,11550.6485
"2776",0,0.23101297,77,11550.6485
"2777",0,0.23101297,78,11550.6485
"2778",0,0.23101297,79,11550.6485
"2779",0,0.23101297,8,11550.6485
"2780",0,0.23101297,80,11550.6485
"2781",0,0.23101297,81,11550.6485
"2782",0,0.23101297,82,11550.6485
"2783",0,0.23101297,83,11550.6485
"2784",0,0.23101297,84,11550.6485
"2785",0,0.23101297,85,11550.6485
"2786",0,0.23101297,86,11550.6485
"2787",0,0.23101297,87,11550.6485
"2788",0,0.23101297,88,11550.6485
"2789",0,0.23101297,89,11550.6485
"2790",0,0.23101297,9,11550.6485
"2791",0,0.23101297,90,11550.6485
"2792",0,0.23101297,91,11550.6485
"2793",0,0.23101297,92,11550.6485
"2794",0,0.23101297,93,11550.6485
"2795",0,0.23101297,94,11550.6485
"2796",0,0.23101297,95,11550.6485
"2797",0,0.23101297,96,11550.6485
"2798",0,0.23101297,97,11550.6485
"2799",0,0.23101297,98,11550.6485
"2800",0,0.23101297,99,11550.6485
"2801",0,0.25950242,1,12975.121
"2802",0,0.25950242,10,12975.121
"2803",0,0.25950242,100,12975.121
"2804",0,0.25950242,11,12975.121
"2805",0,0.25950242,12,12975.121
"2806",0,0.25950242,13,12975.121
"2807",0,0.25950242,14,12975.121
"2808",0,0.25950242,15,12975.121
"2809",0,0.25950242,16,12975.121
"2810",0,0.25950242,17,12975.121
"2811",0,0.25950242,18,12975.121
"2812",0,0.25950242,19,12975.121
"2813",0,0.25950242,2,12975.121
"2814",0,0.25950242,20,12975.121
"2815",0,0.25950242,21,12975.121
"2816",0,0.25950242,22,12975.121
"2817",0,0.25950242,23,12975.121
"2818",0,0.25950242,24,12975.121
"2819",0,0.25950242,25,12975.121
"2820",0,0.25950242,26,12975.121
"2821",0,0.25950242,27,12975.121
"2822",0,0.25950242,28,12975.121
"2823",0,0.25950242,29,12975.121
"2824",0,0.25950242,3,12975.121
"2825",0,0.25950242,30,12975.121
"2826",0,0.25950242,31,12975.121
"2827",0,0.25950242,32,12975.121
"2828",0,0.25950242,33,12975.121
"2829",0,0.25950242,34,12975.121
"2830",0,0.25950242,35,12975.121
"2831",0,0.25950242,36,12975.121
"2832",0,0.25950242,37,12975.121
"2833",0,0.25950242,38,12975.121
"2834",0,0.25950242,39,12975.121
"2835",0,0.25950242,4,12975.121
"2836",0,0.25950242,40,12975.121
"2837",0,0.25950242,41,12975.121
"2838",0,0.25950242,42,12975.121
"2839",0,0.25950242,43,12975.121
"2840",0,0.25950242,44,12975.121
"2841",0,0.25950242,45,12975.121
"2842",0,0.25950242,46,12975.121
"2843",0,0.25950242,47,12975.121
"2844",0,0.25950242,48,12975.121
"2845",0,0.25950242,49,12975.121
"2846",0,0.25950242,5,12975.121
"2847",0,0.25950242,50,12975.121
"2848",0,0.25950242,51,12975.121
"2849",0,0.25950242,52,12975.121
"2850",0,0.25950242,53,12975.121
"2851",0,0.25950242,54,12975.121
"2852",0,0.25950242,55,12975.121
"2853",0,0.25950242,56,12975.121
"2854",0,0.25950242,57,12975.121
"2855",0,0.25950242,58,12975.121
"2856",0,0.25950242,59,12975.121
"2857",0,0.25950242,6,12975.121
"2858",0,0.25950242,60,12975.121
"2859",0,0.25950242,61,12975.121
"2860",0,0.25950242,62,12975.121
"2861",0,0.25950242,63,12975.121
"2862",0,0.25950242,64,12975.121
"2863",0,0.25950242,65,12975.121
"2864",0,0.25950242,66,12975.121
"2865",0,0.25950242,67,12975.121
"2866",0,0.25950242,68,12975.121
"2867",0,0.25950242,69,12975.121
"2868",0,0.25950242,7,12975.121
"2869",0,0.25950242,70,12975.121
"2870",0,0.25950242,71,12975.121
"2871",0,0.25950242,72,12975.121
"2872",0,0.25950242,73,12975.121
"2873",0,0.25950242,74,12975.121
"2874",0,0.25950242,75,12975.121
"2875",0,0.25950242,76,12975.121
"2876",0,0.25950242,77,12975.121
"2877",0,0.25950242,78,12975.121
"2878",0,0.25950242,79,12975.121
"2879",0,0.25950242,8,12975.121
"2880",0,0.25950242,80,12975.121
"2881",0,0.25950242,81,12975.121
"2882",0,0.25950242,82,12975.121
"2883",0,0.25950242,83,12975.121
"2884",0,0.25950242,84,12975.121
"2885",0,0.25950242,85,12975.121
"2886",0,0.25950242,86,12975.121
"2887",0,0.25950242,87,12975.121
"2888",0,0.25950242,88,12975.121
"2889",0,0.25950242,89,12975.121
"2890",0,0.25950242,9,12975.121
"2891",0,0.25950242,90,12975.121
"2892",0,0.25950242,91,12975.121
"2893",0,0.25950242,92,12975.121
"2894",0,0.25950242,93,12975.121
"2895",0,0.25950242,94,12975.121
"2896",0,0.25950242,95,12975.121
"2897",0,0.25950242,96,12975.121
"2898",0,0.25950242,97,12975.121
"2899",0,0.25950242,98,12975.121
"2900",0,0.25950242,99,12975.121
"2901",0,0.29150531,1,14575.2655
"2902",0,0.29150531,10,14575.2655
"2903",0,0.29150531,100,14575.2655
"2904",0,0.29150531,11,14575.2655
"2905",0,0.29150531,12,14575.2655
"2906",0,0.29150531,13,14575.2655
"2907",0,0.29150531,14,14575.2655
"2908",0,0.29150531,15,14575.2655
"2909",0,0.29150531,16,14575.2655
"2910",0,0.29150531,17,14575.2655
"2911",0,0.29150531,18,14575.2655
"2912",0,0.29150531,19,14575.2655
"2913",0,0.29150531,2,14575.2655
"2914",0,0.29150531,20,14575.2655
"2915",0,0.29150531,21,14575.2655
"2916",0,0.29150531,22,14575.2655
"2917",0,0.29150531,23,14575.2655
"2918",0,0.29150531,24,14575.2655
"2919",0,0.29150531,25,14575.2655
"2920",0,0.29150531,26,14575.2655
"2921",0,0.29150531,27,14575.2655
"2922",0,0.29150531,28,14575.2655
"2923",0,0.29150531,29,14575.2655
"2924",0,0.29150531,3,14575.2655
"2925",0,0.29150531,30,14575.2655
"2926",0,0.29150531,31,14575.2655
"2927",0,0.29150531,32,14575.2655
"2928",0,0.29150531,33,14575.2655
"2929",0,0.29150531,34,14575.2655
"2930",0,0.29150531,35,14575.2655
"2931",0,0.29150531,36,14575.2655
"2932",0,0.29150531,37,14575.2655
"2933",0,0.29150531,38,14575.2655
"2934",0,0.29150531,39,14575.2655
"2935",0,0.29150531,4,14575.2655
"2936",0,0.29150531,40,14575.2655
"2937",0,0.29150531,41,14575.2655
"2938",0,0.29150531,42,14575.2655
"2939",0,0.29150531,43,14575.2655
"2940",0,0.29150531,44,14575.2655
"2941",0,0.29150531,45,14575.2655
"2942",0,0.29150531,46,14575.2655
"2943",0,0.29150531,47,14575.2655
"2944",0,0.29150531,48,14575.2655
"2945",0,0.29150531,49,14575.2655
"2946",0,0.29150531,5,14575.2655
"2947",0,0.29150531,50,14575.2655
"2948",0,0.29150531,51,14575.2655
"2949",0,0.29150531,52,14575.2655
"2950",0,0.29150531,53,14575.2655
"2951",0,0.29150531,54,14575.2655
"2952",0,0.29150531,55,14575.2655
"2953",0,0.29150531,56,14575.2655
"2954",0,0.29150531,57,14575.2655
"2955",0,0.29150531,58,14575.2655
"2956",0,0.29150531,59,14575.2655
"2957",0,0.29150531,6,14575.2655
"2958",0,0.29150531,60,14575.2655
"2959",0,0.29150531,61,14575.2655
"2960",0,0.29150531,62,14575.2655
"2961",0,0.29150531,63,14575.2655
"2962",0,0.29150531,64,14575.2655
"2963",0,0.29150531,65,14575.2655
"2964",0,0.29150531,66,14575.2655
"2965",0,0.29150531,67,14575.2655
"2966",0,0.29150531,68,14575.2655
"2967",0,0.29150531,69,14575.2655
"2968",0,0.29150531,7,14575.2655
"2969",0,0.29150531,70,14575.2655
"2970",0,0.29150531,71,14575.2655
"2971",0,0.29150531,72,14575.2655
"2972",0,0.29150531,73,14575.2655
"2973",0,0.29150531,74,14575.2655
"2974",0,0.29150531,75,14575.2655
"2975",0,0.29150531,76,14575.2655
"2976",0,0.29150531,77,14575.2655
"2977",0,0.29150531,78,14575.2655
"2978",0,0.29150531,79,14575.2655
"2979",0,0.29150531,8,14575.2655
"2980",0,0.29150531,80,14575.2655
"2981",0,0.29150531,81,14575.2655
"2982",0,0.29150531,82,14575.2655
"2983",0,0.29150531,83,14575.2655
"2984",0,0.29150531,84,14575.2655
"2985",0,0.29150531,85,14575.2655
"2986",0,0.29150531,86,14575.2655
"2987",0,0.29150531,87,14575.2655
"2988",0,0.29150531,88,14575.2655
"2989",0,0.29150531,89,14575.2655
"2990",0,0.29150531,9,14575.2655
"2991",0,0.29150531,90,14575.2655
"2992",0,0.29150531,91,14575.2655
"2993",0,0.29150531,92,14575.2655
"2994",0,0.29150531,93,14575.2655
"2995",0,0.29150531,94,14575.2655
"2996",0,0.29150531,95,14575.2655
"2997",0,0.29150531,96,14575.2655
"2998",0,0.29150531,97,14575.2655
"2999",0,0.29150531,98,14575.2655
"3000",0,0.29150531,99,14575.2655
"3001",0,0.32745492,1,16372.746
"3002",0,0.32745492,10,16372.746
"3003",0,0.32745492,100,16372.746
"3004",0,0.32745492,11,16372.746
"3005",0,0.32745492,12,16372.746
"3006",0,0.32745492,13,16372.746
"3007",0,0.32745492,14,16372.746
"3008",0,0.32745492,15,16372.746
"3009",0,0.32745492,16,16372.746
"3010",0,0.32745492,17,16372.746
"3011",0,0.32745492,18,16372.746
"3012",0,0.32745492,19,16372.746
"3013",0,0.32745492,2,16372.746
"3014",0,0.32745492,20,16372.746
"3015",0,0.32745492,21,16372.746
"3016",0,0.32745492,22,16372.746
"3017",0,0.32745492,23,16372.746
"3018",0,0.32745492,24,16372.746
"3019",0,0.32745492,25,16372.746
"3020",0,0.32745492,26,16372.746
"3021",0,0.32745492,27,16372.746
"3022",0,0.32745492,28,16372.746
"3023",0,0.32745492,29,16372.746
"3024",0,0.32745492,3,16372.746
"3025",0,0.32745492,30,16372.746
"3026",0,0.32745492,31,16372.746
"3027",0,0.32745492,32,16372.746
"3028",0,0.32745492,33,16372.746
"3029",0,0.32745492,34,16372.746
"3030",0,0.32745492,35,16372.746
"3031",0,0.32745492,36,16372.746
"3032",0,0.32745492,37,16372.746
"3033",0,0.32745492,38,16372.746
"3034",0,0.32745492,39,16372.746
"3035",0,0.32745492,4,16372.746
"3036",0,0.32745492,40,16372.746
"3037",0,0.32745492,41,16372.746
"3038",0,0.32745492,42,16372.746
"3039",0,0.32745492,43,16372.746
"3040",0,0.32745492,44,16372.746
"3041",0,0.32745492,45,16372.746
"3042",0,0.32745492,46,16372.746
"3043",0,0.32745492,47,16372.746
"3044",0,0.32745492,48,16372.746
"3045",0,0.32745492,49,16372.746
"3046",0,0.32745492,5,16372.746
"3047",0,0.32745492,50,16372.746
"3048",0,0.32745492,51,16372.746
"3049",0,0.32745492,52,16372.746
"3050",0,0.32745492,53,16372.746
"3051",0,0.32745492,54,16372.746
"3052",0,0.32745492,55,16372.746
"3053",0,0.32745492,56,16372.746
"3054",0,0.32745492,57,16372.746
"3055",0,0.32745492,58,16372.746
"3056",0,0.32745492,59,16372.746
"3057",0,0.32745492,6,16372.746
"3058",0,0.32745492,60,16372.746
"3059",0,0.32745492,61,16372.746
"3060",0,0.32745492,62,16372.746
"3061",0,0.32745492,63,16372.746
"3062",0,0.32745492,64,16372.746
"3063",0,0.32745492,65,16372.746
"3064",0,0.32745492,66,16372.746
"3065",0,0.32745492,67,16372.746
"3066",0,0.32745492,68,16372.746
"3067",0,0.32745492,69,16372.746
"3068",0,0.32745492,7,16372.746
"3069",0,0.32745492,70,16372.746
"3070",0,0.32745492,71,16372.746
"3071",0,0.32745492,72,16372.746
"3072",0,0.32745492,73,16372.746
"3073",0,0.32745492,74,16372.746
"3074",0,0.32745492,75,16372.746
"3075",0,0.32745492,76,16372.746
"3076",0,0.32745492,77,16372.746
"3077",0,0.32745492,78,16372.746
"3078",0,0.32745492,79,16372.746
"3079",0,0.32745492,8,16372.746
"3080",0,0.32745492,80,16372.746
"3081",0,0.32745492,81,16372.746
"3082",0,0.32745492,82,16372.746
"3083",0,0.32745492,83,16372.746
"3084",0,0.32745492,84,16372.746
"3085",0,0.32745492,85,16372.746
"3086",0,0.32745492,86,16372.746
"3087",0,0.32745492,87,16372.746
"3088",0,0.32745492,88,16372.746
"3089",0,0.32745492,89,16372.746
"3090",0,0.32745492,9,16372.746
"3091",0,0.32745492,90,16372.746
"3092",0,0.32745492,91,16372.746
"3093",0,0.32745492,92,16372.746
"3094",0,0.32745492,93,16372.746
"3095",0,0.32745492,94,16372.746
"3096",0,0.32745492,95,16372.746
"3097",0,0.32745492,96,16372.746
"3098",0,0.32745492,97,16372.746
"3099",0,0.32745492,98,16372.746
"3100",0,0.32745492,99,16372.746
"3101",0,0.36783798,1,18391.899
"3102",0,0.36783798,10,18391.899
"3103",0,0.36783798,100,18391.899
"3104",0,0.36783798,11,18391.899
"3105",0,0.36783798,12,18391.899
"3106",0,0.36783798,13,18391.899
"3107",0,0.36783798,14,18391.899
"3108",0,0.36783798,15,18391.899
"3109",0,0.36783798,16,18391.899
"3110",0,0.36783798,17,18391.899
"3111",0,0.36783798,18,18391.899
"3112",0,0.36783798,19,18391.899
"3113",0,0.36783798,2,18391.899
"3114",0,0.36783798,20,18391.899
"3115",0,0.36783798,21,18391.899
"3116",0,0.36783798,22,18391.899
"3117",0,0.36783798,23,18391.899
"3118",0,0.36783798,24,18391.899
"3119",0,0.36783798,25,18391.899
"3120",0,0.36783798,26,18391.899
"3121",0,0.36783798,27,18391.899
"3122",0,0.36783798,28,18391.899
"3123",0,0.36783798,29,18391.899
"3124",0,0.36783798,3,18391.899
"3125",0,0.36783798,30,18391.899
"3126",0,0.36783798,31,18391.899
"3127",0,0.36783798,32,18391.899
"3128",0,0.36783798,33,18391.899
"3129",0,0.36783798,34,18391.899
"3130",0,0.36783798,35,18391.899
"3131",0,0.36783798,36,18391.899
"3132",0,0.36783798,37,18391.899
"3133",0,0.36783798,38,18391.899
"3134",0,0.36783798,39,18391.899
"3135",0,0.36783798,4,18391.899
"3136",0,0.36783798,40,18391.899
"3137",0,0.36783798,41,18391.899
"3138",0,0.36783798,42,18391.899
"3139",0,0.36783798,43,18391.899
"3140",0,0.36783798,44,18391.899
"3141",0,0.36783798,45,18391.899
"3142",0,0.36783798,46,18391.899
"3143",0,0.36783798,47,18391.899
"3144",0,0.36783798,48,18391.899
"3145",0,0.36783798,49,18391.899
"3146",0,0.36783798,5,18391.899
"3147",0,0.36783798,50,18391.899
"3148",0,0.36783798,51,18391.899
"3149",0,0.36783798,52,18391.899
"3150",0,0.36783798,53,18391.899
"3151",0,0.36783798,54,18391.899
"3152",0,0.36783798,55,18391.899
"3153",0,0.36783798,56,18391.899
"3154",0,0.36783798,57,18391.899
"3155",0,0.36783798,58,18391.899
"3156",0,0.36783798,59,18391.899
"3157",0,0.36783798,6,18391.899
"3158",0,0.36783798,60,18391.899
"3159",0,0.36783798,61,18391.899
"3160",0,0.36783798,62,18391.899
"3161",0,0.36783798,63,18391.899
"3162",0,0.36783798,64,18391.899
"3163",0,0.36783798,65,18391.899
"3164",0,0.36783798,66,18391.899
"3165",0,0.36783798,67,18391.899
"3166",0,0.36783798,68,18391.899
"3167",0,0.36783798,69,18391.899
"3168",0,0.36783798,7,18391.899
"3169",0,0.36783798,70,18391.899
"3170",0,0.36783798,71,18391.899
"3171",0,0.36783798,72,18391.899
"3172",0,0.36783798,73,18391.899
"3173",0,0.36783798,74,18391.899
"3174",0,0.36783798,75,18391.899
"3175",0,0.36783798,76,18391.899
"3176",0,0.36783798,77,18391.899
"3177",0,0.36783798,78,18391.899
"3178",0,0.36783798,79,18391.899
"3179",0,0.36783798,8,18391.899
"3180",0,0.36783798,80,18391.899
"3181",0,0.36783798,81,18391.899
"3182",0,0.36783798,82,18391.899
"3183",0,0.36783798,83,18391.899
"3184",0,0.36783798,84,18391.899
"3185",0,0.36783798,85,18391.899
"3186",0,0.36783798,86,18391.899
"3187",0,0.36783798,87,18391.899
"3188",0,0.36783798,88,18391.899
"3189",0,0.36783798,89,18391.899
"3190",0,0.36783798,9,18391.899
"3191",0,0.36783798,90,18391.899
"3192",0,0.36783798,91,18391.899
"3193",0,0.36783798,92,18391.899
"3194",0,0.36783798,93,18391.899
"3195",0,0.36783798,94,18391.899
"3196",0,0.36783798,95,18391.899
"3197",0,0.36783798,96,18391.899
"3198",0,0.36783798,97,18391.899
"3199",0,0.36783798,98,18391.899
"3200",0,0.36783798,99,18391.899
"3201",0,0.41320124,1,20660.062
"3202",0,0.41320124,10,20660.062
"3203",0,0.41320124,100,20660.062
"3204",0,0.41320124,11,20660.062
"3205",0,0.41320124,12,20660.062
"3206",0,0.41320124,13,20660.062
"3207",0,0.41320124,14,20660.062
"3208",0,0.41320124,15,20660.062
"3209",0,0.41320124,16,20660.062
"3210",0,0.41320124,17,20660.062
"3211",0,0.41320124,18,20660.062
"3212",0,0.41320124,19,20660.062
"3213",0,0.41320124,2,20660.062
"3214",0,0.41320124,20,20660.062
"3215",0,0.41320124,21,20660.062
"3216",0,0.41320124,22,20660.062
"3217",0,0.41320124,23,20660.062
"3218",0,0.41320124,24,20660.062
"3219",0,0.41320124,25,20660.062
"3220",0,0.41320124,26,20660.062
"3221",0,0.41320124,27,20660.062
"3222",0,0.41320124,28,20660.062
"3223",0,0.41320124,29,20660.062
"3224",0,0.41320124,3,20660.062
"3225",0,0.41320124,30,20660.062
"3226",0,0.41320124,31,20660.062
"3227",0,0.41320124,32,20660.062
"3228",0,0.41320124,33,20660.062
"3229",0,0.41320124,34,20660.062
"3230",0,0.41320124,35,20660.062
"3231",0,0.41320124,36,20660.062
"3232",0,0.41320124,37,20660.062
"3233",0,0.41320124,38,20660.062
"3234",0,0.41320124,39,20660.062
"3235",0,0.41320124,4,20660.062
"3236",0,0.41320124,40,20660.062
"3237",0,0.41320124,41,20660.062
"3238",0,0.41320124,42,20660.062
"3239",0,0.41320124,43,20660.062
"3240",0,0.41320124,44,20660.062
"3241",0,0.41320124,45,20660.062
"3242",0,0.41320124,46,20660.062
"3243",0,0.41320124,47,20660.062
"3244",0,0.41320124,48,20660.062
"3245",0,0.41320124,49,20660.062
"3246",0,0.41320124,5,20660.062
"3247",0,0.41320124,50,20660.062
"3248",0,0.41320124,51,20660.062
"3249",0,0.41320124,52,20660.062
"3250",0,0.41320124,53,20660.062
"3251",0,0.41320124,54,20660.062
"3252",0,0.41320124,55,20660.062
"3253",0,0.41320124,56,20660.062
"3254",0,0.41320124,57,20660.062
"3255",0,0.41320124,58,20660.062
"3256",0,0.41320124,59,20660.062
"3257",0,0.41320124,6,20660.062
"3258",0,0.41320124,60,20660.062
"3259",0,0.41320124,61,20660.062
"3260",0,0.41320124,62,20660.062
"3261",0,0.41320124,63,20660.062
"3262",0,0.41320124,64,20660.062
"3263",0,0.41320124,65,20660.062
"3264",0,0.41320124,66,20660.062
"3265",0,0.41320124,67,20660.062
"3266",0,0.41320124,68,20660.062
"3267",0,0.41320124,69,20660.062
"3268",0,0.41320124,7,20660.062
"3269",0,0.41320124,70,20660.062
"3270",0,0.41320124,71,20660.062
"3271",0,0.41320124,72,20660.062
"3272",0,0.41320124,73,20660.062
"3273",0,0.41320124,74,20660.062
"3274",0,0.41320124,75,20660.062
"3275",0,0.41320124,76,20660.062
"3276",0,0.41320124,77,20660.062
"3277",0,0.41320124,78,20660.062
"3278",0,0.41320124,79,20660.062
"3279",0,0.41320124,8,20660.062
"3280",0,0.41320124,80,20660.062
"3281",0,0.41320124,81,20660.062
"3282",0,0.41320124,82,20660.062
"3283",0,0.41320124,83,20660.062
"3284",0,0.41320124,84,20660.062
"3285",0,0.41320124,85,20660.062
"3286",0,0.41320124,86,20660.062
"3287",0,0.41320124,87,20660.062
"3288",0,0.41320124,88,20660.062
"3289",0,0.41320124,89,20660.062
"3290",0,0.41320124,9,20660.062
"3291",0,0.41320124,90,20660.062
"3292",0,0.41320124,91,20660.062
"3293",0,0.41320124,92,20660.062
"3294",0,0.41320124,93,20660.062
"3295",0,0.41320124,94,20660.062
"3296",0,0.41320124,95,20660.062
"3297",0,0.41320124,96,20660.062
"3298",0,0.41320124,97,20660.062
"3299",0,0.41320124,98,20660.062
"3300",0,0.41320124,99,20660.062
"3301",0,0.46415888,1,23207.944
"3302",0,0.46415888,10,23207.944
"3303",0,0.46415888,100,23207.944
"3304",0,0.46415888,11,23207.944
"3305",0,0.46415888,12,23207.944
"3306",0,0.46415888,13,23207.944
"3307",0,0.46415888,14,23207.944
"3308",0,0.46415888,15,23207.944
"3309",0,0.46415888,16,23207.944
"3310",0,0.46415888,17,23207.944
"3311",0,0.46415888,18,23207.944
"3312",0,0.46415888,19,23207.944
"3313",0,0.46415888,2,23207.944
"3314",0,0.46415888,20,23207.944
"3315",0,0.46415888,21,23207.944
"3316",0,0.46415888,22,23207.944
"3317",0,0.46415888,23,23207.944
"3318",0,0.46415888,24,23207.944
"3319",0,0.46415888,25,23207.944
"3320",0,0.46415888,26,23207.944
"3321",0,0.46415888,27,23207.944
"3322",0,0.46415888,28,23207.944
"3323",0,0.46415888,29,23207.944
"3324",0,0.46415888,3,23207.944
"3325",0,0.46415888,30,23207.944
"3326",0,0.46415888,31,23207.944
"3327",0,0.46415888,32,23207.944
"3328",0,0.46415888,33,23207.944
"3329",0,0.46415888,34,23207.944
"3330",0,0.46415888,35,23207.944
"3331",0,0.46415888,36,23207.944
"3332",0,0.46415888,37,23207.944
"3333",0,0.46415888,38,23207.944
"3334",0,0.46415888,39,23207.944
"3335",0,0.46415888,4,23207.944
"3336",0,0.46415888,40,23207.944
"3337",0,0.46415888,41,23207.944
"3338",0,0.46415888,42,23207.944
"3339",0,0.46415888,43,23207.944
"3340",0,0.46415888,44,23207.944
"3341",0,0.46415888,45,23207.944
"3342",0,0.46415888,46,23207.944
"3343",0,0.46415888,47,23207.944
"3344",0,0.46415888,48,23207.944
"3345",0,0.46415888,49,23207.944
"3346",0,0.46415888,5,23207.944
"3347",0,0.46415888,50,23207.944
"3348",0,0.46415888,51,23207.944
"3349",0,0.46415888,52,23207.944
"3350",0,0.46415888,53,23207.944
"3351",0,0.46415888,54,23207.944
"3352",0,0.46415888,55,23207.944
"3353",0,0.46415888,56,23207.944
"3354",0,0.46415888,57,23207.944
"3355",0,0.46415888,58,23207.944
"3356",0,0.46415888,59,23207.944
"3357",0,0.46415888,6,23207.944
"3358",0,0.46415888,60,23207.944
"3359",0,0.46415888,61,23207.944
"3360",0,0.46415888,62,23207.944
"3361",0,0.46415888,63,23207.944
"3362",0,0.46415888,64,23207.944
"3363",0,0.46415888,65,23207.944
"3364",0,0.46415888,66,23207.944
"3365",0,0.46415888,67,23207.944
"3366",0,0.46415888,68,23207.944
"3367",0,0.46415888,69,23207.944
"3368",0,0.46415888,7,23207.944
"3369",0,0.46415888,70,23207.944
"3370",0,0.46415888,71,23207.944
"3371",0,0.46415888,72,23207.944
"3372",0,0.46415888,73,23207.944
"3373",0,0.46415888,74,23207.944
"3374",0,0.46415888,75,23207.944
"3375",0,0.46415888,76,23207.944
"3376",0,0.46415888,77,23207.944
"3377",0,0.46415888,78,23207.944
"3378",0,0.46415888,79,23207.944
"3379",0,0.46415888,8,23207.944
"3380",0,0.46415888,80,23207.944
"3381",0,0.46415888,81,23207.944
"3382",0,0.46415888,82,23207.944
"3383",0,0.46415888,83,23207.944
"3384",0,0.46415888,84,23207.944
"3385",0,0.46415888,85,23207.944
"3386",0,0.46415888,86,23207.944
"3387",0,0.46415888,87,23207.944
"3388",0,0.46415888,88,23207.944
"3389",0,0.46415888,89,23207.944
"3390",0,0.46415888,9,23207.944
"3391",0,0.46415888,90,23207.944
"3392",0,0.46415888,91,23207.944
"3393",0,0.46415888,92,23207.944
"3394",0,0.46415888,93,23207.944
"3395",0,0.46415888,94,23207.944
"3396",0,0.46415888,95,23207.944
"3397",0,0.46415888,96,23207.944
"3398",0,0.46415888,97,23207.944
"3399",0,0.46415888,98,23207.944
"3400",0,0.46415888,99,23207.944
"3401",0,0.52140083,1,26070.0415
"3402",0,0.52140083,10,26070.0415
"3403",0,0.52140083,100,26070.0415
"3404",0,0.52140083,11,26070.0415
"3405",0,0.52140083,12,26070.0415
"3406",0,0.52140083,13,26070.0415
"3407",0,0.52140083,14,26070.0415
"3408",0,0.52140083,15,26070.0415
"3409",0,0.52140083,16,26070.0415
"3410",0,0.52140083,17,26070.0415
"3411",0,0.52140083,18,26070.0415
"3412",0,0.52140083,19,26070.0415
"3413",0,0.52140083,2,26070.0415
"3414",0,0.52140083,20,26070.0415
"3415",0,0.52140083,21,26070.0415
"3416",0,0.52140083,22,26070.0415
"3417",0,0.52140083,23,26070.0415
"3418",0,0.52140083,24,26070.0415
"3419",0,0.52140083,25,26070.0415
"3420",0,0.52140083,26,26070.0415
"3421",0,0.52140083,27,26070.0415
"3422",0,0.52140083,28,26070.0415
"3423",0,0.52140083,29,26070.0415
"3424",0,0.52140083,3,26070.0415
"3425",0,0.52140083,30,26070.0415
"3426",0,0.52140083,31,26070.0415
"3427",0,0.52140083,32,26070.0415
"3428",0,0.52140083,33,26070.0415
"3429",0,0.52140083,34,26070.0415
"3430",0,0.52140083,35,26070.0415
"3431",0,0.52140083,36,26070.0415
"3432",0,0.52140083,37,26070.0415
"3433",0,0.52140083,38,26070.0415
"3434",0,0.52140083,39,26070.0415
"3435",0,0.52140083,4,26070.0415
"3436",0,0.52140083,40,26070.0415
"3437",0,0.52140083,41,26070.0415
"3438",0,0.52140083,42,26070.0415
"3439",0,0.52140083,43,26070.0415
"3440",0,0.52140083,44,26070.0415
"3441",0,0.52140083,45,26070.0415
"3442",0,0.52140083,46,26070.0415
"3443",0,0.52140083,47,26070.0415
"3444",0,0.52140083,48,26070.0415
"3445",0,0.52140083,49,26070.0415
"3446",0,0.52140083,5,26070.0415
"3447",0,0.52140083,50,26070.0415
"3448",0,0.52140083,51,26070.0415
"3449",0,0.52140083,52,26070.0415
"3450",0,0.52140083,53,26070.0415
"3451",0,0.52140083,54,26070.0415
"3452",0,0.52140083,55,26070.0415
"3453",0,0.52140083,56,26070.0415
"3454",0,0.52140083,57,26070.0415
"3455",0,0.52140083,58,26070.0415
"3456",0,0.52140083,59,26070.0415
"3457",0,0.52140083,6,26070.0415
"3458",0,0.52140083,60,26070.0415
"3459",0,0.52140083,61,26070.0415
"3460",0,0.52140083,62,26070.0415
"3461",0,0.52140083,63,26070.0415
"3462",0,0.52140083,64,26070.0415
"3463",0,0.52140083,65,26070.0415
"3464",0,0.52140083,66,26070.0415
"3465",0,0.52140083,67,26070.0415
"3466",0,0.52140083,68,26070.0415
"3467",0,0.52140083,69,26070.0415
"3468",0,0.52140083,7,26070.0415
"3469",0,0.52140083,70,26070.0415
"3470",0,0.52140083,71,26070.0415
"3471",0,0.52140083,72,26070.0415
"3472",0,0.52140083,73,26070.0415
"3473",0,0.52140083,74,26070.0415
"3474",0,0.52140083,75,26070.0415
"3475",0,0.52140083,76,26070.0415
"3476",0,0.52140083,77,26070.0415
"3477",0,0.52140083,78,26070.0415
"3478",0,0.52140083,79,26070.0415
"3479",0,0.52140083,8,26070.0415
"3480",0,0.52140083,80,26070.0415
"3481",0,0.52140083,81,26070.0415
"3482",0,0.52140083,82,26070.0415
"3483",0,0.52140083,83,26070.0415
"3484",0,0.52140083,84,26070.0415
"3485",0,0.52140083,85,26070.0415
"3486",0,0.52140083,86,26070.0415
"3487",0,0.52140083,87,26070.0415
"3488",0,0.52140083,88,26070.0415
"3489",0,0.52140083,89,26070.0415
"3490",0,0.52140083,9,26070.0415
"3491",0,0.52140083,90,26070.0415
"3492",0,0.52140083,91,26070.0415
"3493",0,0.52140083,92,26070.0415
"3494",0,0.52140083,93,26070.0415
"3495",0,0.52140083,94,26070.0415
"3496",0,0.52140083,95,26070.0415
"3497",0,0.52140083,96,26070.0415
"3498",0,0.52140083,97,26070.0415
"3499",0,0.52140083,98,26070.0415
"3500",0,0.52140083,99,26070.0415
"3501",0,0.58570208,1,29285.104
"3502",0,0.58570208,10,29285.104
"3503",0,0.58570208,100,29285.104
"3504",0,0.58570208,11,29285.104
"3505",0,0.58570208,12,29285.104
"3506",0,0.58570208,13,29285.104
"3507",0,0.58570208,14,29285.104
"3508",0,0.58570208,15,29285.104
"3509",0,0.58570208,16,29285.104
"3510",0,0.58570208,17,29285.104
"3511",0,0.58570208,18,29285.104
"3512",0,0.58570208,19,29285.104
"3513",0,0.58570208,2,29285.104
"3514",0,0.58570208,20,29285.104
"3515",0,0.58570208,21,29285.104
"3516",0,0.58570208,22,29285.104
"3517",0,0.58570208,23,29285.104
"3518",0,0.58570208,24,29285.104
"3519",0,0.58570208,25,29285.104
"3520",0,0.58570208,26,29285.104
"3521",0,0.58570208,27,29285.104
"3522",0,0.58570208,28,29285.104
"3523",0,0.58570208,29,29285.104
"3524",0,0.58570208,3,29285.104
"3525",0,0.58570208,30,29285.104
"3526",0,0.58570208,31,29285.104
"3527",0,0.58570208,32,29285.104
"3528",0,0.58570208,33,29285.104
"3529",0,0.58570208,34,29285.104
"3530",0,0.58570208,35,29285.104
"3531",0,0.58570208,36,29285.104
"3532",0,0.58570208,37,29285.104
"3533",0,0.58570208,38,29285.104
"3534",0,0.58570208,39,29285.104
"3535",0,0.58570208,4,29285.104
"3536",0,0.58570208,40,29285.104
"3537",0,0.58570208,41,29285.104
"3538",0,0.58570208,42,29285.104
"3539",0,0.58570208,43,29285.104
"3540",0,0.58570208,44,29285.104
"3541",0,0.58570208,45,29285.104
"3542",0,0.58570208,46,29285.104
"3543",0,0.58570208,47,29285.104
"3544",0,0.58570208,48,29285.104
"3545",0,0.58570208,49,29285.104
"3546",0,0.58570208,5,29285.104
"3547",0,0.58570208,50,29285.104
"3548",0,0.58570208,51,29285.104
"3549",0,0.58570208,52,29285.104
"3550",0,0.58570208,53,29285.104
"3551",0,0.58570208,54,29285.104
"3552",0,0.58570208,55,29285.104
"3553",0,0.58570208,56,29285.104
"3554",0,0.58570208,57,29285.104
"3555",0,0.58570208,58,29285.104
"3556",0,0.58570208,59,29285.104
"3557",0,0.58570208,6,29285.104
"3558",0,0.58570208,60,29285.104
"3559",0,0.58570208,61,29285.104
"3560",0,0.58570208,62,29285.104
"3561",0,0.58570208,63,29285.104
"3562",0,0.58570208,64,29285.104
"3563",0,0.58570208,65,29285.104
"3564",0,0.58570208,66,29285.104
"3565",0,0.58570208,67,29285.104
"3566",0,0.58570208,68,29285.104
"3567",0,0.58570208,69,29285.104
"3568",0,0.58570208,7,29285.104
"3569",0,0.58570208,70,29285.104
"3570",0,0.58570208,71,29285.104
"3571",0,0.58570208,72,29285.104
"3572",0,0.58570208,73,29285.104
"3573",0,0.58570208,74,29285.104
"3574",0,0.58570208,75,29285.104
"3575",0,0.58570208,76,29285.104
"3576",0,0.58570208,77,29285.104
"3577",0,0.58570208,78,29285.104
"3578",0,0.58570208,79,29285.104
"3579",0,0.58570208,8,29285.104
"3580",0,0.58570208,80,29285.104
"3581",0,0.58570208,81,29285.104
"3582",0,0.58570208,82,29285.104
"3583",0,0.58570208,83,29285.104
"3584",0,0.58570208,84,29285.104
"3585",0,0.58570208,85,29285.104
"3586",0,0.58570208,86,29285.104
"3587",0,0.58570208,87,29285.104
"3588",0,0.58570208,88,29285.104
"3589",0,0.58570208,89,29285.104
"3590",0,0.58570208,9,29285.104
"3591",0,0.58570208,90,29285.104
"3592",0,0.58570208,91,29285.104
"3593",0,0.58570208,92,29285.104
"3594",0,0.58570208,93,29285.104
"3595",0,0.58570208,94,29285.104
"3596",0,0.58570208,95,29285.104
"3597",0,0.58570208,96,29285.104
"3598",0,0.58570208,97,29285.104
"3599",0,0.58570208,98,29285.104
"3600",0,0.58570208,99,29285.104
"3601",0,0.65793322,1,32896.661
"3602",0,0.65793322,10,32896.661
"3603",0,0.65793322,100,32896.661
"3604",0,0.65793322,11,32896.661
"3605",0,0.65793322,12,32896.661
"3606",0,0.65793322,13,32896.661
"3607",0,0.65793322,14,32896.661
"3608",0,0.65793322,15,32896.661
"3609",0,0.65793322,16,32896.661
"3610",0,0.65793322,17,32896.661
"3611",0,0.65793322,18,32896.661
"3612",0,0.65793322,19,32896.661
"3613",0,0.65793322,2,32896.661
"3614",0,0.65793322,20,32896.661
"3615",0,0.65793322,21,32896.661
"3616",0,0.65793322,22,32896.661
"3617",0,0.65793322,23,32896.661
"3618",0,0.65793322,24,32896.661
"3619",0,0.65793322,25,32896.661
"3620",0,0.65793322,26,32896.661
"3621",0,0.65793322,27,32896.661
"3622",0,0.65793322,28,32896.661
"3623",0,0.65793322,29,32896.661
"3624",0,0.65793322,3,32896.661
"3625",0,0.65793322,30,32896.661
"3626",0,0.65793322,31,32896.661
"3627",0,0.65793322,32,32896.661
"3628",0,0.65793322,33,32896.661
"3629",0,0.65793322,34,32896.661
"3630",0,0.65793322,35,32896.661
"3631",0,0.65793322,36,32896.661
"3632",0,0.65793322,37,32896.661
"3633",0,0.65793322,38,32896.661
"3634",0,0.65793322,39,32896.661
"3635",0,0.65793322,4,32896.661
"3636",0,0.65793322,40,32896.661
"3637",0,0.65793322,41,32896.661
"3638",0,0.65793322,42,32896.661
"3639",0,0.65793322,43,32896.661
"3640",0,0.65793322,44,32896.661
"3641",0,0.65793322,45,32896.661
"3642",0,0.65793322,46,32896.661
"3643",0,0.65793322,47,32896.661
"3644",0,0.65793322,48,32896.661
"3645",0,0.65793322,49,32896.661
"3646",0,0.65793322,5,32896.661
"3647",0,0.65793322,50,32896.661
"3648",0,0.65793322,51,32896.661
"3649",0,0.65793322,52,32896.661
"3650",0,0.65793322,53,32896.661
"3651",0,0.65793322,54,32896.661
"3652",0,0.65793322,55,32896.661
"3653",0,0.65793322,56,32896.661
"3654",0,0.65793322,57,32896.661
"3655",0,0.65793322,58,32896.661
"3656",0,0.65793322,59,32896.661
"3657",0,0.65793322,6,32896.661
"3658",0,0.65793322,60,32896.661
"3659",0,0.65793322,61,32896.661
"3660",0,0.65793322,62,32896.661
"3661",0,0.65793322,63,32896.661
"3662",0,0.65793322,64,32896.661
"3663",0,0.65793322,65,32896.661
"3664",0,0.65793322,66,32896.661
"3665",0,0.65793322,67,32896.661
"3666",0,0.65793322,68,32896.661
"3667",0,0.65793322,69,32896.661
"3668",0,0.65793322,7,32896.661
"3669",0,0.65793322,70,32896.661
"3670",0,0.65793322,71,32896.661
"3671",0,0.65793322,72,32896.661
"3672",0,0.65793322,73,32896.661
"3673",0,0.65793322,74,32896.661
"3674",0,0.65793322,75,32896.661
"3675",0,0.65793322,76,32896.661
"3676",0,0.65793322,77,32896.661
"3677",0,0.65793322,78,32896.661
"3678",0,0.65793322,79,32896.661
"3679",0,0.65793322,8,32896.661
"3680",0,0.65793322,80,32896.661
"3681",0,0.65793322,81,32896.661
"3682",0,0.65793322,82,32896.661
"3683",0,0.65793322,83,32896.661
"3684",0,0.65793322,84,32896.661
"3685",0,0.65793322,85,32896.661
"3686",0,0.65793322,86,32896.661
"3687",0,0.65793322,87,32896.661
"3688",0,0.65793322,88,32896.661
"3689",0,0.65793322,89,32896.661
"3690",0,0.65793322,9,32896.661
"3691",0,0.65793322,90,32896.661
"3692",0,0.65793322,91,32896.661
"3693",0,0.65793322,92,32896.661
"3694",0,0.65793322,93,32896.661
"3695",0,0.65793322,94,32896.661
"3696",0,0.65793322,95,32896.661
"3697",0,0.65793322,96,32896.661
"3698",0,0.65793322,97,32896.661
"3699",0,0.65793322,98,32896.661
"3700",0,0.65793322,99,32896.661
"3701",0,0.7390722,1,36953.61
"3702",0,0.7390722,10,36953.61
"3703",0,0.7390722,100,36953.61
"3704",0,0.7390722,11,36953.61
"3705",0,0.7390722,12,36953.61
"3706",0,0.7390722,13,36953.61
"3707",0,0.7390722,14,36953.61
"3708",0,0.7390722,15,36953.61
"3709",0,0.7390722,16,36953.61
"3710",0,0.7390722,17,36953.61
"3711",0,0.7390722,18,36953.61
"3712",0,0.7390722,19,36953.61
"3713",0,0.7390722,2,36953.61
"3714",0,0.7390722,20,36953.61
"3715",0,0.7390722,21,36953.61
"3716",0,0.7390722,22,36953.61
"3717",0,0.7390722,23,36953.61
"3718",0,0.7390722,24,36953.61
"3719",0,0.7390722,25,36953.61
"3720",0,0.7390722,26,36953.61
"3721",0,0.7390722,27,36953.61
"3722",0,0.7390722,28,36953.61
"3723",0,0.7390722,29,36953.61
"3724",0,0.7390722,3,36953.61
"3725",0,0.7390722,30,36953.61
"3726",0,0.7390722,31,36953.61
"3727",0,0.7390722,32,36953.61
"3728",0,0.7390722,33,36953.61
"3729",0,0.7390722,34,36953.61
"3730",0,0.7390722,35,36953.61
"3731",0,0.7390722,36,36953.61
"3732",0,0.7390722,37,36953.61
"3733",0,0.7390722,38,36953.61
"3734",0,0.7390722,39,36953.61
"3735",0,0.7390722,4,36953.61
"3736",0,0.7390722,40,36953.61
"3737",0,0.7390722,41,36953.61
"3738",0,0.7390722,42,36953.61
"3739",0,0.7390722,43,36953.61
"3740",0,0.7390722,44,36953.61
"3741",0,0.7390722,45,36953.61
"3742",0,0.7390722,46,36953.61
"3743",0,0.7390722,47,36953.61
"3744",0,0.7390722,48,36953.61
"3745",0,0.7390722,49,36953.61
"3746",0,0.7390722,5,36953.61
"3747",0,0.7390722,50,36953.61
"3748",0,0.7390722,51,36953.61
"3749",0,0.7390722,52,36953.61
"3750",0,0.7390722,53,36953.61
"3751",0,0.7390722,54,36953.61
"3752",0,0.7390722,55,36953.61
"3753",0,0.7390722,56,36953.61
"3754",0,0.7390722,57,36953.61
"3755",0,0.7390722,58,36953.61
"3756",0,0.7390722,59,36953.61
"3757",0,0.7390722,6,36953.61
"3758",0,0.7390722,60,36953.61
"3759",0,0.7390722,61,36953.61
"3760",0,0.7390722,62,36953.61
"3761",0,0.7390722,63,36953.61
"3762",0,0.7390722,64,36953.61
"3763",0,0.7390722,65,36953.61
"3764",0,0.7390722,66,36953.61
"3765",0,0.7390722,67,36953.61
"3766",0,0.7390722,68,36953.61
"3767",0,0.7390722,69,36953.61
"3768",0,0.7390722,7,36953.61
"3769",0,0.7390722,70,36953.61
"3770",0,0.7390722,71,36953.61
"3771",0,0.7390722,72,36953.61
"3772",0,0.7390722,73,36953.61
"3773",0,0.7390722,74,36953.61
"3774",0,0.7390722,75,36953.61
"3775",0,0.7390722,76,36953.61
"3776",0,0.7390722,77,36953.61
"3777",0,0.7390722,78,36953.61
"3778",0,0.7390722,79,36953.61
"3779",0,0.7390722,8,36953.61
"3780",0,0.7390722,80,36953.61
"3781",0,0.7390722,81,36953.61
"3782",0,0.7390722,82,36953.61
"3783",0,0.7390722,83,36953.61
"3784",0,0.7390722,84,36953.61
"3785",0,0.7390722,85,36953.61
"3786",0,0.7390722,86,36953.61
"3787",0,0.7390722,87,36953.61
"3788",0,0.7390722,88,36953.61
"3789",0,0.7390722,89,36953.61
"3790",0,0.7390722,9,36953.61
"3791",0,0.7390722,90,36953.61
"3792",0,0.7390722,91,36953.61
"3793",0,0.7390722,92,36953.61
"3794",0,0.7390722,93,36953.61
"3795",0,0.7390722,94,36953.61
"3796",0,0.7390722,95,36953.61
"3797",0,0.7390722,96,36953.61
"3798",0,0.7390722,97,36953.61
"3799",0,0.7390722,98,36953.61
"3800",0,0.7390722,99,36953.61
"3801",0,0.83021757,1,41510.8785
"3802",0,0.83021757,10,41510.8785
"3803",0,0.83021757,100,41510.8785
"3804",0,0.83021757,11,41510.8785
"3805",0,0.83021757,12,41510.8785
"3806",0,0.83021757,13,41510.8785
"3807",0,0.83021757,14,41510.8785
"3808",0,0.83021757,15,41510.8785
"3809",0,0.83021757,16,41510.8785
"3810",0,0.83021757,17,41510.8785
"3811",0,0.83021757,18,41510.8785
"3812",0,0.83021757,19,41510.8785
"3813",0,0.83021757,2,41510.8785
"3814",0,0.83021757,20,41510.8785
"3815",0,0.83021757,21,41510.8785
"3816",0,0.83021757,22,41510.8785
"3817",0,0.83021757,23,41510.8785
"3818",0,0.83021757,24,41510.8785
"3819",0,0.83021757,25,41510.8785
"3820",0,0.83021757,26,41510.8785
"3821",0,0.83021757,27,41510.8785
"3822",0,0.83021757,28,41510.8785
"3823",0,0.83021757,29,41510.8785
"3824",0,0.83021757,3,41510.8785
"3825",0,0.83021757,30,41510.8785
"3826",0,0.83021757,31,41510.8785
"3827",0,0.83021757,32,41510.8785
"3828",0,0.83021757,33,41510.8785
"3829",0,0.83021757,34,41510.8785
"3830",0,0.83021757,35,41510.8785
"3831",0,0.83021757,36,41510.8785
"3832",0,0.83021757,37,41510.8785
"3833",0,0.83021757,38,41510.8785
"3834",0,0.83021757,39,41510.8785
"3835",0,0.83021757,4,41510.8785
"3836",0,0.83021757,40,41510.8785
"3837",0,0.83021757,41,41510.8785
"3838",0,0.83021757,42,41510.8785
"3839",0,0.83021757,43,41510.8785
"3840",0,0.83021757,44,41510.8785
"3841",0,0.83021757,45,41510.8785
"3842",0,0.83021757,46,41510.8785
"3843",0,0.83021757,47,41510.8785
"3844",0,0.83021757,48,41510.8785
"3845",0,0.83021757,49,41510.8785
"3846",0,0.83021757,5,41510.8785
"3847",0,0.83021757,50,41510.8785
"3848",0,0.83021757,51,41510.8785
"3849",0,0.83021757,52,41510.8785
"3850",0,0.83021757,53,41510.8785
"3851",0,0.83021757,54,41510.8785
"3852",0,0.83021757,55,41510.8785
"3853",0,0.83021757,56,41510.8785
"3854",0,0.83021757,57,41510.8785
"3855",0,0.83021757,58,41510.8785
"3856",0,0.83021757,59,41510.8785
"3857",0,0.83021757,6,41510.8785
"3858",0,0.83021757,60,41510.8785
"3859",0,0.83021757,61,41510.8785
"3860",0,0.83021757,62,41510.8785
"3861",0,0.83021757,63,41510.8785
"3862",0,0.83021757,64,41510.8785
"3863",0,0.83021757,65,41510.8785
"3864",0,0.83021757,66,41510.8785
"3865",0,0.83021757,67,41510.8785
"3866",0,0.83021757,68,41510.8785
"3867",0,0.83021757,69,41510.8785
"3868",0,0.83021757,7,41510.8785
"3869",0,0.83021757,70,41510.8785
"3870",0,0.83021757,71,41510.8785
"3871",0,0.83021757,72,41510.8785
"3872",0,0.83021757,73,41510.8785
"3873",0,0.83021757,74,41510.8785
"3874",0,0.83021757,75,41510.8785
"3875",0,0.83021757,76,41510.8785
"3876",0,0.83021757,77,41510.8785
"3877",0,0.83021757,78,41510.8785
"3878",0,0.83021757,79,41510.8785
"3879",0,0.83021757,8,41510.8785
"3880",0,0.83021757,80,41510.8785
"3881",0,0.83021757,81,41510.8785
"3882",0,0.83021757,82,41510.8785
"3883",0,0.83021757,83,41510.8785
"3884",0,0.83021757,84,41510.8785
"3885",0,0.83021757,85,41510.8785
"3886",0,0.83021757,86,41510.8785
"3887",0,0.83021757,87,41510.8785
"3888",0,0.83021757,88,41510.8785
"3889",0,0.83021757,89,41510.8785
"3890",0,0.83021757,9,41510.8785
"3891",0,0.83021757,90,41510.8785
"3892",0,0.83021757,91,41510.8785
"3893",0,0.83021757,92,41510.8785
"3894",0,0.83021757,93,41510.8785
"3895",0,0.83021757,94,41510.8785
"3896",0,0.83021757,95,41510.8785
"3897",0,0.83021757,96,41510.8785
"3898",0,0.83021757,97,41510.8785
"3899",0,0.83021757,98,41510.8785
"3900",0,0.83021757,99,41510.8785
"3901",0,0.93260335,1,46630.1675
"3902",0,0.93260335,10,46630.1675
"3903",0,0.93260335,100,46630.1675
"3904",0,0.93260335,11,46630.1675
"3905",0,0.93260335,12,46630.1675
"3906",0,0.93260335,13,46630.1675
"3907",0,0.93260335,14,46630.1675
"3908",0,0.93260335,15,46630.1675
"3909",0,0.93260335,16,46630.1675
"3910",0,0.93260335,17,46630.1675
"3911",0,0.93260335,18,46630.1675
"3912",0,0.93260335,19,46630.1675
"3913",0,0.93260335,2,46630.1675
"3914",0,0.93260335,20,46630.1675
"3915",0,0.93260335,21,46630.1675
"3916",0,0.93260335,22,46630.1675
"3917",0,0.93260335,23,46630.1675
"3918",0,0.93260335,24,46630.1675
"3919",0,0.93260335,25,46630.1675
"3920",0,0.93260335,26,46630.1675
"3921",0,0.93260335,27,46630.1675
"3922",0,0.93260335,28,46630.1675
"3923",0,0.93260335,29,46630.1675
"3924",0,0.93260335,3,46630.1675
"3925",0,0.93260335,30,46630.1675
"3926",0,0.93260335,31,46630.1675
"3927",0,0.93260335,32,46630.1675
"3928",0,0.93260335,33,46630.1675
"3929",0,0.93260335,34,46630.1675
"3930",0,0.93260335,35,46630.1675
"3931",0,0.93260335,36,46630.1675
"3932",0,0.93260335,37,46630.1675
"3933",0,0.93260335,38,46630.1675
"3934",0,0.93260335,39,46630.1675
"3935",0,0.93260335,4,46630.1675
"3936",0,0.93260335,40,46630.1675
"3937",0,0.93260335,41,46630.1675
"3938",0,0.93260335,42,46630.1675
"3939",0,0.93260335,43,46630.1675
"3940",0,0.93260335,44,46630.1675
"3941",0,0.93260335,45,46630.1675
"3942",0,0.93260335,46,46630.1675
"3943",0,0.93260335,47,46630.1675
"3944",0,0.93260335,48,46630.1675
"3945",0,0.93260335,49,46630.1675
"3946",0,0.93260335,5,46630.1675
"3947",0,0.93260335,50,46630.1675
"3948",0,0.93260335,51,46630.1675
"3949",0,0.93260335,52,46630.1675
"3950",0,0.93260335,53,46630.1675
"3951",0,0.93260335,54,46630.1675
"3952",0,0.93260335,55,46630.1675
"3953",0,0.93260335,56,46630.1675
"3954",0,0.93260335,57,46630.1675
"3955",0,0.93260335,58,46630.1675
"3956",0,0.93260335,59,46630.1675
"3957",0,0.93260335,6,46630.1675
"3958",0,0.93260335,60,46630.1675
"3959",0,0.93260335,61,46630.1675
"3960",0,0.93260335,62,46630.1675
"3961",0,0.93260335,63,46630.1675
"3962",0,0.93260335,64,46630.1675
"3963",0,0.93260335,65,46630.1675
"3964",0,0.93260335,66,46630.1675
"3965",0,0.93260335,67,46630.1675
"3966",0,0.93260335,68,46630.1675
"3967",0,0.93260335,69,46630.1675
"3968",0,0.93260335,7,46630.1675
"3969",0,0.93260335,70,46630.1675
"3970",0,0.93260335,71,46630.1675
"3971",0,0.93260335,72,46630.1675
"3972",0,0.93260335,73,46630.1675
"3973",0,0.93260335,74,46630.1675
"3974",0,0.93260335,75,46630.1675
"3975",0,0.93260335,76,46630.1675
"3976",0,0.93260335,77,46630.1675
"3977",0,0.93260335,78,46630.1675
"3978",0,0.93260335,79,46630.1675
"3979",0,0.93260335,8,46630.1675
"3980",0,0.93260335,80,46630.1675
"3981",0,0.93260335,81,46630.1675
"3982",0,0.93260335,82,46630.1675
"3983",0,0.93260335,83,46630.1675
"3984",0,0.93260335,84,46630.1675
"3985",0,0.93260335,85,46630.1675
"3986",0,0.93260335,86,46630.1675
"3987",0,0.93260335,87,46630.1675
"3988",0,0.93260335,88,46630.1675
"3989",0,0.93260335,89,46630.1675
"3990",0,0.93260335,9,46630.1675
"3991",0,0.93260335,90,46630.1675
"3992",0,0.93260335,91,46630.1675
"3993",0,0.93260335,92,46630.1675
"3994",0,0.93260335,93,46630.1675
"3995",0,0.93260335,94,46630.1675
"3996",0,0.93260335,95,46630.1675
"3997",0,0.93260335,96,46630.1675
"3998",0,0.93260335,97,46630.1675
"3999",0,0.93260335,98,46630.1675
"4000",0,0.93260335,99,46630.1675
"4001",0,1.04761575,1,52380.7875
"4002",0,1.04761575,10,52380.7875
"4003",0,1.04761575,100,52380.7875
"4004",0,1.04761575,11,52380.7875
"4005",0,1.04761575,12,52380.7875
"4006",0,1.04761575,13,52380.7875
"4007",0,1.04761575,14,52380.7875
"4008",0,1.04761575,15,52380.7875
"4009",0,1.04761575,16,52380.7875
"4010",0,1.04761575,17,52380.7875
"4011",0,1.04761575,18,52380.7875
"4012",0,1.04761575,19,52380.7875
"4013",0,1.04761575,2,52380.7875
"4014",0,1.04761575,20,52380.7875
"4015",0,1.04761575,21,52380.7875
"4016",0,1.04761575,22,52380.7875
"4017",0,1.04761575,23,52380.7875
"4018",0,1.04761575,24,52380.7875
"4019",0,1.04761575,25,52380.7875
"4020",0,1.04761575,26,52380.7875
"4021",0,1.04761575,27,52380.7875
"4022",0,1.04761575,28,52380.7875
"4023",0,1.04761575,29,52380.7875
"4024",0,1.04761575,3,52380.7875
"4025",0,1.04761575,30,52380.7875
"4026",0,1.04761575,31,52380.7875
"4027",0,1.04761575,32,52380.7875
"4028",0,1.04761575,33,52380.7875
"4029",0,1.04761575,34,52380.7875
"4030",0,1.04761575,35,52380.7875
"4031",0,1.04761575,36,52380.7875
"4032",0,1.04761575,37,52380.7875
"4033",0,1.04761575,38,52380.7875
"4034",0,1.04761575,39,52380.7875
"4035",0,1.04761575,4,52380.7875
"4036",0,1.04761575,40,52380.7875
"4037",0,1.04761575,41,52380.7875
"4038",0,1.04761575,42,52380.7875
"4039",0,1.04761575,43,52380.7875
"4040",0,1.04761575,44,52380.7875
"4041",0,1.04761575,45,52380.7875
"4042",0,1.04761575,46,52380.7875
"4043",0,1.04761575,47,52380.7875
"4044",0,1.04761575,48,52380.7875
"4045",0,1.04761575,49,52380.7875
"4046",0,1.04761575,5,52380.7875
"4047",0,1.04761575,50,52380.7875
"4048",0,1.04761575,51,52380.7875
"4049",0,1.04761575,52,52380.7875
"4050",0,1.04761575,53,52380.7875
"4051",0,1.04761575,54,52380.7875
"4052",0,1.04761575,55,52380.7875
"4053",0,1.04761575,56,52380.7875
"4054",0,1.04761575,57,52380.7875
"4055",0,1.04761575,58,52380.7875
"4056",0,1.04761575,59,52380.7875
"4057",0,1.04761575,6,52380.7875
"4058",0,1.04761575,60,52380.7875
"4059",0,1.04761575,61,52380.7875
"4060",0,1.04761575,62,52380.7875
"4061",0,1.04761575,63,52380.7875
"4062",0,1.04761575,64,52380.7875
"4063",0,1.04761575,65,52380.7875
"4064",0,1.04761575,66,52380.7875
"4065",0,1.04761575,67,52380.7875
"4066",0,1.04761575,68,52380.7875
"4067",0,1.04761575,69,52380.7875
"4068",0,1.04761575,7,52380.7875
"4069",0,1.04761575,70,52380.7875
"4070",0,1.04761575,71,52380.7875
"4071",0,1.04761575,72,52380.7875
"4072",0,1.04761575,73,52380.7875
"4073",0,1.04761575,74,52380.7875
"4074",0,1.04761575,75,52380.7875
"4075",0,1.04761575,76,52380.7875
"4076",0,1.04761575,77,52380.7875
"4077",0,1.04761575,78,52380.7875
"4078",0,1.04761575,79,52380.7875
"4079",0,1.04761575,8,52380.7875
"4080",0,1.04761575,80,52380.7875
"4081",0,1.04761575,81,52380.7875
"4082",0,1.04761575,82,52380.7875
"4083",0,1.04761575,83,52380.7875
"4084",0,1.04761575,84,52380.7875
"4085",0,1.04761575,85,52380.7875
"4086",0,1.04761575,86,52380.7875
"4087",0,1.04761575,87,52380.7875
"4088",0,1.04761575,88,52380.7875
"4089",0,1.04761575,89,52380.7875
"4090",0,1.04761575,9,52380.7875
"4091",0,1.04761575,90,52380.7875
"4092",0,1.04761575,91,52380.7875
"4093",0,1.04761575,92,52380.7875
"4094",0,1.04761575,93,52380.7875
"4095",0,1.04761575,94,52380.7875
"4096",0,1.04761575,95,52380.7875
"4097",0,1.04761575,96,52380.7875
"4098",0,1.04761575,97,52380.7875
"4099",0,1.04761575,98,52380.7875
"4100",0,1.04761575,99,52380.7875
"4101",0,1.17681195,1,58840.5975
"4102",0,1.17681195,10,58840.5975
"4103",0,1.17681195,100,58840.5975
"4104",0,1.17681195,11,58840.5975
"4105",0,1.17681195,12,58840.5975
"4106",0,1.17681195,13,58840.5975
"4107",0,1.17681195,14,58840.5975
"4108",0,1.17681195,15,58840.5975
"4109",0,1.17681195,16,58840.5975
"4110",0,1.17681195,17,58840.5975
"4111",0,1.17681195,18,58840.5975
"4112",0,1.17681195,19,58840.5975
"4113",0,1.17681195,2,58840.5975
"4114",0,1.17681195,20,58840.5975
"4115",0,1.17681195,21,58840.5975
"4116",0,1.17681195,22,58840.5975
"4117",0,1.17681195,23,58840.5975
"4118",0,1.17681195,24,58840.5975
"4119",0,1.17681195,25,58840.5975
"4120",0,1.17681195,26,58840.5975
"4121",0,1.17681195,27,58840.5975
"4122",0,1.17681195,28,58840.5975
"4123",0,1.17681195,29,58840.5975
"4124",0,1.17681195,3,58840.5975
"4125",0,1.17681195,30,58840.5975
"4126",0,1.17681195,31,58840.5975
"4127",0,1.17681195,32,58840.5975
"4128",0,1.17681195,33,58840.5975
"4129",0,1.17681195,34,58840.5975
"4130",0,1.17681195,35,58840.5975
"4131",0,1.17681195,36,58840.5975
"4132",0,1.17681195,37,58840.5975
"4133",0,1.17681195,38,58840.5975
"4134",0,1.17681195,39,58840.5975
"4135",0,1.17681195,4,58840.5975
"4136",0,1.17681195,40,58840.5975
"4137",0,1.17681195,41,58840.5975
"4138",0,1.17681195,42,58840.5975
"4139",0,1.17681195,43,58840.5975
"4140",0,1.17681195,44,58840.5975
"4141",0,1.17681195,45,58840.5975
"4142",0,1.17681195,46,58840.5975
"4143",0,1.17681195,47,58840.5975
"4144",0,1.17681195,48,58840.5975
"4145",0,1.17681195,49,58840.5975
"4146",0,1.17681195,5,58840.5975
"4147",0,1.17681195,50,58840.5975
"4148",0,1.17681195,51,58840.5975
"4149",0,1.17681195,52,58840.5975
"4150",0,1.17681195,53,58840.5975
"4151",0,1.17681195,54,58840.5975
"4152",0,1.17681195,55,58840.5975
"4153",0,1.17681195,56,58840.5975
"4154",0,1.17681195,57,58840.5975
"4155",0,1.17681195,58,58840.5975
"4156",0,1.17681195,59,58840.5975
"4157",0,1.17681195,6,58840.5975
"4158",0,1.17681195,60,58840.5975
"4159",0,1.17681195,61,58840.5975
"4160",0,1.17681195,62,58840.5975
"4161",0,1.17681195,63,58840.5975
"4162",0,1.17681195,64,58840.5975
"4163",0,1.17681195,65,58840.5975
"4164",0,1.17681195,66,58840.5975
"4165",0,1.17681195,67,58840.5975
"4166",0,1.17681195,68,58840.5975
"4167",0,1.17681195,69,58840.5975
"4168",0,1.17681195,7,58840.5975
"4169",0,1.17681195,70,58840.5975
"4170",0,1.17681195,71,58840.5975
"4171",0,1.17681195,72,58840.5975
"4172",0,1.17681195,73,58840.5975
"4173",0,1.17681195,74,58840.5975
"4174",0,1.17681195,75,58840.5975
"4175",0,1.17681195,76,58840.5975
"4176",0,1.17681195,77,58840.5975
"4177",0,1.17681195,78,58840.5975
"4178",0,1.17681195,79,58840.5975
"4179",0,1.17681195,8,58840.5975
"4180",0,1.17681195,80,58840.5975
"4181",0,1.17681195,81,58840.5975
"4182",0,1.17681195,82,58840.5975
"4183",0,1.17681195,83,58840.5975
"4184",0,1.17681195,84,58840.5975
"4185",0,1.17681195,85,58840.5975
"4186",0,1.17681195,86,58840.5975
"4187",0,1.17681195,87,58840.5975
"4188",0,1.17681195,88,58840.5975
"4189",0,1.17681195,89,58840.5975
"4190",0,1.17681195,9,58840.5975
"4191",0,1.17681195,90,58840.5975
"4192",0,1.17681195,91,58840.5975
"4193",0,1.17681195,92,58840.5975
"4194",0,1.17681195,93,58840.5975
"4195",0,1.17681195,94,58840.5975
"4196",0,1.17681195,95,58840.5975
"4197",0,1.17681195,96,58840.5975
"4198",0,1.17681195,97,58840.5975
"4199",0,1.17681195,98,58840.5975
"4200",0,1.17681195,99,58840.5975
"4201",0,1.32194115,1,66097.0575
"4202",0,1.32194115,10,66097.0575
"4203",0,1.32194115,100,66097.0575
"4204",0,1.32194115,11,66097.0575
"4205",0,1.32194115,12,66097.0575
"4206",0,1.32194115,13,66097.0575
"4207",0,1.32194115,14,66097.0575
"4208",0,1.32194115,15,66097.0575
"4209",0,1.32194115,16,66097.0575
"4210",0,1.32194115,17,66097.0575
"4211",0,1.32194115,18,66097.0575
"4212",0,1.32194115,19,66097.0575
"4213",0,1.32194115,2,66097.0575
"4214",0,1.32194115,20,66097.0575
"4215",0,1.32194115,21,66097.0575
"4216",0,1.32194115,22,66097.0575
"4217",0,1.32194115,23,66097.0575
"4218",0,1.32194115,24,66097.0575
"4219",0,1.32194115,25,66097.0575
"4220",0,1.32194115,26,66097.0575
"4221",0,1.32194115,27,66097.0575
"4222",0,1.32194115,28,66097.0575
"4223",0,1.32194115,29,66097.0575
"4224",0,1.32194115,3,66097.0575
"4225",0,1.32194115,30,66097.0575
"4226",0,1.32194115,31,66097.0575
"4227",0,1.32194115,32,66097.0575
"4228",0,1.32194115,33,66097.0575
"4229",0,1.32194115,34,66097.0575
"4230",0,1.32194115,35,66097.0575
"4231",0,1.32194115,36,66097.0575
"4232",0,1.32194115,37,66097.0575
"4233",0,1.32194115,38,66097.0575
"4234",0,1.32194115,39,66097.0575
"4235",0,1.32194115,4,66097.0575
"4236",0,1.32194115,40,66097.0575
"4237",0,1.32194115,41,66097.0575
"4238",0,1.32194115,42,66097.0575
"4239",0,1.32194115,43,66097.0575
"4240",0,1.32194115,44,66097.0575
"4241",0,1.32194115,45,66097.0575
"4242",0,1.32194115,46,66097.0575
"4243",0,1.32194115,47,66097.0575
"4244",0,1.32194115,48,66097.0575
"4245",0,1.32194115,49,66097.0575
"4246",0,1.32194115,5,66097.0575
"4247",0,1.32194115,50,66097.0575
"4248",0,1.32194115,51,66097.0575
"4249",0,1.32194115,52,66097.0575
"4250",0,1.32194115,53,66097.0575
"4251",0,1.32194115,54,66097.0575
"4252",0,1.32194115,55,66097.0575
"4253",0,1.32194115,56,66097.0575
"4254",0,1.32194115,57,66097.0575
"4255",0,1.32194115,58,66097.0575
"4256",0,1.32194115,59,66097.0575
"4257",0,1.32194115,6,66097.0575
"4258",0,1.32194115,60,66097.0575
"4259",0,1.32194115,61,66097.0575
"4260",0,1.32194115,62,66097.0575
"4261",0,1.32194115,63,66097.0575
"4262",0,1.32194115,64,66097.0575
"4263",0,1.32194115,65,66097.0575
"4264",0,1.32194115,66,66097.0575
"4265",0,1.32194115,67,66097.0575
"4266",0,1.32194115,68,66097.0575
"4267",0,1.32194115,69,66097.0575
"4268",0,1.32194115,7,66097.0575
"4269",0,1.32194115,70,66097.0575
"4270",0,1.32194115,71,66097.0575
"4271",0,1.32194115,72,66097.0575
"4272",0,1.32194115,73,66097.0575
"4273",0,1.32194115,74,66097.0575
"4274",0,1.32194115,75,66097.0575
"4275",0,1.32194115,76,66097.0575
"4276",0,1.32194115,77,66097.0575
"4277",0,1.32194115,78,66097.0575
"4278",0,1.32194115,79,66097.0575
"4279",0,1.32194115,8,66097.0575
"4280",0,1.32194115,80,66097.0575
"4281",0,1.32194115,81,66097.0575
"4282",0,1.32194115,82,66097.0575
"4283",0,1.32194115,83,66097.0575
"4284",0,1.32194115,84,66097.0575
"4285",0,1.32194115,85,66097.0575
"4286",0,1.32194115,86,66097.0575
"4287",0,1.32194115,87,66097.0575
"4288",0,1.32194115,88,66097.0575
"4289",0,1.32194115,89,66097.0575
"4290",0,1.32194115,9,66097.0575
"4291",0,1.32194115,90,66097.0575
"4292",0,1.32194115,91,66097.0575
"4293",0,1.32194115,92,66097.0575
"4294",0,1.32194115,93,66097.0575
"4295",0,1.32194115,94,66097.0575
"4296",0,1.32194115,95,66097.0575
"4297",0,1.32194115,96,66097.0575
"4298",0,1.32194115,97,66097.0575
"4299",0,1.32194115,98,66097.0575
"4300",0,1.32194115,99,66097.0575
"4301",0,1.48496826,1,74248.413
"4302",0,1.48496826,10,74248.413
"4303",0,1.48496826,100,74248.413
"4304",0,1.48496826,11,74248.413
"4305",0,1.48496826,12,74248.413
"4306",0,1.48496826,13,74248.413
"4307",0,1.48496826,14,74248.413
"4308",0,1.48496826,15,74248.413
"4309",0,1.48496826,16,74248.413
"4310",0,1.48496826,17,74248.413
"4311",0,1.48496826,18,74248.413
"4312",0,1.48496826,19,74248.413
"4313",0,1.48496826,2,74248.413
"4314",0,1.48496826,20,74248.413
"4315",0,1.48496826,21,74248.413
"4316",0,1.48496826,22,74248.413
"4317",0,1.48496826,23,74248.413
"4318",0,1.48496826,24,74248.413
"4319",0,1.48496826,25,74248.413
"4320",0,1.48496826,26,74248.413
"4321",0,1.48496826,27,74248.413
"4322",0,1.48496826,28,74248.413
"4323",0,1.48496826,29,74248.413
"4324",0,1.48496826,3,74248.413
"4325",0,1.48496826,30,74248.413
"4326",0,1.48496826,31,74248.413
"4327",0,1.48496826,32,74248.413
"4328",0,1.48496826,33,74248.413
"4329",0,1.48496826,34,74248.413
"4330",0,1.48496826,35,74248.413
"4331",0,1.48496826,36,74248.413
"4332",0,1.48496826,37,74248.413
"4333",0,1.48496826,38,74248.413
"4334",0,1.48496826,39,74248.413
"4335",0,1.48496826,4,74248.413
"4336",0,1.48496826,40,74248.413
"4337",0,1.48496826,41,74248.413
"4338",0,1.48496826,42,74248.413
"4339",0,1.48496826,43,74248.413
"4340",0,1.48496826,44,74248.413
"4341",0,1.48496826,45,74248.413
"4342",0,1.48496826,46,74248.413
"4343",0,1.48496826,47,74248.413
"4344",0,1.48496826,48,74248.413
"4345",0,1.48496826,49,74248.413
"4346",0,1.48496826,5,74248.413
"4347",0,1.48496826,50,74248.413
"4348",0,1.48496826,51,74248.413
"4349",0,1.48496826,52,74248.413
"4350",0,1.48496826,53,74248.413
"4351",0,1.48496826,54,74248.413
"4352",0,1.48496826,55,74248.413
"4353",0,1.48496826,56,74248.413
"4354",0,1.48496826,57,74248.413
"4355",0,1.48496826,58,74248.413
"4356",0,1.48496826,59,74248.413
"4357",0,1.48496826,6,74248.413
"4358",0,1.48496826,60,74248.413
"4359",0,1.48496826,61,74248.413
"4360",0,1.48496826,62,74248.413
"4361",0,1.48496826,63,74248.413
"4362",0,1.48496826,64,74248.413
"4363",0,1.48496826,65,74248.413
"4364",0,1.48496826,66,74248.413
"4365",0,1.48496826,67,74248.413
"4366",0,1.48496826,68,74248.413
"4367",0,1.48496826,69,74248.413
"4368",0,1.48496826,7,74248.413
"4369",0,1.48496826,70,74248.413
"4370",0,1.48496826,71,74248.413
"4371",0,1.48496826,72,74248.413
"4372",0,1.48496826,73,74248.413
"4373",0,1.48496826,74,74248.413
"4374",0,1.48496826,75,74248.413
"4375",0,1.48496826,76,74248.413
"4376",0,1.48496826,77,74248.413
"4377",0,1.48496826,78,74248.413
"4378",0,1.48496826,79,74248.413
"4379",0,1.48496826,8,74248.413
"4380",0,1.48496826,80,74248.413
"4381",0,1.48496826,81,74248.413
"4382",0,1.48496826,82,74248.413
"4383",0,1.48496826,83,74248.413
"4384",0,1.48496826,84,74248.413
"4385",0,1.48496826,85,74248.413
"4386",0,1.48496826,86,74248.413
"4387",0,1.48496826,87,74248.413
"4388",0,1.48496826,88,74248.413
"4389",0,1.48496826,89,74248.413
"4390",0,1.48496826,9,74248.413
"4391",0,1.48496826,90,74248.413
"4392",0,1.48496826,91,74248.413
"4393",0,1.48496826,92,74248.413
"4394",0,1.48496826,93,74248.413
"4395",0,1.48496826,94,74248.413
"4396",0,1.48496826,95,74248.413
"4397",0,1.48496826,96,74248.413
"4398",0,1.48496826,97,74248.413
"4399",0,1.48496826,98,74248.413
"4400",0,1.48496826,99,74248.413
"4401",0,1.66810054,1,83405.027
"4402",0,1.66810054,10,83405.027
"4403",0,1.66810054,100,83405.027
"4404",0,1.66810054,11,83405.027
"4405",0,1.66810054,12,83405.027
"4406",0,1.66810054,13,83405.027
"4407",0,1.66810054,14,83405.027
"4408",0,1.66810054,15,83405.027
"4409",0,1.66810054,16,83405.027
"4410",0,1.66810054,17,83405.027
"4411",0,1.66810054,18,83405.027
"4412",0,1.66810054,19,83405.027
"4413",0,1.66810054,2,83405.027
"4414",0,1.66810054,20,83405.027
"4415",0,1.66810054,21,83405.027
"4416",0,1.66810054,22,83405.027
"4417",0,1.66810054,23,83405.027
"4418",0,1.66810054,24,83405.027
"4419",0,1.66810054,25,83405.027
"4420",0,1.66810054,26,83405.027
"4421",0,1.66810054,27,83405.027
"4422",0,1.66810054,28,83405.027
"4423",0,1.66810054,29,83405.027
"4424",0,1.66810054,3,83405.027
"4425",0,1.66810054,30,83405.027
"4426",0,1.66810054,31,83405.027
"4427",0,1.66810054,32,83405.027
"4428",0,1.66810054,33,83405.027
"4429",0,1.66810054,34,83405.027
"4430",0,1.66810054,35,83405.027
"4431",0,1.66810054,36,83405.027
"4432",0,1.66810054,37,83405.027
"4433",0,1.66810054,38,83405.027
"4434",0,1.66810054,39,83405.027
"4435",0,1.66810054,4,83405.027
"4436",0,1.66810054,40,83405.027
"4437",0,1.66810054,41,83405.027
"4438",0,1.66810054,42,83405.027
"4439",0,1.66810054,43,83405.027
"4440",0,1.66810054,44,83405.027
"4441",0,1.66810054,45,83405.027
"4442",0,1.66810054,46,83405.027
"4443",0,1.66810054,47,83405.027
"4444",0,1.66810054,48,83405.027
"4445",0,1.66810054,49,83405.027
"4446",0,1.66810054,5,83405.027
"4447",0,1.66810054,50,83405.027
"4448",0,1.66810054,51,83405.027
"4449",0,1.66810054,52,83405.027
"4450",0,1.66810054,53,83405.027
"4451",0,1.66810054,54,83405.027
"4452",0,1.66810054,55,83405.027
"4453",0,1.66810054,56,83405.027
"4454",0,1.66810054,57,83405.027
"4455",0,1.66810054,58,83405.027
"4456",0,1.66810054,59,83405.027
"4457",0,1.66810054,6,83405.027
"4458",0,1.66810054,60,83405.027
"4459",0,1.66810054,61,83405.027
"4460",0,1.66810054,62,83405.027
"4461",0,1.66810054,63,83405.027
"4462",0,1.66810054,64,83405.027
"4463",0,1.66810054,65,83405.027
"4464",0,1.66810054,66,83405.027
"4465",0,1.66810054,67,83405.027
"4466",0,1.66810054,68,83405.027
"4467",0,1.66810054,69,83405.027
"4468",0,1.66810054,7,83405.027
"4469",0,1.66810054,70,83405.027
"4470",0,1.66810054,71,83405.027
"4471",0,1.66810054,72,83405.027
"4472",0,1.66810054,73,83405.027
"4473",0,1.66810054,74,83405.027
"4474",0,1.66810054,75,83405.027
"4475",0,1.66810054,76,83405.027
"4476",0,1.66810054,77,83405.027
"4477",0,1.66810054,78,83405.027
"4478",0,1.66810054,79,83405.027
"4479",0,1.66810054,8,83405.027
"4480",0,1.66810054,80,83405.027
"4481",0,1.66810054,81,83405.027
"4482",0,1.66810054,82,83405.027
"4483",0,1.66810054,83,83405.027
"4484",0,1.66810054,84,83405.027
"4485",0,1.66810054,85,83405.027
"4486",0,1.66810054,86,83405.027
"4487",0,1.66810054,87,83405.027
"4488",0,1.66810054,88,83405.027
"4489",0,1.66810054,89,83405.027
"4490",0,1.66810054,9,83405.027
"4491",0,1.66810054,90,83405.027
"4492",0,1.66810054,91,83405.027
"4493",0,1.66810054,92,83405.027
"4494",0,1.66810054,93,83405.027
"4495",0,1.66810054,94,83405.027
"4496",0,1.66810054,95,83405.027
"4497",0,1.66810054,96,83405.027
"4498",0,1.66810054,97,83405.027
"4499",0,1.66810054,98,83405.027
"4500",0,1.66810054,99,83405.027
"4501",0,1.87381742,1,93690.871
"4502",0,1.87381742,10,93690.871
"4503",0,1.87381742,100,93690.871
"4504",0,1.87381742,11,93690.871
"4505",0,1.87381742,12,93690.871
"4506",0,1.87381742,13,93690.871
"4507",0,1.87381742,14,93690.871
"4508",0,1.87381742,15,93690.871
"4509",0,1.87381742,16,93690.871
"4510",0,1.87381742,17,93690.871
"4511",0,1.87381742,18,93690.871
"4512",0,1.87381742,19,93690.871
"4513",0,1.87381742,2,93690.871
"4514",0,1.87381742,20,93690.871
"4515",0,1.87381742,21,93690.871
"4516",0,1.87381742,22,93690.871
"4517",0,1.87381742,23,93690.871
"4518",0,1.87381742,24,93690.871
"4519",0,1.87381742,25,93690.871
"4520",0,1.87381742,26,93690.871
"4521",0,1.87381742,27,93690.871
"4522",0,1.87381742,28,93690.871
"4523",0,1.87381742,29,93690.871
"4524",0,1.87381742,3,93690.871
"4525",0,1.87381742,30,93690.871
"4526",0,1.87381742,31,93690.871
"4527",0,1.87381742,32,93690.871
"4528",0,1.87381742,33,93690.871
"4529",0,1.87381742,34,93690.871
"4530",0,1.87381742,35,93690.871
"4531",0,1.87381742,36,93690.871
"4532",0,1.87381742,37,93690.871
"4533",0,1.87381742,38,93690.871
"4534",0,1.87381742,39,93690.871
"4535",0,1.87381742,4,93690.871
"4536",0,1.87381742,40,93690.871
"4537",0,1.87381742,41,93690.871
"4538",0,1.87381742,42,93690.871
"4539",0,1.87381742,43,93690.871
"4540",0,1.87381742,44,93690.871
"4541",0,1.87381742,45,93690.871
"4542",0,1.87381742,46,93690.871
"4543",0,1.87381742,47,93690.871
"4544",0,1.87381742,48,93690.871
"4545",0,1.87381742,49,93690.871
"4546",0,1.87381742,5,93690.871
"4547",0,1.87381742,50,93690.871
"4548",0,1.87381742,51,93690.871
"4549",0,1.87381742,52,93690.871
"4550",0,1.87381742,53,93690.871
"4551",0,1.87381742,54,93690.871
"4552",0,1.87381742,55,93690.871
"4553",0,1.87381742,56,93690.871
"4554",0,1.87381742,57,93690.871
"4555",0,1.87381742,58,93690.871
"4556",0,1.87381742,59,93690.871
"4557",0,1.87381742,6,93690.871
"4558",0,1.87381742,60,93690.871
"4559",0,1.87381742,61,93690.871
"4560",0,1.87381742,62,93690.871
"4561",0,1.87381742,63,93690.871
"4562",0,1.87381742,64,93690.871
"4563",0,1.87381742,65,93690.871
"4564",0,1.87381742,66,93690.871
"4565",0,1.87381742,67,93690.871
"4566",0,1.87381742,68,93690.871
"4567",0,1.87381742,69,93690.871
"4568",0,1.87381742,7,93690.871
"4569",0,1.87381742,70,93690.871
"4570",0,1.87381742,71,93690.871
"4571",0,1.87381742,72,93690.871
"4572",0,1.87381742,73,93690.871
"4573",0,1.87381742,74,93690.871
"4574",0,1.87381742,75,93690.871
"4575",0,1.87381742,76,93690.871
"4576",0,1.87381742,77,93690.871
"4577",0,1.87381742,78,93690.871
"4578",0,1.87381742,79,93690.871
"4579",0,1.87381742,8,93690.871
"4580",0,1.87381742,80,93690.871
"4581",0,1.87381742,81,93690.871
"4582",0,1.87381742,82,93690.871
"4583",0,1.87381742,83,93690.871
"4584",0,1.87381742,84,93690.871
"4585",0,1.87381742,85,93690.871
"4586",0,1.87381742,86,93690.871
"4587",0,1.87381742,87,93690.871
"4588",0,1.87381742,88,93690.871
"4589",0,1.87381742,89,93690.871
"4590",0,1.87381742,9,93690.871
"4591",0,1.87381742,90,93690.871
"4592",0,1.87381742,91,93690.871
"4593",0,1.87381742,92,93690.871
"4594",0,1.87381742,93,93690.871
"4595",0,1.87381742,94,93690.871
"4596",0,1.87381742,95,93690.871
"4597",0,1.87381742,96,93690.871
"4598",0,1.87381742,97,93690.871
"4599",0,1.87381742,98,93690.871
"4600",0,1.87381742,99,93690.871
"4601",0,10.72267222,1,536133.611
"4602",0,10.72267222,10,536133.611
"4603",0,10.72267222,100,536133.611
"4604",0,10.72267222,11,536133.611
"4605",0,10.72267222,12,536133.611
"4606",0,10.72267222,13,536133.611
"4607",0,10.72267222,14,536133.611
"4608",0,10.72267222,15,536133.611
"4609",0,10.72267222,16,536133.611
"4610",0,10.72267222,17,536133.611
"4611",0,10.72267222,18,536133.611
"4612",0,10.72267222,19,536133.611
"4613",0,10.72267222,2,536133.611
"4614",0,10.72267222,20,536133.611
"4615",0,10.72267222,21,536133.611
"4616",0,10.72267222,22,536133.611
"4617",0,10.72267222,23,536133.611
"4618",0,10.72267222,24,536133.611
"4619",0,10.72267222,25,536133.611
"4620",0,10.72267222,26,536133.611
"4621",0,10.72267222,27,536133.611
"4622",0,10.72267222,28,536133.611
"4623",0,10.72267222,29,536133.611
"4624",0,10.72267222,3,536133.611
"4625",0,10.72267222,30,536133.611
"4626",0,10.72267222,31,536133.611
"4627",0,10.72267222,32,536133.611
"4628",0,10.72267222,33,536133.611
"4629",0,10.72267222,34,536133.611
"4630",0,10.72267222,35,536133.611
"4631",0,10.72267222,36,536133.611
"4632",0,10.72267222,37,536133.611
"4633",0,10.72267222,38,536133.611
"4634",0,10.72267222,39,536133.611
"4635",0,10.72267222,4,536133.611
"4636",0,10.72267222,40,536133.611
"4637",0,10.72267222,41,536133.611
"4638",0,10.72267222,42,536133.611
"4639",0,10.72267222,43,536133.611
"4640",0,10.72267222,44,536133.611
"4641",0,10.72267222,45,536133.611
"4642",0,10.72267222,46,536133.611
"4643",0,10.72267222,47,536133.611
"4644",0,10.72267222,48,536133.611
"4645",0,10.72267222,49,536133.611
"4646",0,10.72267222,5,536133.611
"4647",0,10.72267222,50,536133.611
"4648",0,10.72267222,51,536133.611
"4649",0,10.72267222,52,536133.611
"4650",0,10.72267222,53,536133.611
"4651",0,10.72267222,54,536133.611
"4652",0,10.72267222,55,536133.611
"4653",0,10.72267222,56,536133.611
"4654",0,10.72267222,57,536133.611
"4655",0,10.72267222,58,536133.611
"4656",0,10.72267222,59,536133.611
"4657",0,10.72267222,6,536133.611
"4658",0,10.72267222,60,536133.611
"4659",0,10.72267222,61,536133.611
"4660",0,10.72267222,62,536133.611
"4661",0,10.72267222,63,536133.611
"4662",0,10.72267222,64,536133.611
"4663",0,10.72267222,65,536133.611
"4664",0,10.72267222,66,536133.611
"4665",0,10.72267222,67,536133.611
"4666",0,10.72267222,68,536133.611
"4667",0,10.72267222,69,536133.611
"4668",0,10.72267222,7,536133.611
"4669",0,10.72267222,70,536133.611
"4670",0,10.72267222,71,536133.611
"4671",0,10.72267222,72,536133.611
"4672",0,10.72267222,73,536133.611
"4673",0,10.72267222,74,536133.611
"4674",0,10.72267222,75,536133.611
"4675",0,10.72267222,76,536133.611
"4676",0,10.72267222,77,536133.611
"4677",0,10.72267222,78,536133.611
"4678",0,10.72267222,79,536133.611
"4679",0,10.72267222,8,536133.611
"4680",0,10.72267222,80,536133.611
"4681",0,10.72267222,81,536133.611
"4682",0,10.72267222,82,536133.611
"4683",0,10.72267222,83,536133.611
"4684",0,10.72267222,84,536133.611
"4685",0,10.72267222,85,536133.611
"4686",0,10.72267222,86,536133.611
"4687",0,10.72267222,87,536133.611
"4688",0,10.72267222,88,536133.611
"4689",0,10.72267222,89,536133.611
"4690",0,10.72267222,9,536133.611
"4691",0,10.72267222,90,536133.611
"4692",0,10.72267222,91,536133.611
"4693",0,10.72267222,92,536133.611
"4694",0,10.72267222,93,536133.611
"4695",0,10.72267222,94,536133.611
"4696",0,10.72267222,95,536133.611
"4697",0,10.72267222,96,536133.611
"4698",0,10.72267222,97,536133.611
"4699",0,10.72267222,98,536133.611
"4700",0,10.72267222,99,536133.611
"4701",0,1000,1,5e+07
"4702",0,1000,10,5e+07
"4703",0,1000,100,5e+07
"4704",0,1000,11,5e+07
"4705",0,1000,12,5e+07
"4706",0,1000,13,5e+07
"4707",0,1000,14,5e+07
"4708",0,1000,15,5e+07
"4709",0,1000,16,5e+07
"4710",0,1000,17,5e+07
"4711",0,1000,18,5e+07
"4712",0,1000,19,5e+07
"4713",0,1000,2,5e+07
"4714",0,1000,20,5e+07
"4715",0,1000,21,5e+07
"4716",0,1000,22,5e+07
"4717",0,1000,23,5e+07
"4718",0,1000,24,5e+07
"4719",0,1000,25,5e+07
"4720",0,1000,26,5e+07
"4721",0,1000,27,5e+07
"4722",0,1000,28,5e+07
"4723",0,1000,29,5e+07
"4724",0,1000,3,5e+07
"4725",0,1000,30,5e+07
"4726",0,1000,31,5e+07
"4727",0,1000,32,5e+07
"4728",0,1000,33,5e+07
"4729",0,1000,34,5e+07
"4730",0,1000,35,5e+07
"4731",0,1000,36,5e+07
"4732",0,1000,37,5e+07
"4733",0,1000,38,5e+07
"4734",0,1000,39,5e+07
"4735",0,1000,4,5e+07
"4736",0,1000,40,5e+07
"4737",0,1000,41,5e+07
"4738",0,1000,42,5e+07
"4739",0,1000,43,5e+07
"4740",0,1000,44,5e+07
"4741",0,1000,45,5e+07
"4742",0,1000,46,5e+07
"4743",0,1000,47,5e+07
"4744",0,1000,48,5e+07
"4745",0,1000,49,5e+07
"4746",0,1000,5,5e+07
"4747",0,1000,50,5e+07
"4748",0,1000,51,5e+07
"4749",0,1000,52,5e+07
"4750",0,1000,53,5e+07
"4751",0,1000,54,5e+07
"4752",0,1000,55,5e+07
"4753",0,1000,56,5e+07
"4754",0,1000,57,5e+07
"4755",0,1000,58,5e+07
"4756",0,1000,59,5e+07
"4757",0,1000,6,5e+07
"4758",0,1000,60,5e+07
"4759",0,1000,61,5e+07
"4760",0,1000,62,5e+07
"4761",0,1000,63,5e+07
"4762",0,1000,64,5e+07
"4763",0,1000,65,5e+07
"4764",0,1000,66,5e+07
"4765",0,1000,67,5e+07
"4766",0,1000,68,5e+07
"4767",0,1000,69,5e+07
"4768",0,1000,7,5e+07
"4769",0,1000,70,5e+07
"4770",0,1000,71,5e+07
"4771",0,1000,72,5e+07
"4772",0,1000,73,5e+07
"4773",0,1000,74,5e+07
"4774",0,1000,75,5e+07
"4775",0,1000,76,5e+07
"4776",0,1000,77,5e+07
"4777",0,1000,78,5e+07
"4778",0,1000,79,5e+07
"4779",0,1000,8,5e+07
"4780",0,1000,80,5e+07
"4781",0,1000,81,5e+07
"4782",0,1000,82,5e+07
"4783",0,1000,83,5e+07
"4784",0,1000,84,5e+07
"4785",0,1000,85,5e+07
"4786",0,1000,86,5e+07
"4787",0,1000,87,5e+07
"4788",0,1000,88,5e+07
"4789",0,1000,89,5e+07
"4790",0,1000,9,5e+07
"4791",0,1000,90,5e+07
"4792",0,1000,91,5e+07
"4793",0,1000,92,5e+07
"4794",0,1000,93,5e+07
"4795",0,1000,94,5e+07
"4796",0,1000,95,5e+07
"4797",0,1000,96,5e+07
"4798",0,1000,97,5e+07
"4799",0,1000,98,5e+07
"4800",0,1000,99,5e+07
"4801",0,109.74987655,1,5487493.8275
"4802",0,109.74987655,10,5487493.8275
"4803",0,109.74987655,100,5487493.8275
"4804",0,109.74987655,11,5487493.8275
"4805",0,109.74987655,12,5487493.8275
"4806",0,109.74987655,13,5487493.8275
"4807",0,109.74987655,14,5487493.8275
"4808",0,109.74987655,15,5487493.8275
"4809",0,109.74987655,16,5487493.8275
"4810",0,109.74987655,17,5487493.8275
"4811",0,109.74987655,18,5487493.8275
"4812",0,109.74987655,19,5487493.8275
"4813",0,109.74987655,2,5487493.8275
"4814",0,109.74987655,20,5487493.8275
"4815",0,109.74987655,21,5487493.8275
"4816",0,109.74987655,22,5487493.8275
"4817",0,109.74987655,23,5487493.8275
"4818",0,109.74987655,24,5487493.8275
"4819",0,109.74987655,25,5487493.8275
"4820",0,109.74987655,26,5487493.8275
"4821",0,109.74987655,27,5487493.8275
"4822",0,109.74987655,28,5487493.8275
"4823",0,109.74987655,29,5487493.8275
"4824",0,109.74987655,3,5487493.8275
"4825",0,109.74987655,30,5487493.8275
"4826",0,109.74987655,31,5487493.8275
"4827",0,109.74987655,32,5487493.8275
"4828",0,109.74987655,33,5487493.8275
"4829",0,109.74987655,34,5487493.8275
"4830",0,109.74987655,35,5487493.8275
"4831",0,109.74987655,36,5487493.8275
"4832",0,109.74987655,37,5487493.8275
"4833",0,109.74987655,38,5487493.8275
"4834",0,109.74987655,39,5487493.8275
"4835",0,109.74987655,4,5487493.8275
"4836",0,109.74987655,40,5487493.8275
"4837",0,109.74987655,41,5487493.8275
"4838",0,109.74987655,42,5487493.8275
"4839",0,109.74987655,43,5487493.8275
"4840",0,109.74987655,44,5487493.8275
"4841",0,109.74987655,45,5487493.8275
"4842",0,109.74987655,46,5487493.8275
"4843",0,109.74987655,47,5487493.8275
"4844",0,109.74987655,48,5487493.8275
"4845",0,109.74987655,49,5487493.8275
"4846",0,109.74987655,5,5487493.8275
"4847",0,109.74987655,50,5487493.8275
"4848",0,109.74987655,51,5487493.8275
"4849",0,109.74987655,52,5487493.8275
"4850",0,109.74987655,53,5487493.8275
"4851",0,109.74987655,54,5487493.8275
"4852",0,109.74987655,55,5487493.8275
"4853",0,109.74987655,56,5487493.8275
"4854",0,109.74987655,57,5487493.8275
"4855",0,109.74987655,58,5487493.8275
"4856",0,109.74987655,59,5487493.8275
"4857",0,109.74987655,6,5487493.8275
"4858",0,109.74987655,60,5487493.8275
"4859",0,109.74987655,61,5487493.8275
"4860",0,109.74987655,62,5487493.8275
"4861",0,109.74987655,63,5487493.8275
"4862",0,109.74987655,64,5487493.8275
"4863",0,109.74987655,65,5487493.8275
"4864",0,109.74987655,66,5487493.8275
"4865",0,109.74987655,67,5487493.8275
"4866",0,109.74987655,68,5487493.8275
"4867",0,109.74987655,69,5487493.8275
"4868",0,109.74987655,7,5487493.8275
"4869",0,109.74987655,70,5487493.8275
"4870",0,109.74987655,71,5487493.8275
"4871",0,109.74987655,72,5487493.8275
"4872",0,109.74987655,73,5487493.8275
"4873",0,109.74987655,74,5487493.8275
"4874",0,109.74987655,75,5487493.8275
"4875",0,109.74987655,76,5487493.8275
"4876",0,109.74987655,77,5487493.8275
"4877",0,109.74987655,78,5487493.8275
"4878",0,109.74987655,79,5487493.8275
"4879",0,109.74987655,8,5487493.8275
"4880",0,109.74987655,80,5487493.8275
"4881",0,109.74987655,81,5487493.8275
"4882",0,109.74987655,82,5487493.8275
"4883",0,109.74987655,83,5487493.8275
"4884",0,109.74987655,84,5487493.8275
"4885",0,109.74987655,85,5487493.8275
"4886",0,109.74987655,86,5487493.8275
"4887",0,109.74987655,87,5487493.8275
"4888",0,109.74987655,88,5487493.8275
"4889",0,109.74987655,89,5487493.8275
"4890",0,109.74987655,9,5487493.8275
"4891",0,109.74987655,90,5487493.8275
"4892",0,109.74987655,91,5487493.8275
"4893",0,109.74987655,92,5487493.8275
"4894",0,109.74987655,93,5487493.8275
"4895",0,109.74987655,94,5487493.8275
"4896",0,109.74987655,95,5487493.8275
"4897",0,109.74987655,96,5487493.8275
"4898",0,109.74987655,97,5487493.8275
"4899",0,109.74987655,98,5487493.8275
"4900",0,109.74987655,99,5487493.8275
"4901",0,12.0450354,1,602251.77
"4902",0,12.0450354,10,602251.77
"4903",0,12.0450354,100,602251.77
"4904",0,12.0450354,11,602251.77
"4905",0,12.0450354,12,602251.77
"4906",0,12.0450354,13,602251.77
"4907",0,12.0450354,14,602251.77
"4908",0,12.0450354,15,602251.77
"4909",0,12.0450354,16,602251.77
"4910",0,12.0450354,17,602251.77
"4911",0,12.0450354,18,602251.77
"4912",0,12.0450354,19,602251.77
"4913",0,12.0450354,2,602251.77
"4914",0,12.0450354,20,602251.77
"4915",0,12.0450354,21,602251.77
"4916",0,12.0450354,22,602251.77
"4917",0,12.0450354,23,602251.77
"4918",0,12.0450354,24,602251.77
"4919",0,12.0450354,25,602251.77
"4920",0,12.0450354,26,602251.77
"4921",0,12.0450354,27,602251.77
"4922",0,12.0450354,28,602251.77
"4923",0,12.0450354,29,602251.77
"4924",0,12.0450354,3,602251.77
"4925",0,12.0450354,30,602251.77
"4926",0,12.0450354,31,602251.77
"4927",0,12.0450354,32,602251.77
"4928",0,12.0450354,33,602251.77
"4929",0,12.0450354,34,602251.77
"4930",0,12.0450354,35,602251.77
"4931",0,12.0450354,36,602251.77
"4932",0,12.0450354,37,602251.77
"4933",0,12.0450354,38,602251.77
"4934",0,12.0450354,39,602251.77
"4935",0,12.0450354,4,602251.77
"4936",0,12.0450354,40,602251.77
"4937",0,12.0450354,41,602251.77
"4938",0,12.0450354,42,602251.77
"4939",0,12.0450354,43,602251.77
"4940",0,12.0450354,44,602251.77
"4941",0,12.0450354,45,602251.77
"4942",0,12.0450354,46,602251.77
"4943",0,12.0450354,47,602251.77
"4944",0,12.0450354,48,602251.77
"4945",0,12.0450354,49,602251.77
"4946",0,12.0450354,5,602251.77
"4947",0,12.0450354,50,602251.77
"4948",0,12.0450354,51,602251.77
"4949",0,12.0450354,52,602251.77
"4950",0,12.0450354,53,602251.77
"4951",0,12.0450354,54,602251.77
"4952",0,12.0450354,55,602251.77
"4953",0,12.0450354,56,602251.77
"4954",0,12.0450354,57,602251.77
"4955",0,12.0450354,58,602251.77
"4956",0,12.0450354,59,602251.77
"4957",0,12.0450354,6,602251.77
"4958",0,12.0450354,60,602251.77
"4959",0,12.0450354,61,602251.77
"4960",0,12.0450354,62,602251.77
"4961",0,12.0450354,63,602251.77
"4962",0,12.0450354,64,602251.77
"4963",0,12.0450354,65,602251.77
"4964",0,12.0450354,66,602251.77
"4965",0,12.0450354,67,602251.77
"4966",0,12.0450354,68,602251.77
"4967",0,12.0450354,69,602251.77
"4968",0,12.0450354,7,602251.77
"4969",0,12.0450354,70,602251.77
"4970",0,12.0450354,71,602251.77
"4971",0,12.0450354,72,602251.77
"4972",0,12.0450354,73,602251.77
"4973",0,12.0450354,74,602251.77
"4974",0,12.0450354,75,602251.77
"4975",0,12.0450354,76,602251.77
"4976",0,12.0450354,77,602251.77
"4977",0,12.0450354,78,602251.77
"4978",0,12.0450354,79,602251.77
"4979",0,12.0450354,8,602251.77
"4980",0,12.0450354,80,602251.77
"4981",0,12.0450354,81,602251.77
"4982",0,12.0450354,82,602251.77
"4983",0,12.0450354,83,602251.77
"4984",0,12.0450354,84,602251.77
"4985",0,12.0450354,85,602251.77
"4986",0,12.0450354,86,602251.77
"4987",0,12.0450354,87,602251.77
"4988",0,12.0450354,88,602251.77
"4989",0,12.0450354,89,602251.77
"4990",0,12.0450354,9,602251.77
"4991",0,12.0450354,90,602251.77
"4992",0,12.0450354,91,602251.77
"4993",0,12.0450354,92,602251.77
"4994",0,12.0450354,93,602251.77
"4995",0,12.0450354,94,602251.77
"4996",0,12.0450354,95,602251.77
"4997",0,12.0450354,96,602251.77
"4998",0,12.0450354,97,602251.77
"4999",0,12.0450354,98,602251.77
"5000",0,12.0450354,99,602251.77
"5001",0,123.28467394,1,6164233.697
"5002",0,123.28467394,10,6164233.697
"5003",0,123.28467394,100,6164233.697
"5004",0,123.28467394,11,6164233.697
"5005",0,123.28467394,12,6164233.697
"5006",0,123.28467394,13,6164233.697
"5007",0,123.28467394,14,6164233.697
"5008",0,123.28467394,15,6164233.697
"5009",0,123.28467394,16,6164233.697
"5010",0,123.28467394,17,6164233.697
"5011",0,123.28467394,18,6164233.697
"5012",0,123.28467394,19,6164233.697
"5013",0,123.28467394,2,6164233.697
"5014",0,123.28467394,20,6164233.697
"5015",0,123.28467394,21,6164233.697
"5016",0,123.28467394,22,6164233.697
"5017",0,123.28467394,23,6164233.697
"5018",0,123.28467394,24,6164233.697
"5019",0,123.28467394,25,6164233.697
"5020",0,123.28467394,26,6164233.697
"5021",0,123.28467394,27,6164233.697
"5022",0,123.28467394,28,6164233.697
"5023",0,123.28467394,29,6164233.697
"5024",0,123.28467394,3,6164233.697
"5025",0,123.28467394,30,6164233.697
"5026",0,123.28467394,31,6164233.697
"5027",0,123.28467394,32,6164233.697
"5028",0,123.28467394,33,6164233.697
"5029",0,123.28467394,34,6164233.697
"5030",0,123.28467394,35,6164233.697
"5031",0,123.28467394,36,6164233.697
"5032",0,123.28467394,37,6164233.697
"5033",0,123.28467394,38,6164233.697
"5034",0,123.28467394,39,6164233.697
"5035",0,123.28467394,4,6164233.697
"5036",0,123.28467394,40,6164233.697
"5037",0,123.28467394,41,6164233.697
"5038",0,123.28467394,42,6164233.697
"5039",0,123.28467394,43,6164233.697
"5040",0,123.28467394,44,6164233.697
"5041",0,123.28467394,45,6164233.697
"5042",0,123.28467394,46,6164233.697
"5043",0,123.28467394,47,6164233.697
"5044",0,123.28467394,48,6164233.697
"5045",0,123.28467394,49,6164233.697
"5046",0,123.28467394,5,6164233.697
"5047",0,123.28467394,50,6164233.697
"5048",0,123.28467394,51,6164233.697
"5049",0,123.28467394,52,6164233.697
"5050",0,123.28467394,53,6164233.697
"5051",0,123.28467394,54,6164233.697
"5052",0,123.28467394,55,6164233.697
"5053",0,123.28467394,56,6164233.697
"5054",0,123.28467394,57,6164233.697
"5055",0,123.28467394,58,6164233.697
"5056",0,123.28467394,59,6164233.697
"5057",0,123.28467394,6,6164233.697
"5058",0,123.28467394,60,6164233.697
"5059",0,123.28467394,61,6164233.697
"5060",0,123.28467394,62,6164233.697
"5061",0,123.28467394,63,6164233.697
"5062",0,123.28467394,64,6164233.697
"5063",0,123.28467394,65,6164233.697
"5064",0,123.28467394,66,6164233.697
"5065",0,123.28467394,67,6164233.697
"5066",0,123.28467394,68,6164233.697
"5067",0,123.28467394,69,6164233.697
"5068",0,123.28467394,7,6164233.697
"5069",0,123.28467394,70,6164233.697
"5070",0,123.28467394,71,6164233.697
"5071",0,123.28467394,72,6164233.697
"5072",0,123.28467394,73,6164233.697
"5073",0,123.28467394,74,6164233.697
"5074",0,123.28467394,75,6164233.697
"5075",0,123.28467394,76,6164233.697
"5076",0,123.28467394,77,6164233.697
"5077",0,123.28467394,78,6164233.697
"5078",0,123.28467394,79,6164233.697
"5079",0,123.28467394,8,6164233.697
"5080",0,123.28467394,80,6164233.697
"5081",0,123.28467394,81,6164233.697
"5082",0,123.28467394,82,6164233.697
"5083",0,123.28467394,83,6164233.697
"5084",0,123.28467394,84,6164233.697
"5085",0,123.28467394,85,6164233.697
"5086",0,123.28467394,86,6164233.697
"5087",0,123.28467394,87,6164233.697
"5088",0,123.28467394,88,6164233.697
"5089",0,123.28467394,89,6164233.697
"5090",0,123.28467394,9,6164233.697
"5091",0,123.28467394,90,6164233.697
"5092",0,123.28467394,91,6164233.697
"5093",0,123.28467394,92,6164233.697
"5094",0,123.28467394,93,6164233.697
"5095",0,123.28467394,94,6164233.697
"5096",0,123.28467394,95,6164233.697
"5097",0,123.28467394,96,6164233.697
"5098",0,123.28467394,97,6164233.697
"5099",0,123.28467394,98,6164233.697
"5100",0,123.28467394,99,6164233.697
"5101",0,13.53047775,1,676523.8875
"5102",0,13.53047775,10,676523.8875
"5103",0,13.53047775,100,676523.8875
"5104",0,13.53047775,11,676523.8875
"5105",0,13.53047775,12,676523.8875
"5106",0,13.53047775,13,676523.8875
"5107",0,13.53047775,14,676523.8875
"5108",0,13.53047775,15,676523.8875
"5109",0,13.53047775,16,676523.8875
"5110",0,13.53047775,17,676523.8875
"5111",0,13.53047775,18,676523.8875
"5112",0,13.53047775,19,676523.8875
"5113",0,13.53047775,2,676523.8875
"5114",0,13.53047775,20,676523.8875
"5115",0,13.53047775,21,676523.8875
"5116",0,13.53047775,22,676523.8875
"5117",0,13.53047775,23,676523.8875
"5118",0,13.53047775,24,676523.8875
"5119",0,13.53047775,25,676523.8875
"5120",0,13.53047775,26,676523.8875
"5121",0,13.53047775,27,676523.8875
"5122",0,13.53047775,28,676523.8875
"5123",0,13.53047775,29,676523.8875
"5124",0,13.53047775,3,676523.8875
"5125",0,13.53047775,30,676523.8875
"5126",0,13.53047775,31,676523.8875
"5127",0,13.53047775,32,676523.8875
"5128",0,13.53047775,33,676523.8875
"5129",0,13.53047775,34,676523.8875
"5130",0,13.53047775,35,676523.8875
"5131",0,13.53047775,36,676523.8875
"5132",0,13.53047775,37,676523.8875
"5133",0,13.53047775,38,676523.8875
"5134",0,13.53047775,39,676523.8875
"5135",0,13.53047775,4,676523.8875
"5136",0,13.53047775,40,676523.8875
"5137",0,13.53047775,41,676523.8875
"5138",0,13.53047775,42,676523.8875
"5139",0,13.53047775,43,676523.8875
"5140",0,13.53047775,44,676523.8875
"5141",0,13.53047775,45,676523.8875
"5142",0,13.53047775,46,676523.8875
"5143",0,13.53047775,47,676523.8875
"5144",0,13.53047775,48,676523.8875
"5145",0,13.53047775,49,676523.8875
"5146",0,13.53047775,5,676523.8875
"5147",0,13.53047775,50,676523.8875
"5148",0,13.53047775,51,676523.8875
"5149",0,13.53047775,52,676523.8875
"5150",0,13.53047775,53,676523.8875
"5151",0,13.53047775,54,676523.8875
"5152",0,13.53047775,55,676523.8875
"5153",0,13.53047775,56,676523.8875
"5154",0,13.53047775,57,676523.8875
"5155",0,13.53047775,58,676523.8875
"5156",0,13.53047775,59,676523.8875
"5157",0,13.53047775,6,676523.8875
"5158",0,13.53047775,60,676523.8875
"5159",0,13.53047775,61,676523.8875
"5160",0,13.53047775,62,676523.8875
"5161",0,13.53047775,63,676523.8875
"5162",0,13.53047775,64,676523.8875
"5163",0,13.53047775,65,676523.8875
"5164",0,13.53047775,66,676523.8875
"5165",0,13.53047775,67,676523.8875
"5166",0,13.53047775,68,676523.8875
"5167",0,13.53047775,69,676523.8875
"5168",0,13.53047775,7,676523.8875
"5169",0,13.53047775,70,676523.8875
"5170",0,13.53047775,71,676523.8875
"5171",0,13.53047775,72,676523.8875
"5172",0,13.53047775,73,676523.8875
"5173",0,13.53047775,74,676523.8875
"5174",0,13.53047775,75,676523.8875
"5175",0,13.53047775,76,676523.8875
"5176",0,13.53047775,77,676523.8875
"5177",0,13.53047775,78,676523.8875
"5178",0,13.53047775,79,676523.8875
"5179",0,13.53047775,8,676523.8875
"5180",0,13.53047775,80,676523.8875
"5181",0,13.53047775,81,676523.8875
"5182",0,13.53047775,82,676523.8875
"5183",0,13.53047775,83,676523.8875
"5184",0,13.53047775,84,676523.8875
"5185",0,13.53047775,85,676523.8875
"5186",0,13.53047775,86,676523.8875
"5187",0,13.53047775,87,676523.8875
"5188",0,13.53047775,88,676523.8875
"5189",0,13.53047775,89,676523.8875
"5190",0,13.53047775,9,676523.8875
"5191",0,13.53047775,90,676523.8875
"5192",0,13.53047775,91,676523.8875
"5193",0,13.53047775,92,676523.8875
"5194",0,13.53047775,93,676523.8875
"5195",0,13.53047775,94,676523.8875
"5196",0,13.53047775,95,676523.8875
"5197",0,13.53047775,96,676523.8875
"5198",0,13.53047775,97,676523.8875
"5199",0,13.53047775,98,676523.8875
"5200",0,13.53047775,99,676523.8875
"5201",0,138.48863714,1,6924431.857
"5202",0,138.48863714,10,6924431.857
"5203",0,138.48863714,100,6924431.857
"5204",0,138.48863714,11,6924431.857
"5205",0,138.48863714,12,6924431.857
"5206",0,138.48863714,13,6924431.857
"5207",0,138.48863714,14,6924431.857
"5208",0,138.48863714,15,6924431.857
"5209",0,138.48863714,16,6924431.857
"5210",0,138.48863714,17,6924431.857
"5211",0,138.48863714,18,6924431.857
"5212",0,138.48863714,19,6924431.857
"5213",0,138.48863714,2,6924431.857
"5214",0,138.48863714,20,6924431.857
"5215",0,138.48863714,21,6924431.857
"5216",0,138.48863714,22,6924431.857
"5217",0,138.48863714,23,6924431.857
"5218",0,138.48863714,24,6924431.857
"5219",0,138.48863714,25,6924431.857
"5220",0,138.48863714,26,6924431.857
"5221",0,138.48863714,27,6924431.857
"5222",0,138.48863714,28,6924431.857
"5223",0,138.48863714,29,6924431.857
"5224",0,138.48863714,3,6924431.857
"5225",0,138.48863714,30,6924431.857
"5226",0,138.48863714,31,6924431.857
"5227",0,138.48863714,32,6924431.857
"5228",0,138.48863714,33,6924431.857
"5229",0,138.48863714,34,6924431.857
"5230",0,138.48863714,35,6924431.857
"5231",0,138.48863714,36,6924431.857
"5232",0,138.48863714,37,6924431.857
"5233",0,138.48863714,38,6924431.857
"5234",0,138.48863714,39,6924431.857
"5235",0,138.48863714,4,6924431.857
"5236",0,138.48863714,40,6924431.857
"5237",0,138.48863714,41,6924431.857
"5238",0,138.48863714,42,6924431.857
"5239",0,138.48863714,43,6924431.857
"5240",0,138.48863714,44,6924431.857
"5241",0,138.48863714,45,6924431.857
"5242",0,138.48863714,46,6924431.857
"5243",0,138.48863714,47,6924431.857
"5244",0,138.48863714,48,6924431.857
"5245",0,138.48863714,49,6924431.857
"5246",0,138.48863714,5,6924431.857
"5247",0,138.48863714,50,6924431.857
"5248",0,138.48863714,51,6924431.857
"5249",0,138.48863714,52,6924431.857
"5250",0,138.48863714,53,6924431.857
"5251",0,138.48863714,54,6924431.857
"5252",0,138.48863714,55,6924431.857
"5253",0,138.48863714,56,6924431.857
"5254",0,138.48863714,57,6924431.857
"5255",0,138.48863714,58,6924431.857
"5256",0,138.48863714,59,6924431.857
"5257",0,138.48863714,6,6924431.857
"5258",0,138.48863714,60,6924431.857
"5259",0,138.48863714,61,6924431.857
"5260",0,138.48863714,62,6924431.857
"5261",0,138.48863714,63,6924431.857
"5262",0,138.48863714,64,6924431.857
"5263",0,138.48863714,65,6924431.857
"5264",0,138.48863714,66,6924431.857
"5265",0,138.48863714,67,6924431.857
"5266",0,138.48863714,68,6924431.857
"5267",0,138.48863714,69,6924431.857
"5268",0,138.48863714,7,6924431.857
"5269",0,138.48863714,70,6924431.857
"5270",0,138.48863714,71,6924431.857
"5271",0,138.48863714,72,6924431.857
"5272",0,138.48863714,73,6924431.857
"5273",0,138.48863714,74,6924431.857
"5274",0,138.48863714,75,6924431.857
"5275",0,138.48863714,76,6924431.857
"5276",0,138.48863714,77,6924431.857
"5277",0,138.48863714,78,6924431.857
"5278",0,138.48863714,79,6924431.857
"5279",0,138.48863714,8,6924431.857
"5280",0,138.48863714,80,6924431.857
"5281",0,138.48863714,81,6924431.857
"5282",0,138.48863714,82,6924431.857
"5283",0,138.48863714,83,6924431.857
"5284",0,138.48863714,84,6924431.857
"5285",0,138.48863714,85,6924431.857
"5286",0,138.48863714,86,6924431.857
"5287",0,138.48863714,87,6924431.857
"5288",0,138.48863714,88,6924431.857
"5289",0,138.48863714,89,6924431.857
"5290",0,138.48863714,9,6924431.857
"5291",0,138.48863714,90,6924431.857
"5292",0,138.48863714,91,6924431.857
"5293",0,138.48863714,92,6924431.857
"5294",0,138.48863714,93,6924431.857
"5295",0,138.48863714,94,6924431.857
"5296",0,138.48863714,95,6924431.857
"5297",0,138.48863714,96,6924431.857
"5298",0,138.48863714,97,6924431.857
"5299",0,138.48863714,98,6924431.857
"5300",0,138.48863714,99,6924431.857
"5301",0,15.19911083,1,759955.5415
"5302",0,15.19911083,10,759955.5415
"5303",0,15.19911083,100,759955.5415
"5304",0,15.19911083,11,759955.5415
"5305",0,15.19911083,12,759955.5415
"5306",0,15.19911083,13,759955.5415
"5307",0,15.19911083,14,759955.5415
"5308",0,15.19911083,15,759955.5415
"5309",0,15.19911083,16,759955.5415
"5310",0,15.19911083,17,759955.5415
"5311",0,15.19911083,18,759955.5415
"5312",0,15.19911083,19,759955.5415
"5313",0,15.19911083,2,759955.5415
"5314",0,15.19911083,20,759955.5415
"5315",0,15.19911083,21,759955.5415
"5316",0,15.19911083,22,759955.5415
"5317",0,15.19911083,23,759955.5415
"5318",0,15.19911083,24,759955.5415
"5319",0,15.19911083,25,759955.5415
"5320",0,15.19911083,26,759955.5415
"5321",0,15.19911083,27,759955.5415
"5322",0,15.19911083,28,759955.5415
"5323",0,15.19911083,29,759955.5415
"5324",0,15.19911083,3,759955.5415
"5325",0,15.19911083,30,759955.5415
"5326",0,15.19911083,31,759955.5415
"5327",0,15.19911083,32,759955.5415
"5328",0,15.19911083,33,759955.5415
"5329",0,15.19911083,34,759955.5415
"5330",0,15.19911083,35,759955.5415
"5331",0,15.19911083,36,759955.5415
"5332",0,15.19911083,37,759955.5415
"5333",0,15.19911083,38,759955.5415
"5334",0,15.19911083,39,759955.5415
"5335",0,15.19911083,4,759955.5415
"5336",0,15.19911083,40,759955.5415
"5337",0,15.19911083,41,759955.5415
"5338",0,15.19911083,42,759955.5415
"5339",0,15.19911083,43,759955.5415
"5340",0,15.19911083,44,759955.5415
"5341",0,15.19911083,45,759955.5415
"5342",0,15.19911083,46,759955.5415
"5343",0,15.19911083,47,759955.5415
"5344",0,15.19911083,48,759955.5415
"5345",0,15.19911083,49,759955.5415
"5346",0,15.19911083,5,759955.5415
"5347",0,15.19911083,50,759955.5415
"5348",0,15.19911083,51,759955.5415
"5349",0,15.19911083,52,759955.5415
"5350",0,15.19911083,53,759955.5415
"5351",0,15.19911083,54,759955.5415
"5352",0,15.19911083,55,759955.5415
"5353",0,15.19911083,56,759955.5415
"5354",0,15.19911083,57,759955.5415
"5355",0,15.19911083,58,759955.5415
"5356",0,15.19911083,59,759955.5415
"5357",0,15.19911083,6,759955.5415
"5358",0,15.19911083,60,759955.5415
"5359",0,15.19911083,61,759955.5415
"5360",0,15.19911083,62,759955.5415
"5361",0,15.19911083,63,759955.5415
"5362",0,15.19911083,64,759955.5415
"5363",0,15.19911083,65,759955.5415
"5364",0,15.19911083,66,759955.5415
"5365",0,15.19911083,67,759955.5415
"5366",0,15.19911083,68,759955.5415
"5367",0,15.19911083,69,759955.5415
"5368",0,15.19911083,7,759955.5415
"5369",0,15.19911083,70,759955.5415
"5370",0,15.19911083,71,759955.5415
"5371",0,15.19911083,72,759955.5415
"5372",0,15.19911083,73,759955.5415
"5373",0,15.19911083,74,759955.5415
"5374",0,15.19911083,75,759955.5415
"5375",0,15.19911083,76,759955.5415
"5376",0,15.19911083,77,759955.5415
"5377",0,15.19911083,78,759955.5415
"5378",0,15.19911083,79,759955.5415
"5379",0,15.19911083,8,759955.5415
"5380",0,15.19911083,80,759955.5415
"5381",0,15.19911083,81,759955.5415
"5382",0,15.19911083,82,759955.5415
"5383",0,15.19911083,83,759955.5415
"5384",0,15.19911083,84,759955.5415
"5385",0,15.19911083,85,759955.5415
"5386",0,15.19911083,86,759955.5415
"5387",0,15.19911083,87,759955.5415
"5388",0,15.19911083,88,759955.5415
"5389",0,15.19911083,89,759955.5415
"5390",0,15.19911083,9,759955.5415
"5391",0,15.19911083,90,759955.5415
"5392",0,15.19911083,91,759955.5415
"5393",0,15.19911083,92,759955.5415
"5394",0,15.19911083,93,759955.5415
"5395",0,15.19911083,94,759955.5415
"5396",0,15.19911083,95,759955.5415
"5397",0,15.19911083,96,759955.5415
"5398",0,15.19911083,97,759955.5415
"5399",0,15.19911083,98,759955.5415
"5400",0,15.19911083,99,759955.5415
"5401",0,155.56761439,1,7778380.7195
"5402",0,155.56761439,10,7778380.7195
"5403",0,155.56761439,100,7778380.7195
"5404",0,155.56761439,11,7778380.7195
"5405",0,155.56761439,12,7778380.7195
"5406",0,155.56761439,13,7778380.7195
"5407",0,155.56761439,14,7778380.7195
"5408",0,155.56761439,15,7778380.7195
"5409",0,155.56761439,16,7778380.7195
"5410",0,155.56761439,17,7778380.7195
"5411",0,155.56761439,18,7778380.7195
"5412",0,155.56761439,19,7778380.7195
"5413",0,155.56761439,2,7778380.7195
"5414",0,155.56761439,20,7778380.7195
"5415",0,155.56761439,21,7778380.7195
"5416",0,155.56761439,22,7778380.7195
"5417",0,155.56761439,23,7778380.7195
"5418",0,155.56761439,24,7778380.7195
"5419",0,155.56761439,25,7778380.7195
"5420",0,155.56761439,26,7778380.7195
"5421",0,155.56761439,27,7778380.7195
"5422",0,155.56761439,28,7778380.7195
"5423",0,155.56761439,29,7778380.7195
"5424",0,155.56761439,3,7778380.7195
"5425",0,155.56761439,30,7778380.7195
"5426",0,155.56761439,31,7778380.7195
"5427",0,155.56761439,32,7778380.7195
"5428",0,155.56761439,33,7778380.7195
"5429",0,155.56761439,34,7778380.7195
"5430",0,155.56761439,35,7778380.7195
"5431",0,155.56761439,36,7778380.7195
"5432",0,155.56761439,37,7778380.7195
"5433",0,155.56761439,38,7778380.7195
"5434",0,155.56761439,39,7778380.7195
"5435",0,155.56761439,4,7778380.7195
"5436",0,155.56761439,40,7778380.7195
"5437",0,155.56761439,41,7778380.7195
"5438",0,155.56761439,42,7778380.7195
"5439",0,155.56761439,43,7778380.7195
"5440",0,155.56761439,44,7778380.7195
"5441",0,155.56761439,45,7778380.7195
"5442",0,155.56761439,46,7778380.7195
"5443",0,155.56761439,47,7778380.7195
"5444",0,155.56761439,48,7778380.7195
"5445",0,155.56761439,49,7778380.7195
"5446",0,155.56761439,5,7778380.7195
"5447",0,155.56761439,50,7778380.7195
"5448",0,155.56761439,51,7778380.7195
"5449",0,155.56761439,52,7778380.7195
"5450",0,155.56761439,53,7778380.7195
"5451",0,155.56761439,54,7778380.7195
"5452",0,155.56761439,55,7778380.7195
"5453",0,155.56761439,56,7778380.7195
"5454",0,155.56761439,57,7778380.7195
"5455",0,155.56761439,58,7778380.7195
"5456",0,155.56761439,59,7778380.7195
"5457",0,155.56761439,6,7778380.7195
"5458",0,155.56761439,60,7778380.7195
"5459",0,155.56761439,61,7778380.7195
"5460",0,155.56761439,62,7778380.7195
"5461",0,155.56761439,63,7778380.7195
"5462",0,155.56761439,64,7778380.7195
"5463",0,155.56761439,65,7778380.7195
"5464",0,155.56761439,66,7778380.7195
"5465",0,155.56761439,67,7778380.7195
"5466",0,155.56761439,68,7778380.7195
"5467",0,155.56761439,69,7778380.7195
"5468",0,155.56761439,7,7778380.7195
"5469",0,155.56761439,70,7778380.7195
"5470",0,155.56761439,71,7778380.7195
"5471",0,155.56761439,72,7778380.7195
"5472",0,155.56761439,73,7778380.7195
"5473",0,155.56761439,74,7778380.7195
"5474",0,155.56761439,75,7778380.7195
"5475",0,155.56761439,76,7778380.7195
"5476",0,155.56761439,77,7778380.7195
"5477",0,155.56761439,78,7778380.7195
"5478",0,155.56761439,79,7778380.7195
"5479",0,155.56761439,8,7778380.7195
"5480",0,155.56761439,80,7778380.7195
"5481",0,155.56761439,81,7778380.7195
"5482",0,155.56761439,82,7778380.7195
"5483",0,155.56761439,83,7778380.7195
"5484",0,155.56761439,84,7778380.7195
"5485",0,155.56761439,85,7778380.7195
"5486",0,155.56761439,86,7778380.7195
"5487",0,155.56761439,87,7778380.7195
"5488",0,155.56761439,88,7778380.7195
"5489",0,155.56761439,89,7778380.7195
"5490",0,155.56761439,9,7778380.7195
"5491",0,155.56761439,90,7778380.7195
"5492",0,155.56761439,91,7778380.7195
"5493",0,155.56761439,92,7778380.7195
"5494",0,155.56761439,93,7778380.7195
"5495",0,155.56761439,94,7778380.7195
"5496",0,155.56761439,95,7778380.7195
"5497",0,155.56761439,96,7778380.7195
"5498",0,155.56761439,97,7778380.7195
"5499",0,155.56761439,98,7778380.7195
"5500",0,155.56761439,99,7778380.7195
"5501",0,17.07352647,1,853676.3235
"5502",0,17.07352647,10,853676.3235
"5503",0,17.07352647,100,853676.3235
"5504",0,17.07352647,11,853676.3235
"5505",0,17.07352647,12,853676.3235
"5506",0,17.07352647,13,853676.3235
"5507",0,17.07352647,14,853676.3235
"5508",0,17.07352647,15,853676.3235
"5509",0,17.07352647,16,853676.3235
"5510",0,17.07352647,17,853676.3235
"5511",0,17.07352647,18,853676.3235
"5512",0,17.07352647,19,853676.3235
"5513",0,17.07352647,2,853676.3235
"5514",0,17.07352647,20,853676.3235
"5515",0,17.07352647,21,853676.3235
"5516",0,17.07352647,22,853676.3235
"5517",0,17.07352647,23,853676.3235
"5518",0,17.07352647,24,853676.3235
"5519",0,17.07352647,25,853676.3235
"5520",0,17.07352647,26,853676.3235
"5521",0,17.07352647,27,853676.3235
"5522",0,17.07352647,28,853676.3235
"5523",0,17.07352647,29,853676.3235
"5524",0,17.07352647,3,853676.3235
"5525",0,17.07352647,30,853676.3235
"5526",0,17.07352647,31,853676.3235
"5527",0,17.07352647,32,853676.3235
"5528",0,17.07352647,33,853676.3235
"5529",0,17.07352647,34,853676.3235
"5530",0,17.07352647,35,853676.3235
"5531",0,17.07352647,36,853676.3235
"5532",0,17.07352647,37,853676.3235
"5533",0,17.07352647,38,853676.3235
"5534",0,17.07352647,39,853676.3235
"5535",0,17.07352647,4,853676.3235
"5536",0,17.07352647,40,853676.3235
"5537",0,17.07352647,41,853676.3235
"5538",0,17.07352647,42,853676.3235
"5539",0,17.07352647,43,853676.3235
"5540",0,17.07352647,44,853676.3235
"5541",0,17.07352647,45,853676.3235
"5542",0,17.07352647,46,853676.3235
"5543",0,17.07352647,47,853676.3235
"5544",0,17.07352647,48,853676.3235
"5545",0,17.07352647,49,853676.3235
"5546",0,17.07352647,5,853676.3235
"5547",0,17.07352647,50,853676.3235
"5548",0,17.07352647,51,853676.3235
"5549",0,17.07352647,52,853676.3235
"5550",0,17.07352647,53,853676.3235
"5551",0,17.07352647,54,853676.3235
"5552",0,17.07352647,55,853676.3235
"5553",0,17.07352647,56,853676.3235
"5554",0,17.07352647,57,853676.3235
"5555",0,17.07352647,58,853676.3235
"5556",0,17.07352647,59,853676.3235
"5557",0,17.07352647,6,853676.3235
"5558",0,17.07352647,60,853676.3235
"5559",0,17.07352647,61,853676.3235
"5560",0,17.07352647,62,853676.3235
"5561",0,17.07352647,63,853676.3235
"5562",0,17.07352647,64,853676.3235
"5563",0,17.07352647,65,853676.3235
"5564",0,17.07352647,66,853676.3235
"5565",0,17.07352647,67,853676.3235
"5566",0,17.07352647,68,853676.3235
"5567",0,17.07352647,69,853676.3235
"5568",0,17.07352647,7,853676.3235
"5569",0,17.07352647,70,853676.3235
"5570",0,17.07352647,71,853676.3235
"5571",0,17.07352647,72,853676.3235
"5572",0,17.07352647,73,853676.3235
"5573",0,17.07352647,74,853676.3235
"5574",0,17.07352647,75,853676.3235
"5575",0,17.07352647,76,853676.3235
"5576",0,17.07352647,77,853676.3235
"5577",0,17.07352647,78,853676.3235
"5578",0,17.07352647,79,853676.3235
"5579",0,17.07352647,8,853676.3235
"5580",0,17.07352647,80,853676.3235
"5581",0,17.07352647,81,853676.3235
"5582",0,17.07352647,82,853676.3235
"5583",0,17.07352647,83,853676.3235
"5584",0,17.07352647,84,853676.3235
"5585",0,17.07352647,85,853676.3235
"5586",0,17.07352647,86,853676.3235
"5587",0,17.07352647,87,853676.3235
"5588",0,17.07352647,88,853676.3235
"5589",0,17.07352647,89,853676.3235
"5590",0,17.07352647,9,853676.3235
"5591",0,17.07352647,90,853676.3235
"5592",0,17.07352647,91,853676.3235
"5593",0,17.07352647,92,853676.3235
"5594",0,17.07352647,93,853676.3235
"5595",0,17.07352647,94,853676.3235
"5596",0,17.07352647,95,853676.3235
"5597",0,17.07352647,96,853676.3235
"5598",0,17.07352647,97,853676.3235
"5599",0,17.07352647,98,853676.3235
"5600",0,17.07352647,99,853676.3235
"5601",0,174.75284,1,8737642
"5602",0,174.75284,10,8737642
"5603",0,174.75284,100,8737642
"5604",0,174.75284,11,8737642
"5605",0,174.75284,12,8737642
"5606",0,174.75284,13,8737642
"5607",0,174.75284,14,8737642
"5608",0,174.75284,15,8737642
"5609",0,174.75284,16,8737642
"5610",0,174.75284,17,8737642
"5611",0,174.75284,18,8737642
"5612",0,174.75284,19,8737642
"5613",0,174.75284,2,8737642
"5614",0,174.75284,20,8737642
"5615",0,174.75284,21,8737642
"5616",0,174.75284,22,8737642
"5617",0,174.75284,23,8737642
"5618",0,174.75284,24,8737642
"5619",0,174.75284,25,8737642
"5620",0,174.75284,26,8737642
"5621",0,174.75284,27,8737642
"5622",0,174.75284,28,8737642
"5623",0,174.75284,29,8737642
"5624",0,174.75284,3,8737642
"5625",0,174.75284,30,8737642
"5626",0,174.75284,31,8737642
"5627",0,174.75284,32,8737642
"5628",0,174.75284,33,8737642
"5629",0,174.75284,34,8737642
"5630",0,174.75284,35,8737642
"5631",0,174.75284,36,8737642
"5632",0,174.75284,37,8737642
"5633",0,174.75284,38,8737642
"5634",0,174.75284,39,8737642
"5635",0,174.75284,4,8737642
"5636",0,174.75284,40,8737642
"5637",0,174.75284,41,8737642
"5638",0,174.75284,42,8737642
"5639",0,174.75284,43,8737642
"5640",0,174.75284,44,8737642
"5641",0,174.75284,45,8737642
"5642",0,174.75284,46,8737642
"5643",0,174.75284,47,8737642
"5644",0,174.75284,48,8737642
"5645",0,174.75284,49,8737642
"5646",0,174.75284,5,8737642
"5647",0,174.75284,50,8737642
"5648",0,174.75284,51,8737642
"5649",0,174.75284,52,8737642
"5650",0,174.75284,53,8737642
"5651",0,174.75284,54,8737642
"5652",0,174.75284,55,8737642
"5653",0,174.75284,56,8737642
"5654",0,174.75284,57,8737642
"5655",0,174.75284,58,8737642
"5656",0,174.75284,59,8737642
"5657",0,174.75284,6,8737642
"5658",0,174.75284,60,8737642
"5659",0,174.75284,61,8737642
"5660",0,174.75284,62,8737642
"5661",0,174.75284,63,8737642
"5662",0,174.75284,64,8737642
"5663",0,174.75284,65,8737642
"5664",0,174.75284,66,8737642
"5665",0,174.75284,67,8737642
"5666",0,174.75284,68,8737642
"5667",0,174.75284,69,8737642
"5668",0,174.75284,7,8737642
"5669",0,174.75284,70,8737642
"5670",0,174.75284,71,8737642
"5671",0,174.75284,72,8737642
"5672",0,174.75284,73,8737642
"5673",0,174.75284,74,8737642
"5674",0,174.75284,75,8737642
"5675",0,174.75284,76,8737642
"5676",0,174.75284,77,8737642
"5677",0,174.75284,78,8737642
"5678",0,174.75284,79,8737642
"5679",0,174.75284,8,8737642
"5680",0,174.75284,80,8737642
"5681",0,174.75284,81,8737642
"5682",0,174.75284,82,8737642
"5683",0,174.75284,83,8737642
"5684",0,174.75284,84,8737642
"5685",0,174.75284,85,8737642
"5686",0,174.75284,86,8737642
"5687",0,174.75284,87,8737642
"5688",0,174.75284,88,8737642
"5689",0,174.75284,89,8737642
"5690",0,174.75284,9,8737642
"5691",0,174.75284,90,8737642
"5692",0,174.75284,91,8737642
"5693",0,174.75284,92,8737642
"5694",0,174.75284,93,8737642
"5695",0,174.75284,94,8737642
"5696",0,174.75284,95,8737642
"5697",0,174.75284,96,8737642
"5698",0,174.75284,97,8737642
"5699",0,174.75284,98,8737642
"5700",0,174.75284,99,8737642
"5701",0,19.17910262,1,958955.131
"5702",0,19.17910262,10,958955.131
"5703",0,19.17910262,100,958955.131
"5704",0,19.17910262,11,958955.131
"5705",0,19.17910262,12,958955.131
"5706",0,19.17910262,13,958955.131
"5707",0,19.17910262,14,958955.131
"5708",0,19.17910262,15,958955.131
"5709",0,19.17910262,16,958955.131
"5710",0,19.17910262,17,958955.131
"5711",0,19.17910262,18,958955.131
"5712",0,19.17910262,19,958955.131
"5713",0,19.17910262,2,958955.131
"5714",0,19.17910262,20,958955.131
"5715",0,19.17910262,21,958955.131
"5716",0,19.17910262,22,958955.131
"5717",0,19.17910262,23,958955.131
"5718",0,19.17910262,24,958955.131
"5719",0,19.17910262,25,958955.131
"5720",0,19.17910262,26,958955.131
"5721",0,19.17910262,27,958955.131
"5722",0,19.17910262,28,958955.131
"5723",0,19.17910262,29,958955.131
"5724",0,19.17910262,3,958955.131
"5725",0,19.17910262,30,958955.131
"5726",0,19.17910262,31,958955.131
"5727",0,19.17910262,32,958955.131
"5728",0,19.17910262,33,958955.131
"5729",0,19.17910262,34,958955.131
"5730",0,19.17910262,35,958955.131
"5731",0,19.17910262,36,958955.131
"5732",0,19.17910262,37,958955.131
"5733",0,19.17910262,38,958955.131
"5734",0,19.17910262,39,958955.131
"5735",0,19.17910262,4,958955.131
"5736",0,19.17910262,40,958955.131
"5737",0,19.17910262,41,958955.131
"5738",0,19.17910262,42,958955.131
"5739",0,19.17910262,43,958955.131
"5740",0,19.17910262,44,958955.131
"5741",0,19.17910262,45,958955.131
"5742",0,19.17910262,46,958955.131
"5743",0,19.17910262,47,958955.131
"5744",0,19.17910262,48,958955.131
"5745",0,19.17910262,49,958955.131
"5746",0,19.17910262,5,958955.131
"5747",0,19.17910262,50,958955.131
"5748",0,19.17910262,51,958955.131
"5749",0,19.17910262,52,958955.131
"5750",0,19.17910262,53,958955.131
"5751",0,19.17910262,54,958955.131
"5752",0,19.17910262,55,958955.131
"5753",0,19.17910262,56,958955.131
"5754",0,19.17910262,57,958955.131
"5755",0,19.17910262,58,958955.131
"5756",0,19.17910262,59,958955.131
"5757",0,19.17910262,6,958955.131
"5758",0,19.17910262,60,958955.131
"5759",0,19.17910262,61,958955.131
"5760",0,19.17910262,62,958955.131
"5761",0,19.17910262,63,958955.131
"5762",0,19.17910262,64,958955.131
"5763",0,19.17910262,65,958955.131
"5764",0,19.17910262,66,958955.131
"5765",0,19.17910262,67,958955.131
"5766",0,19.17910262,68,958955.131
"5767",0,19.17910262,69,958955.131
"5768",0,19.17910262,7,958955.131
"5769",0,19.17910262,70,958955.131
"5770",0,19.17910262,71,958955.131
"5771",0,19.17910262,72,958955.131
"5772",0,19.17910262,73,958955.131
"5773",0,19.17910262,74,958955.131
"5774",0,19.17910262,75,958955.131
"5775",0,19.17910262,76,958955.131
"5776",0,19.17910262,77,958955.131
"5777",0,19.17910262,78,958955.131
"5778",0,19.17910262,79,958955.131
"5779",0,19.17910262,8,958955.131
"5780",0,19.17910262,80,958955.131
"5781",0,19.17910262,81,958955.131
"5782",0,19.17910262,82,958955.131
"5783",0,19.17910262,83,958955.131
"5784",0,19.17910262,84,958955.131
"5785",0,19.17910262,85,958955.131
"5786",0,19.17910262,86,958955.131
"5787",0,19.17910262,87,958955.131
"5788",0,19.17910262,88,958955.131
"5789",0,19.17910262,89,958955.131
"5790",0,19.17910262,9,958955.131
"5791",0,19.17910262,90,958955.131
"5792",0,19.17910262,91,958955.131
"5793",0,19.17910262,92,958955.131
"5794",0,19.17910262,93,958955.131
"5795",0,19.17910262,94,958955.131
"5796",0,19.17910262,95,958955.131
"5797",0,19.17910262,96,958955.131
"5798",0,19.17910262,97,958955.131
"5799",0,19.17910262,98,958955.131
"5800",0,19.17910262,99,958955.131
"5801",0,196.304065,1,9815203.25
"5802",0,196.304065,10,9815203.25
"5803",0,196.304065,100,9815203.25
"5804",0,196.304065,11,9815203.25
"5805",0,196.304065,12,9815203.25
"5806",0,196.304065,13,9815203.25
"5807",0,196.304065,14,9815203.25
"5808",0,196.304065,15,9815203.25
"5809",0,196.304065,16,9815203.25
"5810",0,196.304065,17,9815203.25
"5811",0,196.304065,18,9815203.25
"5812",0,196.304065,19,9815203.25
"5813",0,196.304065,2,9815203.25
"5814",0,196.304065,20,9815203.25
"5815",0,196.304065,21,9815203.25
"5816",0,196.304065,22,9815203.25
"5817",0,196.304065,23,9815203.25
"5818",0,196.304065,24,9815203.25
"5819",0,196.304065,25,9815203.25
"5820",0,196.304065,26,9815203.25
"5821",0,196.304065,27,9815203.25
"5822",0,196.304065,28,9815203.25
"5823",0,196.304065,29,9815203.25
"5824",0,196.304065,3,9815203.25
"5825",0,196.304065,30,9815203.25
"5826",0,196.304065,31,9815203.25
"5827",0,196.304065,32,9815203.25
"5828",0,196.304065,33,9815203.25
"5829",0,196.304065,34,9815203.25
"5830",0,196.304065,35,9815203.25
"5831",0,196.304065,36,9815203.25
"5832",0,196.304065,37,9815203.25
"5833",0,196.304065,38,9815203.25
"5834",0,196.304065,39,9815203.25
"5835",0,196.304065,4,9815203.25
"5836",0,196.304065,40,9815203.25
"5837",0,196.304065,41,9815203.25
"5838",0,196.304065,42,9815203.25
"5839",0,196.304065,43,9815203.25
"5840",0,196.304065,44,9815203.25
"5841",0,196.304065,45,9815203.25
"5842",0,196.304065,46,9815203.25
"5843",0,196.304065,47,9815203.25
"5844",0,196.304065,48,9815203.25
"5845",0,196.304065,49,9815203.25
"5846",0,196.304065,5,9815203.25
"5847",0,196.304065,50,9815203.25
"5848",0,196.304065,51,9815203.25
"5849",0,196.304065,52,9815203.25
"5850",0,196.304065,53,9815203.25
"5851",0,196.304065,54,9815203.25
"5852",0,196.304065,55,9815203.25
"5853",0,196.304065,56,9815203.25
"5854",0,196.304065,57,9815203.25
"5855",0,196.304065,58,9815203.25
"5856",0,196.304065,59,9815203.25
"5857",0,196.304065,6,9815203.25
"5858",0,196.304065,60,9815203.25
"5859",0,196.304065,61,9815203.25
"5860",0,196.304065,62,9815203.25
"5861",0,196.304065,63,9815203.25
"5862",0,196.304065,64,9815203.25
"5863",0,196.304065,65,9815203.25
"5864",0,196.304065,66,9815203.25
"5865",0,196.304065,67,9815203.25
"5866",0,196.304065,68,9815203.25
"5867",0,196.304065,69,9815203.25
"5868",0,196.304065,7,9815203.25
"5869",0,196.304065,70,9815203.25
"5870",0,196.304065,71,9815203.25
"5871",0,196.304065,72,9815203.25
"5872",0,196.304065,73,9815203.25
"5873",0,196.304065,74,9815203.25
"5874",0,196.304065,75,9815203.25
"5875",0,196.304065,76,9815203.25
"5876",0,196.304065,77,9815203.25
"5877",0,196.304065,78,9815203.25
"5878",0,196.304065,79,9815203.25
"5879",0,196.304065,8,9815203.25
"5880",0,196.304065,80,9815203.25
"5881",0,196.304065,81,9815203.25
"5882",0,196.304065,82,9815203.25
"5883",0,196.304065,83,9815203.25
"5884",0,196.304065,84,9815203.25
"5885",0,196.304065,85,9815203.25
"5886",0,196.304065,86,9815203.25
"5887",0,196.304065,87,9815203.25
"5888",0,196.304065,88,9815203.25
"5889",0,196.304065,89,9815203.25
"5890",0,196.304065,9,9815203.25
"5891",0,196.304065,90,9815203.25
"5892",0,196.304065,91,9815203.25
"5893",0,196.304065,92,9815203.25
"5894",0,196.304065,93,9815203.25
"5895",0,196.304065,94,9815203.25
"5896",0,196.304065,95,9815203.25
"5897",0,196.304065,96,9815203.25
"5898",0,196.304065,97,9815203.25
"5899",0,196.304065,98,9815203.25
"5900",0,196.304065,99,9815203.25
"5901",0,2.10490414,1,105245.207
"5902",0,2.10490414,10,105245.207
"5903",0,2.10490414,100,105245.207
"5904",0,2.10490414,11,105245.207
"5905",0,2.10490414,12,105245.207
"5906",0,2.10490414,13,105245.207
"5907",0,2.10490414,14,105245.207
"5908",0,2.10490414,15,105245.207
"5909",0,2.10490414,16,105245.207
"5910",0,2.10490414,17,105245.207
"5911",0,2.10490414,18,105245.207
"5912",0,2.10490414,19,105245.207
"5913",0,2.10490414,2,105245.207
"5914",0,2.10490414,20,105245.207
"5915",0,2.10490414,21,105245.207
"5916",0,2.10490414,22,105245.207
"5917",0,2.10490414,23,105245.207
"5918",0,2.10490414,24,105245.207
"5919",0,2.10490414,25,105245.207
"5920",0,2.10490414,26,105245.207
"5921",0,2.10490414,27,105245.207
"5922",0,2.10490414,28,105245.207
"5923",0,2.10490414,29,105245.207
"5924",0,2.10490414,3,105245.207
"5925",0,2.10490414,30,105245.207
"5926",0,2.10490414,31,105245.207
"5927",0,2.10490414,32,105245.207
"5928",0,2.10490414,33,105245.207
"5929",0,2.10490414,34,105245.207
"5930",0,2.10490414,35,105245.207
"5931",0,2.10490414,36,105245.207
"5932",0,2.10490414,37,105245.207
"5933",0,2.10490414,38,105245.207
"5934",0,2.10490414,39,105245.207
"5935",0,2.10490414,4,105245.207
"5936",0,2.10490414,40,105245.207
"5937",0,2.10490414,41,105245.207
"5938",0,2.10490414,42,105245.207
"5939",0,2.10490414,43,105245.207
"5940",0,2.10490414,44,105245.207
"5941",0,2.10490414,45,105245.207
"5942",0,2.10490414,46,105245.207
"5943",0,2.10490414,47,105245.207
"5944",0,2.10490414,48,105245.207
"5945",0,2.10490414,49,105245.207
"5946",0,2.10490414,5,105245.207
"5947",0,2.10490414,50,105245.207
"5948",0,2.10490414,51,105245.207
"5949",0,2.10490414,52,105245.207
"5950",0,2.10490414,53,105245.207
"5951",0,2.10490414,54,105245.207
"5952",0,2.10490414,55,105245.207
"5953",0,2.10490414,56,105245.207
"5954",0,2.10490414,57,105245.207
"5955",0,2.10490414,58,105245.207
"5956",0,2.10490414,59,105245.207
"5957",0,2.10490414,6,105245.207
"5958",0,2.10490414,60,105245.207
"5959",0,2.10490414,61,105245.207
"5960",0,2.10490414,62,105245.207
"5961",0,2.10490414,63,105245.207
"5962",0,2.10490414,64,105245.207
"5963",0,2.10490414,65,105245.207
"5964",0,2.10490414,66,105245.207
"5965",0,2.10490414,67,105245.207
"5966",0,2.10490414,68,105245.207
"5967",0,2.10490414,69,105245.207
"5968",0,2.10490414,7,105245.207
"5969",0,2.10490414,70,105245.207
"5970",0,2.10490414,71,105245.207
"5971",0,2.10490414,72,105245.207
"5972",0,2.10490414,73,105245.207
"5973",0,2.10490414,74,105245.207
"5974",0,2.10490414,75,105245.207
"5975",0,2.10490414,76,105245.207
"5976",0,2.10490414,77,105245.207
"5977",0,2.10490414,78,105245.207
"5978",0,2.10490414,79,105245.207
"5979",0,2.10490414,8,105245.207
"5980",0,2.10490414,80,105245.207
"5981",0,2.10490414,81,105245.207
"5982",0,2.10490414,82,105245.207
"5983",0,2.10490414,83,105245.207
"5984",0,2.10490414,84,105245.207
"5985",0,2.10490414,85,105245.207
"5986",0,2.10490414,86,105245.207
"5987",0,2.10490414,87,105245.207
"5988",0,2.10490414,88,105245.207
"5989",0,2.10490414,89,105245.207
"5990",0,2.10490414,9,105245.207
"5991",0,2.10490414,90,105245.207
"5992",0,2.10490414,91,105245.207
"5993",0,2.10490414,92,105245.207
"5994",0,2.10490414,93,105245.207
"5995",0,2.10490414,94,105245.207
"5996",0,2.10490414,95,105245.207
"5997",0,2.10490414,96,105245.207
"5998",0,2.10490414,97,105245.207
"5999",0,2.10490414,98,105245.207
"6000",0,2.10490414,99,105245.207
"6001",0,2.36448941,1,118224.4705
"6002",0,2.36448941,10,118224.4705
"6003",0,2.36448941,100,118224.4705
"6004",0,2.36448941,11,118224.4705
"6005",0,2.36448941,12,118224.4705
"6006",0,2.36448941,13,118224.4705
"6007",0,2.36448941,14,118224.4705
"6008",0,2.36448941,15,118224.4705
"6009",0,2.36448941,16,118224.4705
"6010",0,2.36448941,17,118224.4705
"6011",0,2.36448941,18,118224.4705
"6012",0,2.36448941,19,118224.4705
"6013",0,2.36448941,2,118224.4705
"6014",0,2.36448941,20,118224.4705
"6015",0,2.36448941,21,118224.4705
"6016",0,2.36448941,22,118224.4705
"6017",0,2.36448941,23,118224.4705
"6018",0,2.36448941,24,118224.4705
"6019",0,2.36448941,25,118224.4705
"6020",0,2.36448941,26,118224.4705
"6021",0,2.36448941,27,118224.4705
"6022",0,2.36448941,28,118224.4705
"6023",0,2.36448941,29,118224.4705
"6024",0,2.36448941,3,118224.4705
"6025",0,2.36448941,30,118224.4705
"6026",0,2.36448941,31,118224.4705
"6027",0,2.36448941,32,118224.4705
"6028",0,2.36448941,33,118224.4705
"6029",0,2.36448941,34,118224.4705
"6030",0,2.36448941,35,118224.4705
"6031",0,2.36448941,36,118224.4705
"6032",0,2.36448941,37,118224.4705
"6033",0,2.36448941,38,118224.4705
"6034",0,2.36448941,39,118224.4705
"6035",0,2.36448941,4,118224.4705
"6036",0,2.36448941,40,118224.4705
"6037",0,2.36448941,41,118224.4705
"6038",0,2.36448941,42,118224.4705
"6039",0,2.36448941,43,118224.4705
"6040",0,2.36448941,44,118224.4705
"6041",0,2.36448941,45,118224.4705
"6042",0,2.36448941,46,118224.4705
"6043",0,2.36448941,47,118224.4705
"6044",0,2.36448941,48,118224.4705
"6045",0,2.36448941,49,118224.4705
"6046",0,2.36448941,5,118224.4705
"6047",0,2.36448941,50,118224.4705
"6048",0,2.36448941,51,118224.4705
"6049",0,2.36448941,52,118224.4705
"6050",0,2.36448941,53,118224.4705
"6051",0,2.36448941,54,118224.4705
"6052",0,2.36448941,55,118224.4705
"6053",0,2.36448941,56,118224.4705
"6054",0,2.36448941,57,118224.4705
"6055",0,2.36448941,58,118224.4705
"6056",0,2.36448941,59,118224.4705
"6057",0,2.36448941,6,118224.4705
"6058",0,2.36448941,60,118224.4705
"6059",0,2.36448941,61,118224.4705
"6060",0,2.36448941,62,118224.4705
"6061",0,2.36448941,63,118224.4705
"6062",0,2.36448941,64,118224.4705
"6063",0,2.36448941,65,118224.4705
"6064",0,2.36448941,66,118224.4705
"6065",0,2.36448941,67,118224.4705
"6066",0,2.36448941,68,118224.4705
"6067",0,2.36448941,69,118224.4705
"6068",0,2.36448941,7,118224.4705
"6069",0,2.36448941,70,118224.4705
"6070",0,2.36448941,71,118224.4705
"6071",0,2.36448941,72,118224.4705
"6072",0,2.36448941,73,118224.4705
"6073",0,2.36448941,74,118224.4705
"6074",0,2.36448941,75,118224.4705
"6075",0,2.36448941,76,118224.4705
"6076",0,2.36448941,77,118224.4705
"6077",0,2.36448941,78,118224.4705
"6078",0,2.36448941,79,118224.4705
"6079",0,2.36448941,8,118224.4705
"6080",0,2.36448941,80,118224.4705
"6081",0,2.36448941,81,118224.4705
"6082",0,2.36448941,82,118224.4705
"6083",0,2.36448941,83,118224.4705
"6084",0,2.36448941,84,118224.4705
"6085",0,2.36448941,85,118224.4705
"6086",0,2.36448941,86,118224.4705
"6087",0,2.36448941,87,118224.4705
"6088",0,2.36448941,88,118224.4705
"6089",0,2.36448941,89,118224.4705
"6090",0,2.36448941,9,118224.4705
"6091",0,2.36448941,90,118224.4705
"6092",0,2.36448941,91,118224.4705
"6093",0,2.36448941,92,118224.4705
"6094",0,2.36448941,93,118224.4705
"6095",0,2.36448941,94,118224.4705
"6096",0,2.36448941,95,118224.4705
"6097",0,2.36448941,96,118224.4705
"6098",0,2.36448941,97,118224.4705
"6099",0,2.36448941,98,118224.4705
"6100",0,2.36448941,99,118224.4705
"6101",0,2.65608778,1,132804.389
"6102",0,2.65608778,10,132804.389
"6103",0,2.65608778,100,132804.389
"6104",0,2.65608778,11,132804.389
"6105",0,2.65608778,12,132804.389
"6106",0,2.65608778,13,132804.389
"6107",0,2.65608778,14,132804.389
"6108",0,2.65608778,15,132804.389
"6109",0,2.65608778,16,132804.389
"6110",0,2.65608778,17,132804.389
"6111",0,2.65608778,18,132804.389
"6112",0,2.65608778,19,132804.389
"6113",0,2.65608778,2,132804.389
"6114",0,2.65608778,20,132804.389
"6115",0,2.65608778,21,132804.389
"6116",0,2.65608778,22,132804.389
"6117",0,2.65608778,23,132804.389
"6118",0,2.65608778,24,132804.389
"6119",0,2.65608778,25,132804.389
"6120",0,2.65608778,26,132804.389
"6121",0,2.65608778,27,132804.389
"6122",0,2.65608778,28,132804.389
"6123",0,2.65608778,29,132804.389
"6124",0,2.65608778,3,132804.389
"6125",0,2.65608778,30,132804.389
"6126",0,2.65608778,31,132804.389
"6127",0,2.65608778,32,132804.389
"6128",0,2.65608778,33,132804.389
"6129",0,2.65608778,34,132804.389
"6130",0,2.65608778,35,132804.389
"6131",0,2.65608778,36,132804.389
"6132",0,2.65608778,37,132804.389
"6133",0,2.65608778,38,132804.389
"6134",0,2.65608778,39,132804.389
"6135",0,2.65608778,4,132804.389
"6136",0,2.65608778,40,132804.389
"6137",0,2.65608778,41,132804.389
"6138",0,2.65608778,42,132804.389
"6139",0,2.65608778,43,132804.389
"6140",0,2.65608778,44,132804.389
"6141",0,2.65608778,45,132804.389
"6142",0,2.65608778,46,132804.389
"6143",0,2.65608778,47,132804.389
"6144",0,2.65608778,48,132804.389
"6145",0,2.65608778,49,132804.389
"6146",0,2.65608778,5,132804.389
"6147",0,2.65608778,50,132804.389
"6148",0,2.65608778,51,132804.389
"6149",0,2.65608778,52,132804.389
"6150",0,2.65608778,53,132804.389
"6151",0,2.65608778,54,132804.389
"6152",0,2.65608778,55,132804.389
"6153",0,2.65608778,56,132804.389
"6154",0,2.65608778,57,132804.389
"6155",0,2.65608778,58,132804.389
"6156",0,2.65608778,59,132804.389
"6157",0,2.65608778,6,132804.389
"6158",0,2.65608778,60,132804.389
"6159",0,2.65608778,61,132804.389
"6160",0,2.65608778,62,132804.389
"6161",0,2.65608778,63,132804.389
"6162",0,2.65608778,64,132804.389
"6163",0,2.65608778,65,132804.389
"6164",0,2.65608778,66,132804.389
"6165",0,2.65608778,67,132804.389
"6166",0,2.65608778,68,132804.389
"6167",0,2.65608778,69,132804.389
"6168",0,2.65608778,7,132804.389
"6169",0,2.65608778,70,132804.389
"6170",0,2.65608778,71,132804.389
"6171",0,2.65608778,72,132804.389
"6172",0,2.65608778,73,132804.389
"6173",0,2.65608778,74,132804.389
"6174",0,2.65608778,75,132804.389
"6175",0,2.65608778,76,132804.389
"6176",0,2.65608778,77,132804.389
"6177",0,2.65608778,78,132804.389
"6178",0,2.65608778,79,132804.389
"6179",0,2.65608778,8,132804.389
"6180",0,2.65608778,80,132804.389
"6181",0,2.65608778,81,132804.389
"6182",0,2.65608778,82,132804.389
"6183",0,2.65608778,83,132804.389
"6184",0,2.65608778,84,132804.389
"6185",0,2.65608778,85,132804.389
"6186",0,2.65608778,86,132804.389
"6187",0,2.65608778,87,132804.389
"6188",0,2.65608778,88,132804.389
"6189",0,2.65608778,89,132804.389
"6190",0,2.65608778,9,132804.389
"6191",0,2.65608778,90,132804.389
"6192",0,2.65608778,91,132804.389
"6193",0,2.65608778,92,132804.389
"6194",0,2.65608778,93,132804.389
"6195",0,2.65608778,94,132804.389
"6196",0,2.65608778,95,132804.389
"6197",0,2.65608778,96,132804.389
"6198",0,2.65608778,97,132804.389
"6199",0,2.65608778,98,132804.389
"6200",0,2.65608778,99,132804.389
"6201",0,2.98364724,1,149182.362
"6202",0,2.98364724,10,149182.362
"6203",0,2.98364724,100,149182.362
"6204",0,2.98364724,11,149182.362
"6205",0,2.98364724,12,149182.362
"6206",0,2.98364724,13,149182.362
"6207",0,2.98364724,14,149182.362
"6208",0,2.98364724,15,149182.362
"6209",0,2.98364724,16,149182.362
"6210",0,2.98364724,17,149182.362
"6211",0,2.98364724,18,149182.362
"6212",0,2.98364724,19,149182.362
"6213",0,2.98364724,2,149182.362
"6214",0,2.98364724,20,149182.362
"6215",0,2.98364724,21,149182.362
"6216",0,2.98364724,22,149182.362
"6217",0,2.98364724,23,149182.362
"6218",0,2.98364724,24,149182.362
"6219",0,2.98364724,25,149182.362
"6220",0,2.98364724,26,149182.362
"6221",0,2.98364724,27,149182.362
"6222",0,2.98364724,28,149182.362
"6223",0,2.98364724,29,149182.362
"6224",0,2.98364724,3,149182.362
"6225",0,2.98364724,30,149182.362
"6226",0,2.98364724,31,149182.362
"6227",0,2.98364724,32,149182.362
"6228",0,2.98364724,33,149182.362
"6229",0,2.98364724,34,149182.362
"6230",0,2.98364724,35,149182.362
"6231",0,2.98364724,36,149182.362
"6232",0,2.98364724,37,149182.362
"6233",0,2.98364724,38,149182.362
"6234",0,2.98364724,39,149182.362
"6235",0,2.98364724,4,149182.362
"6236",0,2.98364724,40,149182.362
"6237",0,2.98364724,41,149182.362
"6238",0,2.98364724,42,149182.362
"6239",0,2.98364724,43,149182.362
"6240",0,2.98364724,44,149182.362
"6241",0,2.98364724,45,149182.362
"6242",0,2.98364724,46,149182.362
"6243",0,2.98364724,47,149182.362
"6244",0,2.98364724,48,149182.362
"6245",0,2.98364724,49,149182.362
"6246",0,2.98364724,5,149182.362
"6247",0,2.98364724,50,149182.362
"6248",0,2.98364724,51,149182.362
"6249",0,2.98364724,52,149182.362
"6250",0,2.98364724,53,149182.362
"6251",0,2.98364724,54,149182.362
"6252",0,2.98364724,55,149182.362
"6253",0,2.98364724,56,149182.362
"6254",0,2.98364724,57,149182.362
"6255",0,2.98364724,58,149182.362
"6256",0,2.98364724,59,149182.362
"6257",0,2.98364724,6,149182.362
"6258",0,2.98364724,60,149182.362
"6259",0,2.98364724,61,149182.362
"6260",0,2.98364724,62,149182.362
"6261",0,2.98364724,63,149182.362
"6262",0,2.98364724,64,149182.362
"6263",0,2.98364724,65,149182.362
"6264",0,2.98364724,66,149182.362
"6265",0,2.98364724,67,149182.362
"6266",0,2.98364724,68,149182.362
"6267",0,2.98364724,69,149182.362
"6268",0,2.98364724,7,149182.362
"6269",0,2.98364724,70,149182.362
"6270",0,2.98364724,71,149182.362
"6271",0,2.98364724,72,149182.362
"6272",0,2.98364724,73,149182.362
"6273",0,2.98364724,74,149182.362
"6274",0,2.98364724,75,149182.362
"6275",0,2.98364724,76,149182.362
"6276",0,2.98364724,77,149182.362
"6277",0,2.98364724,78,149182.362
"6278",0,2.98364724,79,149182.362
"6279",0,2.98364724,8,149182.362
"6280",0,2.98364724,80,149182.362
"6281",0,2.98364724,81,149182.362
"6282",0,2.98364724,82,149182.362
"6283",0,2.98364724,83,149182.362
"6284",0,2.98364724,84,149182.362
"6285",0,2.98364724,85,149182.362
"6286",0,2.98364724,86,149182.362
"6287",0,2.98364724,87,149182.362
"6288",0,2.98364724,88,149182.362
"6289",0,2.98364724,89,149182.362
"6290",0,2.98364724,9,149182.362
"6291",0,2.98364724,90,149182.362
"6292",0,2.98364724,91,149182.362
"6293",0,2.98364724,92,149182.362
"6294",0,2.98364724,93,149182.362
"6295",0,2.98364724,94,149182.362
"6296",0,2.98364724,95,149182.362
"6297",0,2.98364724,96,149182.362
"6298",0,2.98364724,97,149182.362
"6299",0,2.98364724,98,149182.362
"6300",0,2.98364724,99,149182.362
"6301",0,21.5443469,1,1077217.345
"6302",0,21.5443469,10,1077217.345
"6303",0,21.5443469,100,1077217.345
"6304",0,21.5443469,11,1077217.345
"6305",0,21.5443469,12,1077217.345
"6306",0,21.5443469,13,1077217.345
"6307",0,21.5443469,14,1077217.345
"6308",0,21.5443469,15,1077217.345
"6309",0,21.5443469,16,1077217.345
"6310",0,21.5443469,17,1077217.345
"6311",0,21.5443469,18,1077217.345
"6312",0,21.5443469,19,1077217.345
"6313",0,21.5443469,2,1077217.345
"6314",0,21.5443469,20,1077217.345
"6315",0,21.5443469,21,1077217.345
"6316",0,21.5443469,22,1077217.345
"6317",0,21.5443469,23,1077217.345
"6318",0,21.5443469,24,1077217.345
"6319",0,21.5443469,25,1077217.345
"6320",0,21.5443469,26,1077217.345
"6321",0,21.5443469,27,1077217.345
"6322",0,21.5443469,28,1077217.345
"6323",0,21.5443469,29,1077217.345
"6324",0,21.5443469,3,1077217.345
"6325",0,21.5443469,30,1077217.345
"6326",0,21.5443469,31,1077217.345
"6327",0,21.5443469,32,1077217.345
"6328",0,21.5443469,33,1077217.345
"6329",0,21.5443469,34,1077217.345
"6330",0,21.5443469,35,1077217.345
"6331",0,21.5443469,36,1077217.345
"6332",0,21.5443469,37,1077217.345
"6333",0,21.5443469,38,1077217.345
"6334",0,21.5443469,39,1077217.345
"6335",0,21.5443469,4,1077217.345
"6336",0,21.5443469,40,1077217.345
"6337",0,21.5443469,41,1077217.345
"6338",0,21.5443469,42,1077217.345
"6339",0,21.5443469,43,1077217.345
"6340",0,21.5443469,44,1077217.345
"6341",0,21.5443469,45,1077217.345
"6342",0,21.5443469,46,1077217.345
"6343",0,21.5443469,47,1077217.345
"6344",0,21.5443469,48,1077217.345
"6345",0,21.5443469,49,1077217.345
"6346",0,21.5443469,5,1077217.345
"6347",0,21.5443469,50,1077217.345
"6348",0,21.5443469,51,1077217.345
"6349",0,21.5443469,52,1077217.345
"6350",0,21.5443469,53,1077217.345
"6351",0,21.5443469,54,1077217.345
"6352",0,21.5443469,55,1077217.345
"6353",0,21.5443469,56,1077217.345
"6354",0,21.5443469,57,1077217.345
"6355",0,21.5443469,58,1077217.345
"6356",0,21.5443469,59,1077217.345
"6357",0,21.5443469,6,1077217.345
"6358",0,21.5443469,60,1077217.345
"6359",0,21.5443469,61,1077217.345
"6360",0,21.5443469,62,1077217.345
"6361",0,21.5443469,63,1077217.345
"6362",0,21.5443469,64,1077217.345
"6363",0,21.5443469,65,1077217.345
"6364",0,21.5443469,66,1077217.345
"6365",0,21.5443469,67,1077217.345
"6366",0,21.5443469,68,1077217.345
"6367",0,21.5443469,69,1077217.345
"6368",0,21.5443469,7,1077217.345
"6369",0,21.5443469,70,1077217.345
"6370",0,21.5443469,71,1077217.345
"6371",0,21.5443469,72,1077217.345
"6372",0,21.5443469,73,1077217.345
"6373",0,21.5443469,74,1077217.345
"6374",0,21.5443469,75,1077217.345
"6375",0,21.5443469,76,1077217.345
"6376",0,21.5443469,77,1077217.345
"6377",0,21.5443469,78,1077217.345
"6378",0,21.5443469,79,1077217.345
"6379",0,21.5443469,8,1077217.345
"6380",0,21.5443469,80,1077217.345
"6381",0,21.5443469,81,1077217.345
"6382",0,21.5443469,82,1077217.345
"6383",0,21.5443469,83,1077217.345
"6384",0,21.5443469,84,1077217.345
"6385",0,21.5443469,85,1077217.345
"6386",0,21.5443469,86,1077217.345
"6387",0,21.5443469,87,1077217.345
"6388",0,21.5443469,88,1077217.345
"6389",0,21.5443469,89,1077217.345
"6390",0,21.5443469,9,1077217.345
"6391",0,21.5443469,90,1077217.345
"6392",0,21.5443469,91,1077217.345
"6393",0,21.5443469,92,1077217.345
"6394",0,21.5443469,93,1077217.345
"6395",0,21.5443469,94,1077217.345
"6396",0,21.5443469,95,1077217.345
"6397",0,21.5443469,96,1077217.345
"6398",0,21.5443469,97,1077217.345
"6399",0,21.5443469,98,1077217.345
"6400",0,21.5443469,99,1077217.345
"6401",0,220.51307399,1,11025653.6995
"6402",0,220.51307399,10,11025653.6995
"6403",0,220.51307399,100,11025653.6995
"6404",0,220.51307399,11,11025653.6995
"6405",0,220.51307399,12,11025653.6995
"6406",0,220.51307399,13,11025653.6995
"6407",0,220.51307399,14,11025653.6995
"6408",0,220.51307399,15,11025653.6995
"6409",0,220.51307399,16,11025653.6995
"6410",0,220.51307399,17,11025653.6995
"6411",0,220.51307399,18,11025653.6995
"6412",0,220.51307399,19,11025653.6995
"6413",0,220.51307399,2,11025653.6995
"6414",0,220.51307399,20,11025653.6995
"6415",0,220.51307399,21,11025653.6995
"6416",0,220.51307399,22,11025653.6995
"6417",0,220.51307399,23,11025653.6995
"6418",0,220.51307399,24,11025653.6995
"6419",0,220.51307399,25,11025653.6995
"6420",0,220.51307399,26,11025653.6995
"6421",0,220.51307399,27,11025653.6995
"6422",0,220.51307399,28,11025653.6995
"6423",0,220.51307399,29,11025653.6995
"6424",0,220.51307399,3,11025653.6995
"6425",0,220.51307399,30,11025653.6995
"6426",0,220.51307399,31,11025653.6995
"6427",0,220.51307399,32,11025653.6995
"6428",0,220.51307399,33,11025653.6995
"6429",0,220.51307399,34,11025653.6995
"6430",0,220.51307399,35,11025653.6995
"6431",0,220.51307399,36,11025653.6995
"6432",0,220.51307399,37,11025653.6995
"6433",0,220.51307399,38,11025653.6995
"6434",0,220.51307399,39,11025653.6995
"6435",0,220.51307399,4,11025653.6995
"6436",0,220.51307399,40,11025653.6995
"6437",0,220.51307399,41,11025653.6995
"6438",0,220.51307399,42,11025653.6995
"6439",0,220.51307399,43,11025653.6995
"6440",0,220.51307399,44,11025653.6995
"6441",0,220.51307399,45,11025653.6995
"6442",0,220.51307399,46,11025653.6995
"6443",0,220.51307399,47,11025653.6995
"6444",0,220.51307399,48,11025653.6995
"6445",0,220.51307399,49,11025653.6995
"6446",0,220.51307399,5,11025653.6995
"6447",0,220.51307399,50,11025653.6995
"6448",0,220.51307399,51,11025653.6995
"6449",0,220.51307399,52,11025653.6995
"6450",0,220.51307399,53,11025653.6995
"6451",0,220.51307399,54,11025653.6995
"6452",0,220.51307399,55,11025653.6995
"6453",0,220.51307399,56,11025653.6995
"6454",0,220.51307399,57,11025653.6995
"6455",0,220.51307399,58,11025653.6995
"6456",0,220.51307399,59,11025653.6995
"6457",0,220.51307399,6,11025653.6995
"6458",0,220.51307399,60,11025653.6995
"6459",0,220.51307399,61,11025653.6995
"6460",0,220.51307399,62,11025653.6995
"6461",0,220.51307399,63,11025653.6995
"6462",0,220.51307399,64,11025653.6995
"6463",0,220.51307399,65,11025653.6995
"6464",0,220.51307399,66,11025653.6995
"6465",0,220.51307399,67,11025653.6995
"6466",0,220.51307399,68,11025653.6995
"6467",0,220.51307399,69,11025653.6995
"6468",0,220.51307399,7,11025653.6995
"6469",0,220.51307399,70,11025653.6995
"6470",0,220.51307399,71,11025653.6995
"6471",0,220.51307399,72,11025653.6995
"6472",0,220.51307399,73,11025653.6995
"6473",0,220.51307399,74,11025653.6995
"6474",0,220.51307399,75,11025653.6995
"6475",0,220.51307399,76,11025653.6995
"6476",0,220.51307399,77,11025653.6995
"6477",0,220.51307399,78,11025653.6995
"6478",0,220.51307399,79,11025653.6995
"6479",0,220.51307399,8,11025653.6995
"6480",0,220.51307399,80,11025653.6995
"6481",0,220.51307399,81,11025653.6995
"6482",0,220.51307399,82,11025653.6995
"6483",0,220.51307399,83,11025653.6995
"6484",0,220.51307399,84,11025653.6995
"6485",0,220.51307399,85,11025653.6995
"6486",0,220.51307399,86,11025653.6995
"6487",0,220.51307399,87,11025653.6995
"6488",0,220.51307399,88,11025653.6995
"6489",0,220.51307399,89,11025653.6995
"6490",0,220.51307399,9,11025653.6995
"6491",0,220.51307399,90,11025653.6995
"6492",0,220.51307399,91,11025653.6995
"6493",0,220.51307399,92,11025653.6995
"6494",0,220.51307399,93,11025653.6995
"6495",0,220.51307399,94,11025653.6995
"6496",0,220.51307399,95,11025653.6995
"6497",0,220.51307399,96,11025653.6995
"6498",0,220.51307399,97,11025653.6995
"6499",0,220.51307399,98,11025653.6995
"6500",0,220.51307399,99,11025653.6995
"6501",0,24.20128265,1,1210064.1325
"6502",0,24.20128265,10,1210064.1325
"6503",0,24.20128265,100,1210064.1325
"6504",0,24.20128265,11,1210064.1325
"6505",0,24.20128265,12,1210064.1325
"6506",0,24.20128265,13,1210064.1325
"6507",0,24.20128265,14,1210064.1325
"6508",0,24.20128265,15,1210064.1325
"6509",0,24.20128265,16,1210064.1325
"6510",0,24.20128265,17,1210064.1325
"6511",0,24.20128265,18,1210064.1325
"6512",0,24.20128265,19,1210064.1325
"6513",0,24.20128265,2,1210064.1325
"6514",0,24.20128265,20,1210064.1325
"6515",0,24.20128265,21,1210064.1325
"6516",0,24.20128265,22,1210064.1325
"6517",0,24.20128265,23,1210064.1325
"6518",0,24.20128265,24,1210064.1325
"6519",0,24.20128265,25,1210064.1325
"6520",0,24.20128265,26,1210064.1325
"6521",0,24.20128265,27,1210064.1325
"6522",0,24.20128265,28,1210064.1325
"6523",0,24.20128265,29,1210064.1325
"6524",0,24.20128265,3,1210064.1325
"6525",0,24.20128265,30,1210064.1325
"6526",0,24.20128265,31,1210064.1325
"6527",0,24.20128265,32,1210064.1325
"6528",0,24.20128265,33,1210064.1325
"6529",0,24.20128265,34,1210064.1325
"6530",0,24.20128265,35,1210064.1325
"6531",0,24.20128265,36,1210064.1325
"6532",0,24.20128265,37,1210064.1325
"6533",0,24.20128265,38,1210064.1325
"6534",0,24.20128265,39,1210064.1325
"6535",0,24.20128265,4,1210064.1325
"6536",0,24.20128265,40,1210064.1325
"6537",0,24.20128265,41,1210064.1325
"6538",0,24.20128265,42,1210064.1325
"6539",0,24.20128265,43,1210064.1325
"6540",0,24.20128265,44,1210064.1325
"6541",0,24.20128265,45,1210064.1325
"6542",0,24.20128265,46,1210064.1325
"6543",0,24.20128265,47,1210064.1325
"6544",0,24.20128265,48,1210064.1325
"6545",0,24.20128265,49,1210064.1325
"6546",0,24.20128265,5,1210064.1325
"6547",0,24.20128265,50,1210064.1325
"6548",0,24.20128265,51,1210064.1325
"6549",0,24.20128265,52,1210064.1325
"6550",0,24.20128265,53,1210064.1325
"6551",0,24.20128265,54,1210064.1325
"6552",0,24.20128265,55,1210064.1325
"6553",0,24.20128265,56,1210064.1325
"6554",0,24.20128265,57,1210064.1325
"6555",0,24.20128265,58,1210064.1325
"6556",0,24.20128265,59,1210064.1325
"6557",0,24.20128265,6,1210064.1325
"6558",0,24.20128265,60,1210064.1325
"6559",0,24.20128265,61,1210064.1325
"6560",0,24.20128265,62,1210064.1325
"6561",0,24.20128265,63,1210064.1325
"6562",0,24.20128265,64,1210064.1325
"6563",0,24.20128265,65,1210064.1325
"6564",0,24.20128265,66,1210064.1325
"6565",0,24.20128265,67,1210064.1325
"6566",0,24.20128265,68,1210064.1325
"6567",0,24.20128265,69,1210064.1325
"6568",0,24.20128265,7,1210064.1325
"6569",0,24.20128265,70,1210064.1325
"6570",0,24.20128265,71,1210064.1325
"6571",0,24.20128265,72,1210064.1325
"6572",0,24.20128265,73,1210064.1325
"6573",0,24.20128265,74,1210064.1325
"6574",0,24.20128265,75,1210064.1325
"6575",0,24.20128265,76,1210064.1325
"6576",0,24.20128265,77,1210064.1325
"6577",0,24.20128265,78,1210064.1325
"6578",0,24.20128265,79,1210064.1325
"6579",0,24.20128265,8,1210064.1325
"6580",0,24.20128265,80,1210064.1325
"6581",0,24.20128265,81,1210064.1325
"6582",0,24.20128265,82,1210064.1325
"6583",0,24.20128265,83,1210064.1325
"6584",0,24.20128265,84,1210064.1325
"6585",0,24.20128265,85,1210064.1325
"6586",0,24.20128265,86,1210064.1325
"6587",0,24.20128265,87,1210064.1325
"6588",0,24.20128265,88,1210064.1325
"6589",0,24.20128265,89,1210064.1325
"6590",0,24.20128265,9,1210064.1325
"6591",0,24.20128265,90,1210064.1325
"6592",0,24.20128265,91,1210064.1325
"6593",0,24.20128265,92,1210064.1325
"6594",0,24.20128265,93,1210064.1325
"6595",0,24.20128265,94,1210064.1325
"6596",0,24.20128265,95,1210064.1325
"6597",0,24.20128265,96,1210064.1325
"6598",0,24.20128265,97,1210064.1325
"6599",0,24.20128265,98,1210064.1325
"6600",0,24.20128265,99,1210064.1325
"6601",0,247.7076356,1,12385381.78
"6602",0,247.7076356,10,12385381.78
"6603",0,247.7076356,100,12385381.78
"6604",0,247.7076356,11,12385381.78
"6605",0,247.7076356,12,12385381.78
"6606",0,247.7076356,13,12385381.78
"6607",0,247.7076356,14,12385381.78
"6608",0,247.7076356,15,12385381.78
"6609",0,247.7076356,16,12385381.78
"6610",0,247.7076356,17,12385381.78
"6611",0,247.7076356,18,12385381.78
"6612",0,247.7076356,19,12385381.78
"6613",0,247.7076356,2,12385381.78
"6614",0,247.7076356,20,12385381.78
"6615",0,247.7076356,21,12385381.78
"6616",0,247.7076356,22,12385381.78
"6617",0,247.7076356,23,12385381.78
"6618",0,247.7076356,24,12385381.78
"6619",0,247.7076356,25,12385381.78
"6620",0,247.7076356,26,12385381.78
"6621",0,247.7076356,27,12385381.78
"6622",0,247.7076356,28,12385381.78
"6623",0,247.7076356,29,12385381.78
"6624",0,247.7076356,3,12385381.78
"6625",0,247.7076356,30,12385381.78
"6626",0,247.7076356,31,12385381.78
"6627",0,247.7076356,32,12385381.78
"6628",0,247.7076356,33,12385381.78
"6629",0,247.7076356,34,12385381.78
"6630",0,247.7076356,35,12385381.78
"6631",0,247.7076356,36,12385381.78
"6632",0,247.7076356,37,12385381.78
"6633",0,247.7076356,38,12385381.78
"6634",0,247.7076356,39,12385381.78
"6635",0,247.7076356,4,12385381.78
"6636",0,247.7076356,40,12385381.78
"6637",0,247.7076356,41,12385381.78
"6638",0,247.7076356,42,12385381.78
"6639",0,247.7076356,43,12385381.78
"6640",0,247.7076356,44,12385381.78
"6641",0,247.7076356,45,12385381.78
"6642",0,247.7076356,46,12385381.78
"6643",0,247.7076356,47,12385381.78
"6644",0,247.7076356,48,12385381.78
"6645",0,247.7076356,49,12385381.78
"6646",0,247.7076356,5,12385381.78
"6647",0,247.7076356,50,12385381.78
"6648",0,247.7076356,51,12385381.78
"6649",0,247.7076356,52,12385381.78
"6650",0,247.7076356,53,12385381.78
"6651",0,247.7076356,54,12385381.78
"6652",0,247.7076356,55,12385381.78
"6653",0,247.7076356,56,12385381.78
"6654",0,247.7076356,57,12385381.78
"6655",0,247.7076356,58,12385381.78
"6656",0,247.7076356,59,12385381.78
"6657",0,247.7076356,6,12385381.78
"6658",0,247.7076356,60,12385381.78
"6659",0,247.7076356,61,12385381.78
"6660",0,247.7076356,62,12385381.78
"6661",0,247.7076356,63,12385381.78
"6662",0,247.7076356,64,12385381.78
"6663",0,247.7076356,65,12385381.78
"6664",0,247.7076356,66,12385381.78
"6665",0,247.7076356,67,12385381.78
"6666",0,247.7076356,68,12385381.78
"6667",0,247.7076356,69,12385381.78
"6668",0,247.7076356,7,12385381.78
"6669",0,247.7076356,70,12385381.78
"6670",0,247.7076356,71,12385381.78
"6671",0,247.7076356,72,12385381.78
"6672",0,247.7076356,73,12385381.78
"6673",0,247.7076356,74,12385381.78
"6674",0,247.7076356,75,12385381.78
"6675",0,247.7076356,76,12385381.78
"6676",0,247.7076356,77,12385381.78
"6677",0,247.7076356,78,12385381.78
"6678",0,247.7076356,79,12385381.78
"6679",0,247.7076356,8,12385381.78
"6680",0,247.7076356,80,12385381.78
"6681",0,247.7076356,81,12385381.78
"6682",0,247.7076356,82,12385381.78
"6683",0,247.7076356,83,12385381.78
"6684",0,247.7076356,84,12385381.78
"6685",0,247.7076356,85,12385381.78
"6686",0,247.7076356,86,12385381.78
"6687",0,247.7076356,87,12385381.78
"6688",0,247.7076356,88,12385381.78
"6689",0,247.7076356,89,12385381.78
"6690",0,247.7076356,9,12385381.78
"6691",0,247.7076356,90,12385381.78
"6692",0,247.7076356,91,12385381.78
"6693",0,247.7076356,92,12385381.78
"6694",0,247.7076356,93,12385381.78
"6695",0,247.7076356,94,12385381.78
"6696",0,247.7076356,95,12385381.78
"6697",0,247.7076356,96,12385381.78
"6698",0,247.7076356,97,12385381.78
"6699",0,247.7076356,98,12385381.78
"6700",0,247.7076356,99,12385381.78
"6701",0,27.18588243,1,1359294.1215
"6702",0,27.18588243,10,1359294.1215
"6703",0,27.18588243,100,1359294.1215
"6704",0,27.18588243,11,1359294.1215
"6705",0,27.18588243,12,1359294.1215
"6706",0,27.18588243,13,1359294.1215
"6707",0,27.18588243,14,1359294.1215
"6708",0,27.18588243,15,1359294.1215
"6709",0,27.18588243,16,1359294.1215
"6710",0,27.18588243,17,1359294.1215
"6711",0,27.18588243,18,1359294.1215
"6712",0,27.18588243,19,1359294.1215
"6713",0,27.18588243,2,1359294.1215
"6714",0,27.18588243,20,1359294.1215
"6715",0,27.18588243,21,1359294.1215
"6716",0,27.18588243,22,1359294.1215
"6717",0,27.18588243,23,1359294.1215
"6718",0,27.18588243,24,1359294.1215
"6719",0,27.18588243,25,1359294.1215
"6720",0,27.18588243,26,1359294.1215
"6721",0,27.18588243,27,1359294.1215
"6722",0,27.18588243,28,1359294.1215
"6723",0,27.18588243,29,1359294.1215
"6724",0,27.18588243,3,1359294.1215
"6725",0,27.18588243,30,1359294.1215
"6726",0,27.18588243,31,1359294.1215
"6727",0,27.18588243,32,1359294.1215
"6728",0,27.18588243,33,1359294.1215
"6729",0,27.18588243,34,1359294.1215
"6730",0,27.18588243,35,1359294.1215
"6731",0,27.18588243,36,1359294.1215
"6732",0,27.18588243,37,1359294.1215
"6733",0,27.18588243,38,1359294.1215
"6734",0,27.18588243,39,1359294.1215
"6735",0,27.18588243,4,1359294.1215
"6736",0,27.18588243,40,1359294.1215
"6737",0,27.18588243,41,1359294.1215
"6738",0,27.18588243,42,1359294.1215
"6739",0,27.18588243,43,1359294.1215
"6740",0,27.18588243,44,1359294.1215
"6741",0,27.18588243,45,1359294.1215
"6742",0,27.18588243,46,1359294.1215
"6743",0,27.18588243,47,1359294.1215
"6744",0,27.18588243,48,1359294.1215
"6745",0,27.18588243,49,1359294.1215
"6746",0,27.18588243,5,1359294.1215
"6747",0,27.18588243,50,1359294.1215
"6748",0,27.18588243,51,1359294.1215
"6749",0,27.18588243,52,1359294.1215
"6750",0,27.18588243,53,1359294.1215
"6751",0,27.18588243,54,1359294.1215
"6752",0,27.18588243,55,1359294.1215
"6753",0,27.18588243,56,1359294.1215
"6754",0,27.18588243,57,1359294.1215
"6755",0,27.18588243,58,1359294.1215
"6756",0,27.18588243,59,1359294.1215
"6757",0,27.18588243,6,1359294.1215
"6758",0,27.18588243,60,1359294.1215
"6759",0,27.18588243,61,1359294.1215
"6760",0,27.18588243,62,1359294.1215
"6761",0,27.18588243,63,1359294.1215
"6762",0,27.18588243,64,1359294.1215
"6763",0,27.18588243,65,1359294.1215
"6764",0,27.18588243,66,1359294.1215
"6765",0,27.18588243,67,1359294.1215
"6766",0,27.18588243,68,1359294.1215
"6767",0,27.18588243,69,1359294.1215
"6768",0,27.18588243,7,1359294.1215
"6769",0,27.18588243,70,1359294.1215
"6770",0,27.18588243,71,1359294.1215
"6771",0,27.18588243,72,1359294.1215
"6772",0,27.18588243,73,1359294.1215
"6773",0,27.18588243,74,1359294.1215
"6774",0,27.18588243,75,1359294.1215
"6775",0,27.18588243,76,1359294.1215
"6776",0,27.18588243,77,1359294.1215
"6777",0,27.18588243,78,1359294.1215
"6778",0,27.18588243,79,1359294.1215
"6779",0,27.18588243,8,1359294.1215
"6780",0,27.18588243,80,1359294.1215
"6781",0,27.18588243,81,1359294.1215
"6782",0,27.18588243,82,1359294.1215
"6783",0,27.18588243,83,1359294.1215
"6784",0,27.18588243,84,1359294.1215
"6785",0,27.18588243,85,1359294.1215
"6786",0,27.18588243,86,1359294.1215
"6787",0,27.18588243,87,1359294.1215
"6788",0,27.18588243,88,1359294.1215
"6789",0,27.18588243,89,1359294.1215
"6790",0,27.18588243,9,1359294.1215
"6791",0,27.18588243,90,1359294.1215
"6792",0,27.18588243,91,1359294.1215
"6793",0,27.18588243,92,1359294.1215
"6794",0,27.18588243,93,1359294.1215
"6795",0,27.18588243,94,1359294.1215
"6796",0,27.18588243,95,1359294.1215
"6797",0,27.18588243,96,1359294.1215
"6798",0,27.18588243,97,1359294.1215
"6799",0,27.18588243,98,1359294.1215
"6800",0,27.18588243,99,1359294.1215
"6801",0,278.25594022,1,13912797.011
"6802",0,278.25594022,10,13912797.011
"6803",0,278.25594022,100,13912797.011
"6804",0,278.25594022,11,13912797.011
"6805",0,278.25594022,12,13912797.011
"6806",0,278.25594022,13,13912797.011
"6807",0,278.25594022,14,13912797.011
"6808",0,278.25594022,15,13912797.011
"6809",0,278.25594022,16,13912797.011
"6810",0,278.25594022,17,13912797.011
"6811",0,278.25594022,18,13912797.011
"6812",0,278.25594022,19,13912797.011
"6813",0,278.25594022,2,13912797.011
"6814",0,278.25594022,20,13912797.011
"6815",0,278.25594022,21,13912797.011
"6816",0,278.25594022,22,13912797.011
"6817",0,278.25594022,23,13912797.011
"6818",0,278.25594022,24,13912797.011
"6819",0,278.25594022,25,13912797.011
"6820",0,278.25594022,26,13912797.011
"6821",0,278.25594022,27,13912797.011
"6822",0,278.25594022,28,13912797.011
"6823",0,278.25594022,29,13912797.011
"6824",0,278.25594022,3,13912797.011
"6825",0,278.25594022,30,13912797.011
"6826",0,278.25594022,31,13912797.011
"6827",0,278.25594022,32,13912797.011
"6828",0,278.25594022,33,13912797.011
"6829",0,278.25594022,34,13912797.011
"6830",0,278.25594022,35,13912797.011
"6831",0,278.25594022,36,13912797.011
"6832",0,278.25594022,37,13912797.011
"6833",0,278.25594022,38,13912797.011
"6834",0,278.25594022,39,13912797.011
"6835",0,278.25594022,4,13912797.011
"6836",0,278.25594022,40,13912797.011
"6837",0,278.25594022,41,13912797.011
"6838",0,278.25594022,42,13912797.011
"6839",0,278.25594022,43,13912797.011
"6840",0,278.25594022,44,13912797.011
"6841",0,278.25594022,45,13912797.011
"6842",0,278.25594022,46,13912797.011
"6843",0,278.25594022,47,13912797.011
"6844",0,278.25594022,48,13912797.011
"6845",0,278.25594022,49,13912797.011
"6846",0,278.25594022,5,13912797.011
"6847",0,278.25594022,50,13912797.011
"6848",0,278.25594022,51,13912797.011
"6849",0,278.25594022,52,13912797.011
"6850",0,278.25594022,53,13912797.011
"6851",0,278.25594022,54,13912797.011
"6852",0,278.25594022,55,13912797.011
"6853",0,278.25594022,56,13912797.011
"6854",0,278.25594022,57,13912797.011
"6855",0,278.25594022,58,13912797.011
"6856",0,278.25594022,59,13912797.011
"6857",0,278.25594022,6,13912797.011
"6858",0,278.25594022,60,13912797.011
"6859",0,278.25594022,61,13912797.011
"6860",0,278.25594022,62,13912797.011
"6861",0,278.25594022,63,13912797.011
"6862",0,278.25594022,64,13912797.011
"6863",0,278.25594022,65,13912797.011
"6864",0,278.25594022,66,13912797.011
"6865",0,278.25594022,67,13912797.011
"6866",0,278.25594022,68,13912797.011
"6867",0,278.25594022,69,13912797.011
"6868",0,278.25594022,7,13912797.011
"6869",0,278.25594022,70,13912797.011
"6870",0,278.25594022,71,13912797.011
"6871",0,278.25594022,72,13912797.011
"6872",0,278.25594022,73,13912797.011
"6873",0,278.25594022,74,13912797.011
"6874",0,278.25594022,75,13912797.011
"6875",0,278.25594022,76,13912797.011
"6876",0,278.25594022,77,13912797.011
"6877",0,278.25594022,78,13912797.011
"6878",0,278.25594022,79,13912797.011
"6879",0,278.25594022,8,13912797.011
"6880",0,278.25594022,80,13912797.011
"6881",0,278.25594022,81,13912797.011
"6882",0,278.25594022,82,13912797.011
"6883",0,278.25594022,83,13912797.011
"6884",0,278.25594022,84,13912797.011
"6885",0,278.25594022,85,13912797.011
"6886",0,278.25594022,86,13912797.011
"6887",0,278.25594022,87,13912797.011
"6888",0,278.25594022,88,13912797.011
"6889",0,278.25594022,89,13912797.011
"6890",0,278.25594022,9,13912797.011
"6891",0,278.25594022,90,13912797.011
"6892",0,278.25594022,91,13912797.011
"6893",0,278.25594022,92,13912797.011
"6894",0,278.25594022,93,13912797.011
"6895",0,278.25594022,94,13912797.011
"6896",0,278.25594022,95,13912797.011
"6897",0,278.25594022,96,13912797.011
"6898",0,278.25594022,97,13912797.011
"6899",0,278.25594022,98,13912797.011
"6900",0,278.25594022,99,13912797.011
"6901",0,3.35160265,1,167580.1325
"6902",0,3.35160265,10,167580.1325
"6903",0,3.35160265,100,167580.1325
"6904",0,3.35160265,11,167580.1325
"6905",0,3.35160265,12,167580.1325
"6906",0,3.35160265,13,167580.1325
"6907",0,3.35160265,14,167580.1325
"6908",0,3.35160265,15,167580.1325
"6909",0,3.35160265,16,167580.1325
"6910",0,3.35160265,17,167580.1325
"6911",0,3.35160265,18,167580.1325
"6912",0,3.35160265,19,167580.1325
"6913",0,3.35160265,2,167580.1325
"6914",0,3.35160265,20,167580.1325
"6915",0,3.35160265,21,167580.1325
"6916",0,3.35160265,22,167580.1325
"6917",0,3.35160265,23,167580.1325
"6918",0,3.35160265,24,167580.1325
"6919",0,3.35160265,25,167580.1325
"6920",0,3.35160265,26,167580.1325
"6921",0,3.35160265,27,167580.1325
"6922",0,3.35160265,28,167580.1325
"6923",0,3.35160265,29,167580.1325
"6924",0,3.35160265,3,167580.1325
"6925",0,3.35160265,30,167580.1325
"6926",0,3.35160265,31,167580.1325
"6927",0,3.35160265,32,167580.1325
"6928",0,3.35160265,33,167580.1325
"6929",0,3.35160265,34,167580.1325
"6930",0,3.35160265,35,167580.1325
"6931",0,3.35160265,36,167580.1325
"6932",0,3.35160265,37,167580.1325
"6933",0,3.35160265,38,167580.1325
"6934",0,3.35160265,39,167580.1325
"6935",0,3.35160265,4,167580.1325
"6936",0,3.35160265,40,167580.1325
"6937",0,3.35160265,41,167580.1325
"6938",0,3.35160265,42,167580.1325
"6939",0,3.35160265,43,167580.1325
"6940",0,3.35160265,44,167580.1325
"6941",0,3.35160265,45,167580.1325
"6942",0,3.35160265,46,167580.1325
"6943",0,3.35160265,47,167580.1325
"6944",0,3.35160265,48,167580.1325
"6945",0,3.35160265,49,167580.1325
"6946",0,3.35160265,5,167580.1325
"6947",0,3.35160265,50,167580.1325
"6948",0,3.35160265,51,167580.1325
"6949",0,3.35160265,52,167580.1325
"6950",0,3.35160265,53,167580.1325
"6951",0,3.35160265,54,167580.1325
"6952",0,3.35160265,55,167580.1325
"6953",0,3.35160265,56,167580.1325
"6954",0,3.35160265,57,167580.1325
"6955",0,3.35160265,58,167580.1325
"6956",0,3.35160265,59,167580.1325
"6957",0,3.35160265,6,167580.1325
"6958",0,3.35160265,60,167580.1325
"6959",0,3.35160265,61,167580.1325
"6960",0,3.35160265,62,167580.1325
"6961",0,3.35160265,63,167580.1325
"6962",0,3.35160265,64,167580.1325
"6963",0,3.35160265,65,167580.1325
"6964",0,3.35160265,66,167580.1325
"6965",0,3.35160265,67,167580.1325
"6966",0,3.35160265,68,167580.1325
"6967",0,3.35160265,69,167580.1325
"6968",0,3.35160265,7,167580.1325
"6969",0,3.35160265,70,167580.1325
"6970",0,3.35160265,71,167580.1325
"6971",0,3.35160265,72,167580.1325
"6972",0,3.35160265,73,167580.1325
"6973",0,3.35160265,74,167580.1325
"6974",0,3.35160265,75,167580.1325
"6975",0,3.35160265,76,167580.1325
"6976",0,3.35160265,77,167580.1325
"6977",0,3.35160265,78,167580.1325
"6978",0,3.35160265,79,167580.1325
"6979",0,3.35160265,8,167580.1325
"6980",0,3.35160265,80,167580.1325
"6981",0,3.35160265,81,167580.1325
"6982",0,3.35160265,82,167580.1325
"6983",0,3.35160265,83,167580.1325
"6984",0,3.35160265,84,167580.1325
"6985",0,3.35160265,85,167580.1325
"6986",0,3.35160265,86,167580.1325
"6987",0,3.35160265,87,167580.1325
"6988",0,3.35160265,88,167580.1325
"6989",0,3.35160265,89,167580.1325
"6990",0,3.35160265,9,167580.1325
"6991",0,3.35160265,90,167580.1325
"6992",0,3.35160265,91,167580.1325
"6993",0,3.35160265,92,167580.1325
"6994",0,3.35160265,93,167580.1325
"6995",0,3.35160265,94,167580.1325
"6996",0,3.35160265,95,167580.1325
"6997",0,3.35160265,96,167580.1325
"6998",0,3.35160265,97,167580.1325
"6999",0,3.35160265,98,167580.1325
"7000",0,3.35160265,99,167580.1325
"7001",0,3.76493581,1,188246.7905
"7002",0,3.76493581,10,188246.7905
"7003",0,3.76493581,100,188246.7905
"7004",0,3.76493581,11,188246.7905
"7005",0,3.76493581,12,188246.7905
"7006",0,3.76493581,13,188246.7905
"7007",0,3.76493581,14,188246.7905
"7008",0,3.76493581,15,188246.7905
"7009",0,3.76493581,16,188246.7905
"7010",0,3.76493581,17,188246.7905
"7011",0,3.76493581,18,188246.7905
"7012",0,3.76493581,19,188246.7905
"7013",0,3.76493581,2,188246.7905
"7014",0,3.76493581,20,188246.7905
"7015",0,3.76493581,21,188246.7905
"7016",0,3.76493581,22,188246.7905
"7017",0,3.76493581,23,188246.7905
"7018",0,3.76493581,24,188246.7905
"7019",0,3.76493581,25,188246.7905
"7020",0,3.76493581,26,188246.7905
"7021",0,3.76493581,27,188246.7905
"7022",0,3.76493581,28,188246.7905
"7023",0,3.76493581,29,188246.7905
"7024",0,3.76493581,3,188246.7905
"7025",0,3.76493581,30,188246.7905
"7026",0,3.76493581,31,188246.7905
"7027",0,3.76493581,32,188246.7905
"7028",0,3.76493581,33,188246.7905
"7029",0,3.76493581,34,188246.7905
"7030",0,3.76493581,35,188246.7905
"7031",0,3.76493581,36,188246.7905
"7032",0,3.76493581,37,188246.7905
"7033",0,3.76493581,38,188246.7905
"7034",0,3.76493581,39,188246.7905
"7035",0,3.76493581,4,188246.7905
"7036",0,3.76493581,40,188246.7905
"7037",0,3.76493581,41,188246.7905
"7038",0,3.76493581,42,188246.7905
"7039",0,3.76493581,43,188246.7905
"7040",0,3.76493581,44,188246.7905
"7041",0,3.76493581,45,188246.7905
"7042",0,3.76493581,46,188246.7905
"7043",0,3.76493581,47,188246.7905
"7044",0,3.76493581,48,188246.7905
"7045",0,3.76493581,49,188246.7905
"7046",0,3.76493581,5,188246.7905
"7047",0,3.76493581,50,188246.7905
"7048",0,3.76493581,51,188246.7905
"7049",0,3.76493581,52,188246.7905
"7050",0,3.76493581,53,188246.7905
"7051",0,3.76493581,54,188246.7905
"7052",0,3.76493581,55,188246.7905
"7053",0,3.76493581,56,188246.7905
"7054",0,3.76493581,57,188246.7905
"7055",0,3.76493581,58,188246.7905
"7056",0,3.76493581,59,188246.7905
"7057",0,3.76493581,6,188246.7905
"7058",0,3.76493581,60,188246.7905
"7059",0,3.76493581,61,188246.7905
"7060",0,3.76493581,62,188246.7905
"7061",0,3.76493581,63,188246.7905
"7062",0,3.76493581,64,188246.7905
"7063",0,3.76493581,65,188246.7905
"7064",0,3.76493581,66,188246.7905
"7065",0,3.76493581,67,188246.7905
"7066",0,3.76493581,68,188246.7905
"7067",0,3.76493581,69,188246.7905
"7068",0,3.76493581,7,188246.7905
"7069",0,3.76493581,70,188246.7905
"7070",0,3.76493581,71,188246.7905
"7071",0,3.76493581,72,188246.7905
"7072",0,3.76493581,73,188246.7905
"7073",0,3.76493581,74,188246.7905
"7074",0,3.76493581,75,188246.7905
"7075",0,3.76493581,76,188246.7905
"7076",0,3.76493581,77,188246.7905
"7077",0,3.76493581,78,188246.7905
"7078",0,3.76493581,79,188246.7905
"7079",0,3.76493581,8,188246.7905
"7080",0,3.76493581,80,188246.7905
"7081",0,3.76493581,81,188246.7905
"7082",0,3.76493581,82,188246.7905
"7083",0,3.76493581,83,188246.7905
"7084",0,3.76493581,84,188246.7905
"7085",0,3.76493581,85,188246.7905
"7086",0,3.76493581,86,188246.7905
"7087",0,3.76493581,87,188246.7905
"7088",0,3.76493581,88,188246.7905
"7089",0,3.76493581,89,188246.7905
"7090",0,3.76493581,9,188246.7905
"7091",0,3.76493581,90,188246.7905
"7092",0,3.76493581,91,188246.7905
"7093",0,3.76493581,92,188246.7905
"7094",0,3.76493581,93,188246.7905
"7095",0,3.76493581,94,188246.7905
"7096",0,3.76493581,95,188246.7905
"7097",0,3.76493581,96,188246.7905
"7098",0,3.76493581,97,188246.7905
"7099",0,3.76493581,98,188246.7905
"7100",0,3.76493581,99,188246.7905
"7101",0,30.53855509,1,1526927.7545
"7102",0,30.53855509,10,1526927.7545
"7103",0,30.53855509,100,1526927.7545
"7104",0,30.53855509,11,1526927.7545
"7105",0,30.53855509,12,1526927.7545
"7106",0,30.53855509,13,1526927.7545
"7107",0,30.53855509,14,1526927.7545
"7108",0,30.53855509,15,1526927.7545
"7109",0,30.53855509,16,1526927.7545
"7110",0,30.53855509,17,1526927.7545
"7111",0,30.53855509,18,1526927.7545
"7112",0,30.53855509,19,1526927.7545
"7113",0,30.53855509,2,1526927.7545
"7114",0,30.53855509,20,1526927.7545
"7115",0,30.53855509,21,1526927.7545
"7116",0,30.53855509,22,1526927.7545
"7117",0,30.53855509,23,1526927.7545
"7118",0,30.53855509,24,1526927.7545
"7119",0,30.53855509,25,1526927.7545
"7120",0,30.53855509,26,1526927.7545
"7121",0,30.53855509,27,1526927.7545
"7122",0,30.53855509,28,1526927.7545
"7123",0,30.53855509,29,1526927.7545
"7124",0,30.53855509,3,1526927.7545
"7125",0,30.53855509,30,1526927.7545
"7126",0,30.53855509,31,1526927.7545
"7127",0,30.53855509,32,1526927.7545
"7128",0,30.53855509,33,1526927.7545
"7129",0,30.53855509,34,1526927.7545
"7130",0,30.53855509,35,1526927.7545
"7131",0,30.53855509,36,1526927.7545
"7132",0,30.53855509,37,1526927.7545
"7133",0,30.53855509,38,1526927.7545
"7134",0,30.53855509,39,1526927.7545
"7135",0,30.53855509,4,1526927.7545
"7136",0,30.53855509,40,1526927.7545
"7137",0,30.53855509,41,1526927.7545
"7138",0,30.53855509,42,1526927.7545
"7139",0,30.53855509,43,1526927.7545
"7140",0,30.53855509,44,1526927.7545
"7141",0,30.53855509,45,1526927.7545
"7142",0,30.53855509,46,1526927.7545
"7143",0,30.53855509,47,1526927.7545
"7144",0,30.53855509,48,1526927.7545
"7145",0,30.53855509,49,1526927.7545
"7146",0,30.53855509,5,1526927.7545
"7147",0,30.53855509,50,1526927.7545
"7148",0,30.53855509,51,1526927.7545
"7149",0,30.53855509,52,1526927.7545
"7150",0,30.53855509,53,1526927.7545
"7151",0,30.53855509,54,1526927.7545
"7152",0,30.53855509,55,1526927.7545
"7153",0,30.53855509,56,1526927.7545
"7154",0,30.53855509,57,1526927.7545
"7155",0,30.53855509,58,1526927.7545
"7156",0,30.53855509,59,1526927.7545
"7157",0,30.53855509,6,1526927.7545
"7158",0,30.53855509,60,1526927.7545
"7159",0,30.53855509,61,1526927.7545
"7160",0,30.53855509,62,1526927.7545
"7161",0,30.53855509,63,1526927.7545
"7162",0,30.53855509,64,1526927.7545
"7163",0,30.53855509,65,1526927.7545
"7164",0,30.53855509,66,1526927.7545
"7165",0,30.53855509,67,1526927.7545
"7166",0,30.53855509,68,1526927.7545
"7167",0,30.53855509,69,1526927.7545
"7168",0,30.53855509,7,1526927.7545
"7169",0,30.53855509,70,1526927.7545
"7170",0,30.53855509,71,1526927.7545
"7171",0,30.53855509,72,1526927.7545
"7172",0,30.53855509,73,1526927.7545
"7173",0,30.53855509,74,1526927.7545
"7174",0,30.53855509,75,1526927.7545
"7175",0,30.53855509,76,1526927.7545
"7176",0,30.53855509,77,1526927.7545
"7177",0,30.53855509,78,1526927.7545
"7178",0,30.53855509,79,1526927.7545
"7179",0,30.53855509,8,1526927.7545
"7180",0,30.53855509,80,1526927.7545
"7181",0,30.53855509,81,1526927.7545
"7182",0,30.53855509,82,1526927.7545
"7183",0,30.53855509,83,1526927.7545
"7184",0,30.53855509,84,1526927.7545
"7185",0,30.53855509,85,1526927.7545
"7186",0,30.53855509,86,1526927.7545
"7187",0,30.53855509,87,1526927.7545
"7188",0,30.53855509,88,1526927.7545
"7189",0,30.53855509,89,1526927.7545
"7190",0,30.53855509,9,1526927.7545
"7191",0,30.53855509,90,1526927.7545
"7192",0,30.53855509,91,1526927.7545
"7193",0,30.53855509,92,1526927.7545
"7194",0,30.53855509,93,1526927.7545
"7195",0,30.53855509,94,1526927.7545
"7196",0,30.53855509,95,1526927.7545
"7197",0,30.53855509,96,1526927.7545
"7198",0,30.53855509,97,1526927.7545
"7199",0,30.53855509,98,1526927.7545
"7200",0,30.53855509,99,1526927.7545
"7201",0,312.57158497,1,15628579.2485
"7202",0,312.57158497,10,15628579.2485
"7203",0,312.57158497,100,15628579.2485
"7204",0,312.57158497,11,15628579.2485
"7205",0,312.57158497,12,15628579.2485
"7206",0,312.57158497,13,15628579.2485
"7207",0,312.57158497,14,15628579.2485
"7208",0,312.57158497,15,15628579.2485
"7209",0,312.57158497,16,15628579.2485
"7210",0,312.57158497,17,15628579.2485
"7211",0,312.57158497,18,15628579.2485
"7212",0,312.57158497,19,15628579.2485
"7213",0,312.57158497,2,15628579.2485
"7214",0,312.57158497,20,15628579.2485
"7215",0,312.57158497,21,15628579.2485
"7216",0,312.57158497,22,15628579.2485
"7217",0,312.57158497,23,15628579.2485
"7218",0,312.57158497,24,15628579.2485
"7219",0,312.57158497,25,15628579.2485
"7220",0,312.57158497,26,15628579.2485
"7221",0,312.57158497,27,15628579.2485
"7222",0,312.57158497,28,15628579.2485
"7223",0,312.57158497,29,15628579.2485
"7224",0,312.57158497,3,15628579.2485
"7225",0,312.57158497,30,15628579.2485
"7226",0,312.57158497,31,15628579.2485
"7227",0,312.57158497,32,15628579.2485
"7228",0,312.57158497,33,15628579.2485
"7229",0,312.57158497,34,15628579.2485
"7230",0,312.57158497,35,15628579.2485
"7231",0,312.57158497,36,15628579.2485
"7232",0,312.57158497,37,15628579.2485
"7233",0,312.57158497,38,15628579.2485
"7234",0,312.57158497,39,15628579.2485
"7235",0,312.57158497,4,15628579.2485
"7236",0,312.57158497,40,15628579.2485
"7237",0,312.57158497,41,15628579.2485
"7238",0,312.57158497,42,15628579.2485
"7239",0,312.57158497,43,15628579.2485
"7240",0,312.57158497,44,15628579.2485
"7241",0,312.57158497,45,15628579.2485
"7242",0,312.57158497,46,15628579.2485
"7243",0,312.57158497,47,15628579.2485
"7244",0,312.57158497,48,15628579.2485
"7245",0,312.57158497,49,15628579.2485
"7246",0,312.57158497,5,15628579.2485
"7247",0,312.57158497,50,15628579.2485
"7248",0,312.57158497,51,15628579.2485
"7249",0,312.57158497,52,15628579.2485
"7250",0,312.57158497,53,15628579.2485
"7251",0,312.57158497,54,15628579.2485
"7252",0,312.57158497,55,15628579.2485
"7253",0,312.57158497,56,15628579.2485
"7254",0,312.57158497,57,15628579.2485
"7255",0,312.57158497,58,15628579.2485
"7256",0,312.57158497,59,15628579.2485
"7257",0,312.57158497,6,15628579.2485
"7258",0,312.57158497,60,15628579.2485
"7259",0,312.57158497,61,15628579.2485
"7260",0,312.57158497,62,15628579.2485
"7261",0,312.57158497,63,15628579.2485
"7262",0,312.57158497,64,15628579.2485
"7263",0,312.57158497,65,15628579.2485
"7264",0,312.57158497,66,15628579.2485
"7265",0,312.57158497,67,15628579.2485
"7266",0,312.57158497,68,15628579.2485
"7267",0,312.57158497,69,15628579.2485
"7268",0,312.57158497,7,15628579.2485
"7269",0,312.57158497,70,15628579.2485
"7270",0,312.57158497,71,15628579.2485
"7271",0,312.57158497,72,15628579.2485
"7272",0,312.57158497,73,15628579.2485
"7273",0,312.57158497,74,15628579.2485
"7274",0,312.57158497,75,15628579.2485
"7275",0,312.57158497,76,15628579.2485
"7276",0,312.57158497,77,15628579.2485
"7277",0,312.57158497,78,15628579.2485
"7278",0,312.57158497,79,15628579.2485
"7279",0,312.57158497,8,15628579.2485
"7280",0,312.57158497,80,15628579.2485
"7281",0,312.57158497,81,15628579.2485
"7282",0,312.57158497,82,15628579.2485
"7283",0,312.57158497,83,15628579.2485
"7284",0,312.57158497,84,15628579.2485
"7285",0,312.57158497,85,15628579.2485
"7286",0,312.57158497,86,15628579.2485
"7287",0,312.57158497,87,15628579.2485
"7288",0,312.57158497,88,15628579.2485
"7289",0,312.57158497,89,15628579.2485
"7290",0,312.57158497,9,15628579.2485
"7291",0,312.57158497,90,15628579.2485
"7292",0,312.57158497,91,15628579.2485
"7293",0,312.57158497,92,15628579.2485
"7294",0,312.57158497,93,15628579.2485
"7295",0,312.57158497,94,15628579.2485
"7296",0,312.57158497,95,15628579.2485
"7297",0,312.57158497,96,15628579.2485
"7298",0,312.57158497,97,15628579.2485
"7299",0,312.57158497,98,15628579.2485
"7300",0,312.57158497,99,15628579.2485
"7301",0,34.30469286,1,1715234.643
"7302",0,34.30469286,10,1715234.643
"7303",0,34.30469286,100,1715234.643
"7304",0,34.30469286,11,1715234.643
"7305",0,34.30469286,12,1715234.643
"7306",0,34.30469286,13,1715234.643
"7307",0,34.30469286,14,1715234.643
"7308",0,34.30469286,15,1715234.643
"7309",0,34.30469286,16,1715234.643
"7310",0,34.30469286,17,1715234.643
"7311",0,34.30469286,18,1715234.643
"7312",0,34.30469286,19,1715234.643
"7313",0,34.30469286,2,1715234.643
"7314",0,34.30469286,20,1715234.643
"7315",0,34.30469286,21,1715234.643
"7316",0,34.30469286,22,1715234.643
"7317",0,34.30469286,23,1715234.643
"7318",0,34.30469286,24,1715234.643
"7319",0,34.30469286,25,1715234.643
"7320",0,34.30469286,26,1715234.643
"7321",0,34.30469286,27,1715234.643
"7322",0,34.30469286,28,1715234.643
"7323",0,34.30469286,29,1715234.643
"7324",0,34.30469286,3,1715234.643
"7325",0,34.30469286,30,1715234.643
"7326",0,34.30469286,31,1715234.643
"7327",0,34.30469286,32,1715234.643
"7328",0,34.30469286,33,1715234.643
"7329",0,34.30469286,34,1715234.643
"7330",0,34.30469286,35,1715234.643
"7331",0,34.30469286,36,1715234.643
"7332",0,34.30469286,37,1715234.643
"7333",0,34.30469286,38,1715234.643
"7334",0,34.30469286,39,1715234.643
"7335",0,34.30469286,4,1715234.643
"7336",0,34.30469286,40,1715234.643
"7337",0,34.30469286,41,1715234.643
"7338",0,34.30469286,42,1715234.643
"7339",0,34.30469286,43,1715234.643
"7340",0,34.30469286,44,1715234.643
"7341",0,34.30469286,45,1715234.643
"7342",0,34.30469286,46,1715234.643
"7343",0,34.30469286,47,1715234.643
"7344",0,34.30469286,48,1715234.643
"7345",0,34.30469286,49,1715234.643
"7346",0,34.30469286,5,1715234.643
"7347",0,34.30469286,50,1715234.643
"7348",0,34.30469286,51,1715234.643
"7349",0,34.30469286,52,1715234.643
"7350",0,34.30469286,53,1715234.643
"7351",0,34.30469286,54,1715234.643
"7352",0,34.30469286,55,1715234.643
"7353",0,34.30469286,56,1715234.643
"7354",0,34.30469286,57,1715234.643
"7355",0,34.30469286,58,1715234.643
"7356",0,34.30469286,59,1715234.643
"7357",0,34.30469286,6,1715234.643
"7358",0,34.30469286,60,1715234.643
"7359",0,34.30469286,61,1715234.643
"7360",0,34.30469286,62,1715234.643
"7361",0,34.30469286,63,1715234.643
"7362",0,34.30469286,64,1715234.643
"7363",0,34.30469286,65,1715234.643
"7364",0,34.30469286,66,1715234.643
"7365",0,34.30469286,67,1715234.643
"7366",0,34.30469286,68,1715234.643
"7367",0,34.30469286,69,1715234.643
"7368",0,34.30469286,7,1715234.643
"7369",0,34.30469286,70,1715234.643
"7370",0,34.30469286,71,1715234.643
"7371",0,34.30469286,72,1715234.643
"7372",0,34.30469286,73,1715234.643
"7373",0,34.30469286,74,1715234.643
"7374",0,34.30469286,75,1715234.643
"7375",0,34.30469286,76,1715234.643
"7376",0,34.30469286,77,1715234.643
"7377",0,34.30469286,78,1715234.643
"7378",0,34.30469286,79,1715234.643
"7379",0,34.30469286,8,1715234.643
"7380",0,34.30469286,80,1715234.643
"7381",0,34.30469286,81,1715234.643
"7382",0,34.30469286,82,1715234.643
"7383",0,34.30469286,83,1715234.643
"7384",0,34.30469286,84,1715234.643
"7385",0,34.30469286,85,1715234.643
"7386",0,34.30469286,86,1715234.643
"7387",0,34.30469286,87,1715234.643
"7388",0,34.30469286,88,1715234.643
"7389",0,34.30469286,89,1715234.643
"7390",0,34.30469286,9,1715234.643
"7391",0,34.30469286,90,1715234.643
"7392",0,34.30469286,91,1715234.643
"7393",0,34.30469286,92,1715234.643
"7394",0,34.30469286,93,1715234.643
"7395",0,34.30469286,94,1715234.643
"7396",0,34.30469286,95,1715234.643
"7397",0,34.30469286,96,1715234.643
"7398",0,34.30469286,97,1715234.643
"7399",0,34.30469286,98,1715234.643
"7400",0,34.30469286,99,1715234.643
"7401",0,351.11917342,1,17555958.671
"7402",0,351.11917342,10,17555958.671
"7403",0,351.11917342,100,17555958.671
"7404",0,351.11917342,11,17555958.671
"7405",0,351.11917342,12,17555958.671
"7406",0,351.11917342,13,17555958.671
"7407",0,351.11917342,14,17555958.671
"7408",0,351.11917342,15,17555958.671
"7409",0,351.11917342,16,17555958.671
"7410",0,351.11917342,17,17555958.671
"7411",0,351.11917342,18,17555958.671
"7412",0,351.11917342,19,17555958.671
"7413",0,351.11917342,2,17555958.671
"7414",0,351.11917342,20,17555958.671
"7415",0,351.11917342,21,17555958.671
"7416",0,351.11917342,22,17555958.671
"7417",0,351.11917342,23,17555958.671
"7418",0,351.11917342,24,17555958.671
"7419",0,351.11917342,25,17555958.671
"7420",0,351.11917342,26,17555958.671
"7421",0,351.11917342,27,17555958.671
"7422",0,351.11917342,28,17555958.671
"7423",0,351.11917342,29,17555958.671
"7424",0,351.11917342,3,17555958.671
"7425",0,351.11917342,30,17555958.671
"7426",0,351.11917342,31,17555958.671
"7427",0,351.11917342,32,17555958.671
"7428",0,351.11917342,33,17555958.671
"7429",0,351.11917342,34,17555958.671
"7430",0,351.11917342,35,17555958.671
"7431",0,351.11917342,36,17555958.671
"7432",0,351.11917342,37,17555958.671
"7433",0,351.11917342,38,17555958.671
"7434",0,351.11917342,39,17555958.671
"7435",0,351.11917342,4,17555958.671
"7436",0,351.11917342,40,17555958.671
"7437",0,351.11917342,41,17555958.671
"7438",0,351.11917342,42,17555958.671
"7439",0,351.11917342,43,17555958.671
"7440",0,351.11917342,44,17555958.671
"7441",0,351.11917342,45,17555958.671
"7442",0,351.11917342,46,17555958.671
"7443",0,351.11917342,47,17555958.671
"7444",0,351.11917342,48,17555958.671
"7445",0,351.11917342,49,17555958.671
"7446",0,351.11917342,5,17555958.671
"7447",0,351.11917342,50,17555958.671
"7448",0,351.11917342,51,17555958.671
"7449",0,351.11917342,52,17555958.671
"7450",0,351.11917342,53,17555958.671
"7451",0,351.11917342,54,17555958.671
"7452",0,351.11917342,55,17555958.671
"7453",0,351.11917342,56,17555958.671
"7454",0,351.11917342,57,17555958.671
"7455",0,351.11917342,58,17555958.671
"7456",0,351.11917342,59,17555958.671
"7457",0,351.11917342,6,17555958.671
"7458",0,351.11917342,60,17555958.671
"7459",0,351.11917342,61,17555958.671
"7460",0,351.11917342,62,17555958.671
"7461",0,351.11917342,63,17555958.671
"7462",0,351.11917342,64,17555958.671
"7463",0,351.11917342,65,17555958.671
"7464",0,351.11917342,66,17555958.671
"7465",0,351.11917342,67,17555958.671
"7466",0,351.11917342,68,17555958.671
"7467",0,351.11917342,69,17555958.671
"7468",0,351.11917342,7,17555958.671
"7469",0,351.11917342,70,17555958.671
"7470",0,351.11917342,71,17555958.671
"7471",0,351.11917342,72,17555958.671
"7472",0,351.11917342,73,17555958.671
"7473",0,351.11917342,74,17555958.671
"7474",0,351.11917342,75,17555958.671
"7475",0,351.11917342,76,17555958.671
"7476",0,351.11917342,77,17555958.671
"7477",0,351.11917342,78,17555958.671
"7478",0,351.11917342,79,17555958.671
"7479",0,351.11917342,8,17555958.671
"7480",0,351.11917342,80,17555958.671
"7481",0,351.11917342,81,17555958.671
"7482",0,351.11917342,82,17555958.671
"7483",0,351.11917342,83,17555958.671
"7484",0,351.11917342,84,17555958.671
"7485",0,351.11917342,85,17555958.671
"7486",0,351.11917342,86,17555958.671
"7487",0,351.11917342,87,17555958.671
"7488",0,351.11917342,88,17555958.671
"7489",0,351.11917342,89,17555958.671
"7490",0,351.11917342,9,17555958.671
"7491",0,351.11917342,90,17555958.671
"7492",0,351.11917342,91,17555958.671
"7493",0,351.11917342,92,17555958.671
"7494",0,351.11917342,93,17555958.671
"7495",0,351.11917342,94,17555958.671
"7496",0,351.11917342,95,17555958.671
"7497",0,351.11917342,96,17555958.671
"7498",0,351.11917342,97,17555958.671
"7499",0,351.11917342,98,17555958.671
"7500",0,351.11917342,99,17555958.671
"7501",0,38.53528594,1,1926764.297
"7502",0,38.53528594,10,1926764.297
"7503",0,38.53528594,100,1926764.297
"7504",0,38.53528594,11,1926764.297
"7505",0,38.53528594,12,1926764.297
"7506",0,38.53528594,13,1926764.297
"7507",0,38.53528594,14,1926764.297
"7508",0,38.53528594,15,1926764.297
"7509",0,38.53528594,16,1926764.297
"7510",0,38.53528594,17,1926764.297
"7511",0,38.53528594,18,1926764.297
"7512",0,38.53528594,19,1926764.297
"7513",0,38.53528594,2,1926764.297
"7514",0,38.53528594,20,1926764.297
"7515",0,38.53528594,21,1926764.297
"7516",0,38.53528594,22,1926764.297
"7517",0,38.53528594,23,1926764.297
"7518",0,38.53528594,24,1926764.297
"7519",0,38.53528594,25,1926764.297
"7520",0,38.53528594,26,1926764.297
"7521",0,38.53528594,27,1926764.297
"7522",0,38.53528594,28,1926764.297
"7523",0,38.53528594,29,1926764.297
"7524",0,38.53528594,3,1926764.297
"7525",0,38.53528594,30,1926764.297
"7526",0,38.53528594,31,1926764.297
"7527",0,38.53528594,32,1926764.297
"7528",0,38.53528594,33,1926764.297
"7529",0,38.53528594,34,1926764.297
"7530",0,38.53528594,35,1926764.297
"7531",0,38.53528594,36,1926764.297
"7532",0,38.53528594,37,1926764.297
"7533",0,38.53528594,38,1926764.297
"7534",0,38.53528594,39,1926764.297
"7535",0,38.53528594,4,1926764.297
"7536",0,38.53528594,40,1926764.297
"7537",0,38.53528594,41,1926764.297
"7538",0,38.53528594,42,1926764.297
"7539",0,38.53528594,43,1926764.297
"7540",0,38.53528594,44,1926764.297
"7541",0,38.53528594,45,1926764.297
"7542",0,38.53528594,46,1926764.297
"7543",0,38.53528594,47,1926764.297
"7544",0,38.53528594,48,1926764.297
"7545",0,38.53528594,49,1926764.297
"7546",0,38.53528594,5,1926764.297
"7547",0,38.53528594,50,1926764.297
"7548",0,38.53528594,51,1926764.297
"7549",0,38.53528594,52,1926764.297
"7550",0,38.53528594,53,1926764.297
"7551",0,38.53528594,54,1926764.297
"7552",0,38.53528594,55,1926764.297
"7553",0,38.53528594,56,1926764.297
"7554",0,38.53528594,57,1926764.297
"7555",0,38.53528594,58,1926764.297
"7556",0,38.53528594,59,1926764.297
"7557",0,38.53528594,6,1926764.297
"7558",0,38.53528594,60,1926764.297
"7559",0,38.53528594,61,1926764.297
"7560",0,38.53528594,62,1926764.297
"7561",0,38.53528594,63,1926764.297
"7562",0,38.53528594,64,1926764.297
"7563",0,38.53528594,65,1926764.297
"7564",0,38.53528594,66,1926764.297
"7565",0,38.53528594,67,1926764.297
"7566",0,38.53528594,68,1926764.297
"7567",0,38.53528594,69,1926764.297
"7568",0,38.53528594,7,1926764.297
"7569",0,38.53528594,70,1926764.297
"7570",0,38.53528594,71,1926764.297
"7571",0,38.53528594,72,1926764.297
"7572",0,38.53528594,73,1926764.297
"7573",0,38.53528594,74,1926764.297
"7574",0,38.53528594,75,1926764.297
"7575",0,38.53528594,76,1926764.297
"7576",0,38.53528594,77,1926764.297
"7577",0,38.53528594,78,1926764.297
"7578",0,38.53528594,79,1926764.297
"7579",0,38.53528594,8,1926764.297
"7580",0,38.53528594,80,1926764.297
"7581",0,38.53528594,81,1926764.297
"7582",0,38.53528594,82,1926764.297
"7583",0,38.53528594,83,1926764.297
"7584",0,38.53528594,84,1926764.297
"7585",0,38.53528594,85,1926764.297
"7586",0,38.53528594,86,1926764.297
"7587",0,38.53528594,87,1926764.297
"7588",0,38.53528594,88,1926764.297
"7589",0,38.53528594,89,1926764.297
"7590",0,38.53528594,9,1926764.297
"7591",0,38.53528594,90,1926764.297
"7592",0,38.53528594,91,1926764.297
"7593",0,38.53528594,92,1926764.297
"7594",0,38.53528594,93,1926764.297
"7595",0,38.53528594,94,1926764.297
"7596",0,38.53528594,95,1926764.297
"7597",0,38.53528594,96,1926764.297
"7598",0,38.53528594,97,1926764.297
"7599",0,38.53528594,98,1926764.297
"7600",0,38.53528594,99,1926764.297
"7601",0,394.42060594,1,19721030.297
"7602",0,394.42060594,10,19721030.297
"7603",0,394.42060594,100,19721030.297
"7604",0,394.42060594,11,19721030.297
"7605",0,394.42060594,12,19721030.297
"7606",0,394.42060594,13,19721030.297
"7607",0,394.42060594,14,19721030.297
"7608",0,394.42060594,15,19721030.297
"7609",0,394.42060594,16,19721030.297
"7610",0,394.42060594,17,19721030.297
"7611",0,394.42060594,18,19721030.297
"7612",0,394.42060594,19,19721030.297
"7613",0,394.42060594,2,19721030.297
"7614",0,394.42060594,20,19721030.297
"7615",0,394.42060594,21,19721030.297
"7616",0,394.42060594,22,19721030.297
"7617",0,394.42060594,23,19721030.297
"7618",0,394.42060594,24,19721030.297
"7619",0,394.42060594,25,19721030.297
"7620",0,394.42060594,26,19721030.297
"7621",0,394.42060594,27,19721030.297
"7622",0,394.42060594,28,19721030.297
"7623",0,394.42060594,29,19721030.297
"7624",0,394.42060594,3,19721030.297
"7625",0,394.42060594,30,19721030.297
"7626",0,394.42060594,31,19721030.297
"7627",0,394.42060594,32,19721030.297
"7628",0,394.42060594,33,19721030.297
"7629",0,394.42060594,34,19721030.297
"7630",0,394.42060594,35,19721030.297
"7631",0,394.42060594,36,19721030.297
"7632",0,394.42060594,37,19721030.297
"7633",0,394.42060594,38,19721030.297
"7634",0,394.42060594,39,19721030.297
"7635",0,394.42060594,4,19721030.297
"7636",0,394.42060594,40,19721030.297
"7637",0,394.42060594,41,19721030.297
"7638",0,394.42060594,42,19721030.297
"7639",0,394.42060594,43,19721030.297
"7640",0,394.42060594,44,19721030.297
"7641",0,394.42060594,45,19721030.297
"7642",0,394.42060594,46,19721030.297
"7643",0,394.42060594,47,19721030.297
"7644",0,394.42060594,48,19721030.297
"7645",0,394.42060594,49,19721030.297
"7646",0,394.42060594,5,19721030.297
"7647",0,394.42060594,50,19721030.297
"7648",0,394.42060594,51,19721030.297
"7649",0,394.42060594,52,19721030.297
"7650",0,394.42060594,53,19721030.297
"7651",0,394.42060594,54,19721030.297
"7652",0,394.42060594,55,19721030.297
"7653",0,394.42060594,56,19721030.297
"7654",0,394.42060594,57,19721030.297
"7655",0,394.42060594,58,19721030.297
"7656",0,394.42060594,59,19721030.297
"7657",0,394.42060594,6,19721030.297
"7658",0,394.42060594,60,19721030.297
"7659",0,394.42060594,61,19721030.297
"7660",0,394.42060594,62,19721030.297
"7661",0,394.42060594,63,19721030.297
"7662",0,394.42060594,64,19721030.297
"7663",0,394.42060594,65,19721030.297
"7664",0,394.42060594,66,19721030.297
"7665",0,394.42060594,67,19721030.297
"7666",0,394.42060594,68,19721030.297
"7667",0,394.42060594,69,19721030.297
"7668",0,394.42060594,7,19721030.297
"7669",0,394.42060594,70,19721030.297
"7670",0,394.42060594,71,19721030.297
"7671",0,394.42060594,72,19721030.297
"7672",0,394.42060594,73,19721030.297
"7673",0,394.42060594,74,19721030.297
"7674",0,394.42060594,75,19721030.297
"7675",0,394.42060594,76,19721030.297
"7676",0,394.42060594,77,19721030.297
"7677",0,394.42060594,78,19721030.297
"7678",0,394.42060594,79,19721030.297
"7679",0,394.42060594,8,19721030.297
"7680",0,394.42060594,80,19721030.297
"7681",0,394.42060594,81,19721030.297
"7682",0,394.42060594,82,19721030.297
"7683",0,394.42060594,83,19721030.297
"7684",0,394.42060594,84,19721030.297
"7685",0,394.42060594,85,19721030.297
"7686",0,394.42060594,86,19721030.297
"7687",0,394.42060594,87,19721030.297
"7688",0,394.42060594,88,19721030.297
"7689",0,394.42060594,89,19721030.297
"7690",0,394.42060594,9,19721030.297
"7691",0,394.42060594,90,19721030.297
"7692",0,394.42060594,91,19721030.297
"7693",0,394.42060594,92,19721030.297
"7694",0,394.42060594,93,19721030.297
"7695",0,394.42060594,94,19721030.297
"7696",0,394.42060594,95,19721030.297
"7697",0,394.42060594,96,19721030.297
"7698",0,394.42060594,97,19721030.297
"7699",0,394.42060594,98,19721030.297
"7700",0,394.42060594,99,19721030.297
"7701",0,4.22924287,1,211462.1435
"7702",0,4.22924287,10,211462.1435
"7703",0,4.22924287,100,211462.1435
"7704",0,4.22924287,11,211462.1435
"7705",0,4.22924287,12,211462.1435
"7706",0,4.22924287,13,211462.1435
"7707",0,4.22924287,14,211462.1435
"7708",0,4.22924287,15,211462.1435
"7709",0,4.22924287,16,211462.1435
"7710",0,4.22924287,17,211462.1435
"7711",0,4.22924287,18,211462.1435
"7712",0,4.22924287,19,211462.1435
"7713",0,4.22924287,2,211462.1435
"7714",0,4.22924287,20,211462.1435
"7715",0,4.22924287,21,211462.1435
"7716",0,4.22924287,22,211462.1435
"7717",0,4.22924287,23,211462.1435
"7718",0,4.22924287,24,211462.1435
"7719",0,4.22924287,25,211462.1435
"7720",0,4.22924287,26,211462.1435
"7721",0,4.22924287,27,211462.1435
"7722",0,4.22924287,28,211462.1435
"7723",0,4.22924287,29,211462.1435
"7724",0,4.22924287,3,211462.1435
"7725",0,4.22924287,30,211462.1435
"7726",0,4.22924287,31,211462.1435
"7727",0,4.22924287,32,211462.1435
"7728",0,4.22924287,33,211462.1435
"7729",0,4.22924287,34,211462.1435
"7730",0,4.22924287,35,211462.1435
"7731",0,4.22924287,36,211462.1435
"7732",0,4.22924287,37,211462.1435
"7733",0,4.22924287,38,211462.1435
"7734",0,4.22924287,39,211462.1435
"7735",0,4.22924287,4,211462.1435
"7736",0,4.22924287,40,211462.1435
"7737",0,4.22924287,41,211462.1435
"7738",0,4.22924287,42,211462.1435
"7739",0,4.22924287,43,211462.1435
"7740",0,4.22924287,44,211462.1435
"7741",0,4.22924287,45,211462.1435
"7742",0,4.22924287,46,211462.1435
"7743",0,4.22924287,47,211462.1435
"7744",0,4.22924287,48,211462.1435
"7745",0,4.22924287,49,211462.1435
"7746",0,4.22924287,5,211462.1435
"7747",0,4.22924287,50,211462.1435
"7748",0,4.22924287,51,211462.1435
"7749",0,4.22924287,52,211462.1435
"7750",0,4.22924287,53,211462.1435
"7751",0,4.22924287,54,211462.1435
"7752",0,4.22924287,55,211462.1435
"7753",0,4.22924287,56,211462.1435
"7754",0,4.22924287,57,211462.1435
"7755",0,4.22924287,58,211462.1435
"7756",0,4.22924287,59,211462.1435
"7757",0,4.22924287,6,211462.1435
"7758",0,4.22924287,60,211462.1435
"7759",0,4.22924287,61,211462.1435
"7760",0,4.22924287,62,211462.1435
"7761",0,4.22924287,63,211462.1435
"7762",0,4.22924287,64,211462.1435
"7763",0,4.22924287,65,211462.1435
"7764",0,4.22924287,66,211462.1435
"7765",0,4.22924287,67,211462.1435
"7766",0,4.22924287,68,211462.1435
"7767",0,4.22924287,69,211462.1435
"7768",0,4.22924287,7,211462.1435
"7769",0,4.22924287,70,211462.1435
"7770",0,4.22924287,71,211462.1435
"7771",0,4.22924287,72,211462.1435
"7772",0,4.22924287,73,211462.1435
"7773",0,4.22924287,74,211462.1435
"7774",0,4.22924287,75,211462.1435
"7775",0,4.22924287,76,211462.1435
"7776",0,4.22924287,77,211462.1435
"7777",0,4.22924287,78,211462.1435
"7778",0,4.22924287,79,211462.1435
"7779",0,4.22924287,8,211462.1435
"7780",0,4.22924287,80,211462.1435
"7781",0,4.22924287,81,211462.1435
"7782",0,4.22924287,82,211462.1435
"7783",0,4.22924287,83,211462.1435
"7784",0,4.22924287,84,211462.1435
"7785",0,4.22924287,85,211462.1435
"7786",0,4.22924287,86,211462.1435
"7787",0,4.22924287,87,211462.1435
"7788",0,4.22924287,88,211462.1435
"7789",0,4.22924287,89,211462.1435
"7790",0,4.22924287,9,211462.1435
"7791",0,4.22924287,90,211462.1435
"7792",0,4.22924287,91,211462.1435
"7793",0,4.22924287,92,211462.1435
"7794",0,4.22924287,93,211462.1435
"7795",0,4.22924287,94,211462.1435
"7796",0,4.22924287,95,211462.1435
"7797",0,4.22924287,96,211462.1435
"7798",0,4.22924287,97,211462.1435
"7799",0,4.22924287,98,211462.1435
"7800",0,4.22924287,99,211462.1435
"7801",0,4.75081016,1,237540.508
"7802",0,4.75081016,10,237540.508
"7803",0,4.75081016,100,237540.508
"7804",0,4.75081016,11,237540.508
"7805",0,4.75081016,12,237540.508
"7806",0,4.75081016,13,237540.508
"7807",0,4.75081016,14,237540.508
"7808",0,4.75081016,15,237540.508
"7809",0,4.75081016,16,237540.508
"7810",0,4.75081016,17,237540.508
"7811",0,4.75081016,18,237540.508
"7812",0,4.75081016,19,237540.508
"7813",0,4.75081016,2,237540.508
"7814",0,4.75081016,20,237540.508
"7815",0,4.75081016,21,237540.508
"7816",0,4.75081016,22,237540.508
"7817",0,4.75081016,23,237540.508
"7818",0,4.75081016,24,237540.508
"7819",0,4.75081016,25,237540.508
"7820",0,4.75081016,26,237540.508
"7821",0,4.75081016,27,237540.508
"7822",0,4.75081016,28,237540.508
"7823",0,4.75081016,29,237540.508
"7824",0,4.75081016,3,237540.508
"7825",0,4.75081016,30,237540.508
"7826",0,4.75081016,31,237540.508
"7827",0,4.75081016,32,237540.508
"7828",0,4.75081016,33,237540.508
"7829",0,4.75081016,34,237540.508
"7830",0,4.75081016,35,237540.508
"7831",0,4.75081016,36,237540.508
"7832",0,4.75081016,37,237540.508
"7833",0,4.75081016,38,237540.508
"7834",0,4.75081016,39,237540.508
"7835",0,4.75081016,4,237540.508
"7836",0,4.75081016,40,237540.508
"7837",0,4.75081016,41,237540.508
"7838",0,4.75081016,42,237540.508
"7839",0,4.75081016,43,237540.508
"7840",0,4.75081016,44,237540.508
"7841",0,4.75081016,45,237540.508
"7842",0,4.75081016,46,237540.508
"7843",0,4.75081016,47,237540.508
"7844",0,4.75081016,48,237540.508
"7845",0,4.75081016,49,237540.508
"7846",0,4.75081016,5,237540.508
"7847",0,4.75081016,50,237540.508
"7848",0,4.75081016,51,237540.508
"7849",0,4.75081016,52,237540.508
"7850",0,4.75081016,53,237540.508
"7851",0,4.75081016,54,237540.508
"7852",0,4.75081016,55,237540.508
"7853",0,4.75081016,56,237540.508
"7854",0,4.75081016,57,237540.508
"7855",0,4.75081016,58,237540.508
"7856",0,4.75081016,59,237540.508
"7857",0,4.75081016,6,237540.508
"7858",0,4.75081016,60,237540.508
"7859",0,4.75081016,61,237540.508
"7860",0,4.75081016,62,237540.508
"7861",0,4.75081016,63,237540.508
"7862",0,4.75081016,64,237540.508
"7863",0,4.75081016,65,237540.508
"7864",0,4.75081016,66,237540.508
"7865",0,4.75081016,67,237540.508
"7866",0,4.75081016,68,237540.508
"7867",0,4.75081016,69,237540.508
"7868",0,4.75081016,7,237540.508
"7869",0,4.75081016,70,237540.508
"7870",0,4.75081016,71,237540.508
"7871",0,4.75081016,72,237540.508
"7872",0,4.75081016,73,237540.508
"7873",0,4.75081016,74,237540.508
"7874",0,4.75081016,75,237540.508
"7875",0,4.75081016,76,237540.508
"7876",0,4.75081016,77,237540.508
"7877",0,4.75081016,78,237540.508
"7878",0,4.75081016,79,237540.508
"7879",0,4.75081016,8,237540.508
"7880",0,4.75081016,80,237540.508
"7881",0,4.75081016,81,237540.508
"7882",0,4.75081016,82,237540.508
"7883",0,4.75081016,83,237540.508
"7884",0,4.75081016,84,237540.508
"7885",0,4.75081016,85,237540.508
"7886",0,4.75081016,86,237540.508
"7887",0,4.75081016,87,237540.508
"7888",0,4.75081016,88,237540.508
"7889",0,4.75081016,89,237540.508
"7890",0,4.75081016,9,237540.508
"7891",0,4.75081016,90,237540.508
"7892",0,4.75081016,91,237540.508
"7893",0,4.75081016,92,237540.508
"7894",0,4.75081016,93,237540.508
"7895",0,4.75081016,94,237540.508
"7896",0,4.75081016,95,237540.508
"7897",0,4.75081016,96,237540.508
"7898",0,4.75081016,97,237540.508
"7899",0,4.75081016,98,237540.508
"7900",0,4.75081016,99,237540.508
"7901",0,43.28761281,1,2164380.6405
"7902",0,43.28761281,10,2164380.6405
"7903",0,43.28761281,100,2164380.6405
"7904",0,43.28761281,11,2164380.6405
"7905",0,43.28761281,12,2164380.6405
"7906",0,43.28761281,13,2164380.6405
"7907",0,43.28761281,14,2164380.6405
"7908",0,43.28761281,15,2164380.6405
"7909",0,43.28761281,16,2164380.6405
"7910",0,43.28761281,17,2164380.6405
"7911",0,43.28761281,18,2164380.6405
"7912",0,43.28761281,19,2164380.6405
"7913",0,43.28761281,2,2164380.6405
"7914",0,43.28761281,20,2164380.6405
"7915",0,43.28761281,21,2164380.6405
"7916",0,43.28761281,22,2164380.6405
"7917",0,43.28761281,23,2164380.6405
"7918",0,43.28761281,24,2164380.6405
"7919",0,43.28761281,25,2164380.6405
"7920",0,43.28761281,26,2164380.6405
"7921",0,43.28761281,27,2164380.6405
"7922",0,43.28761281,28,2164380.6405
"7923",0,43.28761281,29,2164380.6405
"7924",0,43.28761281,3,2164380.6405
"7925",0,43.28761281,30,2164380.6405
"7926",0,43.28761281,31,2164380.6405
"7927",0,43.28761281,32,2164380.6405
"7928",0,43.28761281,33,2164380.6405
"7929",0,43.28761281,34,2164380.6405
"7930",0,43.28761281,35,2164380.6405
"7931",0,43.28761281,36,2164380.6405
"7932",0,43.28761281,37,2164380.6405
"7933",0,43.28761281,38,2164380.6405
"7934",0,43.28761281,39,2164380.6405
"7935",0,43.28761281,4,2164380.6405
"7936",0,43.28761281,40,2164380.6405
"7937",0,43.28761281,41,2164380.6405
"7938",0,43.28761281,42,2164380.6405
"7939",0,43.28761281,43,2164380.6405
"7940",0,43.28761281,44,2164380.6405
"7941",0,43.28761281,45,2164380.6405
"7942",0,43.28761281,46,2164380.6405
"7943",0,43.28761281,47,2164380.6405
"7944",0,43.28761281,48,2164380.6405
"7945",0,43.28761281,49,2164380.6405
"7946",0,43.28761281,5,2164380.6405
"7947",0,43.28761281,50,2164380.6405
"7948",0,43.28761281,51,2164380.6405
"7949",0,43.28761281,52,2164380.6405
"7950",0,43.28761281,53,2164380.6405
"7951",0,43.28761281,54,2164380.6405
"7952",0,43.28761281,55,2164380.6405
"7953",0,43.28761281,56,2164380.6405
"7954",0,43.28761281,57,2164380.6405
"7955",0,43.28761281,58,2164380.6405
"7956",0,43.28761281,59,2164380.6405
"7957",0,43.28761281,6,2164380.6405
"7958",0,43.28761281,60,2164380.6405
"7959",0,43.28761281,61,2164380.6405
"7960",0,43.28761281,62,2164380.6405
"7961",0,43.28761281,63,2164380.6405
"7962",0,43.28761281,64,2164380.6405
"7963",0,43.28761281,65,2164380.6405
"7964",0,43.28761281,66,2164380.6405
"7965",0,43.28761281,67,2164380.6405
"7966",0,43.28761281,68,2164380.6405
"7967",0,43.28761281,69,2164380.6405
"7968",0,43.28761281,7,2164380.6405
"7969",0,43.28761281,70,2164380.6405
"7970",0,43.28761281,71,2164380.6405
"7971",0,43.28761281,72,2164380.6405
"7972",0,43.28761281,73,2164380.6405
"7973",0,43.28761281,74,2164380.6405
"7974",0,43.28761281,75,2164380.6405
"7975",0,43.28761281,76,2164380.6405
"7976",0,43.28761281,77,2164380.6405
"7977",0,43.28761281,78,2164380.6405
"7978",0,43.28761281,79,2164380.6405
"7979",0,43.28761281,8,2164380.6405
"7980",0,43.28761281,80,2164380.6405
"7981",0,43.28761281,81,2164380.6405
"7982",0,43.28761281,82,2164380.6405
"7983",0,43.28761281,83,2164380.6405
"7984",0,43.28761281,84,2164380.6405
"7985",0,43.28761281,85,2164380.6405
"7986",0,43.28761281,86,2164380.6405
"7987",0,43.28761281,87,2164380.6405
"7988",0,43.28761281,88,2164380.6405
"7989",0,43.28761281,89,2164380.6405
"7990",0,43.28761281,9,2164380.6405
"7991",0,43.28761281,90,2164380.6405
"7992",0,43.28761281,91,2164380.6405
"7993",0,43.28761281,92,2164380.6405
"7994",0,43.28761281,93,2164380.6405
"7995",0,43.28761281,94,2164380.6405
"7996",0,43.28761281,95,2164380.6405
"7997",0,43.28761281,96,2164380.6405
"7998",0,43.28761281,97,2164380.6405
"7999",0,43.28761281,98,2164380.6405
"8000",0,43.28761281,99,2164380.6405
"8001",0,443.06214576,1,22153107.288
"8002",0,443.06214576,10,22153107.288
"8003",0,443.06214576,100,22153107.288
"8004",0,443.06214576,11,22153107.288
"8005",0,443.06214576,12,22153107.288
"8006",0,443.06214576,13,22153107.288
"8007",0,443.06214576,14,22153107.288
"8008",0,443.06214576,15,22153107.288
"8009",0,443.06214576,16,22153107.288
"8010",0,443.06214576,17,22153107.288
"8011",0,443.06214576,18,22153107.288
"8012",0,443.06214576,19,22153107.288
"8013",0,443.06214576,2,22153107.288
"8014",0,443.06214576,20,22153107.288
"8015",0,443.06214576,21,22153107.288
"8016",0,443.06214576,22,22153107.288
"8017",0,443.06214576,23,22153107.288
"8018",0,443.06214576,24,22153107.288
"8019",0,443.06214576,25,22153107.288
"8020",0,443.06214576,26,22153107.288
"8021",0,443.06214576,27,22153107.288
"8022",0,443.06214576,28,22153107.288
"8023",0,443.06214576,29,22153107.288
"8024",0,443.06214576,3,22153107.288
"8025",0,443.06214576,30,22153107.288
"8026",0,443.06214576,31,22153107.288
"8027",0,443.06214576,32,22153107.288
"8028",0,443.06214576,33,22153107.288
"8029",0,443.06214576,34,22153107.288
"8030",0,443.06214576,35,22153107.288
"8031",0,443.06214576,36,22153107.288
"8032",0,443.06214576,37,22153107.288
"8033",0,443.06214576,38,22153107.288
"8034",0,443.06214576,39,22153107.288
"8035",0,443.06214576,4,22153107.288
"8036",0,443.06214576,40,22153107.288
"8037",0,443.06214576,41,22153107.288
"8038",0,443.06214576,42,22153107.288
"8039",0,443.06214576,43,22153107.288
"8040",0,443.06214576,44,22153107.288
"8041",0,443.06214576,45,22153107.288
"8042",0,443.06214576,46,22153107.288
"8043",0,443.06214576,47,22153107.288
"8044",0,443.06214576,48,22153107.288
"8045",0,443.06214576,49,22153107.288
"8046",0,443.06214576,5,22153107.288
"8047",0,443.06214576,50,22153107.288
"8048",0,443.06214576,51,22153107.288
"8049",0,443.06214576,52,22153107.288
"8050",0,443.06214576,53,22153107.288
"8051",0,443.06214576,54,22153107.288
"8052",0,443.06214576,55,22153107.288
"8053",0,443.06214576,56,22153107.288
"8054",0,443.06214576,57,22153107.288
"8055",0,443.06214576,58,22153107.288
"8056",0,443.06214576,59,22153107.288
"8057",0,443.06214576,6,22153107.288
"8058",0,443.06214576,60,22153107.288
"8059",0,443.06214576,61,22153107.288
"8060",0,443.06214576,62,22153107.288
"8061",0,443.06214576,63,22153107.288
"8062",0,443.06214576,64,22153107.288
"8063",0,443.06214576,65,22153107.288
"8064",0,443.06214576,66,22153107.288
"8065",0,443.06214576,67,22153107.288
"8066",0,443.06214576,68,22153107.288
"8067",0,443.06214576,69,22153107.288
"8068",0,443.06214576,7,22153107.288
"8069",0,443.06214576,70,22153107.288
"8070",0,443.06214576,71,22153107.288
"8071",0,443.06214576,72,22153107.288
"8072",0,443.06214576,73,22153107.288
"8073",0,443.06214576,74,22153107.288
"8074",0,443.06214576,75,22153107.288
"8075",0,443.06214576,76,22153107.288
"8076",0,443.06214576,77,22153107.288
"8077",0,443.06214576,78,22153107.288
"8078",0,443.06214576,79,22153107.288
"8079",0,443.06214576,8,22153107.288
"8080",0,443.06214576,80,22153107.288
"8081",0,443.06214576,81,22153107.288
"8082",0,443.06214576,82,22153107.288
"8083",0,443.06214576,83,22153107.288
"8084",0,443.06214576,84,22153107.288
"8085",0,443.06214576,85,22153107.288
"8086",0,443.06214576,86,22153107.288
"8087",0,443.06214576,87,22153107.288
"8088",0,443.06214576,88,22153107.288
"8089",0,443.06214576,89,22153107.288
"8090",0,443.06214576,9,22153107.288
"8091",0,443.06214576,90,22153107.288
"8092",0,443.06214576,91,22153107.288
"8093",0,443.06214576,92,22153107.288
"8094",0,443.06214576,93,22153107.288
"8095",0,443.06214576,94,22153107.288
"8096",0,443.06214576,95,22153107.288
"8097",0,443.06214576,96,22153107.288
"8098",0,443.06214576,97,22153107.288
"8099",0,443.06214576,98,22153107.288
"8100",0,443.06214576,99,22153107.288
"8101",0,48.6260158,1,2431300.79
"8102",0,48.6260158,10,2431300.79
"8103",0,48.6260158,100,2431300.79
"8104",0,48.6260158,11,2431300.79
"8105",0,48.6260158,12,2431300.79
"8106",0,48.6260158,13,2431300.79
"8107",0,48.6260158,14,2431300.79
"8108",0,48.6260158,15,2431300.79
"8109",0,48.6260158,16,2431300.79
"8110",0,48.6260158,17,2431300.79
"8111",0,48.6260158,18,2431300.79
"8112",0,48.6260158,19,2431300.79
"8113",0,48.6260158,2,2431300.79
"8114",0,48.6260158,20,2431300.79
"8115",0,48.6260158,21,2431300.79
"8116",0,48.6260158,22,2431300.79
"8117",0,48.6260158,23,2431300.79
"8118",0,48.6260158,24,2431300.79
"8119",0,48.6260158,25,2431300.79
"8120",0,48.6260158,26,2431300.79
"8121",0,48.6260158,27,2431300.79
"8122",0,48.6260158,28,2431300.79
"8123",0,48.6260158,29,2431300.79
"8124",0,48.6260158,3,2431300.79
"8125",0,48.6260158,30,2431300.79
"8126",0,48.6260158,31,2431300.79
"8127",0,48.6260158,32,2431300.79
"8128",0,48.6260158,33,2431300.79
"8129",0,48.6260158,34,2431300.79
"8130",0,48.6260158,35,2431300.79
"8131",0,48.6260158,36,2431300.79
"8132",0,48.6260158,37,2431300.79
"8133",0,48.6260158,38,2431300.79
"8134",0,48.6260158,39,2431300.79
"8135",0,48.6260158,4,2431300.79
"8136",0,48.6260158,40,2431300.79
"8137",0,48.6260158,41,2431300.79
"8138",0,48.6260158,42,2431300.79
"8139",0,48.6260158,43,2431300.79
"8140",0,48.6260158,44,2431300.79
"8141",0,48.6260158,45,2431300.79
"8142",0,48.6260158,46,2431300.79
"8143",0,48.6260158,47,2431300.79
"8144",0,48.6260158,48,2431300.79
"8145",0,48.6260158,49,2431300.79
"8146",0,48.6260158,5,2431300.79
"8147",0,48.6260158,50,2431300.79
"8148",0,48.6260158,51,2431300.79
"8149",0,48.6260158,52,2431300.79
"8150",0,48.6260158,53,2431300.79
"8151",0,48.6260158,54,2431300.79
"8152",0,48.6260158,55,2431300.79
"8153",0,48.6260158,56,2431300.79
"8154",0,48.6260158,57,2431300.79
"8155",0,48.6260158,58,2431300.79
"8156",0,48.6260158,59,2431300.79
"8157",0,48.6260158,6,2431300.79
"8158",0,48.6260158,60,2431300.79
"8159",0,48.6260158,61,2431300.79
"8160",0,48.6260158,62,2431300.79
"8161",0,48.6260158,63,2431300.79
"8162",0,48.6260158,64,2431300.79
"8163",0,48.6260158,65,2431300.79
"8164",0,48.6260158,66,2431300.79
"8165",0,48.6260158,67,2431300.79
"8166",0,48.6260158,68,2431300.79
"8167",0,48.6260158,69,2431300.79
"8168",0,48.6260158,7,2431300.79
"8169",0,48.6260158,70,2431300.79
"8170",0,48.6260158,71,2431300.79
"8171",0,48.6260158,72,2431300.79
"8172",0,48.6260158,73,2431300.79
"8173",0,48.6260158,74,2431300.79
"8174",0,48.6260158,75,2431300.79
"8175",0,48.6260158,76,2431300.79
"8176",0,48.6260158,77,2431300.79
"8177",0,48.6260158,78,2431300.79
"8178",0,48.6260158,79,2431300.79
"8179",0,48.6260158,8,2431300.79
"8180",0,48.6260158,80,2431300.79
"8181",0,48.6260158,81,2431300.79
"8182",0,48.6260158,82,2431300.79
"8183",0,48.6260158,83,2431300.79
"8184",0,48.6260158,84,2431300.79
"8185",0,48.6260158,85,2431300.79
"8186",0,48.6260158,86,2431300.79
"8187",0,48.6260158,87,2431300.79
"8188",0,48.6260158,88,2431300.79
"8189",0,48.6260158,89,2431300.79
"8190",0,48.6260158,9,2431300.79
"8191",0,48.6260158,90,2431300.79
"8192",0,48.6260158,91,2431300.79
"8193",0,48.6260158,92,2431300.79
"8194",0,48.6260158,93,2431300.79
"8195",0,48.6260158,94,2431300.79
"8196",0,48.6260158,95,2431300.79
"8197",0,48.6260158,96,2431300.79
"8198",0,48.6260158,97,2431300.79
"8199",0,48.6260158,98,2431300.79
"8200",0,48.6260158,99,2431300.79
"8201",0,497.70235643,1,24885117.8215
"8202",0,497.70235643,10,24885117.8215
"8203",0,497.70235643,100,24885117.8215
"8204",0,497.70235643,11,24885117.8215
"8205",0,497.70235643,12,24885117.8215
"8206",0,497.70235643,13,24885117.8215
"8207",0,497.70235643,14,24885117.8215
"8208",0,497.70235643,15,24885117.8215
"8209",0,497.70235643,16,24885117.8215
"8210",0,497.70235643,17,24885117.8215
"8211",0,497.70235643,18,24885117.8215
"8212",0,497.70235643,19,24885117.8215
"8213",0,497.70235643,2,24885117.8215
"8214",0,497.70235643,20,24885117.8215
"8215",0,497.70235643,21,24885117.8215
"8216",0,497.70235643,22,24885117.8215
"8217",0,497.70235643,23,24885117.8215
"8218",0,497.70235643,24,24885117.8215
"8219",0,497.70235643,25,24885117.8215
"8220",0,497.70235643,26,24885117.8215
"8221",0,497.70235643,27,24885117.8215
"8222",0,497.70235643,28,24885117.8215
"8223",0,497.70235643,29,24885117.8215
"8224",0,497.70235643,3,24885117.8215
"8225",0,497.70235643,30,24885117.8215
"8226",0,497.70235643,31,24885117.8215
"8227",0,497.70235643,32,24885117.8215
"8228",0,497.70235643,33,24885117.8215
"8229",0,497.70235643,34,24885117.8215
"8230",0,497.70235643,35,24885117.8215
"8231",0,497.70235643,36,24885117.8215
"8232",0,497.70235643,37,24885117.8215
"8233",0,497.70235643,38,24885117.8215
"8234",0,497.70235643,39,24885117.8215
"8235",0,497.70235643,4,24885117.8215
"8236",0,497.70235643,40,24885117.8215
"8237",0,497.70235643,41,24885117.8215
"8238",0,497.70235643,42,24885117.8215
"8239",0,497.70235643,43,24885117.8215
"8240",0,497.70235643,44,24885117.8215
"8241",0,497.70235643,45,24885117.8215
"8242",0,497.70235643,46,24885117.8215
"8243",0,497.70235643,47,24885117.8215
"8244",0,497.70235643,48,24885117.8215
"8245",0,497.70235643,49,24885117.8215
"8246",0,497.70235643,5,24885117.8215
"8247",0,497.70235643,50,24885117.8215
"8248",0,497.70235643,51,24885117.8215
"8249",0,497.70235643,52,24885117.8215
"8250",0,497.70235643,53,24885117.8215
"8251",0,497.70235643,54,24885117.8215
"8252",0,497.70235643,55,24885117.8215
"8253",0,497.70235643,56,24885117.8215
"8254",0,497.70235643,57,24885117.8215
"8255",0,497.70235643,58,24885117.8215
"8256",0,497.70235643,59,24885117.8215
"8257",0,497.70235643,6,24885117.8215
"8258",0,497.70235643,60,24885117.8215
"8259",0,497.70235643,61,24885117.8215
"8260",0,497.70235643,62,24885117.8215
"8261",0,497.70235643,63,24885117.8215
"8262",0,497.70235643,64,24885117.8215
"8263",0,497.70235643,65,24885117.8215
"8264",0,497.70235643,66,24885117.8215
"8265",0,497.70235643,67,24885117.8215
"8266",0,497.70235643,68,24885117.8215
"8267",0,497.70235643,69,24885117.8215
"8268",0,497.70235643,7,24885117.8215
"8269",0,497.70235643,70,24885117.8215
"8270",0,497.70235643,71,24885117.8215
"8271",0,497.70235643,72,24885117.8215
"8272",0,497.70235643,73,24885117.8215
"8273",0,497.70235643,74,24885117.8215
"8274",0,497.70235643,75,24885117.8215
"8275",0,497.70235643,76,24885117.8215
"8276",0,497.70235643,77,24885117.8215
"8277",0,497.70235643,78,24885117.8215
"8278",0,497.70235643,79,24885117.8215
"8279",0,497.70235643,8,24885117.8215
"8280",0,497.70235643,80,24885117.8215
"8281",0,497.70235643,81,24885117.8215
"8282",0,497.70235643,82,24885117.8215
"8283",0,497.70235643,83,24885117.8215
"8284",0,497.70235643,84,24885117.8215
"8285",0,497.70235643,85,24885117.8215
"8286",0,497.70235643,86,24885117.8215
"8287",0,497.70235643,87,24885117.8215
"8288",0,497.70235643,88,24885117.8215
"8289",0,497.70235643,89,24885117.8215
"8290",0,497.70235643,9,24885117.8215
"8291",0,497.70235643,90,24885117.8215
"8292",0,497.70235643,91,24885117.8215
"8293",0,497.70235643,92,24885117.8215
"8294",0,497.70235643,93,24885117.8215
"8295",0,497.70235643,94,24885117.8215
"8296",0,497.70235643,95,24885117.8215
"8297",0,497.70235643,96,24885117.8215
"8298",0,497.70235643,97,24885117.8215
"8299",0,497.70235643,98,24885117.8215
"8300",0,497.70235643,99,24885117.8215
"8301",0,5.33669923,1,266834.9615
"8302",0,5.33669923,10,266834.9615
"8303",0,5.33669923,100,266834.9615
"8304",0,5.33669923,11,266834.9615
"8305",0,5.33669923,12,266834.9615
"8306",0,5.33669923,13,266834.9615
"8307",0,5.33669923,14,266834.9615
"8308",0,5.33669923,15,266834.9615
"8309",0,5.33669923,16,266834.9615
"8310",0,5.33669923,17,266834.9615
"8311",0,5.33669923,18,266834.9615
"8312",0,5.33669923,19,266834.9615
"8313",0,5.33669923,2,266834.9615
"8314",0,5.33669923,20,266834.9615
"8315",0,5.33669923,21,266834.9615
"8316",0,5.33669923,22,266834.9615
"8317",0,5.33669923,23,266834.9615
"8318",0,5.33669923,24,266834.9615
"8319",0,5.33669923,25,266834.9615
"8320",0,5.33669923,26,266834.9615
"8321",0,5.33669923,27,266834.9615
"8322",0,5.33669923,28,266834.9615
"8323",0,5.33669923,29,266834.9615
"8324",0,5.33669923,3,266834.9615
"8325",0,5.33669923,30,266834.9615
"8326",0,5.33669923,31,266834.9615
"8327",0,5.33669923,32,266834.9615
"8328",0,5.33669923,33,266834.9615
"8329",0,5.33669923,34,266834.9615
"8330",0,5.33669923,35,266834.9615
"8331",0,5.33669923,36,266834.9615
"8332",0,5.33669923,37,266834.9615
"8333",0,5.33669923,38,266834.9615
"8334",0,5.33669923,39,266834.9615
"8335",0,5.33669923,4,266834.9615
"8336",0,5.33669923,40,266834.9615
"8337",0,5.33669923,41,266834.9615
"8338",0,5.33669923,42,266834.9615
"8339",0,5.33669923,43,266834.9615
"8340",0,5.33669923,44,266834.9615
"8341",0,5.33669923,45,266834.9615
"8342",0,5.33669923,46,266834.9615
"8343",0,5.33669923,47,266834.9615
"8344",0,5.33669923,48,266834.9615
"8345",0,5.33669923,49,266834.9615
"8346",0,5.33669923,5,266834.9615
"8347",0,5.33669923,50,266834.9615
"8348",0,5.33669923,51,266834.9615
"8349",0,5.33669923,52,266834.9615
"8350",0,5.33669923,53,266834.9615
"8351",0,5.33669923,54,266834.9615
"8352",0,5.33669923,55,266834.9615
"8353",0,5.33669923,56,266834.9615
"8354",0,5.33669923,57,266834.9615
"8355",0,5.33669923,58,266834.9615
"8356",0,5.33669923,59,266834.9615
"8357",0,5.33669923,6,266834.9615
"8358",0,5.33669923,60,266834.9615
"8359",0,5.33669923,61,266834.9615
"8360",0,5.33669923,62,266834.9615
"8361",0,5.33669923,63,266834.9615
"8362",0,5.33669923,64,266834.9615
"8363",0,5.33669923,65,266834.9615
"8364",0,5.33669923,66,266834.9615
"8365",0,5.33669923,67,266834.9615
"8366",0,5.33669923,68,266834.9615
"8367",0,5.33669923,69,266834.9615
"8368",0,5.33669923,7,266834.9615
"8369",0,5.33669923,70,266834.9615
"8370",0,5.33669923,71,266834.9615
"8371",0,5.33669923,72,266834.9615
"8372",0,5.33669923,73,266834.9615
"8373",0,5.33669923,74,266834.9615
"8374",0,5.33669923,75,266834.9615
"8375",0,5.33669923,76,266834.9615
"8376",0,5.33669923,77,266834.9615
"8377",0,5.33669923,78,266834.9615
"8378",0,5.33669923,79,266834.9615
"8379",0,5.33669923,8,266834.9615
"8380",0,5.33669923,80,266834.9615
"8381",0,5.33669923,81,266834.9615
"8382",0,5.33669923,82,266834.9615
"8383",0,5.33669923,83,266834.9615
"8384",0,5.33669923,84,266834.9615
"8385",0,5.33669923,85,266834.9615
"8386",0,5.33669923,86,266834.9615
"8387",0,5.33669923,87,266834.9615
"8388",0,5.33669923,88,266834.9615
"8389",0,5.33669923,89,266834.9615
"8390",0,5.33669923,9,266834.9615
"8391",0,5.33669923,90,266834.9615
"8392",0,5.33669923,91,266834.9615
"8393",0,5.33669923,92,266834.9615
"8394",0,5.33669923,93,266834.9615
"8395",0,5.33669923,94,266834.9615
"8396",0,5.33669923,95,266834.9615
"8397",0,5.33669923,96,266834.9615
"8398",0,5.33669923,97,266834.9615
"8399",0,5.33669923,98,266834.9615
"8400",0,5.33669923,99,266834.9615
"8401",0,5.9948425,1,299742.125
"8402",0,5.9948425,10,299742.125
"8403",0,5.9948425,100,299742.125
"8404",0,5.9948425,11,299742.125
"8405",0,5.9948425,12,299742.125
"8406",0,5.9948425,13,299742.125
"8407",0,5.9948425,14,299742.125
"8408",0,5.9948425,15,299742.125
"8409",0,5.9948425,16,299742.125
"8410",0,5.9948425,17,299742.125
"8411",0,5.9948425,18,299742.125
"8412",0,5.9948425,19,299742.125
"8413",0,5.9948425,2,299742.125
"8414",0,5.9948425,20,299742.125
"8415",0,5.9948425,21,299742.125
"8416",0,5.9948425,22,299742.125
"8417",0,5.9948425,23,299742.125
"8418",0,5.9948425,24,299742.125
"8419",0,5.9948425,25,299742.125
"8420",0,5.9948425,26,299742.125
"8421",0,5.9948425,27,299742.125
"8422",0,5.9948425,28,299742.125
"8423",0,5.9948425,29,299742.125
"8424",0,5.9948425,3,299742.125
"8425",0,5.9948425,30,299742.125
"8426",0,5.9948425,31,299742.125
"8427",0,5.9948425,32,299742.125
"8428",0,5.9948425,33,299742.125
"8429",0,5.9948425,34,299742.125
"8430",0,5.9948425,35,299742.125
"8431",0,5.9948425,36,299742.125
"8432",0,5.9948425,37,299742.125
"8433",0,5.9948425,38,299742.125
"8434",0,5.9948425,39,299742.125
"8435",0,5.9948425,4,299742.125
"8436",0,5.9948425,40,299742.125
"8437",0,5.9948425,41,299742.125
"8438",0,5.9948425,42,299742.125
"8439",0,5.9948425,43,299742.125
"8440",0,5.9948425,44,299742.125
"8441",0,5.9948425,45,299742.125
"8442",0,5.9948425,46,299742.125
"8443",0,5.9948425,47,299742.125
"8444",0,5.9948425,48,299742.125
"8445",0,5.9948425,49,299742.125
"8446",0,5.9948425,5,299742.125
"8447",0,5.9948425,50,299742.125
"8448",0,5.9948425,51,299742.125
"8449",0,5.9948425,52,299742.125
"8450",0,5.9948425,53,299742.125
"8451",0,5.9948425,54,299742.125
"8452",0,5.9948425,55,299742.125
"8453",0,5.9948425,56,299742.125
"8454",0,5.9948425,57,299742.125
"8455",0,5.9948425,58,299742.125
"8456",0,5.9948425,59,299742.125
"8457",0,5.9948425,6,299742.125
"8458",0,5.9948425,60,299742.125
"8459",0,5.9948425,61,299742.125
"8460",0,5.9948425,62,299742.125
"8461",0,5.9948425,63,299742.125
"8462",0,5.9948425,64,299742.125
"8463",0,5.9948425,65,299742.125
"8464",0,5.9948425,66,299742.125
"8465",0,5.9948425,67,299742.125
"8466",0,5.9948425,68,299742.125
"8467",0,5.9948425,69,299742.125
"8468",0,5.9948425,7,299742.125
"8469",0,5.9948425,70,299742.125
"8470",0,5.9948425,71,299742.125
"8471",0,5.9948425,72,299742.125
"8472",0,5.9948425,73,299742.125
"8473",0,5.9948425,74,299742.125
"8474",0,5.9948425,75,299742.125
"8475",0,5.9948425,76,299742.125
"8476",0,5.9948425,77,299742.125
"8477",0,5.9948425,78,299742.125
"8478",0,5.9948425,79,299742.125
"8479",0,5.9948425,8,299742.125
"8480",0,5.9948425,80,299742.125
"8481",0,5.9948425,81,299742.125
"8482",0,5.9948425,82,299742.125
"8483",0,5.9948425,83,299742.125
"8484",0,5.9948425,84,299742.125
"8485",0,5.9948425,85,299742.125
"8486",0,5.9948425,86,299742.125
"8487",0,5.9948425,87,299742.125
"8488",0,5.9948425,88,299742.125
"8489",0,5.9948425,89,299742.125
"8490",0,5.9948425,9,299742.125
"8491",0,5.9948425,90,299742.125
"8492",0,5.9948425,91,299742.125
"8493",0,5.9948425,92,299742.125
"8494",0,5.9948425,93,299742.125
"8495",0,5.9948425,94,299742.125
"8496",0,5.9948425,95,299742.125
"8497",0,5.9948425,96,299742.125
"8498",0,5.9948425,97,299742.125
"8499",0,5.9948425,98,299742.125
"8500",0,5.9948425,99,299742.125
"8501",0,54.62277218,1,2731138.609
"8502",0,54.62277218,10,2731138.609
"8503",0,54.62277218,100,2731138.609
"8504",0,54.62277218,11,2731138.609
"8505",0,54.62277218,12,2731138.609
"8506",0,54.62277218,13,2731138.609
"8507",0,54.62277218,14,2731138.609
"8508",0,54.62277218,15,2731138.609
"8509",0,54.62277218,16,2731138.609
"8510",0,54.62277218,17,2731138.609
"8511",0,54.62277218,18,2731138.609
"8512",0,54.62277218,19,2731138.609
"8513",0,54.62277218,2,2731138.609
"8514",0,54.62277218,20,2731138.609
"8515",0,54.62277218,21,2731138.609
"8516",0,54.62277218,22,2731138.609
"8517",0,54.62277218,23,2731138.609
"8518",0,54.62277218,24,2731138.609
"8519",0,54.62277218,25,2731138.609
"8520",0,54.62277218,26,2731138.609
"8521",0,54.62277218,27,2731138.609
"8522",0,54.62277218,28,2731138.609
"8523",0,54.62277218,29,2731138.609
"8524",0,54.62277218,3,2731138.609
"8525",0,54.62277218,30,2731138.609
"8526",0,54.62277218,31,2731138.609
"8527",0,54.62277218,32,2731138.609
"8528",0,54.62277218,33,2731138.609
"8529",0,54.62277218,34,2731138.609
"8530",0,54.62277218,35,2731138.609
"8531",0,54.62277218,36,2731138.609
"8532",0,54.62277218,37,2731138.609
"8533",0,54.62277218,38,2731138.609
"8534",0,54.62277218,39,2731138.609
"8535",0,54.62277218,4,2731138.609
"8536",0,54.62277218,40,2731138.609
"8537",0,54.62277218,41,2731138.609
"8538",0,54.62277218,42,2731138.609
"8539",0,54.62277218,43,2731138.609
"8540",0,54.62277218,44,2731138.609
"8541",0,54.62277218,45,2731138.609
"8542",0,54.62277218,46,2731138.609
"8543",0,54.62277218,47,2731138.609
"8544",0,54.62277218,48,2731138.609
"8545",0,54.62277218,49,2731138.609
"8546",0,54.62277218,5,2731138.609
"8547",0,54.62277218,50,2731138.609
"8548",0,54.62277218,51,2731138.609
"8549",0,54.62277218,52,2731138.609
"8550",0,54.62277218,53,2731138.609
"8551",0,54.62277218,54,2731138.609
"8552",0,54.62277218,55,2731138.609
"8553",0,54.62277218,56,2731138.609
"8554",0,54.62277218,57,2731138.609
"8555",0,54.62277218,58,2731138.609
"8556",0,54.62277218,59,2731138.609
"8557",0,54.62277218,6,2731138.609
"8558",0,54.62277218,60,2731138.609
"8559",0,54.62277218,61,2731138.609
"8560",0,54.62277218,62,2731138.609
"8561",0,54.62277218,63,2731138.609
"8562",0,54.62277218,64,2731138.609
"8563",0,54.62277218,65,2731138.609
"8564",0,54.62277218,66,2731138.609
"8565",0,54.62277218,67,2731138.609
"8566",0,54.62277218,68,2731138.609
"8567",0,54.62277218,69,2731138.609
"8568",0,54.62277218,7,2731138.609
"8569",0,54.62277218,70,2731138.609
"8570",0,54.62277218,71,2731138.609
"8571",0,54.62277218,72,2731138.609
"8572",0,54.62277218,73,2731138.609
"8573",0,54.62277218,74,2731138.609
"8574",0,54.62277218,75,2731138.609
"8575",0,54.62277218,76,2731138.609
"8576",0,54.62277218,77,2731138.609
"8577",0,54.62277218,78,2731138.609
"8578",0,54.62277218,79,2731138.609
"8579",0,54.62277218,8,2731138.609
"8580",0,54.62277218,80,2731138.609
"8581",0,54.62277218,81,2731138.609
"8582",0,54.62277218,82,2731138.609
"8583",0,54.62277218,83,2731138.609
"8584",0,54.62277218,84,2731138.609
"8585",0,54.62277218,85,2731138.609
"8586",0,54.62277218,86,2731138.609
"8587",0,54.62277218,87,2731138.609
"8588",0,54.62277218,88,2731138.609
"8589",0,54.62277218,89,2731138.609
"8590",0,54.62277218,9,2731138.609
"8591",0,54.62277218,90,2731138.609
"8592",0,54.62277218,91,2731138.609
"8593",0,54.62277218,92,2731138.609
"8594",0,54.62277218,93,2731138.609
"8595",0,54.62277218,94,2731138.609
"8596",0,54.62277218,95,2731138.609
"8597",0,54.62277218,96,2731138.609
"8598",0,54.62277218,97,2731138.609
"8599",0,54.62277218,98,2731138.609
"8600",0,54.62277218,99,2731138.609
"8601",0,559.08101825,1,27954050.9125
"8602",0,559.08101825,10,27954050.9125
"8603",0,559.08101825,100,27954050.9125
"8604",0,559.08101825,11,27954050.9125
"8605",0,559.08101825,12,27954050.9125
"8606",0,559.08101825,13,27954050.9125
"8607",0,559.08101825,14,27954050.9125
"8608",0,559.08101825,15,27954050.9125
"8609",0,559.08101825,16,27954050.9125
"8610",0,559.08101825,17,27954050.9125
"8611",0,559.08101825,18,27954050.9125
"8612",0,559.08101825,19,27954050.9125
"8613",0,559.08101825,2,27954050.9125
"8614",0,559.08101825,20,27954050.9125
"8615",0,559.08101825,21,27954050.9125
"8616",0,559.08101825,22,27954050.9125
"8617",0,559.08101825,23,27954050.9125
"8618",0,559.08101825,24,27954050.9125
"8619",0,559.08101825,25,27954050.9125
"8620",0,559.08101825,26,27954050.9125
"8621",0,559.08101825,27,27954050.9125
"8622",0,559.08101825,28,27954050.9125
"8623",0,559.08101825,29,27954050.9125
"8624",0,559.08101825,3,27954050.9125
"8625",0,559.08101825,30,27954050.9125
"8626",0,559.08101825,31,27954050.9125
"8627",0,559.08101825,32,27954050.9125
"8628",0,559.08101825,33,27954050.9125
"8629",0,559.08101825,34,27954050.9125
"8630",0,559.08101825,35,27954050.9125
"8631",0,559.08101825,36,27954050.9125
"8632",0,559.08101825,37,27954050.9125
"8633",0,559.08101825,38,27954050.9125
"8634",0,559.08101825,39,27954050.9125
"8635",0,559.08101825,4,27954050.9125
"8636",0,559.08101825,40,27954050.9125
"8637",0,559.08101825,41,27954050.9125
"8638",0,559.08101825,42,27954050.9125
"8639",0,559.08101825,43,27954050.9125
"8640",0,559.08101825,44,27954050.9125
"8641",0,559.08101825,45,27954050.9125
"8642",0,559.08101825,46,27954050.9125
"8643",0,559.08101825,47,27954050.9125
"8644",0,559.08101825,48,27954050.9125
"8645",0,559.08101825,49,27954050.9125
"8646",0,559.08101825,5,27954050.9125
"8647",0,559.08101825,50,27954050.9125
"8648",0,559.08101825,51,27954050.9125
"8649",0,559.08101825,52,27954050.9125
"8650",0,559.08101825,53,27954050.9125
"8651",0,559.08101825,54,27954050.9125
"8652",0,559.08101825,55,27954050.9125
"8653",0,559.08101825,56,27954050.9125
"8654",0,559.08101825,57,27954050.9125
"8655",0,559.08101825,58,27954050.9125
"8656",0,559.08101825,59,27954050.9125
"8657",0,559.08101825,6,27954050.9125
"8658",0,559.08101825,60,27954050.9125
"8659",0,559.08101825,61,27954050.9125
"8660",0,559.08101825,62,27954050.9125
"8661",0,559.08101825,63,27954050.9125
"8662",0,559.08101825,64,27954050.9125
"8663",0,559.08101825,65,27954050.9125
"8664",0,559.08101825,66,27954050.9125
"8665",0,559.08101825,67,27954050.9125
"8666",0,559.08101825,68,27954050.9125
"8667",0,559.08101825,69,27954050.9125
"8668",0,559.08101825,7,27954050.9125
"8669",0,559.08101825,70,27954050.9125
"8670",0,559.08101825,71,27954050.9125
"8671",0,559.08101825,72,27954050.9125
"8672",0,559.08101825,73,27954050.9125
"8673",0,559.08101825,74,27954050.9125
"8674",0,559.08101825,75,27954050.9125
"8675",0,559.08101825,76,27954050.9125
"8676",0,559.08101825,77,27954050.9125
"8677",0,559.08101825,78,27954050.9125
"8678",0,559.08101825,79,27954050.9125
"8679",0,559.08101825,8,27954050.9125
"8680",0,559.08101825,80,27954050.9125
"8681",0,559.08101825,81,27954050.9125
"8682",0,559.08101825,82,27954050.9125
"8683",0,559.08101825,83,27954050.9125
"8684",0,559.08101825,84,27954050.9125
"8685",0,559.08101825,85,27954050.9125
"8686",0,559.08101825,86,27954050.9125
"8687",0,559.08101825,87,27954050.9125
"8688",0,559.08101825,88,27954050.9125
"8689",0,559.08101825,89,27954050.9125
"8690",0,559.08101825,9,27954050.9125
"8691",0,559.08101825,90,27954050.9125
"8692",0,559.08101825,91,27954050.9125
"8693",0,559.08101825,92,27954050.9125
"8694",0,559.08101825,93,27954050.9125
"8695",0,559.08101825,94,27954050.9125
"8696",0,559.08101825,95,27954050.9125
"8697",0,559.08101825,96,27954050.9125
"8698",0,559.08101825,97,27954050.9125
"8699",0,559.08101825,98,27954050.9125
"8700",0,559.08101825,99,27954050.9125
"8701",0,6.73415066,1,336707.533
"8702",0,6.73415066,10,336707.533
"8703",0,6.73415066,100,336707.533
"8704",0,6.73415066,11,336707.533
"8705",0,6.73415066,12,336707.533
"8706",0,6.73415066,13,336707.533
"8707",0,6.73415066,14,336707.533
"8708",0,6.73415066,15,336707.533
"8709",0,6.73415066,16,336707.533
"8710",0,6.73415066,17,336707.533
"8711",0,6.73415066,18,336707.533
"8712",0,6.73415066,19,336707.533
"8713",0,6.73415066,2,336707.533
"8714",0,6.73415066,20,336707.533
"8715",0,6.73415066,21,336707.533
"8716",0,6.73415066,22,336707.533
"8717",0,6.73415066,23,336707.533
"8718",0,6.73415066,24,336707.533
"8719",0,6.73415066,25,336707.533
"8720",0,6.73415066,26,336707.533
"8721",0,6.73415066,27,336707.533
"8722",0,6.73415066,28,336707.533
"8723",0,6.73415066,29,336707.533
"8724",0,6.73415066,3,336707.533
"8725",0,6.73415066,30,336707.533
"8726",0,6.73415066,31,336707.533
"8727",0,6.73415066,32,336707.533
"8728",0,6.73415066,33,336707.533
"8729",0,6.73415066,34,336707.533
"8730",0,6.73415066,35,336707.533
"8731",0,6.73415066,36,336707.533
"8732",0,6.73415066,37,336707.533
"8733",0,6.73415066,38,336707.533
"8734",0,6.73415066,39,336707.533
"8735",0,6.73415066,4,336707.533
"8736",0,6.73415066,40,336707.533
"8737",0,6.73415066,41,336707.533
"8738",0,6.73415066,42,336707.533
"8739",0,6.73415066,43,336707.533
"8740",0,6.73415066,44,336707.533
"8741",0,6.73415066,45,336707.533
"8742",0,6.73415066,46,336707.533
"8743",0,6.73415066,47,336707.533
"8744",0,6.73415066,48,336707.533
"8745",0,6.73415066,49,336707.533
"8746",0,6.73415066,5,336707.533
"8747",0,6.73415066,50,336707.533
"8748",0,6.73415066,51,336707.533
"8749",0,6.73415066,52,336707.533
"8750",0,6.73415066,53,336707.533
"8751",0,6.73415066,54,336707.533
"8752",0,6.73415066,55,336707.533
"8753",0,6.73415066,56,336707.533
"8754",0,6.73415066,57,336707.533
"8755",0,6.73415066,58,336707.533
"8756",0,6.73415066,59,336707.533
"8757",0,6.73415066,6,336707.533
"8758",0,6.73415066,60,336707.533
"8759",0,6.73415066,61,336707.533
"8760",0,6.73415066,62,336707.533
"8761",0,6.73415066,63,336707.533
"8762",0,6.73415066,64,336707.533
"8763",0,6.73415066,65,336707.533
"8764",0,6.73415066,66,336707.533
"8765",0,6.73415066,67,336707.533
"8766",0,6.73415066,68,336707.533
"8767",0,6.73415066,69,336707.533
"8768",0,6.73415066,7,336707.533
"8769",0,6.73415066,70,336707.533
"8770",0,6.73415066,71,336707.533
"8771",0,6.73415066,72,336707.533
"8772",0,6.73415066,73,336707.533
"8773",0,6.73415066,74,336707.533
"8774",0,6.73415066,75,336707.533
"8775",0,6.73415066,76,336707.533
"8776",0,6.73415066,77,336707.533
"8777",0,6.73415066,78,336707.533
"8778",0,6.73415066,79,336707.533
"8779",0,6.73415066,8,336707.533
"8780",0,6.73415066,80,336707.533
"8781",0,6.73415066,81,336707.533
"8782",0,6.73415066,82,336707.533
"8783",0,6.73415066,83,336707.533
"8784",0,6.73415066,84,336707.533
"8785",0,6.73415066,85,336707.533
"8786",0,6.73415066,86,336707.533
"8787",0,6.73415066,87,336707.533
"8788",0,6.73415066,88,336707.533
"8789",0,6.73415066,89,336707.533
"8790",0,6.73415066,9,336707.533
"8791",0,6.73415066,90,336707.533
"8792",0,6.73415066,91,336707.533
"8793",0,6.73415066,92,336707.533
"8794",0,6.73415066,93,336707.533
"8795",0,6.73415066,94,336707.533
"8796",0,6.73415066,95,336707.533
"8797",0,6.73415066,96,336707.533
"8798",0,6.73415066,97,336707.533
"8799",0,6.73415066,98,336707.533
"8800",0,6.73415066,99,336707.533
"8801",0,61.35907273,1,3067953.6365
"8802",0,61.35907273,10,3067953.6365
"8803",0,61.35907273,100,3067953.6365
"8804",0,61.35907273,11,3067953.6365
"8805",0,61.35907273,12,3067953.6365
"8806",0,61.35907273,13,3067953.6365
"8807",0,61.35907273,14,3067953.6365
"8808",0,61.35907273,15,3067953.6365
"8809",0,61.35907273,16,3067953.6365
"8810",0,61.35907273,17,3067953.6365
"8811",0,61.35907273,18,3067953.6365
"8812",0,61.35907273,19,3067953.6365
"8813",0,61.35907273,2,3067953.6365
"8814",0,61.35907273,20,3067953.6365
"8815",0,61.35907273,21,3067953.6365
"8816",0,61.35907273,22,3067953.6365
"8817",0,61.35907273,23,3067953.6365
"8818",0,61.35907273,24,3067953.6365
"8819",0,61.35907273,25,3067953.6365
"8820",0,61.35907273,26,3067953.6365
"8821",0,61.35907273,27,3067953.6365
"8822",0,61.35907273,28,3067953.6365
"8823",0,61.35907273,29,3067953.6365
"8824",0,61.35907273,3,3067953.6365
"8825",0,61.35907273,30,3067953.6365
"8826",0,61.35907273,31,3067953.6365
"8827",0,61.35907273,32,3067953.6365
"8828",0,61.35907273,33,3067953.6365
"8829",0,61.35907273,34,3067953.6365
"8830",0,61.35907273,35,3067953.6365
"8831",0,61.35907273,36,3067953.6365
"8832",0,61.35907273,37,3067953.6365
"8833",0,61.35907273,38,3067953.6365
"8834",0,61.35907273,39,3067953.6365
"8835",0,61.35907273,4,3067953.6365
"8836",0,61.35907273,40,3067953.6365
"8837",0,61.35907273,41,3067953.6365
"8838",0,61.35907273,42,3067953.6365
"8839",0,61.35907273,43,3067953.6365
"8840",0,61.35907273,44,3067953.6365
"8841",0,61.35907273,45,3067953.6365
"8842",0,61.35907273,46,3067953.6365
"8843",0,61.35907273,47,3067953.6365
"8844",0,61.35907273,48,3067953.6365
"8845",0,61.35907273,49,3067953.6365
"8846",0,61.35907273,5,3067953.6365
"8847",0,61.35907273,50,3067953.6365
"8848",0,61.35907273,51,3067953.6365
"8849",0,61.35907273,52,3067953.6365
"8850",0,61.35907273,53,3067953.6365
"8851",0,61.35907273,54,3067953.6365
"8852",0,61.35907273,55,3067953.6365
"8853",0,61.35907273,56,3067953.6365
"8854",0,61.35907273,57,3067953.6365
"8855",0,61.35907273,58,3067953.6365
"8856",0,61.35907273,59,3067953.6365
"8857",0,61.35907273,6,3067953.6365
"8858",0,61.35907273,60,3067953.6365
"8859",0,61.35907273,61,3067953.6365
"8860",0,61.35907273,62,3067953.6365
"8861",0,61.35907273,63,3067953.6365
"8862",0,61.35907273,64,3067953.6365
"8863",0,61.35907273,65,3067953.6365
"8864",0,61.35907273,66,3067953.6365
"8865",0,61.35907273,67,3067953.6365
"8866",0,61.35907273,68,3067953.6365
"8867",0,61.35907273,69,3067953.6365
"8868",0,61.35907273,7,3067953.6365
"8869",0,61.35907273,70,3067953.6365
"8870",0,61.35907273,71,3067953.6365
"8871",0,61.35907273,72,3067953.6365
"8872",0,61.35907273,73,3067953.6365
"8873",0,61.35907273,74,3067953.6365
"8874",0,61.35907273,75,3067953.6365
"8875",0,61.35907273,76,3067953.6365
"8876",0,61.35907273,77,3067953.6365
"8877",0,61.35907273,78,3067953.6365
"8878",0,61.35907273,79,3067953.6365
"8879",0,61.35907273,8,3067953.6365
"8880",0,61.35907273,80,3067953.6365
"8881",0,61.35907273,81,3067953.6365
"8882",0,61.35907273,82,3067953.6365
"8883",0,61.35907273,83,3067953.6365
"8884",0,61.35907273,84,3067953.6365
"8885",0,61.35907273,85,3067953.6365
"8886",0,61.35907273,86,3067953.6365
"8887",0,61.35907273,87,3067953.6365
"8888",0,61.35907273,88,3067953.6365
"8889",0,61.35907273,89,3067953.6365
"8890",0,61.35907273,9,3067953.6365
"8891",0,61.35907273,90,3067953.6365
"8892",0,61.35907273,91,3067953.6365
"8893",0,61.35907273,92,3067953.6365
"8894",0,61.35907273,93,3067953.6365
"8895",0,61.35907273,94,3067953.6365
"8896",0,61.35907273,95,3067953.6365
"8897",0,61.35907273,96,3067953.6365
"8898",0,61.35907273,97,3067953.6365
"8899",0,61.35907273,98,3067953.6365
"8900",0,61.35907273,99,3067953.6365
"8901",0,628.02914418,1,31401457.209
"8902",0,628.02914418,10,31401457.209
"8903",0,628.02914418,100,31401457.209
"8904",0,628.02914418,11,31401457.209
"8905",0,628.02914418,12,31401457.209
"8906",0,628.02914418,13,31401457.209
"8907",0,628.02914418,14,31401457.209
"8908",0,628.02914418,15,31401457.209
"8909",0,628.02914418,16,31401457.209
"8910",0,628.02914418,17,31401457.209
"8911",0,628.02914418,18,31401457.209
"8912",0,628.02914418,19,31401457.209
"8913",0,628.02914418,2,31401457.209
"8914",0,628.02914418,20,31401457.209
"8915",0,628.02914418,21,31401457.209
"8916",0,628.02914418,22,31401457.209
"8917",0,628.02914418,23,31401457.209
"8918",0,628.02914418,24,31401457.209
"8919",0,628.02914418,25,31401457.209
"8920",0,628.02914418,26,31401457.209
"8921",0,628.02914418,27,31401457.209
"8922",0,628.02914418,28,31401457.209
"8923",0,628.02914418,29,31401457.209
"8924",0,628.02914418,3,31401457.209
"8925",0,628.02914418,30,31401457.209
"8926",0,628.02914418,31,31401457.209
"8927",0,628.02914418,32,31401457.209
"8928",0,628.02914418,33,31401457.209
"8929",0,628.02914418,34,31401457.209
"8930",0,628.02914418,35,31401457.209
"8931",0,628.02914418,36,31401457.209
"8932",0,628.02914418,37,31401457.209
"8933",0,628.02914418,38,31401457.209
"8934",0,628.02914418,39,31401457.209
"8935",0,628.02914418,4,31401457.209
"8936",0,628.02914418,40,31401457.209
"8937",0,628.02914418,41,31401457.209
"8938",0,628.02914418,42,31401457.209
"8939",0,628.02914418,43,31401457.209
"8940",0,628.02914418,44,31401457.209
"8941",0,628.02914418,45,31401457.209
"8942",0,628.02914418,46,31401457.209
"8943",0,628.02914418,47,31401457.209
"8944",0,628.02914418,48,31401457.209
"8945",0,628.02914418,49,31401457.209
"8946",0,628.02914418,5,31401457.209
"8947",0,628.02914418,50,31401457.209
"8948",0,628.02914418,51,31401457.209
"8949",0,628.02914418,52,31401457.209
"8950",0,628.02914418,53,31401457.209
"8951",0,628.02914418,54,31401457.209
"8952",0,628.02914418,55,31401457.209
"8953",0,628.02914418,56,31401457.209
"8954",0,628.02914418,57,31401457.209
"8955",0,628.02914418,58,31401457.209
"8956",0,628.02914418,59,31401457.209
"8957",0,628.02914418,6,31401457.209
"8958",0,628.02914418,60,31401457.209
"8959",0,628.02914418,61,31401457.209
"8960",0,628.02914418,62,31401457.209
"8961",0,628.02914418,63,31401457.209
"8962",0,628.02914418,64,31401457.209
"8963",0,628.02914418,65,31401457.209
"8964",0,628.02914418,66,31401457.209
"8965",0,628.02914418,67,31401457.209
"8966",0,628.02914418,68,31401457.209
"8967",0,628.02914418,69,31401457.209
"8968",0,628.02914418,7,31401457.209
"8969",0,628.02914418,70,31401457.209
"8970",0,628.02914418,71,31401457.209
"8971",0,628.02914418,72,31401457.209
"8972",0,628.02914418,73,31401457.209
"8973",0,628.02914418,74,31401457.209
"8974",0,628.02914418,75,31401457.209
"8975",0,628.02914418,76,31401457.209
"8976",0,628.02914418,77,31401457.209
"8977",0,628.02914418,78,31401457.209
"8978",0,628.02914418,79,31401457.209
"8979",0,628.02914418,8,31401457.209
"8980",0,628.02914418,80,31401457.209
"8981",0,628.02914418,81,31401457.209
"8982",0,628.02914418,82,31401457.209
"8983",0,628.02914418,83,31401457.209
"8984",0,628.02914418,84,31401457.209
"8985",0,628.02914418,85,31401457.209
"8986",0,628.02914418,86,31401457.209
"8987",0,628.02914418,87,31401457.209
"8988",0,628.02914418,88,31401457.209
"8989",0,628.02914418,89,31401457.209
"8990",0,628.02914418,9,31401457.209
"8991",0,628.02914418,90,31401457.209
"8992",0,628.02914418,91,31401457.209
"8993",0,628.02914418,92,31401457.209
"8994",0,628.02914418,93,31401457.209
"8995",0,628.02914418,94,31401457.209
"8996",0,628.02914418,95,31401457.209
"8997",0,628.02914418,96,31401457.209
"8998",0,628.02914418,97,31401457.209
"8999",0,628.02914418,98,31401457.209
"9000",0,628.02914418,99,31401457.209
"9001",0,68.92612104,1,3446306.052
"9002",0,68.92612104,10,3446306.052
"9003",0,68.92612104,100,3446306.052
"9004",0,68.92612104,11,3446306.052
"9005",0,68.92612104,12,3446306.052
"9006",0,68.92612104,13,3446306.052
"9007",0,68.92612104,14,3446306.052
"9008",0,68.92612104,15,3446306.052
"9009",0,68.92612104,16,3446306.052
"9010",0,68.92612104,17,3446306.052
"9011",0,68.92612104,18,3446306.052
"9012",0,68.92612104,19,3446306.052
"9013",0,68.92612104,2,3446306.052
"9014",0,68.92612104,20,3446306.052
"9015",0,68.92612104,21,3446306.052
"9016",0,68.92612104,22,3446306.052
"9017",0,68.92612104,23,3446306.052
"9018",0,68.92612104,24,3446306.052
"9019",0,68.92612104,25,3446306.052
"9020",0,68.92612104,26,3446306.052
"9021",0,68.92612104,27,3446306.052
"9022",0,68.92612104,28,3446306.052
"9023",0,68.92612104,29,3446306.052
"9024",0,68.92612104,3,3446306.052
"9025",0,68.92612104,30,3446306.052
"9026",0,68.92612104,31,3446306.052
"9027",0,68.92612104,32,3446306.052
"9028",0,68.92612104,33,3446306.052
"9029",0,68.92612104,34,3446306.052
"9030",0,68.92612104,35,3446306.052
"9031",0,68.92612104,36,3446306.052
"9032",0,68.92612104,37,3446306.052
"9033",0,68.92612104,38,3446306.052
"9034",0,68.92612104,39,3446306.052
"9035",0,68.92612104,4,3446306.052
"9036",0,68.92612104,40,3446306.052
"9037",0,68.92612104,41,3446306.052
"9038",0,68.92612104,42,3446306.052
"9039",0,68.92612104,43,3446306.052
"9040",0,68.92612104,44,3446306.052
"9041",0,68.92612104,45,3446306.052
"9042",0,68.92612104,46,3446306.052
"9043",0,68.92612104,47,3446306.052
"9044",0,68.92612104,48,3446306.052
"9045",0,68.92612104,49,3446306.052
"9046",0,68.92612104,5,3446306.052
"9047",0,68.92612104,50,3446306.052
"9048",0,68.92612104,51,3446306.052
"9049",0,68.92612104,52,3446306.052
"9050",0,68.92612104,53,3446306.052
"9051",0,68.92612104,54,3446306.052
"9052",0,68.92612104,55,3446306.052
"9053",0,68.92612104,56,3446306.052
"9054",0,68.92612104,57,3446306.052
"9055",0,68.92612104,58,3446306.052
"9056",0,68.92612104,59,3446306.052
"9057",0,68.92612104,6,3446306.052
"9058",0,68.92612104,60,3446306.052
"9059",0,68.92612104,61,3446306.052
"9060",0,68.92612104,62,3446306.052
"9061",0,68.92612104,63,3446306.052
"9062",0,68.92612104,64,3446306.052
"9063",0,68.92612104,65,3446306.052
"9064",0,68.92612104,66,3446306.052
"9065",0,68.92612104,67,3446306.052
"9066",0,68.92612104,68,3446306.052
"9067",0,68.92612104,69,3446306.052
"9068",0,68.92612104,7,3446306.052
"9069",0,68.92612104,70,3446306.052
"9070",0,68.92612104,71,3446306.052
"9071",0,68.92612104,72,3446306.052
"9072",0,68.92612104,73,3446306.052
"9073",0,68.92612104,74,3446306.052
"9074",0,68.92612104,75,3446306.052
"9075",0,68.92612104,76,3446306.052
"9076",0,68.92612104,77,3446306.052
"9077",0,68.92612104,78,3446306.052
"9078",0,68.92612104,79,3446306.052
"9079",0,68.92612104,8,3446306.052
"9080",0,68.92612104,80,3446306.052
"9081",0,68.92612104,81,3446306.052
"9082",0,68.92612104,82,3446306.052
"9083",0,68.92612104,83,3446306.052
"9084",0,68.92612104,84,3446306.052
"9085",0,68.92612104,85,3446306.052
"9086",0,68.92612104,86,3446306.052
"9087",0,68.92612104,87,3446306.052
"9088",0,68.92612104,88,3446306.052
"9089",0,68.92612104,89,3446306.052
"9090",0,68.92612104,9,3446306.052
"9091",0,68.92612104,90,3446306.052
"9092",0,68.92612104,91,3446306.052
"9093",0,68.92612104,92,3446306.052
"9094",0,68.92612104,93,3446306.052
"9095",0,68.92612104,94,3446306.052
"9096",0,68.92612104,95,3446306.052
"9097",0,68.92612104,96,3446306.052
"9098",0,68.92612104,97,3446306.052
"9099",0,68.92612104,98,3446306.052
"9100",0,68.92612104,99,3446306.052
"9101",0,7.56463328,1,378231.664
"9102",0,7.56463328,10,378231.664
"9103",0,7.56463328,100,378231.664
"9104",0,7.56463328,11,378231.664
"9105",0,7.56463328,12,378231.664
"9106",0,7.56463328,13,378231.664
"9107",0,7.56463328,14,378231.664
"9108",0,7.56463328,15,378231.664
"9109",0,7.56463328,16,378231.664
"9110",0,7.56463328,17,378231.664
"9111",0,7.56463328,18,378231.664
"9112",0,7.56463328,19,378231.664
"9113",0,7.56463328,2,378231.664
"9114",0,7.56463328,20,378231.664
"9115",0,7.56463328,21,378231.664
"9116",0,7.56463328,22,378231.664
"9117",0,7.56463328,23,378231.664
"9118",0,7.56463328,24,378231.664
"9119",0,7.56463328,25,378231.664
"9120",0,7.56463328,26,378231.664
"9121",0,7.56463328,27,378231.664
"9122",0,7.56463328,28,378231.664
"9123",0,7.56463328,29,378231.664
"9124",0,7.56463328,3,378231.664
"9125",0,7.56463328,30,378231.664
"9126",0,7.56463328,31,378231.664
"9127",0,7.56463328,32,378231.664
"9128",0,7.56463328,33,378231.664
"9129",0,7.56463328,34,378231.664
"9130",0,7.56463328,35,378231.664
"9131",0,7.56463328,36,378231.664
"9132",0,7.56463328,37,378231.664
"9133",0,7.56463328,38,378231.664
"9134",0,7.56463328,39,378231.664
"9135",0,7.56463328,4,378231.664
"9136",0,7.56463328,40,378231.664
"9137",0,7.56463328,41,378231.664
"9138",0,7.56463328,42,378231.664
"9139",0,7.56463328,43,378231.664
"9140",0,7.56463328,44,378231.664
"9141",0,7.56463328,45,378231.664
"9142",0,7.56463328,46,378231.664
"9143",0,7.56463328,47,378231.664
"9144",0,7.56463328,48,378231.664
"9145",0,7.56463328,49,378231.664
"9146",0,7.56463328,5,378231.664
"9147",0,7.56463328,50,378231.664
"9148",0,7.56463328,51,378231.664
"9149",0,7.56463328,52,378231.664
"9150",0,7.56463328,53,378231.664
"9151",0,7.56463328,54,378231.664
"9152",0,7.56463328,55,378231.664
"9153",0,7.56463328,56,378231.664
"9154",0,7.56463328,57,378231.664
"9155",0,7.56463328,58,378231.664
"9156",0,7.56463328,59,378231.664
"9157",0,7.56463328,6,378231.664
"9158",0,7.56463328,60,378231.664
"9159",0,7.56463328,61,378231.664
"9160",0,7.56463328,62,378231.664
"9161",0,7.56463328,63,378231.664
"9162",0,7.56463328,64,378231.664
"9163",0,7.56463328,65,378231.664
"9164",0,7.56463328,66,378231.664
"9165",0,7.56463328,67,378231.664
"9166",0,7.56463328,68,378231.664
"9167",0,7.56463328,69,378231.664
"9168",0,7.56463328,7,378231.664
"9169",0,7.56463328,70,378231.664
"9170",0,7.56463328,71,378231.664
"9171",0,7.56463328,72,378231.664
"9172",0,7.56463328,73,378231.664
"9173",0,7.56463328,74,378231.664
"9174",0,7.56463328,75,378231.664
"9175",0,7.56463328,76,378231.664
"9176",0,7.56463328,77,378231.664
"9177",0,7.56463328,78,378231.664
"9178",0,7.56463328,79,378231.664
"9179",0,7.56463328,8,378231.664
"9180",0,7.56463328,80,378231.664
"9181",0,7.56463328,81,378231.664
"9182",0,7.56463328,82,378231.664
"9183",0,7.56463328,83,378231.664
"9184",0,7.56463328,84,378231.664
"9185",0,7.56463328,85,378231.664
"9186",0,7.56463328,86,378231.664
"9187",0,7.56463328,87,378231.664
"9188",0,7.56463328,88,378231.664
"9189",0,7.56463328,89,378231.664
"9190",0,7.56463328,9,378231.664
"9191",0,7.56463328,90,378231.664
"9192",0,7.56463328,91,378231.664
"9193",0,7.56463328,92,378231.664
"9194",0,7.56463328,93,378231.664
"9195",0,7.56463328,94,378231.664
"9196",0,7.56463328,95,378231.664
"9197",0,7.56463328,96,378231.664
"9198",0,7.56463328,97,378231.664
"9199",0,7.56463328,98,378231.664
"9200",0,7.56463328,99,378231.664
"9201",0,705.48023107,1,35274011.5535
"9202",0,705.48023107,10,35274011.5535
"9203",0,705.48023107,100,35274011.5535
"9204",0,705.48023107,11,35274011.5535
"9205",0,705.48023107,12,35274011.5535
"9206",0,705.48023107,13,35274011.5535
"9207",0,705.48023107,14,35274011.5535
"9208",0,705.48023107,15,35274011.5535
"9209",0,705.48023107,16,35274011.5535
"9210",0,705.48023107,17,35274011.5535
"9211",0,705.48023107,18,35274011.5535
"9212",0,705.48023107,19,35274011.5535
"9213",0,705.48023107,2,35274011.5535
"9214",0,705.48023107,20,35274011.5535
"9215",0,705.48023107,21,35274011.5535
"9216",0,705.48023107,22,35274011.5535
"9217",0,705.48023107,23,35274011.5535
"9218",0,705.48023107,24,35274011.5535
"9219",0,705.48023107,25,35274011.5535
"9220",0,705.48023107,26,35274011.5535
"9221",0,705.48023107,27,35274011.5535
"9222",0,705.48023107,28,35274011.5535
"9223",0,705.48023107,29,35274011.5535
"9224",0,705.48023107,3,35274011.5535
"9225",0,705.48023107,30,35274011.5535
"9226",0,705.48023107,31,35274011.5535
"9227",0,705.48023107,32,35274011.5535
"9228",0,705.48023107,33,35274011.5535
"9229",0,705.48023107,34,35274011.5535
"9230",0,705.48023107,35,35274011.5535
"9231",0,705.48023107,36,35274011.5535
"9232",0,705.48023107,37,35274011.5535
"9233",0,705.48023107,38,35274011.5535
"9234",0,705.48023107,39,35274011.5535
"9235",0,705.48023107,4,35274011.5535
"9236",0,705.48023107,40,35274011.5535
"9237",0,705.48023107,41,35274011.5535
"9238",0,705.48023107,42,35274011.5535
"9239",0,705.48023107,43,35274011.5535
"9240",0,705.48023107,44,35274011.5535
"9241",0,705.48023107,45,35274011.5535
"9242",0,705.48023107,46,35274011.5535
"9243",0,705.48023107,47,35274011.5535
"9244",0,705.48023107,48,35274011.5535
"9245",0,705.48023107,49,35274011.5535
"9246",0,705.48023107,5,35274011.5535
"9247",0,705.48023107,50,35274011.5535
"9248",0,705.48023107,51,35274011.5535
"9249",0,705.48023107,52,35274011.5535
"9250",0,705.48023107,53,35274011.5535
"9251",0,705.48023107,54,35274011.5535
"9252",0,705.48023107,55,35274011.5535
"9253",0,705.48023107,56,35274011.5535
"9254",0,705.48023107,57,35274011.5535
"9255",0,705.48023107,58,35274011.5535
"9256",0,705.48023107,59,35274011.5535
"9257",0,705.48023107,6,35274011.5535
"9258",0,705.48023107,60,35274011.5535
"9259",0,705.48023107,61,35274011.5535
"9260",0,705.48023107,62,35274011.5535
"9261",0,705.48023107,63,35274011.5535
"9262",0,705.48023107,64,35274011.5535
"9263",0,705.48023107,65,35274011.5535
"9264",0,705.48023107,66,35274011.5535
"9265",0,705.48023107,67,35274011.5535
"9266",0,705.48023107,68,35274011.5535
"9267",0,705.48023107,69,35274011.5535
"9268",0,705.48023107,7,35274011.5535
"9269",0,705.48023107,70,35274011.5535
"9270",0,705.48023107,71,35274011.5535
"9271",0,705.48023107,72,35274011.5535
"9272",0,705.48023107,73,35274011.5535
"9273",0,705.48023107,74,35274011.5535
"9274",0,705.48023107,75,35274011.5535
"9275",0,705.48023107,76,35274011.5535
"9276",0,705.48023107,77,35274011.5535
"9277",0,705.48023107,78,35274011.5535
"9278",0,705.48023107,79,35274011.5535
"9279",0,705.48023107,8,35274011.5535
"9280",0,705.48023107,80,35274011.5535
"9281",0,705.48023107,81,35274011.5535
"9282",0,705.48023107,82,35274011.5535
"9283",0,705.48023107,83,35274011.5535
"9284",0,705.48023107,84,35274011.5535
"9285",0,705.48023107,85,35274011.5535
"9286",0,705.48023107,86,35274011.5535
"9287",0,705.48023107,87,35274011.5535
"9288",0,705.48023107,88,35274011.5535
"9289",0,705.48023107,89,35274011.5535
"9290",0,705.48023107,9,35274011.5535
"9291",0,705.48023107,90,35274011.5535
"9292",0,705.48023107,91,35274011.5535
"9293",0,705.48023107,92,35274011.5535
"9294",0,705.48023107,93,35274011.5535
"9295",0,705.48023107,94,35274011.5535
"9296",0,705.48023107,95,35274011.5535
"9297",0,705.48023107,96,35274011.5535
"9298",0,705.48023107,97,35274011.5535
"9299",0,705.48023107,98,35274011.5535
"9300",0,705.48023107,99,35274011.5535
"9301",0,77.42636827,1,3871318.4135
"9302",0,77.42636827,10,3871318.4135
"9303",0,77.42636827,100,3871318.4135
"9304",0,77.42636827,11,3871318.4135
"9305",0,77.42636827,12,3871318.4135
"9306",0,77.42636827,13,3871318.4135
"9307",0,77.42636827,14,3871318.4135
"9308",0,77.42636827,15,3871318.4135
"9309",0,77.42636827,16,3871318.4135
"9310",0,77.42636827,17,3871318.4135
"9311",0,77.42636827,18,3871318.4135
"9312",0,77.42636827,19,3871318.4135
"9313",0,77.42636827,2,3871318.4135
"9314",0,77.42636827,20,3871318.4135
"9315",0,77.42636827,21,3871318.4135
"9316",0,77.42636827,22,3871318.4135
"9317",0,77.42636827,23,3871318.4135
"9318",0,77.42636827,24,3871318.4135
"9319",0,77.42636827,25,3871318.4135
"9320",0,77.42636827,26,3871318.4135
"9321",0,77.42636827,27,3871318.4135
"9322",0,77.42636827,28,3871318.4135
"9323",0,77.42636827,29,3871318.4135
"9324",0,77.42636827,3,3871318.4135
"9325",0,77.42636827,30,3871318.4135
"9326",0,77.42636827,31,3871318.4135
"9327",0,77.42636827,32,3871318.4135
"9328",0,77.42636827,33,3871318.4135
"9329",0,77.42636827,34,3871318.4135
"9330",0,77.42636827,35,3871318.4135
"9331",0,77.42636827,36,3871318.4135
"9332",0,77.42636827,37,3871318.4135
"9333",0,77.42636827,38,3871318.4135
"9334",0,77.42636827,39,3871318.4135
"9335",0,77.42636827,4,3871318.4135
"9336",0,77.42636827,40,3871318.4135
"9337",0,77.42636827,41,3871318.4135
"9338",0,77.42636827,42,3871318.4135
"9339",0,77.42636827,43,3871318.4135
"9340",0,77.42636827,44,3871318.4135
"9341",0,77.42636827,45,3871318.4135
"9342",0,77.42636827,46,3871318.4135
"9343",0,77.42636827,47,3871318.4135
"9344",0,77.42636827,48,3871318.4135
"9345",0,77.42636827,49,3871318.4135
"9346",0,77.42636827,5,3871318.4135
"9347",0,77.42636827,50,3871318.4135
"9348",0,77.42636827,51,3871318.4135
"9349",0,77.42636827,52,3871318.4135
"9350",0,77.42636827,53,3871318.4135
"9351",0,77.42636827,54,3871318.4135
"9352",0,77.42636827,55,3871318.4135
"9353",0,77.42636827,56,3871318.4135
"9354",0,77.42636827,57,3871318.4135
"9355",0,77.42636827,58,3871318.4135
"9356",0,77.42636827,59,3871318.4135
"9357",0,77.42636827,6,3871318.4135
"9358",0,77.42636827,60,3871318.4135
"9359",0,77.42636827,61,3871318.4135
"9360",0,77.42636827,62,3871318.4135
"9361",0,77.42636827,63,3871318.4135
"9362",0,77.42636827,64,3871318.4135
"9363",0,77.42636827,65,3871318.4135
"9364",0,77.42636827,66,3871318.4135
"9365",0,77.42636827,67,3871318.4135
"9366",0,77.42636827,68,3871318.4135
"9367",0,77.42636827,69,3871318.4135
"9368",0,77.42636827,7,3871318.4135
"9369",0,77.42636827,70,3871318.4135
"9370",0,77.42636827,71,3871318.4135
"9371",0,77.42636827,72,3871318.4135
"9372",0,77.42636827,73,3871318.4135
"9373",0,77.42636827,74,3871318.4135
"9374",0,77.42636827,75,3871318.4135
"9375",0,77.42636827,76,3871318.4135
"9376",0,77.42636827,77,3871318.4135
"9377",0,77.42636827,78,3871318.4135
"9378",0,77.42636827,79,3871318.4135
"9379",0,77.42636827,8,3871318.4135
"9380",0,77.42636827,80,3871318.4135
"9381",0,77.42636827,81,3871318.4135
"9382",0,77.42636827,82,3871318.4135
"9383",0,77.42636827,83,3871318.4135
"9384",0,77.42636827,84,3871318.4135
"9385",0,77.42636827,85,3871318.4135
"9386",0,77.42636827,86,3871318.4135
"9387",0,77.42636827,87,3871318.4135
"9388",0,77.42636827,88,3871318.4135
"9389",0,77.42636827,89,3871318.4135
"9390",0,77.42636827,9,3871318.4135
"9391",0,77.42636827,90,3871318.4135
"9392",0,77.42636827,91,3871318.4135
"9393",0,77.42636827,92,3871318.4135
"9394",0,77.42636827,93,3871318.4135
"9395",0,77.42636827,94,3871318.4135
"9396",0,77.42636827,95,3871318.4135
"9397",0,77.42636827,96,3871318.4135
"9398",0,77.42636827,97,3871318.4135
"9399",0,77.42636827,98,3871318.4135
"9400",0,77.42636827,99,3871318.4135
"9401",0,792.48289835,1,39624144.9175
"9402",0,792.48289835,10,39624144.9175
"9403",0,792.48289835,100,39624144.9175
"9404",0,792.48289835,11,39624144.9175
"9405",0,792.48289835,12,39624144.9175
"9406",0,792.48289835,13,39624144.9175
"9407",0,792.48289835,14,39624144.9175
"9408",0,792.48289835,15,39624144.9175
"9409",0,792.48289835,16,39624144.9175
"9410",0,792.48289835,17,39624144.9175
"9411",0,792.48289835,18,39624144.9175
"9412",0,792.48289835,19,39624144.9175
"9413",0,792.48289835,2,39624144.9175
"9414",0,792.48289835,20,39624144.9175
"9415",0,792.48289835,21,39624144.9175
"9416",0,792.48289835,22,39624144.9175
"9417",0,792.48289835,23,39624144.9175
"9418",0,792.48289835,24,39624144.9175
"9419",0,792.48289835,25,39624144.9175
"9420",0,792.48289835,26,39624144.9175
"9421",0,792.48289835,27,39624144.9175
"9422",0,792.48289835,28,39624144.9175
"9423",0,792.48289835,29,39624144.9175
"9424",0,792.48289835,3,39624144.9175
"9425",0,792.48289835,30,39624144.9175
"9426",0,792.48289835,31,39624144.9175
"9427",0,792.48289835,32,39624144.9175
"9428",0,792.48289835,33,39624144.9175
"9429",0,792.48289835,34,39624144.9175
"9430",0,792.48289835,35,39624144.9175
"9431",0,792.48289835,36,39624144.9175
"9432",0,792.48289835,37,39624144.9175
"9433",0,792.48289835,38,39624144.9175
"9434",0,792.48289835,39,39624144.9175
"9435",0,792.48289835,4,39624144.9175
"9436",0,792.48289835,40,39624144.9175
"9437",0,792.48289835,41,39624144.9175
"9438",0,792.48289835,42,39624144.9175
"9439",0,792.48289835,43,39624144.9175
"9440",0,792.48289835,44,39624144.9175
"9441",0,792.48289835,45,39624144.9175
"9442",0,792.48289835,46,39624144.9175
"9443",0,792.48289835,47,39624144.9175
"9444",0,792.48289835,48,39624144.9175
"9445",0,792.48289835,49,39624144.9175
"9446",0,792.48289835,5,39624144.9175
"9447",0,792.48289835,50,39624144.9175
"9448",0,792.48289835,51,39624144.9175
"9449",0,792.48289835,52,39624144.9175
"9450",0,792.48289835,53,39624144.9175
"9451",0,792.48289835,54,39624144.9175
"9452",0,792.48289835,55,39624144.9175
"9453",0,792.48289835,56,39624144.9175
"9454",0,792.48289835,57,39624144.9175
"9455",0,792.48289835,58,39624144.9175
"9456",0,792.48289835,59,39624144.9175
"9457",0,792.48289835,6,39624144.9175
"9458",0,792.48289835,60,39624144.9175
"9459",0,792.48289835,61,39624144.9175
"9460",0,792.48289835,62,39624144.9175
"9461",0,792.48289835,63,39624144.9175
"9462",0,792.48289835,64,39624144.9175
"9463",0,792.48289835,65,39624144.9175
"9464",0,792.48289835,66,39624144.9175
"9465",0,792.48289835,67,39624144.9175
"9466",0,792.48289835,68,39624144.9175
"9467",0,792.48289835,69,39624144.9175
"9468",0,792.48289835,7,39624144.9175
"9469",0,792.48289835,70,39624144.9175
"9470",0,792.48289835,71,39624144.9175
"9471",0,792.48289835,72,39624144.9175
"9472",0,792.48289835,73,39624144.9175
"9473",0,792.48289835,74,39624144.9175
"9474",0,792.48289835,75,39624144.9175
"9475",0,792.48289835,76,39624144.9175
"9476",0,792.48289835,77,39624144.9175
"9477",0,792.48289835,78,39624144.9175
"9478",0,792.48289835,79,39624144.9175
"9479",0,792.48289835,8,39624144.9175
"9480",0,792.48289835,80,39624144.9175
"9481",0,792.48289835,81,39624144.9175
"9482",0,792.48289835,82,39624144.9175
"9483",0,792.48289835,83,39624144.9175
"9484",0,792.48289835,84,39624144.9175
"9485",0,792.48289835,85,39624144.9175
"9486",0,792.48289835,86,39624144.9175
"9487",0,792.48289835,87,39624144.9175
"9488",0,792.48289835,88,39624144.9175
"9489",0,792.48289835,89,39624144.9175
"9490",0,792.48289835,9,39624144.9175
"9491",0,792.48289835,90,39624144.9175
"9492",0,792.48289835,91,39624144.9175
"9493",0,792.48289835,92,39624144.9175
"9494",0,792.48289835,93,39624144.9175
"9495",0,792.48289835,94,39624144.9175
"9496",0,792.48289835,95,39624144.9175
"9497",0,792.48289835,96,39624144.9175
"9498",0,792.48289835,97,39624144.9175
"9499",0,792.48289835,98,39624144.9175
"9500",0,792.48289835,99,39624144.9175
"9501",0,8.49753436,1,424876.718
"9502",0,8.49753436,10,424876.718
"9503",0,8.49753436,100,424876.718
"9504",0,8.49753436,11,424876.718
"9505",0,8.49753436,12,424876.718
"9506",0,8.49753436,13,424876.718
"9507",0,8.49753436,14,424876.718
"9508",0,8.49753436,15,424876.718
"9509",0,8.49753436,16,424876.718
"9510",0,8.49753436,17,424876.718
"9511",0,8.49753436,18,424876.718
"9512",0,8.49753436,19,424876.718
"9513",0,8.49753436,2,424876.718
"9514",0,8.49753436,20,424876.718
"9515",0,8.49753436,21,424876.718
"9516",0,8.49753436,22,424876.718
"9517",0,8.49753436,23,424876.718
"9518",0,8.49753436,24,424876.718
"9519",0,8.49753436,25,424876.718
"9520",0,8.49753436,26,424876.718
"9521",0,8.49753436,27,424876.718
"9522",0,8.49753436,28,424876.718
"9523",0,8.49753436,29,424876.718
"9524",0,8.49753436,3,424876.718
"9525",0,8.49753436,30,424876.718
"9526",0,8.49753436,31,424876.718
"9527",0,8.49753436,32,424876.718
"9528",0,8.49753436,33,424876.718
"9529",0,8.49753436,34,424876.718
"9530",0,8.49753436,35,424876.718
"9531",0,8.49753436,36,424876.718
"9532",0,8.49753436,37,424876.718
"9533",0,8.49753436,38,424876.718
"9534",0,8.49753436,39,424876.718
"9535",0,8.49753436,4,424876.718
"9536",0,8.49753436,40,424876.718
"9537",0,8.49753436,41,424876.718
"9538",0,8.49753436,42,424876.718
"9539",0,8.49753436,43,424876.718
"9540",0,8.49753436,44,424876.718
"9541",0,8.49753436,45,424876.718
"9542",0,8.49753436,46,424876.718
"9543",0,8.49753436,47,424876.718
"9544",0,8.49753436,48,424876.718
"9545",0,8.49753436,49,424876.718
"9546",0,8.49753436,5,424876.718
"9547",0,8.49753436,50,424876.718
"9548",0,8.49753436,51,424876.718
"9549",0,8.49753436,52,424876.718
"9550",0,8.49753436,53,424876.718
"9551",0,8.49753436,54,424876.718
"9552",0,8.49753436,55,424876.718
"9553",0,8.49753436,56,424876.718
"9554",0,8.49753436,57,424876.718
"9555",0,8.49753436,58,424876.718
"9556",0,8.49753436,59,424876.718
"9557",0,8.49753436,6,424876.718
"9558",0,8.49753436,60,424876.718
"9559",0,8.49753436,61,424876.718
"9560",0,8.49753436,62,424876.718
"9561",0,8.49753436,63,424876.718
"9562",0,8.49753436,64,424876.718
"9563",0,8.49753436,65,424876.718
"9564",0,8.49753436,66,424876.718
"9565",0,8.49753436,67,424876.718
"9566",0,8.49753436,68,424876.718
"9567",0,8.49753436,69,424876.718
"9568",0,8.49753436,7,424876.718
"9569",0,8.49753436,70,424876.718
"9570",0,8.49753436,71,424876.718
"9571",0,8.49753436,72,424876.718
"9572",0,8.49753436,73,424876.718
"9573",0,8.49753436,74,424876.718
"9574",0,8.49753436,75,424876.718
"9575",0,8.49753436,76,424876.718
"9576",0,8.49753436,77,424876.718
"9577",0,8.49753436,78,424876.718
"9578",0,8.49753436,79,424876.718
"9579",0,8.49753436,8,424876.718
"9580",0,8.49753436,80,424876.718
"9581",0,8.49753436,81,424876.718
"9582",0,8.49753436,82,424876.718
"9583",0,8.49753436,83,424876.718
"9584",0,8.49753436,84,424876.718
"9585",0,8.49753436,85,424876.718
"9586",0,8.49753436,86,424876.718
"9587",0,8.49753436,87,424876.718
"9588",0,8.49753436,88,424876.718
"9589",0,8.49753436,89,424876.718
"9590",0,8.49753436,9,424876.718
"9591",0,8.49753436,90,424876.718
"9592",0,8.49753436,91,424876.718
"9593",0,8.49753436,92,424876.718
"9594",0,8.49753436,93,424876.718
"9595",0,8.49753436,94,424876.718
"9596",0,8.49753436,95,424876.718
"9597",0,8.49753436,96,424876.718
"9598",0,8.49753436,97,424876.718
"9599",0,8.49753436,98,424876.718
"9600",0,8.49753436,99,424876.718
"9601",0,86.97490026,1,4348745.013
"9602",0,86.97490026,10,4348745.013
"9603",0,86.97490026,100,4348745.013
"9604",0,86.97490026,11,4348745.013
"9605",0,86.97490026,12,4348745.013
"9606",0,86.97490026,13,4348745.013
"9607",0,86.97490026,14,4348745.013
"9608",0,86.97490026,15,4348745.013
"9609",0,86.97490026,16,4348745.013
"9610",0,86.97490026,17,4348745.013
"9611",0,86.97490026,18,4348745.013
"9612",0,86.97490026,19,4348745.013
"9613",0,86.97490026,2,4348745.013
"9614",0,86.97490026,20,4348745.013
"9615",0,86.97490026,21,4348745.013
"9616",0,86.97490026,22,4348745.013
"9617",0,86.97490026,23,4348745.013
"9618",0,86.97490026,24,4348745.013
"9619",0,86.97490026,25,4348745.013
"9620",0,86.97490026,26,4348745.013
"9621",0,86.97490026,27,4348745.013
"9622",0,86.97490026,28,4348745.013
"9623",0,86.97490026,29,4348745.013
"9624",0,86.97490026,3,4348745.013
"9625",0,86.97490026,30,4348745.013
"9626",0,86.97490026,31,4348745.013
"9627",0,86.97490026,32,4348745.013
"9628",0,86.97490026,33,4348745.013
"9629",0,86.97490026,34,4348745.013
"9630",0,86.97490026,35,4348745.013
"9631",0,86.97490026,36,4348745.013
"9632",0,86.97490026,37,4348745.013
"9633",0,86.97490026,38,4348745.013
"9634",0,86.97490026,39,4348745.013
"9635",0,86.97490026,4,4348745.013
"9636",0,86.97490026,40,4348745.013
"9637",0,86.97490026,41,4348745.013
"9638",0,86.97490026,42,4348745.013
"9639",0,86.97490026,43,4348745.013
"9640",0,86.97490026,44,4348745.013
"9641",0,86.97490026,45,4348745.013
"9642",0,86.97490026,46,4348745.013
"9643",0,86.97490026,47,4348745.013
"9644",0,86.97490026,48,4348745.013
"9645",0,86.97490026,49,4348745.013
"9646",0,86.97490026,5,4348745.013
"9647",0,86.97490026,50,4348745.013
"9648",0,86.97490026,51,4348745.013
"9649",0,86.97490026,52,4348745.013
"9650",0,86.97490026,53,4348745.013
"9651",0,86.97490026,54,4348745.013
"9652",0,86.97490026,55,4348745.013
"9653",0,86.97490026,56,4348745.013
"9654",0,86.97490026,57,4348745.013
"9655",0,86.97490026,58,4348745.013
"9656",0,86.97490026,59,4348745.013
"9657",0,86.97490026,6,4348745.013
"9658",0,86.97490026,60,4348745.013
"9659",0,86.97490026,61,4348745.013
"9660",0,86.97490026,62,4348745.013
"9661",0,86.97490026,63,4348745.013
"9662",0,86.97490026,64,4348745.013
"9663",0,86.97490026,65,4348745.013
"9664",0,86.97490026,66,4348745.013
"9665",0,86.97490026,67,4348745.013
"9666",0,86.97490026,68,4348745.013
"9667",0,86.97490026,69,4348745.013
"9668",0,86.97490026,7,4348745.013
"9669",0,86.97490026,70,4348745.013
"9670",0,86.97490026,71,4348745.013
"9671",0,86.97490026,72,4348745.013
"9672",0,86.97490026,73,4348745.013
"9673",0,86.97490026,74,4348745.013
"9674",0,86.97490026,75,4348745.013
"9675",0,86.97490026,76,4348745.013
"9676",0,86.97490026,77,4348745.013
"9677",0,86.97490026,78,4348745.013
"9678",0,86.97490026,79,4348745.013
"9679",0,86.97490026,8,4348745.013
"9680",0,86.97490026,80,4348745.013
"9681",0,86.97490026,81,4348745.013
"9682",0,86.97490026,82,4348745.013
"9683",0,86.97490026,83,4348745.013
"9684",0,86.97490026,84,4348745.013
"9685",0,86.97490026,85,4348745.013
"9686",0,86.97490026,86,4348745.013
"9687",0,86.97490026,87,4348745.013
"9688",0,86.97490026,88,4348745.013
"9689",0,86.97490026,89,4348745.013
"9690",0,86.97490026,9,4348745.013
"9691",0,86.97490026,90,4348745.013
"9692",0,86.97490026,91,4348745.013
"9693",0,86.97490026,92,4348745.013
"9694",0,86.97490026,93,4348745.013
"9695",0,86.97490026,94,4348745.013
"9696",0,86.97490026,95,4348745.013
"9697",0,86.97490026,96,4348745.013
"9698",0,86.97490026,97,4348745.013
"9699",0,86.97490026,98,4348745.013
"9700",0,86.97490026,99,4348745.013
"9701",0,890.21508545,1,44510754.2725
"9702",0,890.21508545,10,44510754.2725
"9703",0,890.21508545,100,44510754.2725
"9704",0,890.21508545,11,44510754.2725
"9705",0,890.21508545,12,44510754.2725
"9706",0,890.21508545,13,44510754.2725
"9707",0,890.21508545,14,44510754.2725
"9708",0,890.21508545,15,44510754.2725
"9709",0,890.21508545,16,44510754.2725
"9710",0,890.21508545,17,44510754.2725
"9711",0,890.21508545,18,44510754.2725
"9712",0,890.21508545,19,44510754.2725
"9713",0,890.21508545,2,44510754.2725
"9714",0,890.21508545,20,44510754.2725
"9715",0,890.21508545,21,44510754.2725
"9716",0,890.21508545,22,44510754.2725
"9717",0,890.21508545,23,44510754.2725
"9718",0,890.21508545,24,44510754.2725
"9719",0,890.21508545,25,44510754.2725
"9720",0,890.21508545,26,44510754.2725
"9721",0,890.21508545,27,44510754.2725
"9722",0,890.21508545,28,44510754.2725
"9723",0,890.21508545,29,44510754.2725
"9724",0,890.21508545,3,44510754.2725
"9725",0,890.21508545,30,44510754.2725
"9726",0,890.21508545,31,44510754.2725
"9727",0,890.21508545,32,44510754.2725
"9728",0,890.21508545,33,44510754.2725
"9729",0,890.21508545,34,44510754.2725
"9730",0,890.21508545,35,44510754.2725
"9731",0,890.21508545,36,44510754.2725
"9732",0,890.21508545,37,44510754.2725
"9733",0,890.21508545,38,44510754.2725
"9734",0,890.21508545,39,44510754.2725
"9735",0,890.21508545,4,44510754.2725
"9736",0,890.21508545,40,44510754.2725
"9737",0,890.21508545,41,44510754.2725
"9738",0,890.21508545,42,44510754.2725
"9739",0,890.21508545,43,44510754.2725
"9740",0,890.21508545,44,44510754.2725
"9741",0,890.21508545,45,44510754.2725
"9742",0,890.21508545,46,44510754.2725
"9743",0,890.21508545,47,44510754.2725
"9744",0,890.21508545,48,44510754.2725
"9745",0,890.21508545,49,44510754.2725
"9746",0,890.21508545,5,44510754.2725
"9747",0,890.21508545,50,44510754.2725
"9748",0,890.21508545,51,44510754.2725
"9749",0,890.21508545,52,44510754.2725
"9750",0,890.21508545,53,44510754.2725
"9751",0,890.21508545,54,44510754.2725
"9752",0,890.21508545,55,44510754.2725
"9753",0,890.21508545,56,44510754.2725
"9754",0,890.21508545,57,44510754.2725
"9755",0,890.21508545,58,44510754.2725
"9756",0,890.21508545,59,44510754.2725
"9757",0,890.21508545,6,44510754.2725
"9758",0,890.21508545,60,44510754.2725
"9759",0,890.21508545,61,44510754.2725
"9760",0,890.21508545,62,44510754.2725
"9761",0,890.21508545,63,44510754.2725
"9762",0,890.21508545,64,44510754.2725
"9763",0,890.21508545,65,44510754.2725
"9764",0,890.21508545,66,44510754.2725
"9765",0,890.21508545,67,44510754.2725
"9766",0,890.21508545,68,44510754.2725
"9767",0,890.21508545,69,44510754.2725
"9768",0,890.21508545,7,44510754.2725
"9769",0,890.21508545,70,44510754.2725
"9770",0,890.21508545,71,44510754.2725
"9771",0,890.21508545,72,44510754.2725
"9772",0,890.21508545,73,44510754.2725
"9773",0,890.21508545,74,44510754.2725
"9774",0,890.21508545,75,44510754.2725
"9775",0,890.21508545,76,44510754.2725
"9776",0,890.21508545,77,44510754.2725
"9777",0,890.21508545,78,44510754.2725
"9778",0,890.21508545,79,44510754.2725
"9779",0,890.21508545,8,44510754.2725
"9780",0,890.21508545,80,44510754.2725
"9781",0,890.21508545,81,44510754.2725
"9782",0,890.21508545,82,44510754.2725
"9783",0,890.21508545,83,44510754.2725
"9784",0,890.21508545,84,44510754.2725
"9785",0,890.21508545,85,44510754.2725
"9786",0,890.21508545,86,44510754.2725
"9787",0,890.21508545,87,44510754.2725
"9788",0,890.21508545,88,44510754.2725
"9789",0,890.21508545,89,44510754.2725
"9790",0,890.21508545,9,44510754.2725
"9791",0,890.21508545,90,44510754.2725
"9792",0,890.21508545,91,44510754.2725
"9793",0,890.21508545,92,44510754.2725
"9794",0,890.21508545,93,44510754.2725
"9795",0,890.21508545,94,44510754.2725
"9796",0,890.21508545,95,44510754.2725
"9797",0,890.21508545,96,44510754.2725
"9798",0,890.21508545,97,44510754.2725
"9799",0,890.21508545,98,44510754.2725
"9800",0,890.21508545,99,44510754.2725
"9801",0,9.54548457,1,477274.2285
"9802",0,9.54548457,10,477274.2285
"9803",0,9.54548457,100,477274.2285
"9804",0,9.54548457,11,477274.2285
"9805",0,9.54548457,12,477274.2285
"9806",0,9.54548457,13,477274.2285
"9807",0,9.54548457,14,477274.2285
"9808",0,9.54548457,15,477274.2285
"9809",0,9.54548457,16,477274.2285
"9810",0,9.54548457,17,477274.2285
"9811",0,9.54548457,18,477274.2285
"9812",0,9.54548457,19,477274.2285
"9813",0,9.54548457,2,477274.2285
"9814",0,9.54548457,20,477274.2285
"9815",0,9.54548457,21,477274.2285
"9816",0,9.54548457,22,477274.2285
"9817",0,9.54548457,23,477274.2285
"9818",0,9.54548457,24,477274.2285
"9819",0,9.54548457,25,477274.2285
"9820",0,9.54548457,26,477274.2285
"9821",0,9.54548457,27,477274.2285
"9822",0,9.54548457,28,477274.2285
"9823",0,9.54548457,29,477274.2285
"9824",0,9.54548457,3,477274.2285
"9825",0,9.54548457,30,477274.2285
"9826",0,9.54548457,31,477274.2285
"9827",0,9.54548457,32,477274.2285
"9828",0,9.54548457,33,477274.2285
"9829",0,9.54548457,34,477274.2285
"9830",0,9.54548457,35,477274.2285
"9831",0,9.54548457,36,477274.2285
"9832",0,9.54548457,37,477274.2285
"9833",0,9.54548457,38,477274.2285
"9834",0,9.54548457,39,477274.2285
"9835",0,9.54548457,4,477274.2285
"9836",0,9.54548457,40,477274.2285
"9837",0,9.54548457,41,477274.2285
"9838",0,9.54548457,42,477274.2285
"9839",0,9.54548457,43,477274.2285
"9840",0,9.54548457,44,477274.2285
"9841",0,9.54548457,45,477274.2285
"9842",0,9.54548457,46,477274.2285
"9843",0,9.54548457,47,477274.2285
"9844",0,9.54548457,48,477274.2285
"9845",0,9.54548457,49,477274.2285
"9846",0,9.54548457,5,477274.2285
"9847",0,9.54548457,50,477274.2285
"9848",0,9.54548457,51,477274.2285
"9849",0,9.54548457,52,477274.2285
"9850",0,9.54548457,53,477274.2285
"9851",0,9.54548457,54,477274.2285
"9852",0,9.54548457,55,477274.2285
"9853",0,9.54548457,56,477274.2285
"9854",0,9.54548457,57,477274.2285
"9855",0,9.54548457,58,477274.2285
"9856",0,9.54548457,59,477274.2285
"9857",0,9.54548457,6,477274.2285
"9858",0,9.54548457,60,477274.2285
"9859",0,9.54548457,61,477274.2285
"9860",0,9.54548457,62,477274.2285
"9861",0,9.54548457,63,477274.2285
"9862",0,9.54548457,64,477274.2285
"9863",0,9.54548457,65,477274.2285
"9864",0,9.54548457,66,477274.2285
"9865",0,9.54548457,67,477274.2285
"9866",0,9.54548457,68,477274.2285
"9867",0,9.54548457,69,477274.2285
"9868",0,9.54548457,7,477274.2285
"9869",0,9.54548457,70,477274.2285
"9870",0,9.54548457,71,477274.2285
"9871",0,9.54548457,72,477274.2285
"9872",0,9.54548457,73,477274.2285
"9873",0,9.54548457,74,477274.2285
"9874",0,9.54548457,75,477274.2285
"9875",0,9.54548457,76,477274.2285
"9876",0,9.54548457,77,477274.2285
"9877",0,9.54548457,78,477274.2285
"9878",0,9.54548457,79,477274.2285
"9879",0,9.54548457,8,477274.2285
"9880",0,9.54548457,80,477274.2285
"9881",0,9.54548457,81,477274.2285
"9882",0,9.54548457,82,477274.2285
"9883",0,9.54548457,83,477274.2285
"9884",0,9.54548457,84,477274.2285
"9885",0,9.54548457,85,477274.2285
"9886",0,9.54548457,86,477274.2285
"9887",0,9.54548457,87,477274.2285
"9888",0,9.54548457,88,477274.2285
"9889",0,9.54548457,89,477274.2285
"9890",0,9.54548457,9,477274.2285
"9891",0,9.54548457,90,477274.2285
"9892",0,9.54548457,91,477274.2285
"9893",0,9.54548457,92,477274.2285
"9894",0,9.54548457,93,477274.2285
"9895",0,9.54548457,94,477274.2285
"9896",0,9.54548457,95,477274.2285
"9897",0,9.54548457,96,477274.2285
"9898",0,9.54548457,97,477274.2285
"9899",0,9.54548457,98,477274.2285
"9900",0,9.54548457,99,477274.2285
"9901",0,97.70099573,1,4885049.7865
"9902",0,97.70099573,10,4885049.7865
"9903",0,97.70099573,100,4885049.7865
"9904",0,97.70099573,11,4885049.7865
"9905",0,97.70099573,12,4885049.7865
"9906",0,97.70099573,13,4885049.7865
"9907",0,97.70099573,14,4885049.7865
"9908",0,97.70099573,15,4885049.7865
"9909",0,97.70099573,16,4885049.7865
"9910",0,97.70099573,17,4885049.7865
"9911",0,97.70099573,18,4885049.7865
"9912",0,97.70099573,19,4885049.7865
"9913",0,97.70099573,2,4885049.7865
"9914",0,97.70099573,20,4885049.7865
"9915",0,97.70099573,21,4885049.7865
"9916",0,97.70099573,22,4885049.7865
"9917",0,97.70099573,23,4885049.7865
"9918",0,97.70099573,24,4885049.7865
"9919",0,97.70099573,25,4885049.7865
"9920",0,97.70099573,26,4885049.7865
"9921",0,97.70099573,27,4885049.7865
"9922",0,97.70099573,28,4885049.7865
"9923",0,97.70099573,29,4885049.7865
"9924",0,97.70099573,3,4885049.7865
"9925",0,97.70099573,30,4885049.7865
"9926",0,97.70099573,31,4885049.7865
"9927",0,97.70099573,32,4885049.7865
"9928",0,97.70099573,33,4885049.7865
"9929",0,97.70099573,34,4885049.7865
"9930",0,97.70099573,35,4885049.7865
"9931",0,97.70099573,36,4885049.7865
"9932",0,97.70099573,37,4885049.7865
"9933",0,97.70099573,38,4885049.7865
"9934",0,97.70099573,39,4885049.7865
"9935",0,97.70099573,4,4885049.7865
"9936",0,97.70099573,40,4885049.7865
"9937",0,97.70099573,41,4885049.7865
"9938",0,97.70099573,42,4885049.7865
"9939",0,97.70099573,43,4885049.7865
"9940",0,97.70099573,44,4885049.7865
"9941",0,97.70099573,45,4885049.7865
"9942",0,97.70099573,46,4885049.7865
"9943",0,97.70099573,47,4885049.7865
"9944",0,97.70099573,48,4885049.7865
"9945",0,97.70099573,49,4885049.7865
"9946",0,97.70099573,5,4885049.7865
"9947",0,97.70099573,50,4885049.7865
"9948",0,97.70099573,51,4885049.7865
"9949",0,97.70099573,52,4885049.7865
"9950",0,97.70099573,53,4885049.7865
"9951",0,97.70099573,54,4885049.7865
"9952",0,97.70099573,55,4885049.7865
"9953",0,97.70099573,56,4885049.7865
"9954",0,97.70099573,57,4885049.7865
"9955",0,97.70099573,58,4885049.7865
"9956",0,97.70099573,59,4885049.7865
"9957",0,97.70099573,6,4885049.7865
"9958",0,97.70099573,60,4885049.7865
"9959",0,97.70099573,61,4885049.7865
"9960",0,97.70099573,62,4885049.7865
"9961",0,97.70099573,63,4885049.7865
"9962",0,97.70099573,64,4885049.7865
"9963",0,97.70099573,65,4885049.7865
"9964",0,97.70099573,66,4885049.7865
"9965",0,97.70099573,67,4885049.7865
"9966",0,97.70099573,68,4885049.7865
"9967",0,97.70099573,69,4885049.7865
"9968",0,97.70099573,7,4885049.7865
"9969",0,97.70099573,70,4885049.7865
"9970",0,97.70099573,71,4885049.7865
"9971",0,97.70099573,72,4885049.7865
"9972",0,97.70099573,73,4885049.7865
"9973",0,97.70099573,74,4885049.7865
"9974",0,97.70099573,75,4885049.7865
"9975",0,97.70099573,76,4885049.7865
"9976",0,97.70099573,77,4885049.7865
"9977",0,97.70099573,78,4885049.7865
"9978",0,97.70099573,79,4885049.7865
"9979",0,97.70099573,8,4885049.7865
"9980",0,97.70099573,80,4885049.7865
"9981",0,97.70099573,81,4885049.7865
"9982",0,97.70099573,82,4885049.7865
"9983",0,97.70099573,83,4885049.7865
"9984",0,97.70099573,84,4885049.7865
"9985",0,97.70099573,85,4885049.7865
"9986",0,97.70099573,86,4885049.7865
"9987",0,97.70099573,87,4885049.7865
"9988",0,97.70099573,88,4885049.7865
"9989",0,97.70099573,89,4885049.7865
"9990",0,97.70099573,9,4885049.7865
"9991",0,97.70099573,90,4885049.7865
"9992",0,97.70099573,91,4885049.7865
"9993",0,97.70099573,92,4885049.7865
"9994",0,97.70099573,93,4885049.7865
"9995",0,97.70099573,94,4885049.7865
"9996",0,97.70099573,95,4885049.7865
"9997",0,97.70099573,96,4885049.7865
"9998",0,97.70099573,97,4885049.7865
"9999",0,97.70099573,98,4885049.7865
"10000",0,97.70099573,99,4885049.7865
