"","time","nu","id","tot_pfu"
"1",4,0.01,51,1
"2",4,0.01123324,27,1
"3",4,0.01261857,1,1
"4",4,0.01261857,19,1
"5",4,0.01261857,22,1
"6",4,0.01261857,25,1
"7",4,0.01261857,33,1
"8",4,0.01261857,43,2
"9",4,0.01261857,74,1
"10",4,0.01417474,47,1
"11",4,0.01417474,60,1
"12",4,0.01592283,45,1
"13",4,0.01592283,55,1
"14",4,0.01592283,80,1
"15",4,0.01592283,9,1
"16",4,0.0178865,47,1
"17",4,0.02009233,10,2
"18",4,0.02009233,100,1
"19",4,0.02009233,25,1
"20",4,0.0225702,14,1
"21",4,0.0225702,15,1
"22",4,0.0225702,18,1
"23",4,0.0225702,31,2
"24",4,0.0225702,57,1
"25",4,0.0225702,9,1
"26",4,0.02535364,68,2
"27",4,0.02848036,25,2
"28",4,0.02848036,3,1
"29",4,0.02848036,42,1
"30",4,0.02848036,43,1
"31",4,0.02848036,53,2
"32",4,0.02848036,95,1
"33",4,0.03199267,77,1
"34",4,0.03593814,13,1
"35",4,0.03593814,19,1
"36",4,0.03593814,30,1
"37",4,0.03593814,39,1
"38",4,0.03593814,51,1
"39",4,0.03593814,55,1
"40",4,0.03593814,67,1
"41",4,0.03593814,70,1
"42",4,0.03593814,88,1
"43",4,0.04037017,1,1
"44",4,0.04037017,27,1
"45",4,0.04037017,46,1
"46",4,0.04037017,49,1
"47",4,0.04037017,70,1
"48",4,0.04037017,78,1
"49",4,0.04037017,9,2
"50",4,0.04037017,95,1
"51",4,0.04534879,4,1
"52",4,0.04534879,41,1
"53",4,0.04534879,44,1
"54",4,0.04534879,66,1
"55",4,0.04534879,83,1
"56",4,0.04534879,85,1
"57",4,0.04534879,92,1
"58",4,0.05094138,14,1
"59",4,0.05094138,15,1
"60",4,0.05094138,41,1
"61",4,0.05094138,43,1
"62",4,0.05094138,44,1
"63",4,0.05094138,47,1
"64",4,0.05094138,8,2
"65",4,0.05094138,85,1
"66",4,0.05094138,9,1
"67",4,0.05722368,19,1
"68",4,0.05722368,20,2
"69",4,0.05722368,25,2
"70",4,0.05722368,35,1
"71",4,0.05722368,38,1
"72",4,0.05722368,42,2
"73",4,0.05722368,44,1
"74",4,0.05722368,55,1
"75",4,0.05722368,58,1
"76",4,0.05722368,66,580316
"77",4,0.05722368,81,1
"78",4,0.05722368,84,1
"79",4,0.05722368,85,1
"80",4,0.05722368,89,1
"81",4,0.05722368,9,1
"82",4,0.06428073,1,2
"83",4,0.06428073,12,1
"84",4,0.06428073,20,1
"85",4,0.06428073,28,1
"86",4,0.06428073,82,1
"87",4,0.06428073,84,1
"88",4,0.06428073,86,1
"89",4,0.06428073,90,1
"90",4,0.07220809,12,1
"91",4,0.07220809,20,1
"92",4,0.07220809,33,1
"93",4,0.07220809,35,1
"94",4,0.07220809,39,1
"95",4,0.07220809,41,1
"96",4,0.07220809,47,1
"97",4,0.07220809,7,1
"98",4,0.07220809,94,2
"99",4,0.07220809,97,2
"100",4,0.08111308,16,1
"101",4,0.08111308,22,1
"102",4,0.08111308,23,1
"103",4,0.08111308,25,1
"104",4,0.08111308,35,1
"105",4,0.08111308,4,1
"106",4,0.08111308,40,1
"107",4,0.08111308,42,1
"108",4,0.08111308,45,1
"109",4,0.08111308,47,1
"110",4,0.08111308,51,1
"111",4,0.08111308,55,1
"112",4,0.08111308,62,545888
"113",4,0.08111308,64,1
"114",4,0.08111308,66,1
"115",4,0.08111308,67,1
"116",4,0.08111308,71,1
"117",4,0.08111308,81,1
"118",4,0.08111308,82,2
"119",4,0.08111308,9,1
"120",4,0.08111308,90,1
"121",4,0.08111308,95,1
"122",4,0.09111628,100,1
"123",4,0.09111628,16,1
"124",4,0.09111628,18,1
"125",4,0.09111628,2,1
"126",4,0.09111628,23,1
"127",4,0.09111628,33,1
"128",4,0.09111628,37,1
"129",4,0.09111628,51,1
"130",4,0.09111628,67,1
"131",4,0.09111628,7,1
"132",4,0.09111628,70,1
"133",4,0.09111628,71,1
"134",4,0.09111628,8,1
"135",4,0.09111628,80,1
"136",4,0.09111628,85,2
"137",4,0.09111628,94,1
"138",4,0.09111628,99,1
"139",4,0.1023531,100,1
"140",4,0.1023531,21,1
"141",4,0.1023531,22,1
"142",4,0.1023531,25,1
"143",4,0.1023531,3,1
"144",4,0.1023531,30,1
"145",4,0.1023531,37,1
"146",4,0.1023531,40,1
"147",4,0.1023531,46,1
"148",4,0.1023531,50,1
"149",4,0.1023531,53,1
"150",4,0.1023531,56,1
"151",4,0.1023531,59,2
"152",4,0.1023531,60,2
"153",4,0.1023531,64,1
"154",4,0.1023531,78,2
"155",4,0.1023531,9,2
"156",4,0.1023531,92,1038486
"157",4,0.1023531,98,2
"158",4,0.1149757,100,1
"159",4,0.1149757,19,1
"160",4,0.1149757,22,2
"161",4,0.1149757,23,1
"162",4,0.1149757,28,1
"163",4,0.1149757,29,1
"164",4,0.1149757,32,1
"165",4,0.1149757,35,1
"166",4,0.1149757,38,1
"167",4,0.1149757,43,1
"168",4,0.1149757,47,1
"169",4,0.1149757,49,1
"170",4,0.1149757,5,1
"171",4,0.1149757,58,2
"172",4,0.1149757,60,1
"173",4,0.1149757,68,1
"174",4,0.1149757,69,3
"175",4,0.1149757,7,1
"176",4,0.1149757,71,2
"177",4,0.1149757,73,1
"178",4,0.1149757,75,1
"179",4,0.1149757,80,1
"180",4,0.1149757,82,1
"181",4,0.1149757,85,1162201
"182",4,0.1149757,88,1163947
"183",4,0.1149757,89,2
"184",4,0.1149757,9,1
"185",4,0.1149757,97,1
"186",4,0.12915497,13,1
"187",4,0.12915497,17,1
"188",4,0.12915497,2,1
"189",4,0.12915497,23,1
"190",4,0.12915497,28,1
"191",4,0.12915497,39,1
"192",4,0.12915497,4,1
"193",4,0.12915497,41,1
"194",4,0.12915497,42,1
"195",4,0.12915497,46,1
"196",4,0.12915497,54,1
"197",4,0.12915497,55,1
"198",4,0.12915497,6,1
"199",4,0.12915497,70,1
"200",4,0.12915497,73,1
"201",4,0.12915497,77,1
"202",4,0.12915497,79,1
"203",4,0.12915497,8,1
"204",4,0.12915497,83,1
"205",4,0.12915497,89,1
"206",4,0.12915497,9,1
"207",4,0.12915497,96,1
"208",4,0.14508288,10,1
"209",4,0.14508288,12,1
"210",4,0.14508288,14,1
"211",4,0.14508288,19,1
"212",4,0.14508288,2,1
"213",4,0.14508288,28,1
"214",4,0.14508288,30,1
"215",4,0.14508288,34,1
"216",4,0.14508288,48,1
"217",4,0.14508288,51,1
"218",4,0.14508288,52,2
"219",4,0.14508288,54,1
"220",4,0.14508288,56,2
"221",4,0.14508288,63,1
"222",4,0.14508288,7,2
"223",4,0.14508288,70,1
"224",4,0.14508288,72,2
"225",4,0.14508288,73,1
"226",4,0.14508288,83,1
"227",4,0.14508288,86,1
"228",4,0.14508288,88,1
"229",4,0.14508288,9,1
"230",4,0.14508288,92,2
"231",4,0.14508288,93,2
"232",4,0.14508288,97,2
"233",4,0.14508288,99,1
"234",4,0.16297508,10,1
"235",4,0.16297508,16,1
"236",4,0.16297508,17,3
"237",4,0.16297508,24,1
"238",4,0.16297508,27,1
"239",4,0.16297508,29,1
"240",4,0.16297508,3,2
"241",4,0.16297508,34,1
"242",4,0.16297508,35,1
"243",4,0.16297508,40,1
"244",4,0.16297508,42,1
"245",4,0.16297508,44,1
"246",4,0.16297508,48,1
"247",4,0.16297508,57,2
"248",4,0.16297508,63,1
"249",4,0.16297508,67,1
"250",4,0.16297508,69,2
"251",4,0.16297508,7,1
"252",4,0.16297508,81,1
"253",4,0.16297508,83,1
"254",4,0.16297508,85,1
"255",4,0.16297508,87,1
"256",4,0.16297508,88,1
"257",4,0.16297508,90,1
"258",4,0.16297508,96,1
"259",4,0.18307383,1,1
"260",4,0.18307383,100,1
"261",4,0.18307383,12,1
"262",4,0.18307383,19,2
"263",4,0.18307383,21,1
"264",4,0.18307383,24,1
"265",4,0.18307383,27,1
"266",4,0.18307383,33,1
"267",4,0.18307383,34,1
"268",4,0.18307383,37,739438
"269",4,0.18307383,4,1
"270",4,0.18307383,42,1
"271",4,0.18307383,47,1
"272",4,0.18307383,48,2
"273",4,0.18307383,49,1
"274",4,0.18307383,52,1
"275",4,0.18307383,53,1
"276",4,0.18307383,59,1837380
"277",4,0.18307383,6,1
"278",4,0.18307383,61,1
"279",4,0.18307383,66,2
"280",4,0.18307383,69,1
"281",4,0.18307383,7,1
"282",4,0.18307383,71,1
"283",4,0.18307383,72,1
"284",4,0.18307383,73,1
"285",4,0.18307383,75,1
"286",4,0.18307383,76,1
"287",4,0.18307383,77,1
"288",4,0.18307383,78,1
"289",4,0.18307383,8,2
"290",4,0.18307383,80,1
"291",4,0.18307383,82,1
"292",4,0.18307383,83,3
"293",4,0.18307383,84,1
"294",4,0.18307383,87,1
"295",4,0.18307383,88,1
"296",4,0.18307383,96,3
"297",4,0.18307383,97,1
"298",4,0.20565123,1,1
"299",4,0.20565123,10,1
"300",4,0.20565123,12,1
"301",4,0.20565123,14,1
"302",4,0.20565123,16,1
"303",4,0.20565123,17,1
"304",4,0.20565123,18,1
"305",4,0.20565123,19,1
"306",4,0.20565123,2,2
"307",4,0.20565123,20,1
"308",4,0.20565123,21,2
"309",4,0.20565123,22,1
"310",4,0.20565123,33,1
"311",4,0.20565123,35,1
"312",4,0.20565123,36,1
"313",4,0.20565123,37,1
"314",4,0.20565123,39,2
"315",4,0.20565123,41,1
"316",4,0.20565123,42,2
"317",4,0.20565123,43,2
"318",4,0.20565123,48,1
"319",4,0.20565123,49,2
"320",4,0.20565123,5,1
"321",4,0.20565123,54,1
"322",4,0.20565123,55,1
"323",4,0.20565123,56,1
"324",4,0.20565123,63,1
"325",4,0.20565123,67,2
"326",4,0.20565123,69,1
"327",4,0.20565123,71,2
"328",4,0.20565123,74,2
"329",4,0.20565123,75,1
"330",4,0.20565123,79,1
"331",4,0.20565123,8,2
"332",4,0.20565123,81,1
"333",4,0.20565123,83,1
"334",4,0.20565123,88,2
"335",4,0.20565123,93,1
"336",4,0.20565123,96,1
"337",4,0.20565123,99,2
"338",4,0.23101297,100,1
"339",4,0.23101297,12,1
"340",4,0.23101297,15,2
"341",4,0.23101297,19,1
"342",4,0.23101297,2,1
"343",4,0.23101297,23,1
"344",4,0.23101297,24,3
"345",4,0.23101297,26,2
"346",4,0.23101297,27,1
"347",4,0.23101297,28,2
"348",4,0.23101297,32,1
"349",4,0.23101297,33,4
"350",4,0.23101297,34,1
"351",4,0.23101297,35,4
"352",4,0.23101297,37,1
"353",4,0.23101297,4,1
"354",4,0.23101297,40,3
"355",4,0.23101297,42,1
"356",4,0.23101297,44,2
"357",4,0.23101297,49,1
"358",4,0.23101297,50,1
"359",4,0.23101297,51,2
"360",4,0.23101297,52,1
"361",4,0.23101297,53,2
"362",4,0.23101297,54,1
"363",4,0.23101297,55,1
"364",4,0.23101297,58,2
"365",4,0.23101297,6,2
"366",4,0.23101297,62,2311090
"367",4,0.23101297,64,1
"368",4,0.23101297,76,1
"369",4,0.23101297,79,2
"370",4,0.23101297,81,1
"371",4,0.23101297,82,2
"372",4,0.23101297,87,3
"373",4,0.23101297,88,1
"374",4,0.23101297,89,1
"375",4,0.23101297,90,2298002
"376",4,0.23101297,93,1
"377",4,0.23101297,95,1
"378",4,0.23101297,97,1
"379",4,0.23101297,98,1
"380",4,0.25950242,10,2
"381",4,0.25950242,12,1
"382",4,0.25950242,13,1
"383",4,0.25950242,14,1
"384",4,0.25950242,16,1
"385",4,0.25950242,18,1
"386",4,0.25950242,21,1
"387",4,0.25950242,23,2
"388",4,0.25950242,24,1
"389",4,0.25950242,25,1
"390",4,0.25950242,26,1
"391",4,0.25950242,28,1
"392",4,0.25950242,29,3
"393",4,0.25950242,3,1
"394",4,0.25950242,31,1
"395",4,0.25950242,36,2
"396",4,0.25950242,41,1
"397",4,0.25950242,46,1
"398",4,0.25950242,47,1
"399",4,0.25950242,50,2
"400",4,0.25950242,54,1
"401",4,0.25950242,57,1
"402",4,0.25950242,6,1
"403",4,0.25950242,61,1
"404",4,0.25950242,65,2
"405",4,0.25950242,66,2
"406",4,0.25950242,67,1
"407",4,0.25950242,69,2
"408",4,0.25950242,71,2
"409",4,0.25950242,72,1
"410",4,0.25950242,73,2547044
"411",4,0.25950242,74,1
"412",4,0.25950242,8,3
"413",4,0.25950242,84,2
"414",4,0.25950242,86,2
"415",4,0.25950242,87,1
"416",4,0.25950242,88,1
"417",4,0.25950242,93,1
"418",4,0.25950242,94,1
"419",4,0.25950242,96,1
"420",4,0.25950242,98,4
"421",4,0.29150531,1,1
"422",4,0.29150531,100,1
"423",4,0.29150531,12,46179
"424",4,0.29150531,13,1
"425",4,0.29150531,14,2
"426",4,0.29150531,15,3
"427",4,0.29150531,16,1
"428",4,0.29150531,17,1
"429",4,0.29150531,18,1
"430",4,0.29150531,2,1
"431",4,0.29150531,21,2715108
"432",4,0.29150531,22,2
"433",4,0.29150531,24,3
"434",4,0.29150531,26,1
"435",4,0.29150531,29,4
"436",4,0.29150531,3,2
"437",4,0.29150531,35,3
"438",4,0.29150531,37,2
"439",4,0.29150531,38,2
"440",4,0.29150531,4,1
"441",4,0.29150531,40,1
"442",4,0.29150531,41,1
"443",4,0.29150531,43,3
"444",4,0.29150531,45,1
"445",4,0.29150531,47,1
"446",4,0.29150531,48,1
"447",4,0.29150531,49,1
"448",4,0.29150531,5,2
"449",4,0.29150531,50,1
"450",4,0.29150531,51,1
"451",4,0.29150531,55,1
"452",4,0.29150531,56,2
"453",4,0.29150531,57,1
"454",4,0.29150531,6,1
"455",4,0.29150531,60,1
"456",4,0.29150531,65,1
"457",4,0.29150531,69,2
"458",4,0.29150531,70,1
"459",4,0.29150531,71,1
"460",4,0.29150531,77,2
"461",4,0.29150531,78,1
"462",4,0.29150531,79,1
"463",4,0.29150531,8,1
"464",4,0.29150531,80,1
"465",4,0.29150531,81,1
"466",4,0.29150531,86,1
"467",4,0.29150531,89,1
"468",4,0.29150531,90,1
"469",4,0.29150531,92,1
"470",4,0.29150531,94,1
"471",4,0.29150531,97,1
"472",4,0.32745492,1,1
"473",4,0.32745492,11,3
"474",4,0.32745492,12,1
"475",4,0.32745492,16,2
"476",4,0.32745492,19,2
"477",4,0.32745492,2,2
"478",4,0.32745492,20,1
"479",4,0.32745492,24,1
"480",4,0.32745492,27,1
"481",4,0.32745492,28,2
"482",4,0.32745492,29,1
"483",4,0.32745492,3,2
"484",4,0.32745492,31,1
"485",4,0.32745492,32,1
"486",4,0.32745492,33,1
"487",4,0.32745492,34,2
"488",4,0.32745492,39,2
"489",4,0.32745492,40,2
"490",4,0.32745492,44,3
"491",4,0.32745492,45,1
"492",4,0.32745492,48,2
"493",4,0.32745492,5,1
"494",4,0.32745492,52,2
"495",4,0.32745492,54,2
"496",4,0.32745492,56,1
"497",4,0.32745492,57,2
"498",4,0.32745492,58,1
"499",4,0.32745492,6,2
"500",4,0.32745492,61,1
"501",4,0.32745492,62,1
"502",4,0.32745492,64,2
"503",4,0.32745492,65,1
"504",4,0.32745492,67,2
"505",4,0.32745492,69,3
"506",4,0.32745492,70,1
"507",4,0.32745492,71,2
"508",4,0.32745492,74,1
"509",4,0.32745492,77,2
"510",4,0.32745492,78,1
"511",4,0.32745492,79,2
"512",4,0.32745492,8,1
"513",4,0.32745492,80,1
"514",4,0.32745492,81,2
"515",4,0.32745492,82,1
"516",4,0.32745492,84,3
"517",4,0.32745492,86,1
"518",4,0.32745492,87,1
"519",4,0.32745492,88,3
"520",4,0.32745492,89,1
"521",4,0.32745492,91,2
"522",4,0.32745492,93,1
"523",4,0.32745492,94,2
"524",4,0.32745492,95,1
"525",4,0.32745492,96,1
"526",4,0.32745492,99,3
"527",4,0.36783798,1,1
"528",4,0.36783798,10,2
"529",4,0.36783798,100,1
"530",4,0.36783798,11,1
"531",4,0.36783798,12,1
"532",4,0.36783798,16,3
"533",4,0.36783798,17,1
"534",4,0.36783798,19,2
"535",4,0.36783798,20,2
"536",4,0.36783798,21,1
"537",4,0.36783798,22,3337205
"538",4,0.36783798,23,1
"539",4,0.36783798,24,1
"540",4,0.36783798,25,1
"541",4,0.36783798,26,3
"542",4,0.36783798,29,1
"543",4,0.36783798,3,1
"544",4,0.36783798,30,1
"545",4,0.36783798,32,1
"546",4,0.36783798,33,1
"547",4,0.36783798,34,1
"548",4,0.36783798,37,3
"549",4,0.36783798,39,1
"550",4,0.36783798,4,2
"551",4,0.36783798,42,1
"552",4,0.36783798,44,2
"553",4,0.36783798,45,3
"554",4,0.36783798,47,1
"555",4,0.36783798,48,1
"556",4,0.36783798,5,1
"557",4,0.36783798,50,2
"558",4,0.36783798,51,1
"559",4,0.36783798,52,2
"560",4,0.36783798,54,3
"561",4,0.36783798,57,2
"562",4,0.36783798,58,2
"563",4,0.36783798,6,2
"564",4,0.36783798,60,2
"565",4,0.36783798,61,1
"566",4,0.36783798,62,1
"567",4,0.36783798,63,2
"568",4,0.36783798,66,1
"569",4,0.36783798,67,3280617
"570",4,0.36783798,68,2
"571",4,0.36783798,71,1
"572",4,0.36783798,72,2
"573",4,0.36783798,74,1
"574",4,0.36783798,75,1
"575",4,0.36783798,76,1
"576",4,0.36783798,77,2
"577",4,0.36783798,78,1
"578",4,0.36783798,79,2
"579",4,0.36783798,80,2
"580",4,0.36783798,82,2
"581",4,0.36783798,83,3
"582",4,0.36783798,84,2
"583",4,0.36783798,88,2
"584",4,0.36783798,9,4
"585",4,0.36783798,90,1
"586",4,0.36783798,91,1
"587",4,0.36783798,92,1
"588",4,0.36783798,93,1
"589",4,0.36783798,95,1
"590",4,0.36783798,97,2
"591",4,0.36783798,98,1
"592",4,0.36783798,99,3401454
"593",4,0.41320124,10,1
"594",4,0.41320124,11,2
"595",4,0.41320124,13,2
"596",4,0.41320124,14,1
"597",4,0.41320124,16,2
"598",4,0.41320124,17,1
"599",4,0.41320124,18,1
"600",4,0.41320124,2,1
"601",4,0.41320124,20,1
"602",4,0.41320124,23,1
"603",4,0.41320124,24,1
"604",4,0.41320124,25,1
"605",4,0.41320124,27,1
"606",4,0.41320124,28,2
"607",4,0.41320124,29,1
"608",4,0.41320124,31,1
"609",4,0.41320124,34,2
"610",4,0.41320124,35,3
"611",4,0.41320124,36,3
"612",4,0.41320124,37,1
"613",4,0.41320124,39,2
"614",4,0.41320124,4,2
"615",4,0.41320124,41,2
"616",4,0.41320124,43,1
"617",4,0.41320124,44,3
"618",4,0.41320124,45,3
"619",4,0.41320124,46,1
"620",4,0.41320124,47,1
"621",4,0.41320124,48,3532760
"622",4,0.41320124,5,1
"623",4,0.41320124,50,2
"624",4,0.41320124,52,2
"625",4,0.41320124,53,1
"626",4,0.41320124,54,2
"627",4,0.41320124,55,2
"628",4,0.41320124,56,1
"629",4,0.41320124,58,1
"630",4,0.41320124,59,1
"631",4,0.41320124,60,1
"632",4,0.41320124,61,1
"633",4,0.41320124,62,2
"634",4,0.41320124,64,1
"635",4,0.41320124,68,1
"636",4,0.41320124,69,1
"637",4,0.41320124,71,1
"638",4,0.41320124,72,935785
"639",4,0.41320124,76,1
"640",4,0.41320124,77,1
"641",4,0.41320124,78,1
"642",4,0.41320124,79,1
"643",4,0.41320124,80,3501567
"644",4,0.41320124,82,2
"645",4,0.41320124,83,1
"646",4,0.41320124,85,2
"647",4,0.41320124,86,1
"648",4,0.41320124,87,2
"649",4,0.41320124,88,1
"650",4,0.41320124,89,1
"651",4,0.41320124,9,3559213
"652",4,0.41320124,90,2
"653",4,0.41320124,91,4
"654",4,0.41320124,92,1
"655",4,0.41320124,93,1
"656",4,0.41320124,95,2
"657",4,0.41320124,96,1
"658",4,0.41320124,99,1
"659",4,0.46415888,100,3
"660",4,0.46415888,11,3
"661",4,0.46415888,14,1
"662",4,0.46415888,16,2
"663",4,0.46415888,18,2
"664",4,0.46415888,19,3
"665",4,0.46415888,2,1
"666",4,0.46415888,22,1
"667",4,0.46415888,23,2
"668",4,0.46415888,24,1
"669",4,0.46415888,25,1
"670",4,0.46415888,27,1
"671",4,0.46415888,28,4
"672",4,0.46415888,29,2
"673",4,0.46415888,32,1
"674",4,0.46415888,33,1
"675",4,0.46415888,34,2
"676",4,0.46415888,39,2
"677",4,0.46415888,4,2
"678",4,0.46415888,40,1
"679",4,0.46415888,41,3855333
"680",4,0.46415888,42,1
"681",4,0.46415888,43,1
"682",4,0.46415888,45,1
"683",4,0.46415888,47,1
"684",4,0.46415888,48,1
"685",4,0.46415888,49,3
"686",4,0.46415888,50,2
"687",4,0.46415888,51,4
"688",4,0.46415888,52,3
"689",4,0.46415888,53,2
"690",4,0.46415888,55,2
"691",4,0.46415888,57,1
"692",4,0.46415888,59,2
"693",4,0.46415888,6,8
"694",4,0.46415888,60,2
"695",4,0.46415888,61,3928878
"696",4,0.46415888,63,1
"697",4,0.46415888,64,1
"698",4,0.46415888,65,1
"699",4,0.46415888,68,2
"700",4,0.46415888,69,2
"701",4,0.46415888,7,1
"702",4,0.46415888,70,2
"703",4,0.46415888,72,1
"704",4,0.46415888,73,2
"705",4,0.46415888,74,1
"706",4,0.46415888,76,3
"707",4,0.46415888,78,1
"708",4,0.46415888,79,3
"709",4,0.46415888,8,4
"710",4,0.46415888,80,2
"711",4,0.46415888,81,3
"712",4,0.46415888,83,2
"713",4,0.46415888,84,3
"714",4,0.46415888,85,1
"715",4,0.46415888,87,1
"716",4,0.46415888,88,2
"717",4,0.46415888,90,2
"718",4,0.46415888,91,2
"719",4,0.46415888,96,5
"720",4,0.46415888,97,1
"721",4,0.46415888,98,1
"722",4,0.52140083,1,1
"723",4,0.52140083,100,1
"724",4,0.52140083,13,1
"725",4,0.52140083,14,1
"726",4,0.52140083,15,2
"727",4,0.52140083,16,1
"728",4,0.52140083,17,2
"729",4,0.52140083,18,2
"730",4,0.52140083,21,1
"731",4,0.52140083,22,2
"732",4,0.52140083,23,1
"733",4,0.52140083,24,1
"734",4,0.52140083,25,2
"735",4,0.52140083,27,1
"736",4,0.52140083,28,2
"737",4,0.52140083,29,3
"738",4,0.52140083,3,3
"739",4,0.52140083,30,1
"740",4,0.52140083,31,2
"741",4,0.52140083,32,2
"742",4,0.52140083,34,1
"743",4,0.52140083,36,1
"744",4,0.52140083,37,1
"745",4,0.52140083,38,3
"746",4,0.52140083,39,2
"747",4,0.52140083,4,1
"748",4,0.52140083,41,2
"749",4,0.52140083,42,1
"750",4,0.52140083,43,2
"751",4,0.52140083,44,1
"752",4,0.52140083,45,2
"753",4,0.52140083,46,2
"754",4,0.52140083,47,3
"755",4,0.52140083,48,1
"756",4,0.52140083,49,1
"757",4,0.52140083,5,2
"758",4,0.52140083,50,2
"759",4,0.52140083,52,2
"760",4,0.52140083,53,1
"761",4,0.52140083,54,4
"762",4,0.52140083,55,3
"763",4,0.52140083,56,1
"764",4,0.52140083,58,1
"765",4,0.52140083,59,1
"766",4,0.52140083,6,1
"767",4,0.52140083,61,3
"768",4,0.52140083,62,1
"769",4,0.52140083,64,3
"770",4,0.52140083,69,1
"771",4,0.52140083,70,2
"772",4,0.52140083,72,3
"773",4,0.52140083,73,1
"774",4,0.52140083,74,1
"775",4,0.52140083,75,1
"776",4,0.52140083,76,4
"777",4,0.52140083,78,2
"778",4,0.52140083,79,1
"779",4,0.52140083,8,2
"780",4,0.52140083,80,1
"781",4,0.52140083,81,2
"782",4,0.52140083,83,4
"783",4,0.52140083,84,3
"784",4,0.52140083,86,1
"785",4,0.52140083,87,2
"786",4,0.52140083,88,1
"787",4,0.52140083,89,2
"788",4,0.52140083,91,1
"789",4,0.52140083,93,1
"790",4,0.52140083,94,1
"791",4,0.52140083,95,2
"792",4,0.52140083,97,1
"793",4,0.58570208,1,3
"794",4,0.58570208,10,1
"795",4,0.58570208,13,3
"796",4,0.58570208,14,2
"797",4,0.58570208,15,3
"798",4,0.58570208,16,3
"799",4,0.58570208,17,1
"800",4,0.58570208,18,2
"801",4,0.58570208,19,1
"802",4,0.58570208,2,1
"803",4,0.58570208,21,2
"804",4,0.58570208,22,3
"805",4,0.58570208,23,3
"806",4,0.58570208,25,1
"807",4,0.58570208,26,1
"808",4,0.58570208,27,1
"809",4,0.58570208,28,1
"810",4,0.58570208,33,1
"811",4,0.58570208,35,2
"812",4,0.58570208,36,2
"813",4,0.58570208,37,2
"814",4,0.58570208,39,1
"815",4,0.58570208,4,43768
"816",4,0.58570208,40,2
"817",4,0.58570208,41,1
"818",4,0.58570208,45,1
"819",4,0.58570208,46,1
"820",4,0.58570208,47,3
"821",4,0.58570208,49,2
"822",4,0.58570208,5,4
"823",4,0.58570208,52,1
"824",4,0.58570208,53,1
"825",4,0.58570208,55,5
"826",4,0.58570208,56,4324175
"827",4,0.58570208,57,1
"828",4,0.58570208,58,1
"829",4,0.58570208,60,2
"830",4,0.58570208,61,2
"831",4,0.58570208,62,1
"832",4,0.58570208,63,1
"833",4,0.58570208,64,1
"834",4,0.58570208,66,1
"835",4,0.58570208,67,3
"836",4,0.58570208,68,1
"837",4,0.58570208,7,4277972
"838",4,0.58570208,70,3
"839",4,0.58570208,71,1
"840",4,0.58570208,73,1
"841",4,0.58570208,74,2
"842",4,0.58570208,75,2
"843",4,0.58570208,76,4
"844",4,0.58570208,77,1
"845",4,0.58570208,78,2
"846",4,0.58570208,79,3
"847",4,0.58570208,8,1
"848",4,0.58570208,80,2
"849",4,0.58570208,81,2
"850",4,0.58570208,83,2
"851",4,0.58570208,84,3
"852",4,0.58570208,85,1
"853",4,0.58570208,86,1
"854",4,0.58570208,87,1
"855",4,0.58570208,89,2
"856",4,0.58570208,9,3
"857",4,0.58570208,90,4658481
"858",4,0.58570208,91,3
"859",4,0.58570208,92,4509222
"860",4,0.58570208,93,2
"861",4,0.58570208,95,3
"862",4,0.58570208,96,1
"863",4,0.58570208,97,2
"864",4,0.65793322,1,2
"865",4,0.65793322,10,1
"866",4,0.65793322,100,3
"867",4,0.65793322,13,3
"868",4,0.65793322,14,1
"869",4,0.65793322,16,885296
"870",4,0.65793322,17,3
"871",4,0.65793322,18,2
"872",4,0.65793322,19,1
"873",4,0.65793322,2,1
"874",4,0.65793322,21,2
"875",4,0.65793322,22,1
"876",4,0.65793322,24,3
"877",4,0.65793322,25,1
"878",4,0.65793322,26,1
"879",4,0.65793322,27,4
"880",4,0.65793322,28,1
"881",4,0.65793322,29,4608408
"882",4,0.65793322,3,2
"883",4,0.65793322,30,1
"884",4,0.65793322,31,3
"885",4,0.65793322,33,4
"886",4,0.65793322,34,1
"887",4,0.65793322,35,1
"888",4,0.65793322,36,1
"889",4,0.65793322,37,3
"890",4,0.65793322,38,1
"891",4,0.65793322,39,2
"892",4,0.65793322,40,2
"893",4,0.65793322,41,5
"894",4,0.65793322,43,2
"895",4,0.65793322,44,2
"896",4,0.65793322,45,1
"897",4,0.65793322,46,2
"898",4,0.65793322,47,3
"899",4,0.65793322,48,3
"900",4,0.65793322,49,1
"901",4,0.65793322,5,3
"902",4,0.65793322,50,4
"903",4,0.65793322,51,2
"904",4,0.65793322,52,1
"905",4,0.65793322,53,4
"906",4,0.65793322,54,4829532
"907",4,0.65793322,55,3
"908",4,0.65793322,56,2
"909",4,0.65793322,57,2
"910",4,0.65793322,60,1
"911",4,0.65793322,61,1
"912",4,0.65793322,62,1
"913",4,0.65793322,64,3
"914",4,0.65793322,65,1
"915",4,0.65793322,67,2
"916",4,0.65793322,68,2
"917",4,0.65793322,69,4
"918",4,0.65793322,70,1
"919",4,0.65793322,71,1
"920",4,0.65793322,72,2
"921",4,0.65793322,73,2
"922",4,0.65793322,74,1
"923",4,0.65793322,75,2
"924",4,0.65793322,77,2
"925",4,0.65793322,78,1
"926",4,0.65793322,79,3
"927",4,0.65793322,8,4492208
"928",4,0.65793322,81,2
"929",4,0.65793322,82,2
"930",4,0.65793322,83,1
"931",4,0.65793322,85,1
"932",4,0.65793322,87,1
"933",4,0.65793322,88,3
"934",4,0.65793322,89,2
"935",4,0.65793322,90,2
"936",4,0.65793322,92,1
"937",4,0.65793322,93,3
"938",4,0.65793322,94,5
"939",4,0.65793322,95,2
"940",4,0.65793322,96,2
"941",4,0.65793322,97,2
"942",4,0.65793322,98,1
"943",4,0.65793322,99,1
"944",4,0.7390722,1,5234072
"945",4,0.7390722,10,3
"946",4,0.7390722,100,2
"947",4,0.7390722,11,3
"948",4,0.7390722,12,2
"949",4,0.7390722,13,4704358
"950",4,0.7390722,14,1
"951",4,0.7390722,15,1
"952",4,0.7390722,17,1
"953",4,0.7390722,18,2
"954",4,0.7390722,19,1
"955",4,0.7390722,2,4
"956",4,0.7390722,20,2
"957",4,0.7390722,21,3
"958",4,0.7390722,22,4
"959",4,0.7390722,23,2
"960",4,0.7390722,24,1
"961",4,0.7390722,25,5131039
"962",4,0.7390722,27,1
"963",4,0.7390722,28,4
"964",4,0.7390722,29,2
"965",4,0.7390722,30,5073874
"966",4,0.7390722,31,1
"967",4,0.7390722,32,1
"968",4,0.7390722,33,2
"969",4,0.7390722,34,4
"970",4,0.7390722,35,3
"971",4,0.7390722,36,1
"972",4,0.7390722,37,2
"973",4,0.7390722,38,1
"974",4,0.7390722,39,3
"975",4,0.7390722,4,2
"976",4,0.7390722,40,1
"977",4,0.7390722,41,1
"978",4,0.7390722,42,4
"979",4,0.7390722,44,3
"980",4,0.7390722,45,5
"981",4,0.7390722,46,1
"982",4,0.7390722,48,1
"983",4,0.7390722,49,2
"984",4,0.7390722,5,3
"985",4,0.7390722,50,1
"986",4,0.7390722,51,3
"987",4,0.7390722,53,1
"988",4,0.7390722,54,2
"989",4,0.7390722,55,2
"990",4,0.7390722,56,3
"991",4,0.7390722,57,5045394
"992",4,0.7390722,58,3
"993",4,0.7390722,6,5
"994",4,0.7390722,60,3
"995",4,0.7390722,61,1
"996",4,0.7390722,62,2
"997",4,0.7390722,63,5
"998",4,0.7390722,64,3
"999",4,0.7390722,65,5220152
"1000",4,0.7390722,66,5
"1001",4,0.7390722,67,2
"1002",4,0.7390722,68,1
"1003",4,0.7390722,69,1
"1004",4,0.7390722,70,1
"1005",4,0.7390722,71,2
"1006",4,0.7390722,72,1
"1007",4,0.7390722,75,2
"1008",4,0.7390722,77,2
"1009",4,0.7390722,78,1
"1010",4,0.7390722,79,2
"1011",4,0.7390722,8,3
"1012",4,0.7390722,80,2
"1013",4,0.7390722,81,1
"1014",4,0.7390722,83,1
"1015",4,0.7390722,85,1
"1016",4,0.7390722,86,2
"1017",4,0.7390722,88,2
"1018",4,0.7390722,9,1
"1019",4,0.7390722,90,1
"1020",4,0.7390722,91,5019790
"1021",4,0.7390722,92,1
"1022",4,0.7390722,94,2
"1023",4,0.7390722,95,2
"1024",4,0.7390722,96,2
"1025",4,0.7390722,97,2
"1026",4,0.7390722,98,4
"1027",4,0.7390722,99,3
"1028",4,0.83021757,1,1
"1029",4,0.83021757,100,3
"1030",4,0.83021757,11,4
"1031",4,0.83021757,12,2
"1032",4,0.83021757,13,5203155
"1033",4,0.83021757,14,1
"1034",4,0.83021757,15,4
"1035",4,0.83021757,17,3
"1036",4,0.83021757,18,2
"1037",4,0.83021757,19,2
"1038",4,0.83021757,2,1
"1039",4,0.83021757,20,3
"1040",4,0.83021757,22,3
"1041",4,0.83021757,24,3
"1042",4,0.83021757,25,3
"1043",4,0.83021757,27,4
"1044",4,0.83021757,28,4
"1045",4,0.83021757,29,1
"1046",4,0.83021757,3,42521
"1047",4,0.83021757,30,1
"1048",4,0.83021757,31,2
"1049",4,0.83021757,32,3
"1050",4,0.83021757,33,5058152
"1051",4,0.83021757,34,1
"1052",4,0.83021757,35,1
"1053",4,0.83021757,37,1
"1054",4,0.83021757,38,4
"1055",4,0.83021757,39,3
"1056",4,0.83021757,4,3
"1057",4,0.83021757,41,2
"1058",4,0.83021757,42,1
"1059",4,0.83021757,43,5
"1060",4,0.83021757,44,1
"1061",4,0.83021757,45,2
"1062",4,0.83021757,46,1
"1063",4,0.83021757,47,1
"1064",4,0.83021757,48,2
"1065",4,0.83021757,5,2
"1066",4,0.83021757,50,4
"1067",4,0.83021757,51,1
"1068",4,0.83021757,52,2
"1069",4,0.83021757,53,1
"1070",4,0.83021757,54,1
"1071",4,0.83021757,55,2
"1072",4,0.83021757,56,4
"1073",4,0.83021757,58,2
"1074",4,0.83021757,59,3
"1075",4,0.83021757,60,3
"1076",4,0.83021757,62,3
"1077",4,0.83021757,63,5
"1078",4,0.83021757,64,1
"1079",4,0.83021757,65,2
"1080",4,0.83021757,66,2
"1081",4,0.83021757,67,3
"1082",4,0.83021757,7,3
"1083",4,0.83021757,70,5
"1084",4,0.83021757,72,1
"1085",4,0.83021757,73,1
"1086",4,0.83021757,74,2
"1087",4,0.83021757,75,2
"1088",4,0.83021757,76,4
"1089",4,0.83021757,77,2
"1090",4,0.83021757,79,1
"1091",4,0.83021757,8,2
"1092",4,0.83021757,80,3
"1093",4,0.83021757,81,4
"1094",4,0.83021757,82,1
"1095",4,0.83021757,83,2
"1096",4,0.83021757,84,5337781
"1097",4,0.83021757,86,1
"1098",4,0.83021757,87,1
"1099",4,0.83021757,89,5
"1100",4,0.83021757,9,4
"1101",4,0.83021757,90,2
"1102",4,0.83021757,91,2
"1103",4,0.83021757,92,3
"1104",4,0.83021757,93,2
"1105",4,0.83021757,94,2
"1106",4,0.83021757,95,5094747
"1107",4,0.83021757,96,4
"1108",4,0.83021757,97,3
"1109",4,0.83021757,98,1
"1110",4,0.83021757,99,2
"1111",4,0.93260335,1,4
"1112",4,0.93260335,10,1
"1113",4,0.93260335,100,1
"1114",4,0.93260335,11,2
"1115",4,0.93260335,13,3
"1116",4,0.93260335,14,2
"1117",4,0.93260335,15,4
"1118",4,0.93260335,16,3
"1119",4,0.93260335,17,5
"1120",4,0.93260335,18,3
"1121",4,0.93260335,19,1
"1122",4,0.93260335,2,4
"1123",4,0.93260335,20,2
"1124",4,0.93260335,21,4
"1125",4,0.93260335,22,3
"1126",4,0.93260335,23,3
"1127",4,0.93260335,24,5
"1128",4,0.93260335,25,3
"1129",4,0.93260335,27,1
"1130",4,0.93260335,3,2
"1131",4,0.93260335,30,4
"1132",4,0.93260335,31,1
"1133",4,0.93260335,32,3
"1134",4,0.93260335,34,2
"1135",4,0.93260335,35,1
"1136",4,0.93260335,36,7
"1137",4,0.93260335,37,2
"1138",4,0.93260335,38,2
"1139",4,0.93260335,39,4
"1140",4,0.93260335,4,2
"1141",4,0.93260335,40,6
"1142",4,0.93260335,41,4
"1143",4,0.93260335,43,3
"1144",4,0.93260335,44,6
"1145",4,0.93260335,45,2
"1146",4,0.93260335,46,2
"1147",4,0.93260335,47,2
"1148",4,0.93260335,48,1
"1149",4,0.93260335,49,1
"1150",4,0.93260335,5,3
"1151",4,0.93260335,50,4
"1152",4,0.93260335,51,2
"1153",4,0.93260335,52,1
"1154",4,0.93260335,53,5
"1155",4,0.93260335,55,1
"1156",4,0.93260335,57,2
"1157",4,0.93260335,59,7
"1158",4,0.93260335,61,2
"1159",4,0.93260335,62,2
"1160",4,0.93260335,63,3
"1161",4,0.93260335,64,4
"1162",4,0.93260335,66,1
"1163",4,0.93260335,7,8
"1164",4,0.93260335,70,1
"1165",4,0.93260335,71,6
"1166",4,0.93260335,72,2
"1167",4,0.93260335,75,1
"1168",4,0.93260335,76,6
"1169",4,0.93260335,77,3
"1170",4,0.93260335,79,3
"1171",4,0.93260335,8,4
"1172",4,0.93260335,80,2
"1173",4,0.93260335,83,4
"1174",4,0.93260335,84,6
"1175",4,0.93260335,86,3
"1176",4,0.93260335,87,3
"1177",4,0.93260335,88,4
"1178",4,0.93260335,89,1
"1179",4,0.93260335,9,4
"1180",4,0.93260335,90,3
"1181",4,0.93260335,91,1
"1182",4,0.93260335,92,3
"1183",4,0.93260335,93,2
"1184",4,0.93260335,94,2
"1185",4,0.93260335,95,5
"1186",4,0.93260335,96,3
"1187",4,0.93260335,97,3
"1188",4,0.93260335,98,3
"1189",4,0.93260335,99,2
"1190",4,1.04761575,1,1
"1191",4,1.04761575,100,3
"1192",4,1.04761575,11,5
"1193",4,1.04761575,13,1
"1194",4,1.04761575,14,5190436
"1195",4,1.04761575,15,1
"1196",4,1.04761575,16,2
"1197",4,1.04761575,17,3
"1198",4,1.04761575,18,4
"1199",4,1.04761575,2,2
"1200",4,1.04761575,20,4
"1201",4,1.04761575,21,2
"1202",4,1.04761575,22,2
"1203",4,1.04761575,24,4
"1204",4,1.04761575,25,1
"1205",4,1.04761575,26,4
"1206",4,1.04761575,27,1
"1207",4,1.04761575,28,2
"1208",4,1.04761575,29,3
"1209",4,1.04761575,3,1
"1210",4,1.04761575,31,4
"1211",4,1.04761575,32,2
"1212",4,1.04761575,33,3
"1213",4,1.04761575,34,2
"1214",4,1.04761575,35,5887551
"1215",4,1.04761575,36,6092246
"1216",4,1.04761575,37,3
"1217",4,1.04761575,38,6
"1218",4,1.04761575,4,1
"1219",4,1.04761575,40,1
"1220",4,1.04761575,41,3
"1221",4,1.04761575,42,1
"1222",4,1.04761575,43,3
"1223",4,1.04761575,44,1
"1224",4,1.04761575,45,3
"1225",4,1.04761575,46,6464272
"1226",4,1.04761575,47,5
"1227",4,1.04761575,48,2
"1228",4,1.04761575,5,1
"1229",4,1.04761575,51,1
"1230",4,1.04761575,53,1
"1231",4,1.04761575,54,6
"1232",4,1.04761575,55,4
"1233",4,1.04761575,56,2
"1234",4,1.04761575,57,2
"1235",4,1.04761575,58,3
"1236",4,1.04761575,59,5
"1237",4,1.04761575,6,4
"1238",4,1.04761575,60,4
"1239",4,1.04761575,61,1
"1240",4,1.04761575,62,1
"1241",4,1.04761575,63,1
"1242",4,1.04761575,64,1
"1243",4,1.04761575,65,1
"1244",4,1.04761575,66,1
"1245",4,1.04761575,67,2
"1246",4,1.04761575,68,3
"1247",4,1.04761575,69,4
"1248",4,1.04761575,7,3
"1249",4,1.04761575,70,1
"1250",4,1.04761575,71,4
"1251",4,1.04761575,72,1
"1252",4,1.04761575,73,8630388
"1253",4,1.04761575,74,4
"1254",4,1.04761575,75,2
"1255",4,1.04761575,76,8
"1256",4,1.04761575,77,3
"1257",4,1.04761575,78,1
"1258",4,1.04761575,79,2
"1259",4,1.04761575,8,1
"1260",4,1.04761575,80,5
"1261",4,1.04761575,81,1
"1262",4,1.04761575,82,1
"1263",4,1.04761575,84,3
"1264",4,1.04761575,86,1
"1265",4,1.04761575,87,2
"1266",4,1.04761575,88,3
"1267",4,1.04761575,89,3
"1268",4,1.04761575,9,7
"1269",4,1.04761575,90,3
"1270",4,1.04761575,91,5
"1271",4,1.04761575,92,9
"1272",4,1.04761575,93,4
"1273",4,1.04761575,94,5921874
"1274",4,1.04761575,95,2
"1275",4,1.04761575,96,1
"1276",4,1.04761575,97,1
"1277",4,1.04761575,98,2
"1278",4,1.04761575,99,2
"1279",4,1.17681195,1,2
"1280",4,1.17681195,10,4
"1281",4,1.17681195,100,1
"1282",4,1.17681195,11,3
"1283",4,1.17681195,13,4
"1284",4,1.17681195,14,4
"1285",4,1.17681195,15,2
"1286",4,1.17681195,17,1
"1287",4,1.17681195,19,1
"1288",4,1.17681195,2,1
"1289",4,1.17681195,20,3
"1290",4,1.17681195,22,5
"1291",4,1.17681195,23,4
"1292",4,1.17681195,24,1
"1293",4,1.17681195,25,4
"1294",4,1.17681195,26,4
"1295",4,1.17681195,27,2
"1296",4,1.17681195,28,1
"1297",4,1.17681195,29,1
"1298",4,1.17681195,3,5
"1299",4,1.17681195,30,4
"1300",4,1.17681195,32,2
"1301",4,1.17681195,33,5
"1302",4,1.17681195,34,2
"1303",4,1.17681195,35,4
"1304",4,1.17681195,36,1
"1305",4,1.17681195,37,1
"1306",4,1.17681195,38,3
"1307",4,1.17681195,39,7
"1308",4,1.17681195,4,3
"1309",4,1.17681195,41,2
"1310",4,1.17681195,42,7
"1311",4,1.17681195,43,1
"1312",4,1.17681195,44,1
"1313",4,1.17681195,45,1
"1314",4,1.17681195,46,2
"1315",4,1.17681195,47,3
"1316",4,1.17681195,48,2
"1317",4,1.17681195,49,5
"1318",4,1.17681195,5,1
"1319",4,1.17681195,50,2
"1320",4,1.17681195,51,4
"1321",4,1.17681195,52,3
"1322",4,1.17681195,53,3
"1323",4,1.17681195,54,4
"1324",4,1.17681195,56,6
"1325",4,1.17681195,57,3
"1326",4,1.17681195,58,1
"1327",4,1.17681195,6,3
"1328",4,1.17681195,60,4
"1329",4,1.17681195,61,1
"1330",4,1.17681195,62,2
"1331",4,1.17681195,63,4
"1332",4,1.17681195,64,4
"1333",4,1.17681195,65,3
"1334",4,1.17681195,67,5
"1335",4,1.17681195,68,1
"1336",4,1.17681195,69,3
"1337",4,1.17681195,7,1
"1338",4,1.17681195,70,1
"1339",4,1.17681195,71,4
"1340",4,1.17681195,72,5
"1341",4,1.17681195,73,3
"1342",4,1.17681195,74,5
"1343",4,1.17681195,75,2
"1344",4,1.17681195,76,1
"1345",4,1.17681195,78,4
"1346",4,1.17681195,79,1
"1347",4,1.17681195,8,5
"1348",4,1.17681195,81,1
"1349",4,1.17681195,82,5
"1350",4,1.17681195,83,2
"1351",4,1.17681195,84,2
"1352",4,1.17681195,85,6
"1353",4,1.17681195,86,3
"1354",4,1.17681195,87,8
"1355",4,1.17681195,88,3
"1356",4,1.17681195,89,1
"1357",4,1.17681195,9,4
"1358",4,1.17681195,90,1
"1359",4,1.17681195,92,2
"1360",4,1.17681195,93,4
"1361",4,1.17681195,94,2
"1362",4,1.17681195,95,4
"1363",4,1.17681195,96,3
"1364",4,1.17681195,97,2
"1365",4,1.17681195,98,2
"1366",4,1.17681195,99,5
"1367",4,1.32194115,1,2
"1368",4,1.32194115,10,3
"1369",4,1.32194115,100,5
"1370",4,1.32194115,11,3
"1371",4,1.32194115,13,4
"1372",4,1.32194115,14,5
"1373",4,1.32194115,16,3
"1374",4,1.32194115,17,6
"1375",4,1.32194115,18,5
"1376",4,1.32194115,19,3
"1377",4,1.32194115,2,6
"1378",4,1.32194115,20,5
"1379",4,1.32194115,21,3
"1380",4,1.32194115,22,1
"1381",4,1.32194115,23,3
"1382",4,1.32194115,24,7
"1383",4,1.32194115,25,4
"1384",4,1.32194115,26,5
"1385",4,1.32194115,27,4
"1386",4,1.32194115,28,2
"1387",4,1.32194115,29,6316050
"1388",4,1.32194115,3,2
"1389",4,1.32194115,30,1
"1390",4,1.32194115,31,6519556
"1391",4,1.32194115,33,6234752
"1392",4,1.32194115,34,1
"1393",4,1.32194115,35,4
"1394",4,1.32194115,36,5
"1395",4,1.32194115,37,1
"1396",4,1.32194115,38,4
"1397",4,1.32194115,39,3
"1398",4,1.32194115,4,5871300
"1399",4,1.32194115,40,2
"1400",4,1.32194115,41,1
"1401",4,1.32194115,42,6299369
"1402",4,1.32194115,43,3
"1403",4,1.32194115,44,5
"1404",4,1.32194115,45,5
"1405",4,1.32194115,46,6284525
"1406",4,1.32194115,47,5
"1407",4,1.32194115,48,4
"1408",4,1.32194115,49,2
"1409",4,1.32194115,5,2
"1410",4,1.32194115,50,3
"1411",4,1.32194115,51,2
"1412",4,1.32194115,52,1
"1413",4,1.32194115,53,7
"1414",4,1.32194115,54,2
"1415",4,1.32194115,55,4
"1416",4,1.32194115,56,4
"1417",4,1.32194115,57,3
"1418",4,1.32194115,58,2
"1419",4,1.32194115,59,4
"1420",4,1.32194115,6,2
"1421",4,1.32194115,60,6
"1422",4,1.32194115,61,2
"1423",4,1.32194115,63,3
"1424",4,1.32194115,64,2
"1425",4,1.32194115,65,1
"1426",4,1.32194115,66,5
"1427",4,1.32194115,67,1
"1428",4,1.32194115,68,1
"1429",4,1.32194115,69,5
"1430",4,1.32194115,7,6
"1431",4,1.32194115,70,5
"1432",4,1.32194115,71,4
"1433",4,1.32194115,72,4
"1434",4,1.32194115,73,2
"1435",4,1.32194115,74,3
"1436",4,1.32194115,75,3
"1437",4,1.32194115,76,3
"1438",4,1.32194115,77,4
"1439",4,1.32194115,78,2
"1440",4,1.32194115,79,3
"1441",4,1.32194115,8,3
"1442",4,1.32194115,80,5
"1443",4,1.32194115,81,3
"1444",4,1.32194115,82,3
"1445",4,1.32194115,83,6
"1446",4,1.32194115,85,4
"1447",4,1.32194115,86,6680283
"1448",4,1.32194115,87,1
"1449",4,1.32194115,88,4
"1450",4,1.32194115,89,2
"1451",4,1.32194115,90,1
"1452",4,1.32194115,91,5
"1453",4,1.32194115,92,5
"1454",4,1.32194115,93,6
"1455",4,1.32194115,94,2
"1456",4,1.32194115,95,2
"1457",4,1.32194115,96,3
"1458",4,1.32194115,97,2
"1459",4,1.32194115,98,7
"1460",4,1.32194115,99,4
"1461",4,1.48496826,1,3
"1462",4,1.48496826,10,1
"1463",4,1.48496826,100,2
"1464",4,1.48496826,11,8
"1465",4,1.48496826,13,4
"1466",4,1.48496826,14,7
"1467",4,1.48496826,15,1
"1468",4,1.48496826,16,5
"1469",4,1.48496826,17,1
"1470",4,1.48496826,18,1
"1471",4,1.48496826,19,6615982
"1472",4,1.48496826,2,4
"1473",4,1.48496826,20,5
"1474",4,1.48496826,21,3
"1475",4,1.48496826,23,3
"1476",4,1.48496826,24,5
"1477",4,1.48496826,25,3
"1478",4,1.48496826,26,37215
"1479",4,1.48496826,27,3
"1480",4,1.48496826,28,1
"1481",4,1.48496826,29,5
"1482",4,1.48496826,3,4
"1483",4,1.48496826,30,1
"1484",4,1.48496826,31,3
"1485",4,1.48496826,32,3
"1486",4,1.48496826,33,2
"1487",4,1.48496826,34,2
"1488",4,1.48496826,35,2
"1489",4,1.48496826,36,2
"1490",4,1.48496826,37,3
"1491",4,1.48496826,38,6400851
"1492",4,1.48496826,39,3
"1493",4,1.48496826,4,2
"1494",4,1.48496826,40,6
"1495",4,1.48496826,41,5
"1496",4,1.48496826,42,6728868
"1497",4,1.48496826,43,6
"1498",4,1.48496826,44,5
"1499",4,1.48496826,45,1
"1500",4,1.48496826,46,8
"1501",4,1.48496826,47,5
"1502",4,1.48496826,48,6
"1503",4,1.48496826,49,4
"1504",4,1.48496826,5,1
"1505",4,1.48496826,50,4
"1506",4,1.48496826,51,3
"1507",4,1.48496826,52,2
"1508",4,1.48496826,53,3
"1509",4,1.48496826,54,3
"1510",4,1.48496826,55,2
"1511",4,1.48496826,56,2
"1512",4,1.48496826,57,3
"1513",4,1.48496826,58,5
"1514",4,1.48496826,59,2
"1515",4,1.48496826,6,7
"1516",4,1.48496826,60,5
"1517",4,1.48496826,61,3
"1518",4,1.48496826,62,2
"1519",4,1.48496826,63,5
"1520",4,1.48496826,64,42683
"1521",4,1.48496826,65,1249822
"1522",4,1.48496826,67,3
"1523",4,1.48496826,68,40134
"1524",4,1.48496826,69,6650404
"1525",4,1.48496826,7,4
"1526",4,1.48496826,70,5
"1527",4,1.48496826,71,2
"1528",4,1.48496826,72,7
"1529",4,1.48496826,73,3
"1530",4,1.48496826,74,5
"1531",4,1.48496826,75,4
"1532",4,1.48496826,76,3
"1533",4,1.48496826,77,5
"1534",4,1.48496826,78,3
"1535",4,1.48496826,79,2
"1536",4,1.48496826,8,2
"1537",4,1.48496826,80,1
"1538",4,1.48496826,81,4
"1539",4,1.48496826,82,2
"1540",4,1.48496826,84,1
"1541",4,1.48496826,85,2
"1542",4,1.48496826,86,6582751
"1543",4,1.48496826,87,6
"1544",4,1.48496826,88,1
"1545",4,1.48496826,89,4
"1546",4,1.48496826,9,5
"1547",4,1.48496826,90,3
"1548",4,1.48496826,91,4
"1549",4,1.48496826,92,4
"1550",4,1.48496826,93,3
"1551",4,1.48496826,94,3
"1552",4,1.48496826,95,5
"1553",4,1.48496826,96,5879909
"1554",4,1.48496826,97,5
"1555",4,1.48496826,98,2
"1556",4,1.48496826,99,4
"1557",4,1.66810054,1,3
"1558",4,1.66810054,10,4
"1559",4,1.66810054,100,3
"1560",4,1.66810054,11,2
"1561",4,1.66810054,12,6
"1562",4,1.66810054,13,6
"1563",4,1.66810054,14,3
"1564",4,1.66810054,15,2
"1565",4,1.66810054,16,4
"1566",4,1.66810054,17,4
"1567",4,1.66810054,18,5
"1568",4,1.66810054,19,6
"1569",4,1.66810054,2,3
"1570",4,1.66810054,20,4
"1571",4,1.66810054,21,3
"1572",4,1.66810054,22,1
"1573",4,1.66810054,23,7
"1574",4,1.66810054,24,3
"1575",4,1.66810054,25,5
"1576",4,1.66810054,26,2
"1577",4,1.66810054,27,8
"1578",4,1.66810054,28,2
"1579",4,1.66810054,29,3
"1580",4,1.66810054,3,8
"1581",4,1.66810054,30,1
"1582",4,1.66810054,31,2
"1583",4,1.66810054,32,5
"1584",4,1.66810054,33,4
"1585",4,1.66810054,34,2
"1586",4,1.66810054,35,8
"1587",4,1.66810054,36,5
"1588",4,1.66810054,37,9
"1589",4,1.66810054,38,4
"1590",4,1.66810054,39,3
"1591",4,1.66810054,4,5
"1592",4,1.66810054,40,5
"1593",4,1.66810054,41,5
"1594",4,1.66810054,42,1
"1595",4,1.66810054,43,3
"1596",4,1.66810054,44,7
"1597",4,1.66810054,45,1
"1598",4,1.66810054,46,1
"1599",4,1.66810054,47,5
"1600",4,1.66810054,48,1
"1601",4,1.66810054,49,3
"1602",4,1.66810054,5,7
"1603",4,1.66810054,50,5
"1604",4,1.66810054,51,2
"1605",4,1.66810054,52,4
"1606",4,1.66810054,53,6
"1607",4,1.66810054,54,7
"1608",4,1.66810054,55,4
"1609",4,1.66810054,56,2
"1610",4,1.66810054,57,1
"1611",4,1.66810054,58,4
"1612",4,1.66810054,59,5
"1613",4,1.66810054,6,2
"1614",4,1.66810054,60,5
"1615",4,1.66810054,61,4
"1616",4,1.66810054,62,4
"1617",4,1.66810054,63,1
"1618",4,1.66810054,64,3
"1619",4,1.66810054,65,4
"1620",4,1.66810054,66,8
"1621",4,1.66810054,67,1
"1622",4,1.66810054,68,8
"1623",4,1.66810054,69,3
"1624",4,1.66810054,7,4
"1625",4,1.66810054,70,1
"1626",4,1.66810054,71,3
"1627",4,1.66810054,72,5
"1628",4,1.66810054,73,2
"1629",4,1.66810054,74,3
"1630",4,1.66810054,75,5
"1631",4,1.66810054,76,4
"1632",4,1.66810054,77,4
"1633",4,1.66810054,78,1
"1634",4,1.66810054,79,4
"1635",4,1.66810054,8,2
"1636",4,1.66810054,80,7
"1637",4,1.66810054,81,2
"1638",4,1.66810054,82,7
"1639",4,1.66810054,83,3
"1640",4,1.66810054,84,2
"1641",4,1.66810054,85,3
"1642",4,1.66810054,86,2
"1643",4,1.66810054,87,5
"1644",4,1.66810054,88,4
"1645",4,1.66810054,89,5
"1646",4,1.66810054,9,7
"1647",4,1.66810054,90,6
"1648",4,1.66810054,91,6
"1649",4,1.66810054,92,1
"1650",4,1.66810054,93,7
"1651",4,1.66810054,94,4
"1652",4,1.66810054,95,6
"1653",4,1.66810054,96,8
"1654",4,1.66810054,97,7
"1655",4,1.66810054,98,3
"1656",4,1.66810054,99,6
"1657",4,1.87381742,1,4
"1658",4,1.87381742,10,1
"1659",4,1.87381742,100,5
"1660",4,1.87381742,11,10
"1661",4,1.87381742,12,1
"1662",4,1.87381742,13,6
"1663",4,1.87381742,14,8
"1664",4,1.87381742,15,3
"1665",4,1.87381742,16,7
"1666",4,1.87381742,17,4
"1667",4,1.87381742,18,6
"1668",4,1.87381742,19,5
"1669",4,1.87381742,2,6
"1670",4,1.87381742,20,3
"1671",4,1.87381742,21,7
"1672",4,1.87381742,22,1
"1673",4,1.87381742,23,8
"1674",4,1.87381742,24,11
"1675",4,1.87381742,25,4
"1676",4,1.87381742,26,9
"1677",4,1.87381742,27,5
"1678",4,1.87381742,28,6721547
"1679",4,1.87381742,29,1
"1680",4,1.87381742,3,3
"1681",4,1.87381742,30,6
"1682",4,1.87381742,31,3
"1683",4,1.87381742,32,4
"1684",4,1.87381742,33,6
"1685",4,1.87381742,34,4
"1686",4,1.87381742,35,1
"1687",4,1.87381742,36,1
"1688",4,1.87381742,37,5
"1689",4,1.87381742,38,3
"1690",4,1.87381742,39,8
"1691",4,1.87381742,4,5
"1692",4,1.87381742,40,5
"1693",4,1.87381742,41,5
"1694",4,1.87381742,42,3
"1695",4,1.87381742,43,8
"1696",4,1.87381742,44,2
"1697",4,1.87381742,45,4
"1698",4,1.87381742,46,4
"1699",4,1.87381742,47,9
"1700",4,1.87381742,48,2
"1701",4,1.87381742,49,3
"1702",4,1.87381742,5,6429738
"1703",4,1.87381742,50,3
"1704",4,1.87381742,51,3
"1705",4,1.87381742,52,7083088
"1706",4,1.87381742,53,3
"1707",4,1.87381742,54,2
"1708",4,1.87381742,55,6
"1709",4,1.87381742,56,3
"1710",4,1.87381742,57,2
"1711",4,1.87381742,58,6
"1712",4,1.87381742,59,3
"1713",4,1.87381742,6,3
"1714",4,1.87381742,60,6
"1715",4,1.87381742,61,7
"1716",4,1.87381742,62,6647795
"1717",4,1.87381742,63,6
"1718",4,1.87381742,64,6625384
"1719",4,1.87381742,65,1
"1720",4,1.87381742,66,8
"1721",4,1.87381742,67,3
"1722",4,1.87381742,68,6
"1723",4,1.87381742,69,6
"1724",4,1.87381742,7,1
"1725",4,1.87381742,70,8
"1726",4,1.87381742,71,1
"1727",4,1.87381742,72,8
"1728",4,1.87381742,73,5
"1729",4,1.87381742,74,5
"1730",4,1.87381742,75,4
"1731",4,1.87381742,76,2
"1732",4,1.87381742,77,3
"1733",4,1.87381742,78,2
"1734",4,1.87381742,79,5
"1735",4,1.87381742,8,2
"1736",4,1.87381742,80,9
"1737",4,1.87381742,81,7
"1738",4,1.87381742,82,5
"1739",4,1.87381742,83,13
"1740",4,1.87381742,84,4
"1741",4,1.87381742,85,2
"1742",4,1.87381742,86,7
"1743",4,1.87381742,87,1
"1744",4,1.87381742,88,3
"1745",4,1.87381742,89,4
"1746",4,1.87381742,9,4
"1747",4,1.87381742,90,6
"1748",4,1.87381742,91,5
"1749",4,1.87381742,92,3
"1750",4,1.87381742,93,4
"1751",4,1.87381742,94,7
"1752",4,1.87381742,95,6689070
"1753",4,1.87381742,96,4
"1754",4,1.87381742,97,7102744
"1755",4,1.87381742,98,4
"1756",4,1.87381742,99,6
"1757",4,10.72267222,1,7681092
"1758",4,10.72267222,10,30
"1759",4,10.72267222,100,27
"1760",4,10.72267222,11,17
"1761",4,10.72267222,12,14016629
"1762",4,10.72267222,13,16
"1763",4,10.72267222,14,7490223
"1764",4,10.72267222,15,8341264
"1765",4,10.72267222,16,8427376
"1766",4,10.72267222,17,21
"1767",4,10.72267222,18,15134317
"1768",4,10.72267222,19,27
"1769",4,10.72267222,2,14411769
"1770",4,10.72267222,20,31
"1771",4,10.72267222,21,8764156
"1772",4,10.72267222,22,7883758
"1773",4,10.72267222,23,7270147
"1774",4,10.72267222,24,15438333
"1775",4,10.72267222,25,9196544
"1776",4,10.72267222,26,16469772
"1777",4,10.72267222,27,29
"1778",4,10.72267222,28,7258687
"1779",4,10.72267222,29,29
"1780",4,10.72267222,3,15796506
"1781",4,10.72267222,30,15482041
"1782",4,10.72267222,31,41976
"1783",4,10.72267222,32,26
"1784",4,10.72267222,33,25
"1785",4,10.72267222,34,18
"1786",4,10.72267222,35,16266473
"1787",4,10.72267222,36,6939294
"1788",4,10.72267222,37,7791948
"1789",4,10.72267222,38,8250853
"1790",4,10.72267222,39,8457746
"1791",4,10.72267222,4,23
"1792",4,10.72267222,40,7381716
"1793",4,10.72267222,41,37
"1794",4,10.72267222,42,24
"1795",4,10.72267222,43,8507335
"1796",4,10.72267222,44,7367368
"1797",4,10.72267222,45,8063020
"1798",4,10.72267222,46,976600
"1799",4,10.72267222,47,39837
"1800",4,10.72267222,48,8089488
"1801",4,10.72267222,49,876178
"1802",4,10.72267222,5,8165858
"1803",4,10.72267222,50,23
"1804",4,10.72267222,51,8121982
"1805",4,10.72267222,52,15969384
"1806",4,10.72267222,53,33
"1807",4,10.72267222,54,33
"1808",4,10.72267222,55,7331545
"1809",4,10.72267222,56,29
"1810",4,10.72267222,57,7381622
"1811",4,10.72267222,58,21
"1812",4,10.72267222,59,8152295
"1813",4,10.72267222,6,26
"1814",4,10.72267222,60,31
"1815",4,10.72267222,61,30
"1816",4,10.72267222,62,16977810
"1817",4,10.72267222,63,23
"1818",4,10.72267222,64,19
"1819",4,10.72267222,65,28
"1820",4,10.72267222,66,24
"1821",4,10.72267222,67,30
"1822",4,10.72267222,68,28260838
"1823",4,10.72267222,69,8475687
"1824",4,10.72267222,7,30
"1825",4,10.72267222,70,27
"1826",4,10.72267222,71,24
"1827",4,10.72267222,72,8571031
"1828",4,10.72267222,73,19
"1829",4,10.72267222,74,7164305
"1830",4,10.72267222,75,7300207
"1831",4,10.72267222,76,26
"1832",4,10.72267222,77,8247203
"1833",4,10.72267222,78,8317266
"1834",4,10.72267222,79,7783530
"1835",4,10.72267222,8,37
"1836",4,10.72267222,80,8543245
"1837",4,10.72267222,81,24
"1838",4,10.72267222,82,25
"1839",4,10.72267222,83,22
"1840",4,10.72267222,84,17
"1841",4,10.72267222,85,24
"1842",4,10.72267222,86,15429849
"1843",4,10.72267222,87,28275197
"1844",4,10.72267222,88,25
"1845",4,10.72267222,89,30
"1846",4,10.72267222,9,22
"1847",4,10.72267222,90,29
"1848",4,10.72267222,91,16169976
"1849",4,10.72267222,92,34
"1850",4,10.72267222,93,34
"1851",4,10.72267222,94,30
"1852",4,10.72267222,95,857205
"1853",4,10.72267222,96,8716999
"1854",4,10.72267222,97,8344219
"1855",4,10.72267222,98,34
"1856",4,10.72267222,99,14623200
"1857",4,1000,1,424077496
"1858",4,1000,10,485253555
"1859",4,1000,100,468672190
"1860",4,1000,11,476594045
"1861",4,1000,12,377157297
"1862",4,1000,13,484681548
"1863",4,1000,14,414069619
"1864",4,1000,15,510931927
"1865",4,1000,16,408327844
"1866",4,1000,17,334109255
"1867",4,1000,18,485494027
"1868",4,1000,19,503676086
"1869",4,1000,2,471958357
"1870",4,1000,20,477022642
"1871",4,1000,21,546242082
"1872",4,1000,22,362147909
"1873",4,1000,23,436773064
"1874",4,1000,24,454969091
"1875",4,1000,25,405563573
"1876",4,1000,26,363659684
"1877",4,1000,27,398745390
"1878",4,1000,28,503988466
"1879",4,1000,29,516097568
"1880",4,1000,3,421579476
"1881",4,1000,30,383148724
"1882",4,1000,31,386973332
"1883",4,1000,32,519717087
"1884",4,1000,33,487410467
"1885",4,1000,34,514902700
"1886",4,1000,35,505998392
"1887",4,1000,36,560394736
"1888",4,1000,37,461464612
"1889",4,1000,38,483980678
"1890",4,1000,39,436297956
"1891",4,1000,4,417650993
"1892",4,1000,40,482983644
"1893",4,1000,41,484044333
"1894",4,1000,42,426002516
"1895",4,1000,43,471366309
"1896",4,1000,44,403080639
"1897",4,1000,45,585550035
"1898",4,1000,46,452389482
"1899",4,1000,47,545976082
"1900",4,1000,48,405181787
"1901",4,1000,49,511312050
"1902",4,1000,5,377390849
"1903",4,1000,50,436198347
"1904",4,1000,51,428079077
"1905",4,1000,52,357443831
"1906",4,1000,53,458266391
"1907",4,1000,54,500617885
"1908",4,1000,55,463417278
"1909",4,1000,56,482836846
"1910",4,1000,57,456393853
"1911",4,1000,58,488054458
"1912",4,1000,59,390018840
"1913",4,1000,6,360421612
"1914",4,1000,60,503526070
"1915",4,1000,61,527707490
"1916",4,1000,62,444317653
"1917",4,1000,63,592164392
"1918",4,1000,64,425120237
"1919",4,1000,65,491060739
"1920",4,1000,66,507861339
"1921",4,1000,67,485660859
"1922",4,1000,68,452780466
"1923",4,1000,69,470159081
"1924",4,1000,7,388769448
"1925",4,1000,70,466621270
"1926",4,1000,71,406585950
"1927",4,1000,72,424220322
"1928",4,1000,73,578813230
"1929",4,1000,74,582491748
"1930",4,1000,75,359702077
"1931",4,1000,76,388959735
"1932",4,1000,77,562463310
"1933",4,1000,78,346763677
"1934",4,1000,79,425148803
"1935",4,1000,8,428415061
"1936",4,1000,80,334345706
"1937",4,1000,81,462536495
"1938",4,1000,82,437679964
"1939",4,1000,83,496082697
"1940",4,1000,84,349934756
"1941",4,1000,85,431171956
"1942",4,1000,86,498162881
"1943",4,1000,87,471358585
"1944",4,1000,88,442075571
"1945",4,1000,89,375997311
"1946",4,1000,9,405334374
"1947",4,1000,90,390018840
"1948",4,1000,91,405786479
"1949",4,1000,92,420367676
"1950",4,1000,93,409887536
"1951",4,1000,94,405563573
"1952",4,1000,95,458806250
"1953",4,1000,96,582555550
"1954",4,1000,97,480561013
"1955",4,1000,98,456964658
"1956",4,1000,99,422902869
"1957",4,109.74987655,1,48332561
"1958",4,109.74987655,10,32698502
"1959",4,109.74987655,100,25848294
"1960",4,109.74987655,11,42792256
"1961",4,109.74987655,12,42888080
"1962",4,109.74987655,13,50546797
"1963",4,109.74987655,14,34165808
"1964",4,109.74987655,15,10921073
"1965",4,109.74987655,16,25244284
"1966",4,109.74987655,17,33799867
"1967",4,109.74987655,18,32769597
"1968",4,109.74987655,19,72205555
"1969",4,109.74987655,2,55254464
"1970",4,109.74987655,20,58460994
"1971",4,109.74987655,21,39555459
"1972",4,109.74987655,22,79308988
"1973",4,109.74987655,23,46076084
"1974",4,109.74987655,24,40843999
"1975",4,109.74987655,25,57728103
"1976",4,109.74987655,26,66510248
"1977",4,109.74987655,27,46883830
"1978",4,109.74987655,28,64886282
"1979",4,109.74987655,29,23879919
"1980",4,109.74987655,3,65946286
"1981",4,109.74987655,30,64734808
"1982",4,109.74987655,31,41381965
"1983",4,109.74987655,32,57861938
"1984",4,109.74987655,33,43681055
"1985",4,109.74987655,34,42228608
"1986",4,109.74987655,35,35423718
"1987",4,109.74987655,36,18341151
"1988",4,109.74987655,37,16488825
"1989",4,109.74987655,38,72693305
"1990",4,109.74987655,39,73514841
"1991",4,109.74987655,4,48405675
"1992",4,109.74987655,40,56363868
"1993",4,109.74987655,41,41246985
"1994",4,109.74987655,42,32102945
"1995",4,109.74987655,43,38972089
"1996",4,109.74987655,44,32410465
"1997",4,109.74987655,45,39829021
"1998",4,109.74987655,46,51184249
"1999",4,109.74987655,47,49349310
"2000",4,109.74987655,48,56561797
"2001",4,109.74987655,49,65442017
"2002",4,109.74987655,5,33162376
"2003",4,109.74987655,50,40359457
"2004",4,109.74987655,51,49234907
"2005",4,109.74987655,52,71573701
"2006",4,109.74987655,53,19197856
"2007",4,109.74987655,54,41774364
"2008",4,109.74987655,55,58558023
"2009",4,109.74987655,56,32036871
"2010",4,109.74987655,57,76476302
"2011",4,109.74987655,58,46506543
"2012",4,109.74987655,59,71198972
"2013",4,109.74987655,6,49512367
"2014",4,109.74987655,60,45294544
"2015",4,109.74987655,61,16465325
"2016",4,109.74987655,62,64046415
"2017",4,109.74987655,63,28638004
"2018",4,109.74987655,64,31978474
"2019",4,109.74987655,65,65821453
"2020",4,109.74987655,66,33716321
"2021",4,109.74987655,67,32910878
"2022",4,109.74987655,68,50051075
"2023",4,109.74987655,69,51463186
"2024",4,109.74987655,7,72654714
"2025",4,109.74987655,70,33555417
"2026",4,109.74987655,71,59025695
"2027",4,109.74987655,72,32624358
"2028",4,109.74987655,73,26181963
"2029",4,109.74987655,74,43703490
"2030",4,109.74987655,75,58138204
"2031",4,109.74987655,76,96614198
"2032",4,109.74987655,77,80167090
"2033",4,109.74987655,78,32186659
"2034",4,109.74987655,79,61094587
"2035",4,109.74987655,8,26088732
"2036",4,109.74987655,80,40866763
"2037",4,109.74987655,81,85652171
"2038",4,109.74987655,82,31877523
"2039",4,109.74987655,83,50083872
"2040",4,109.74987655,84,46865812
"2041",4,109.74987655,85,40115070
"2042",4,109.74987655,86,40598255
"2043",4,109.74987655,87,65072842
"2044",4,109.74987655,88,41002373
"2045",4,109.74987655,89,63344048
"2046",4,109.74987655,9,40862288
"2047",4,109.74987655,90,15920773
"2048",4,109.74987655,91,31249177
"2049",4,109.74987655,92,56624204
"2050",4,109.74987655,93,38364027
"2051",4,109.74987655,94,32422123
"2052",4,109.74987655,95,34104782
"2053",4,109.74987655,96,42422714
"2054",4,109.74987655,97,73693496
"2055",4,109.74987655,98,32770471
"2056",4,109.74987655,99,25673358
"2057",4,12.0450354,1,22862348
"2058",4,12.0450354,10,8336084
"2059",4,12.0450354,100,28
"2060",4,12.0450354,11,20
"2061",4,12.0450354,12,9480207
"2062",4,12.0450354,13,26
"2063",4,12.0450354,14,7809179
"2064",4,12.0450354,15,16104191
"2065",4,12.0450354,16,16085056
"2066",4,12.0450354,17,23
"2067",4,12.0450354,18,8714469
"2068",4,12.0450354,19,7358737
"2069",4,12.0450354,2,28
"2070",4,12.0450354,20,15790393
"2071",4,12.0450354,21,7906579
"2072",4,12.0450354,22,26
"2073",4,12.0450354,23,22
"2074",4,12.0450354,24,6400349
"2075",4,12.0450354,25,23067026
"2076",4,12.0450354,26,34
"2077",4,12.0450354,27,9044104
"2078",4,12.0450354,28,8177633
"2079",4,12.0450354,29,31
"2080",4,12.0450354,3,35
"2081",4,12.0450354,30,7946548
"2082",4,12.0450354,31,26
"2083",4,12.0450354,32,28
"2084",4,12.0450354,33,25
"2085",4,12.0450354,34,31
"2086",4,12.0450354,35,7938431
"2087",4,12.0450354,36,33
"2088",4,12.0450354,37,42
"2089",4,12.0450354,38,7722783
"2090",4,12.0450354,39,15596542
"2091",4,12.0450354,4,38
"2092",4,12.0450354,40,15222068
"2093",4,12.0450354,41,1017802
"2094",4,12.0450354,42,29528502
"2095",4,12.0450354,43,6708148
"2096",4,12.0450354,44,27
"2097",4,12.0450354,45,15106814
"2098",4,12.0450354,46,7559141
"2099",4,12.0450354,47,8562256
"2100",4,12.0450354,48,7827847
"2101",4,12.0450354,49,38
"2102",4,12.0450354,5,15371904
"2103",4,12.0450354,50,9470411
"2104",4,12.0450354,51,32
"2105",4,12.0450354,52,28
"2106",4,12.0450354,53,26
"2107",4,12.0450354,54,6917208
"2108",4,12.0450354,55,15228236
"2109",4,12.0450354,56,34
"2110",4,12.0450354,57,32
"2111",4,12.0450354,58,45
"2112",4,12.0450354,59,16698171
"2113",4,12.0450354,6,13778968
"2114",4,12.0450354,60,15870713
"2115",4,12.0450354,61,16510356
"2116",4,12.0450354,62,28
"2117",4,12.0450354,63,28
"2118",4,12.0450354,64,28
"2119",4,12.0450354,65,14849163
"2120",4,12.0450354,66,16498792
"2121",4,12.0450354,67,28
"2122",4,12.0450354,68,35
"2123",4,12.0450354,69,27
"2124",4,12.0450354,7,34
"2125",4,12.0450354,70,31
"2126",4,12.0450354,71,6731604
"2127",4,12.0450354,72,23734531
"2128",4,12.0450354,73,8717414
"2129",4,12.0450354,74,8247318
"2130",4,12.0450354,75,8571835
"2131",4,12.0450354,76,22
"2132",4,12.0450354,77,16718053
"2133",4,12.0450354,78,8398367
"2134",4,12.0450354,79,15644434
"2135",4,12.0450354,8,248
"2136",4,12.0450354,80,16687992
"2137",4,12.0450354,81,34
"2138",4,12.0450354,82,9707563
"2139",4,12.0450354,83,251
"2140",4,12.0450354,84,15532123
"2141",4,12.0450354,85,8152298
"2142",4,12.0450354,86,9003637
"2143",4,12.0450354,87,7497002
"2144",4,12.0450354,88,1414647
"2145",4,12.0450354,89,27
"2146",4,12.0450354,9,30
"2147",4,12.0450354,90,8070382
"2148",4,12.0450354,91,7999479
"2149",4,12.0450354,92,7643815
"2150",4,12.0450354,93,28
"2151",4,12.0450354,94,8420896
"2152",4,12.0450354,95,7988303
"2153",4,12.0450354,96,8349065
"2154",4,12.0450354,97,28
"2155",4,12.0450354,98,31
"2156",4,12.0450354,99,31
"2157",4,123.28467394,1,56683639
"2158",4,123.28467394,10,73957515
"2159",4,123.28467394,100,74526764
"2160",4,123.28467394,11,50153553
"2161",4,123.28467394,12,51961309
"2162",4,123.28467394,13,17586920
"2163",4,123.28467394,14,72376019
"2164",4,123.28467394,15,57831338
"2165",4,123.28467394,16,75981298
"2166",4,123.28467394,17,90015313
"2167",4,123.28467394,18,50611289
"2168",4,123.28467394,19,84406987
"2169",4,123.28467394,2,73928132
"2170",4,123.28467394,20,97765594
"2171",4,123.28467394,21,42454734
"2172",4,123.28467394,22,73147982
"2173",4,123.28467394,23,50800504
"2174",4,123.28467394,24,59079695
"2175",4,123.28467394,25,55223798
"2176",4,123.28467394,26,66581180
"2177",4,123.28467394,27,58596788
"2178",4,123.28467394,28,72033118
"2179",4,123.28467394,29,68574864
"2180",4,123.28467394,3,78538952
"2181",4,123.28467394,30,41576029
"2182",4,123.28467394,31,55952920
"2183",4,123.28467394,32,72031171
"2184",4,123.28467394,33,58028627
"2185",4,123.28467394,34,59419829
"2186",4,123.28467394,35,82806312
"2187",4,123.28467394,36,73876701
"2188",4,123.28467394,37,58021581
"2189",4,123.28467394,38,66381569
"2190",4,123.28467394,39,73703301
"2191",4,123.28467394,4,56008546
"2192",4,123.28467394,40,25613541
"2193",4,123.28467394,41,106410927
"2194",4,123.28467394,42,41759101
"2195",4,123.28467394,43,57725914
"2196",4,123.28467394,44,120783743
"2197",4,123.28467394,45,51777726
"2198",4,123.28467394,46,25744889
"2199",4,123.28467394,47,45497
"2200",4,123.28467394,48,40774029
"2201",4,123.28467394,49,24087493
"2202",4,123.28467394,5,25732655
"2203",4,123.28467394,50,63041758
"2204",4,123.28467394,51,66222101
"2205",4,123.28467394,52,27936483
"2206",4,123.28467394,53,17327051
"2207",4,123.28467394,54,83022830
"2208",4,123.28467394,55,60648427
"2209",4,123.28467394,56,42492692
"2210",4,123.28467394,57,48277503
"2211",4,123.28467394,58,49281038
"2212",4,123.28467394,59,50639450
"2213",4,123.28467394,6,48990674
"2214",4,123.28467394,60,55305162
"2215",4,123.28467394,61,56549264
"2216",4,123.28467394,62,76634091
"2217",4,123.28467394,63,96933302
"2218",4,123.28467394,64,42752997
"2219",4,123.28467394,65,8068536
"2220",4,123.28467394,66,60284755
"2221",4,123.28467394,67,75979018
"2222",4,123.28467394,68,53720841
"2223",4,123.28467394,69,40734103
"2224",4,123.28467394,7,73257650
"2225",4,123.28467394,70,42349803
"2226",4,123.28467394,71,24535932
"2227",4,123.28467394,72,72015001
"2228",4,123.28467394,73,8523474
"2229",4,123.28467394,74,16190205
"2230",4,123.28467394,75,79291957
"2231",4,123.28467394,76,42045193
"2232",4,123.28467394,77,57929862
"2233",4,123.28467394,78,96034546
"2234",4,123.28467394,79,51521788
"2235",4,123.28467394,8,54458383
"2236",4,123.28467394,80,60661134
"2237",4,123.28467394,81,52889499
"2238",4,123.28467394,82,46715729
"2239",4,123.28467394,83,51056498
"2240",4,123.28467394,84,56867824
"2241",4,123.28467394,85,81598199
"2242",4,123.28467394,86,42305723
"2243",4,123.28467394,87,47136125
"2244",4,123.28467394,88,33880703
"2245",4,123.28467394,89,40259855
"2246",4,123.28467394,9,35912602
"2247",4,123.28467394,90,79405110
"2248",4,123.28467394,91,78572083
"2249",4,123.28467394,92,56948016
"2250",4,123.28467394,93,49719019
"2251",4,123.28467394,94,82182444
"2252",4,123.28467394,95,78905101
"2253",4,123.28467394,96,8641270
"2254",4,123.28467394,97,26270071
"2255",4,123.28467394,98,27875940
"2256",4,123.28467394,99,22752212
"2257",4,13.53047775,1,8293922
"2258",4,13.53047775,10,31
"2259",4,13.53047775,100,15829393
"2260",4,13.53047775,11,38
"2261",4,13.53047775,12,8265280
"2262",4,13.53047775,13,7975426
"2263",4,13.53047775,14,33
"2264",4,13.53047775,15,37
"2265",4,13.53047775,16,31
"2266",4,13.53047775,17,39
"2267",4,13.53047775,18,33
"2268",4,13.53047775,19,44301
"2269",4,13.53047775,2,32
"2270",4,13.53047775,20,7835240
"2271",4,13.53047775,21,34
"2272",4,13.53047775,22,15271623
"2273",4,13.53047775,23,28
"2274",4,13.53047775,24,15772738
"2275",4,13.53047775,25,32
"2276",4,13.53047775,26,22
"2277",4,13.53047775,27,8278502
"2278",4,13.53047775,28,16442178
"2279",4,13.53047775,29,15342971
"2280",4,13.53047775,3,38988
"2281",4,13.53047775,30,30
"2282",4,13.53047775,31,16929154
"2283",4,13.53047775,32,8133910
"2284",4,13.53047775,33,22695618
"2285",4,13.53047775,34,32
"2286",4,13.53047775,35,726281
"2287",4,13.53047775,36,7314874
"2288",4,13.53047775,37,15279549
"2289",4,13.53047775,38,15909498
"2290",4,13.53047775,39,15448365
"2291",4,13.53047775,4,31
"2292",4,13.53047775,40,23
"2293",4,13.53047775,41,29808336
"2294",4,13.53047775,42,8067426
"2295",4,13.53047775,43,26
"2296",4,13.53047775,44,28
"2297",4,13.53047775,45,7998933
"2298",4,13.53047775,46,35
"2299",4,13.53047775,47,32
"2300",4,13.53047775,48,32
"2301",4,13.53047775,49,17131089
"2302",4,13.53047775,5,9178519
"2303",4,13.53047775,50,35
"2304",4,13.53047775,51,16708923
"2305",4,13.53047775,52,8396777
"2306",4,13.53047775,53,8005663
"2307",4,13.53047775,54,8748238
"2308",4,13.53047775,55,8518974
"2309",4,13.53047775,56,34
"2310",4,13.53047775,57,7693406
"2311",4,13.53047775,58,40696
"2312",4,13.53047775,59,7796150
"2313",4,13.53047775,6,23319016
"2314",4,13.53047775,60,36
"2315",4,13.53047775,61,15513709
"2316",4,13.53047775,62,8643526
"2317",4,13.53047775,63,30
"2318",4,13.53047775,64,14674967
"2319",4,13.53047775,65,26
"2320",4,13.53047775,66,36
"2321",4,13.53047775,67,27
"2322",4,13.53047775,68,40749
"2323",4,13.53047775,69,7996578
"2324",4,13.53047775,7,35
"2325",4,13.53047775,70,8809142
"2326",4,13.53047775,71,27135795
"2327",4,13.53047775,72,29
"2328",4,13.53047775,73,31467322
"2329",4,13.53047775,74,28
"2330",4,13.53047775,75,1017586
"2331",4,13.53047775,76,35400
"2332",4,13.53047775,77,16457937
"2333",4,13.53047775,78,8186175
"2334",4,13.53047775,79,27
"2335",4,13.53047775,8,980535
"2336",4,13.53047775,80,8567028
"2337",4,13.53047775,81,8213329
"2338",4,13.53047775,82,37
"2339",4,13.53047775,83,36
"2340",4,13.53047775,84,8400316
"2341",4,13.53047775,85,15187699
"2342",4,13.53047775,86,34
"2343",4,13.53047775,87,8633187
"2344",4,13.53047775,88,8439622
"2345",4,13.53047775,89,22863769
"2346",4,13.53047775,9,7246068
"2347",4,13.53047775,90,31
"2348",4,13.53047775,91,7807290
"2349",4,13.53047775,92,8566825
"2350",4,13.53047775,93,14415739
"2351",4,13.53047775,94,38
"2352",4,13.53047775,95,23
"2353",4,13.53047775,96,35
"2354",4,13.53047775,97,8537311
"2355",4,13.53047775,98,31
"2356",4,13.53047775,99,29
"2357",4,138.48863714,1,81234548
"2358",4,138.48863714,10,106929009
"2359",4,138.48863714,100,67187609
"2360",4,138.48863714,11,65277771
"2361",4,138.48863714,12,134212166
"2362",4,138.48863714,13,51246095
"2363",4,138.48863714,14,96469933
"2364",4,138.48863714,15,78081334
"2365",4,138.48863714,16,88641920
"2366",4,138.48863714,17,83982660
"2367",4,138.48863714,18,39651168
"2368",4,138.48863714,19,48277805
"2369",4,138.48863714,2,69095818
"2370",4,138.48863714,20,59813093
"2371",4,138.48863714,21,33899946
"2372",4,138.48863714,22,91853224
"2373",4,138.48863714,23,42117151
"2374",4,138.48863714,24,48110272
"2375",4,138.48863714,25,35352029
"2376",4,138.48863714,26,39947297
"2377",4,138.48863714,27,44402968
"2378",4,138.48863714,28,51469739
"2379",4,138.48863714,29,65605412
"2380",4,138.48863714,3,57538396
"2381",4,138.48863714,30,50573661
"2382",4,138.48863714,31,88812906
"2383",4,138.48863714,32,90079301
"2384",4,138.48863714,33,49526057
"2385",4,138.48863714,34,82907126
"2386",4,138.48863714,35,49451491
"2387",4,138.48863714,36,175261455
"2388",4,138.48863714,37,49641309
"2389",4,138.48863714,38,89150205
"2390",4,138.48863714,39,74499538
"2391",4,138.48863714,4,67468719
"2392",4,138.48863714,40,79357790
"2393",4,138.48863714,41,56311616
"2394",4,138.48863714,42,48483947
"2395",4,138.48863714,43,24420196
"2396",4,138.48863714,44,57772768
"2397",4,138.48863714,45,88197224
"2398",4,138.48863714,46,51423717
"2399",4,138.48863714,47,66027933
"2400",4,138.48863714,48,72901512
"2401",4,138.48863714,49,32488113
"2402",4,138.48863714,5,71109487
"2403",4,138.48863714,50,32731669
"2404",4,138.48863714,51,74739418
"2405",4,138.48863714,52,48581248
"2406",4,138.48863714,53,68698211
"2407",4,138.48863714,54,79414296
"2408",4,138.48863714,55,64370348
"2409",4,138.48863714,56,80449523
"2410",4,138.48863714,57,68045604
"2411",4,138.48863714,58,75172252
"2412",4,138.48863714,59,70399872
"2413",4,138.48863714,6,31580988
"2414",4,138.48863714,60,49366588
"2415",4,138.48863714,61,33899946
"2416",4,138.48863714,62,49992335
"2417",4,138.48863714,63,57907584
"2418",4,138.48863714,64,100011652
"2419",4,138.48863714,65,50120153
"2420",4,138.48863714,66,63910767
"2421",4,138.48863714,67,34954320
"2422",4,138.48863714,68,57345179
"2423",4,138.48863714,69,49619419
"2424",4,138.48863714,7,87073731
"2425",4,138.48863714,70,113864348
"2426",4,138.48863714,71,68082950
"2427",4,138.48863714,72,81953479
"2428",4,138.48863714,73,48615215
"2429",4,138.48863714,74,81436818
"2430",4,138.48863714,75,79894451
"2431",4,138.48863714,76,73167288
"2432",4,138.48863714,77,74703807
"2433",4,138.48863714,78,53002068
"2434",4,138.48863714,79,39863774
"2435",4,138.48863714,8,69231178
"2436",4,138.48863714,80,32225351
"2437",4,138.48863714,81,61069845
"2438",4,138.48863714,82,39553388
"2439",4,138.48863714,83,51469739
"2440",4,138.48863714,84,65196344
"2441",4,138.48863714,85,79966872
"2442",4,138.48863714,86,47966195
"2443",4,138.48863714,87,58769145
"2444",4,138.48863714,88,64955156
"2445",4,138.48863714,89,86880309
"2446",4,138.48863714,9,100497177
"2447",4,138.48863714,90,32103406
"2448",4,138.48863714,91,80572453
"2449",4,138.48863714,92,33611232
"2450",4,138.48863714,93,83545680
"2451",4,138.48863714,94,91656174
"2452",4,138.48863714,95,84154274
"2453",4,138.48863714,96,56279902
"2454",4,138.48863714,97,76010594
"2455",4,138.48863714,98,34380554
"2456",4,138.48863714,99,62731591
"2457",4,15.19911083,1,7894738
"2458",4,15.19911083,10,7470162
"2459",4,15.19911083,100,1216601
"2460",4,15.19911083,11,36245
"2461",4,15.19911083,12,1421909
"2462",4,15.19911083,13,42
"2463",4,15.19911083,14,37
"2464",4,15.19911083,15,8089428
"2465",4,15.19911083,16,7250143
"2466",4,15.19911083,17,8427620
"2467",4,15.19911083,18,35
"2468",4,15.19911083,19,15495991
"2469",4,15.19911083,2,15989895
"2470",4,15.19911083,20,43
"2471",4,15.19911083,21,39
"2472",4,15.19911083,22,7793509
"2473",4,15.19911083,23,34
"2474",4,15.19911083,24,933119
"2475",4,15.19911083,25,8044145
"2476",4,15.19911083,26,36
"2477",4,15.19911083,27,865824
"2478",4,15.19911083,28,7337055
"2479",4,15.19911083,29,8397074
"2480",4,15.19911083,3,8680425
"2481",4,15.19911083,30,33
"2482",4,15.19911083,31,15868834
"2483",4,15.19911083,32,34
"2484",4,15.19911083,33,34
"2485",4,15.19911083,34,9116123
"2486",4,15.19911083,35,8457296
"2487",4,15.19911083,36,8003034
"2488",4,15.19911083,37,8067025
"2489",4,15.19911083,38,7390807
"2490",4,15.19911083,39,7324888
"2491",4,15.19911083,4,36
"2492",4,15.19911083,40,22705581
"2493",4,15.19911083,41,8818738
"2494",4,15.19911083,42,32
"2495",4,15.19911083,43,9135067
"2496",4,15.19911083,44,16071875
"2497",4,15.19911083,45,41
"2498",4,15.19911083,46,27
"2499",4,15.19911083,47,34
"2500",4,15.19911083,48,8967430
"2501",4,15.19911083,49,16573856
"2502",4,15.19911083,5,28
"2503",4,15.19911083,50,16613912
"2504",4,15.19911083,51,24
"2505",4,15.19911083,52,32
"2506",4,15.19911083,53,8456305
"2507",4,15.19911083,54,23198616
"2508",4,15.19911083,55,726584
"2509",4,15.19911083,56,40
"2510",4,15.19911083,57,16209650
"2511",4,15.19911083,58,29
"2512",4,15.19911083,59,7766361
"2513",4,15.19911083,6,8557168
"2514",4,15.19911083,60,15505619
"2515",4,15.19911083,61,42
"2516",4,15.19911083,62,15884062
"2517",4,15.19911083,63,29
"2518",4,15.19911083,64,24111754
"2519",4,15.19911083,65,37888
"2520",4,15.19911083,66,42
"2521",4,15.19911083,67,40
"2522",4,15.19911083,68,16611933
"2523",4,15.19911083,69,23444931
"2524",4,15.19911083,7,7417750
"2525",4,15.19911083,70,17140582
"2526",4,15.19911083,71,7324859
"2527",4,15.19911083,72,7425920
"2528",4,15.19911083,73,29
"2529",4,15.19911083,74,38
"2530",4,15.19911083,75,7616546
"2531",4,15.19911083,76,13973578
"2532",4,15.19911083,77,7477096
"2533",4,15.19911083,78,23627443
"2534",4,15.19911083,79,38
"2535",4,15.19911083,8,8484131
"2536",4,15.19911083,80,55
"2537",4,15.19911083,81,38
"2538",4,15.19911083,82,42
"2539",4,15.19911083,83,7284452
"2540",4,15.19911083,84,33
"2541",4,15.19911083,85,15460498
"2542",4,15.19911083,86,42
"2543",4,15.19911083,87,8307234
"2544",4,15.19911083,88,36
"2545",4,15.19911083,89,1029165
"2546",4,15.19911083,9,48
"2547",4,15.19911083,90,8035601
"2548",4,15.19911083,91,32
"2549",4,15.19911083,92,9265504
"2550",4,15.19911083,93,43
"2551",4,15.19911083,94,25
"2552",4,15.19911083,95,38
"2553",4,15.19911083,96,6984527
"2554",4,15.19911083,97,34
"2555",4,15.19911083,98,9605260
"2556",4,15.19911083,99,39
"2557",4,155.56761439,1,108891555
"2558",4,155.56761439,10,115204252
"2559",4,155.56761439,100,100135183
"2560",4,155.56761439,11,48787130
"2561",4,155.56761439,12,66632839
"2562",4,155.56761439,13,74206376
"2563",4,155.56761439,14,82249507
"2564",4,155.56761439,15,57776178
"2565",4,155.56761439,16,97600625
"2566",4,155.56761439,17,49890464
"2567",4,155.56761439,18,57881281
"2568",4,155.56761439,19,48738509
"2569",4,155.56761439,2,41382610
"2570",4,155.56761439,20,82117970
"2571",4,155.56761439,21,79022949
"2572",4,155.56761439,22,17161908
"2573",4,155.56761439,23,79390136
"2574",4,155.56761439,24,120224304
"2575",4,155.56761439,25,42860540
"2576",4,155.56761439,26,88109996
"2577",4,155.56761439,27,75654699
"2578",4,155.56761439,28,73711789
"2579",4,155.56761439,29,66153355
"2580",4,155.56761439,3,58498691
"2581",4,155.56761439,30,66082345
"2582",4,155.56761439,31,65620251
"2583",4,155.56761439,32,114387492
"2584",4,155.56761439,33,57986821
"2585",4,155.56761439,34,74441728
"2586",4,155.56761439,35,87326391
"2587",4,155.56761439,36,63374253
"2588",4,155.56761439,37,87986140
"2589",4,155.56761439,38,81220189
"2590",4,155.56761439,39,42745318
"2591",4,155.56761439,4,52159631
"2592",4,155.56761439,40,127950055
"2593",4,155.56761439,41,72163912
"2594",4,155.56761439,42,108544586
"2595",4,155.56761439,43,26068967
"2596",4,155.56761439,44,72651904
"2597",4,155.56761439,45,73276354
"2598",4,155.56761439,46,55709253
"2599",4,155.56761439,47,79075991
"2600",4,155.56761439,48,65408507
"2601",4,155.56761439,49,84992381
"2602",4,155.56761439,5,66017932
"2603",4,155.56761439,50,106292453
"2604",4,155.56761439,51,70406755
"2605",4,155.56761439,52,42260499
"2606",4,155.56761439,53,57039751
"2607",4,155.56761439,54,135031961
"2608",4,155.56761439,55,76174841
"2609",4,155.56761439,56,81138992
"2610",4,155.56761439,57,24986997
"2611",4,155.56761439,58,103128244
"2612",4,155.56761439,59,39766408
"2613",4,155.56761439,6,47110839
"2614",4,155.56761439,60,115204252
"2615",4,155.56761439,61,89708485
"2616",4,155.56761439,62,85272069
"2617",4,155.56761439,63,78341103
"2618",4,155.56761439,64,134954883
"2619",4,155.56761439,65,71794917
"2620",4,155.56761439,66,72752830
"2621",4,155.56761439,67,89417197
"2622",4,155.56761439,68,135907352
"2623",4,155.56761439,69,57381066
"2624",4,155.56761439,7,95402049
"2625",4,155.56761439,70,74538617
"2626",4,155.56761439,71,100986934
"2627",4,155.56761439,72,130432850
"2628",4,155.56761439,73,88356323
"2629",4,155.56761439,74,82099964
"2630",4,155.56761439,75,66519704
"2631",4,155.56761439,76,98469369
"2632",4,155.56761439,77,80396487
"2633",4,155.56761439,78,40126791
"2634",4,155.56761439,79,99441503
"2635",4,155.56761439,8,89562189
"2636",4,155.56761439,80,65846387
"2637",4,155.56761439,81,66649295
"2638",4,155.56761439,82,40804894
"2639",4,155.56761439,83,31342786
"2640",4,155.56761439,84,72166442
"2641",4,155.56761439,85,15759180
"2642",4,155.56761439,86,34720966
"2643",4,155.56761439,87,34215526
"2644",4,155.56761439,88,81327315
"2645",4,155.56761439,89,66682412
"2646",4,155.56761439,9,40955346
"2647",4,155.56761439,90,77901229
"2648",4,155.56761439,91,49077695
"2649",4,155.56761439,92,82391135
"2650",4,155.56761439,93,41860635
"2651",4,155.56761439,94,89073769
"2652",4,155.56761439,95,33669359
"2653",4,155.56761439,96,107470999
"2654",4,155.56761439,97,98218944
"2655",4,155.56761439,98,76018400
"2656",4,155.56761439,99,91777766
"2657",4,17.07352647,1,35
"2658",4,17.07352647,10,42
"2659",4,17.07352647,100,22251591
"2660",4,17.07352647,11,42
"2661",4,17.07352647,12,42
"2662",4,17.07352647,13,40
"2663",4,17.07352647,14,52
"2664",4,17.07352647,15,8292422
"2665",4,17.07352647,16,7687317
"2666",4,17.07352647,17,36
"2667",4,17.07352647,18,40
"2668",4,17.07352647,19,44
"2669",4,17.07352647,2,47
"2670",4,17.07352647,20,36
"2671",4,17.07352647,21,7730969
"2672",4,17.07352647,22,54
"2673",4,17.07352647,23,41
"2674",4,17.07352647,24,32
"2675",4,17.07352647,25,40
"2676",4,17.07352647,26,47
"2677",4,17.07352647,27,43
"2678",4,17.07352647,28,6976598
"2679",4,17.07352647,29,42
"2680",4,17.07352647,3,33
"2681",4,17.07352647,30,53
"2682",4,17.07352647,31,34
"2683",4,17.07352647,32,43
"2684",4,17.07352647,33,41
"2685",4,17.07352647,34,45
"2686",4,17.07352647,35,47
"2687",4,17.07352647,36,42
"2688",4,17.07352647,37,43
"2689",4,17.07352647,38,34
"2690",4,17.07352647,39,56
"2691",4,17.07352647,4,52
"2692",4,17.07352647,40,6726634
"2693",4,17.07352647,41,45
"2694",4,17.07352647,42,49
"2695",4,17.07352647,43,8273709
"2696",4,17.07352647,44,41
"2697",4,17.07352647,45,41
"2698",4,17.07352647,46,42
"2699",4,17.07352647,47,36
"2700",4,17.07352647,48,28
"2701",4,17.07352647,49,47
"2702",4,17.07352647,5,43
"2703",4,17.07352647,50,23341187
"2704",4,17.07352647,51,23617752
"2705",4,17.07352647,52,41
"2706",4,17.07352647,53,31
"2707",4,17.07352647,54,34
"2708",4,17.07352647,55,31
"2709",4,17.07352647,56,35
"2710",4,17.07352647,57,40
"2711",4,17.07352647,58,48
"2712",4,17.07352647,59,40
"2713",4,17.07352647,6,37
"2714",4,17.07352647,60,52
"2715",4,17.07352647,61,46
"2716",4,17.07352647,62,8296813
"2717",4,17.07352647,63,45
"2718",4,17.07352647,64,57
"2719",4,17.07352647,65,42
"2720",4,17.07352647,66,7991829
"2721",4,17.07352647,67,41
"2722",4,17.07352647,68,43
"2723",4,17.07352647,69,17742131
"2724",4,17.07352647,7,45
"2725",4,17.07352647,70,40
"2726",4,17.07352647,71,38
"2727",4,17.07352647,72,40
"2728",4,17.07352647,73,45
"2729",4,17.07352647,74,44
"2730",4,17.07352647,75,33
"2731",4,17.07352647,76,8377381
"2732",4,17.07352647,77,37
"2733",4,17.07352647,78,44
"2734",4,17.07352647,79,8569823
"2735",4,17.07352647,8,43
"2736",4,17.07352647,80,37
"2737",4,17.07352647,81,7506691
"2738",4,17.07352647,82,45
"2739",4,17.07352647,83,48
"2740",4,17.07352647,84,126974
"2741",4,17.07352647,85,46
"2742",4,17.07352647,86,48
"2743",4,17.07352647,87,23746376
"2744",4,17.07352647,88,40
"2745",4,17.07352647,89,47
"2746",4,17.07352647,9,40
"2747",4,17.07352647,90,37
"2748",4,17.07352647,91,54
"2749",4,17.07352647,92,40
"2750",4,17.07352647,93,46
"2751",4,17.07352647,94,46
"2752",4,17.07352647,95,7710330
"2753",4,17.07352647,96,23378805
"2754",4,17.07352647,97,39
"2755",4,17.07352647,98,7067784
"2756",4,17.07352647,99,42
"2757",4,174.75284,1,103159163
"2758",4,174.75284,10,57727929
"2759",4,174.75284,100,73352354
"2760",4,174.75284,11,91842544
"2761",4,174.75284,12,49542605
"2762",4,174.75284,13,73461610
"2763",4,174.75284,14,75364547
"2764",4,174.75284,15,117026882
"2765",4,174.75284,16,113734078
"2766",4,174.75284,17,57661186
"2767",4,174.75284,18,23988213
"2768",4,174.75284,19,88909718
"2769",4,174.75284,2,81815007
"2770",4,174.75284,20,76278223
"2771",4,174.75284,21,101886510
"2772",4,174.75284,22,72016827
"2773",4,174.75284,23,49192375
"2774",4,174.75284,24,103091867
"2775",4,174.75284,25,67929674
"2776",4,174.75284,26,40143579
"2777",4,174.75284,27,85498155
"2778",4,174.75284,28,76709244
"2779",4,174.75284,29,43503979
"2780",4,174.75284,3,87828369
"2781",4,174.75284,30,66785557
"2782",4,174.75284,31,39948752
"2783",4,174.75284,32,91178286
"2784",4,174.75284,33,84531195
"2785",4,174.75284,34,98827788
"2786",4,174.75284,35,49500927
"2787",4,174.75284,36,81245268
"2788",4,174.75284,37,66672174
"2789",4,174.75284,38,51016403
"2790",4,174.75284,39,33072451
"2791",4,174.75284,4,83839507
"2792",4,174.75284,40,61268969
"2793",4,174.75284,41,108482385
"2794",4,174.75284,42,97029774
"2795",4,174.75284,43,62316798
"2796",4,174.75284,44,80025037
"2797",4,174.75284,45,56893047
"2798",4,174.75284,46,87406822
"2799",4,174.75284,47,57508568
"2800",4,174.75284,48,104468398
"2801",4,174.75284,49,51136006
"2802",4,174.75284,5,102373183
"2803",4,174.75284,50,89318890
"2804",4,174.75284,51,88913090
"2805",4,174.75284,52,49552651
"2806",4,174.75284,53,90337624
"2807",4,174.75284,54,63094385
"2808",4,174.75284,55,130962473
"2809",4,174.75284,56,59507527
"2810",4,174.75284,57,72587407
"2811",4,174.75284,58,55237937
"2812",4,174.75284,59,31803253
"2813",4,174.75284,6,59857288
"2814",4,174.75284,60,59516228
"2815",4,174.75284,61,81720967
"2816",4,174.75284,62,75020306
"2817",4,174.75284,63,115408392
"2818",4,174.75284,64,88622953
"2819",4,174.75284,65,127276863
"2820",4,174.75284,66,90616381
"2821",4,174.75284,67,80804548
"2822",4,174.75284,68,58938250
"2823",4,174.75284,69,65677489
"2824",4,174.75284,7,121577739
"2825",4,174.75284,70,49922460
"2826",4,174.75284,71,151368336
"2827",4,174.75284,72,109709148
"2828",4,174.75284,73,80603294
"2829",4,174.75284,74,58578765
"2830",4,174.75284,75,132476421
"2831",4,174.75284,76,89332279
"2832",4,174.75284,77,105833570
"2833",4,174.75284,78,95649005
"2834",4,174.75284,79,110037122
"2835",4,174.75284,8,59005882
"2836",4,174.75284,80,58770610
"2837",4,174.75284,81,93185920
"2838",4,174.75284,82,34989268
"2839",4,174.75284,83,96346957
"2840",4,174.75284,84,75776693
"2841",4,174.75284,85,73993184
"2842",4,174.75284,86,103975158
"2843",4,174.75284,87,42476273
"2844",4,174.75284,88,83369833
"2845",4,174.75284,89,63056121
"2846",4,174.75284,9,99626097
"2847",4,174.75284,90,58188837
"2848",4,174.75284,91,88048569
"2849",4,174.75284,92,66432414
"2850",4,174.75284,93,49261818
"2851",4,174.75284,94,101003540
"2852",4,174.75284,95,109058600
"2853",4,174.75284,96,76127361
"2854",4,174.75284,97,75539696
"2855",4,174.75284,98,118381355
"2856",4,174.75284,99,105488472
"2857",4,19.17910262,1,55
"2858",4,19.17910262,10,8813153
"2859",4,19.17910262,100,7769994
"2860",4,19.17910262,11,80566
"2861",4,19.17910262,12,24092747
"2862",4,19.17910262,13,43
"2863",4,19.17910262,14,7753371
"2864",4,19.17910262,15,15707899
"2865",4,19.17910262,16,41
"2866",4,19.17910262,17,8922687
"2867",4,19.17910262,18,857279
"2868",4,19.17910262,19,7714940
"2869",4,19.17910262,2,8193167
"2870",4,19.17910262,20,48
"2871",4,19.17910262,21,50
"2872",4,19.17910262,22,8103291
"2873",4,19.17910262,23,16240686
"2874",4,19.17910262,24,17652339
"2875",4,19.17910262,25,8888547
"2876",4,19.17910262,26,67
"2877",4,19.17910262,27,42
"2878",4,19.17910262,28,839859
"2879",4,19.17910262,29,15057341
"2880",4,19.17910262,3,8239069
"2881",4,19.17910262,30,7993545
"2882",4,19.17910262,31,21871625
"2883",4,19.17910262,32,7789800
"2884",4,19.17910262,33,15725308
"2885",4,19.17910262,34,7394194
"2886",4,19.17910262,35,6983640
"2887",4,19.17910262,36,42
"2888",4,19.17910262,37,9245380
"2889",4,19.17910262,38,8458013
"2890",4,19.17910262,39,45
"2891",4,19.17910262,4,16272545
"2892",4,19.17910262,40,8496316
"2893",4,19.17910262,41,17004512
"2894",4,19.17910262,42,42
"2895",4,19.17910262,43,8189349
"2896",4,19.17910262,44,16074861
"2897",4,19.17910262,45,15683158
"2898",4,19.17910262,46,51
"2899",4,19.17910262,47,8634513
"2900",4,19.17910262,48,40304
"2901",4,19.17910262,49,46
"2902",4,19.17910262,5,49
"2903",4,19.17910262,50,15325339
"2904",4,19.17910262,51,8646618
"2905",4,19.17910262,52,15238299
"2906",4,19.17910262,53,8176975
"2907",4,19.17910262,54,8662734
"2908",4,19.17910262,55,30871665
"2909",4,19.17910262,56,50
"2910",4,19.17910262,57,16274208
"2911",4,19.17910262,58,7428250
"2912",4,19.17910262,59,7210508
"2913",4,19.17910262,6,9122793
"2914",4,19.17910262,60,35
"2915",4,19.17910262,61,16086961
"2916",4,19.17910262,62,16837999
"2917",4,19.17910262,63,8461533
"2918",4,19.17910262,64,7521551
"2919",4,19.17910262,65,9488175
"2920",4,19.17910262,66,8828542
"2921",4,19.17910262,67,59
"2922",4,19.17910262,68,22979424
"2923",4,19.17910262,69,15748505
"2924",4,19.17910262,7,32050979
"2925",4,19.17910262,70,52
"2926",4,19.17910262,71,8551986
"2927",4,19.17910262,72,48
"2928",4,19.17910262,73,8245031
"2929",4,19.17910262,74,47
"2930",4,19.17910262,75,8120162
"2931",4,19.17910262,76,8775120
"2932",4,19.17910262,77,8236219
"2933",4,19.17910262,78,16859189
"2934",4,19.17910262,79,8196226
"2935",4,19.17910262,8,16792268
"2936",4,19.17910262,80,8380709
"2937",4,19.17910262,81,16631857
"2938",4,19.17910262,82,9305526
"2939",4,19.17910262,83,7559522
"2940",4,19.17910262,84,7637369
"2941",4,19.17910262,85,8202270
"2942",4,19.17910262,86,46
"2943",4,19.17910262,87,8261908
"2944",4,19.17910262,88,56
"2945",4,19.17910262,89,8730655
"2946",4,19.17910262,9,8060111
"2947",4,19.17910262,90,22397762
"2948",4,19.17910262,91,23939963
"2949",4,19.17910262,92,7629605
"2950",4,19.17910262,93,15097056
"2951",4,19.17910262,94,40
"2952",4,19.17910262,95,8736579
"2953",4,19.17910262,96,47
"2954",4,19.17910262,97,15733743
"2955",4,19.17910262,98,17110556
"2956",4,19.17910262,99,44
"2957",4,196.304065,1,83328871
"2958",4,196.304065,10,74633084
"2959",4,196.304065,100,47057558
"2960",4,196.304065,11,72842068
"2961",4,196.304065,12,63954301
"2962",4,196.304065,13,107755340
"2963",4,196.304065,14,66134366
"2964",4,196.304065,15,64798608
"2965",4,196.304065,16,105867926
"2966",4,196.304065,17,67200283
"2967",4,196.304065,18,99609658
"2968",4,196.304065,19,43829590
"2969",4,196.304065,2,95393668
"2970",4,196.304065,20,147628474
"2971",4,196.304065,21,125748130
"2972",4,196.304065,22,56493460
"2973",4,196.304065,23,78451100
"2974",4,196.304065,24,104842573
"2975",4,196.304065,25,84527944
"2976",4,196.304065,26,58659433
"2977",4,196.304065,27,91609470
"2978",4,196.304065,28,58067257
"2979",4,196.304065,29,91296207
"2980",4,196.304065,3,64326047
"2981",4,196.304065,30,65462293
"2982",4,196.304065,31,75171279
"2983",4,196.304065,32,90543964
"2984",4,196.304065,33,87883362
"2985",4,196.304065,34,104907452
"2986",4,196.304065,35,89701732
"2987",4,196.304065,36,117719845
"2988",4,196.304065,37,80728043
"2989",4,196.304065,38,105410772
"2990",4,196.304065,39,97639661
"2991",4,196.304065,4,114170235
"2992",4,196.304065,40,82830091
"2993",4,196.304065,41,132158048
"2994",4,196.304065,42,40667362
"2995",4,196.304065,43,106624680
"2996",4,196.304065,44,74148540
"2997",4,196.304065,45,98674454
"2998",4,196.304065,46,150013655
"2999",4,196.304065,47,91728158
"3000",4,196.304065,48,44622985
"3001",4,196.304065,49,56927051
"3002",4,196.304065,5,59136714
"3003",4,196.304065,50,105462616
"3004",4,196.304065,51,88890053
"3005",4,196.304065,52,88429397
"3006",4,196.304065,53,58608089
"3007",4,196.304065,54,105376850
"3008",4,196.304065,55,75022392
"3009",4,196.304065,56,98246907
"3010",4,196.304065,57,68155289
"3011",4,196.304065,58,66499339
"3012",4,196.304065,59,80593925
"3013",4,196.304065,6,104302418
"3014",4,196.304065,60,138078413
"3015",4,196.304065,61,123190975
"3016",4,196.304065,62,113529982
"3017",4,196.304065,63,96564938
"3018",4,196.304065,64,106796696
"3019",4,196.304065,65,89617418
"3020",4,196.304065,66,96562703
"3021",4,196.304065,67,49057554
"3022",4,196.304065,68,106477837
"3023",4,196.304065,69,75028167
"3024",4,196.304065,7,76966821
"3025",4,196.304065,70,132158048
"3026",4,196.304065,71,42900552
"3027",4,196.304065,72,49710088
"3028",4,196.304065,73,120168238
"3029",4,196.304065,74,99449211
"3030",4,196.304065,75,91690537
"3031",4,196.304065,76,96982877
"3032",4,196.304065,77,102640622
"3033",4,196.304065,78,100230889
"3034",4,196.304065,79,125505615
"3035",4,196.304065,8,105157633
"3036",4,196.304065,80,99739310
"3037",4,196.304065,81,65420556
"3038",4,196.304065,82,85156024
"3039",4,196.304065,83,67228649
"3040",4,196.304065,84,90092744
"3041",4,196.304065,85,113605640
"3042",4,196.304065,86,136865710
"3043",4,196.304065,87,128823105
"3044",4,196.304065,88,50179435
"3045",4,196.304065,89,71996735
"3046",4,196.304065,9,99761558
"3047",4,196.304065,90,59212965
"3048",4,196.304065,91,82501091
"3049",4,196.304065,92,96985347
"3050",4,196.304065,93,106826566
"3051",4,196.304065,94,96805834
"3052",4,196.304065,95,112601926
"3053",4,196.304065,96,153427378
"3054",4,196.304065,97,80501975
"3055",4,196.304065,98,105025622
"3056",4,196.304065,99,32886235
"3057",4,2.10490414,1,7
"3058",4,2.10490414,10,6
"3059",4,2.10490414,100,4
"3060",4,2.10490414,11,4
"3061",4,2.10490414,12,9
"3062",4,2.10490414,13,5
"3063",4,2.10490414,14,7
"3064",4,2.10490414,15,2
"3065",4,2.10490414,16,7
"3066",4,2.10490414,17,3
"3067",4,2.10490414,18,3
"3068",4,2.10490414,19,10
"3069",4,2.10490414,2,6
"3070",4,2.10490414,20,7
"3071",4,2.10490414,21,10
"3072",4,2.10490414,22,6
"3073",4,2.10490414,23,4
"3074",4,2.10490414,24,4
"3075",4,2.10490414,25,3
"3076",4,2.10490414,26,5
"3077",4,2.10490414,27,972135
"3078",4,2.10490414,28,4
"3079",4,2.10490414,29,4
"3080",4,2.10490414,3,6079225
"3081",4,2.10490414,30,7
"3082",4,2.10490414,31,7
"3083",4,2.10490414,32,9
"3084",4,2.10490414,33,5
"3085",4,2.10490414,34,6281483
"3086",4,2.10490414,35,3
"3087",4,2.10490414,36,8
"3088",4,2.10490414,37,13
"3089",4,2.10490414,38,6
"3090",4,2.10490414,39,6
"3091",4,2.10490414,4,9
"3092",4,2.10490414,40,5
"3093",4,2.10490414,41,5
"3094",4,2.10490414,42,3
"3095",4,2.10490414,43,4
"3096",4,2.10490414,44,9
"3097",4,2.10490414,45,11
"3098",4,2.10490414,46,8
"3099",4,2.10490414,47,7
"3100",4,2.10490414,48,5
"3101",4,2.10490414,49,7
"3102",4,2.10490414,5,4
"3103",4,2.10490414,50,7266507
"3104",4,2.10490414,51,8
"3105",4,2.10490414,52,6
"3106",4,2.10490414,53,2
"3107",4,2.10490414,54,3
"3108",4,2.10490414,55,3
"3109",4,2.10490414,56,6
"3110",4,2.10490414,57,6566887
"3111",4,2.10490414,58,4
"3112",4,2.10490414,59,6918974
"3113",4,2.10490414,6,5
"3114",4,2.10490414,60,6
"3115",4,2.10490414,61,5
"3116",4,2.10490414,62,4
"3117",4,2.10490414,63,5
"3118",4,2.10490414,64,4
"3119",4,2.10490414,65,9
"3120",4,2.10490414,66,3
"3121",4,2.10490414,67,3
"3122",4,2.10490414,68,6
"3123",4,2.10490414,69,5
"3124",4,2.10490414,7,5
"3125",4,2.10490414,70,6
"3126",4,2.10490414,71,11362428
"3127",4,2.10490414,72,2
"3128",4,2.10490414,73,8
"3129",4,2.10490414,74,6
"3130",4,2.10490414,75,5
"3131",4,2.10490414,76,6
"3132",4,2.10490414,77,5
"3133",4,2.10490414,78,3
"3134",4,2.10490414,79,6652898
"3135",4,2.10490414,8,4
"3136",4,2.10490414,80,6
"3137",4,2.10490414,81,9
"3138",4,2.10490414,82,3
"3139",4,2.10490414,83,7126073
"3140",4,2.10490414,84,5
"3141",4,2.10490414,85,3
"3142",4,2.10490414,86,7100157
"3143",4,2.10490414,87,6
"3144",4,2.10490414,88,3
"3145",4,2.10490414,89,4
"3146",4,2.10490414,9,6
"3147",4,2.10490414,90,7
"3148",4,2.10490414,91,8
"3149",4,2.10490414,92,6
"3150",4,2.10490414,93,6778156
"3151",4,2.10490414,94,5
"3152",4,2.10490414,95,6965864
"3153",4,2.10490414,97,3
"3154",4,2.10490414,98,3
"3155",4,2.10490414,99,9
"3156",4,2.36448941,1,8
"3157",4,2.36448941,10,9
"3158",4,2.36448941,100,4
"3159",4,2.36448941,11,1
"3160",4,2.36448941,12,2
"3161",4,2.36448941,13,6878078
"3162",4,2.36448941,14,1
"3163",4,2.36448941,15,6962532
"3164",4,2.36448941,16,7
"3165",4,2.36448941,17,6
"3166",4,2.36448941,18,6
"3167",4,2.36448941,19,3
"3168",4,2.36448941,2,1
"3169",4,2.36448941,20,3
"3170",4,2.36448941,21,8
"3171",4,2.36448941,22,7
"3172",4,2.36448941,23,6
"3173",4,2.36448941,24,5
"3174",4,2.36448941,25,7
"3175",4,2.36448941,26,9
"3176",4,2.36448941,27,10
"3177",4,2.36448941,28,4
"3178",4,2.36448941,29,4
"3179",4,2.36448941,3,6
"3180",4,2.36448941,30,3
"3181",4,2.36448941,31,5
"3182",4,2.36448941,32,4
"3183",4,2.36448941,33,10
"3184",4,2.36448941,34,2
"3185",4,2.36448941,35,1
"3186",4,2.36448941,36,2
"3187",4,2.36448941,37,8
"3188",4,2.36448941,38,4
"3189",4,2.36448941,39,4
"3190",4,2.36448941,4,8
"3191",4,2.36448941,40,9
"3192",4,2.36448941,41,4
"3193",4,2.36448941,42,6
"3194",4,2.36448941,43,8
"3195",4,2.36448941,44,5
"3196",4,2.36448941,45,6
"3197",4,2.36448941,46,5
"3198",4,2.36448941,47,5
"3199",4,2.36448941,48,4
"3200",4,2.36448941,49,5
"3201",4,2.36448941,5,9
"3202",4,2.36448941,50,6
"3203",4,2.36448941,51,9
"3204",4,2.36448941,52,6
"3205",4,2.36448941,53,7
"3206",4,2.36448941,54,5
"3207",4,2.36448941,55,7
"3208",4,2.36448941,56,5
"3209",4,2.36448941,57,5
"3210",4,2.36448941,58,1
"3211",4,2.36448941,59,5
"3212",4,2.36448941,6,4
"3213",4,2.36448941,60,4
"3214",4,2.36448941,61,3
"3215",4,2.36448941,62,2
"3216",4,2.36448941,63,6241106
"3217",4,2.36448941,64,3
"3218",4,2.36448941,65,6803384
"3219",4,2.36448941,66,9
"3220",4,2.36448941,67,9
"3221",4,2.36448941,68,7
"3222",4,2.36448941,69,3
"3223",4,2.36448941,7,3
"3224",4,2.36448941,70,8
"3225",4,2.36448941,71,7129390
"3226",4,2.36448941,72,4
"3227",4,2.36448941,73,2
"3228",4,2.36448941,74,5
"3229",4,2.36448941,75,3
"3230",4,2.36448941,76,7131817
"3231",4,2.36448941,77,8
"3232",4,2.36448941,78,3
"3233",4,2.36448941,79,10
"3234",4,2.36448941,8,5
"3235",4,2.36448941,80,6
"3236",4,2.36448941,81,6
"3237",4,2.36448941,82,8
"3238",4,2.36448941,83,4
"3239",4,2.36448941,84,7124438
"3240",4,2.36448941,85,4
"3241",4,2.36448941,86,4
"3242",4,2.36448941,87,968911
"3243",4,2.36448941,88,5
"3244",4,2.36448941,89,4
"3245",4,2.36448941,9,4
"3246",4,2.36448941,90,9
"3247",4,2.36448941,91,6933005
"3248",4,2.36448941,92,6
"3249",4,2.36448941,93,8
"3250",4,2.36448941,94,8
"3251",4,2.36448941,95,7
"3252",4,2.36448941,96,4
"3253",4,2.36448941,97,3
"3254",4,2.36448941,98,5
"3255",4,2.36448941,99,4
"3256",4,2.65608778,1,7118358
"3257",4,2.65608778,10,9
"3258",4,2.65608778,100,5
"3259",4,2.65608778,11,7
"3260",4,2.65608778,12,2
"3261",4,2.65608778,13,3
"3262",4,2.65608778,14,4
"3263",4,2.65608778,15,4
"3264",4,2.65608778,16,8
"3265",4,2.65608778,17,7
"3266",4,2.65608778,18,6
"3267",4,2.65608778,19,4
"3268",4,2.65608778,2,9
"3269",4,2.65608778,20,5
"3270",4,2.65608778,21,6679244
"3271",4,2.65608778,22,5
"3272",4,2.65608778,23,9
"3273",4,2.65608778,24,13
"3274",4,2.65608778,25,5
"3275",4,2.65608778,26,7
"3276",4,2.65608778,27,6
"3277",4,2.65608778,28,6
"3278",4,2.65608778,29,7
"3279",4,2.65608778,3,6666071
"3280",4,2.65608778,30,8
"3281",4,2.65608778,31,2
"3282",4,2.65608778,33,7016149
"3283",4,2.65608778,34,7
"3284",4,2.65608778,35,8
"3285",4,2.65608778,36,12
"3286",4,2.65608778,37,8
"3287",4,2.65608778,38,4
"3288",4,2.65608778,39,7
"3289",4,2.65608778,4,2
"3290",4,2.65608778,40,8
"3291",4,2.65608778,41,3
"3292",4,2.65608778,42,7
"3293",4,2.65608778,43,1
"3294",4,2.65608778,44,3
"3295",4,2.65608778,45,5
"3296",4,2.65608778,46,3
"3297",4,2.65608778,47,5
"3298",4,2.65608778,48,6416948
"3299",4,2.65608778,49,8
"3300",4,2.65608778,5,5
"3301",4,2.65608778,50,8
"3302",4,2.65608778,51,6486454
"3303",4,2.65608778,52,6
"3304",4,2.65608778,53,7
"3305",4,2.65608778,54,7767534
"3306",4,2.65608778,55,9
"3307",4,2.65608778,56,2
"3308",4,2.65608778,57,5
"3309",4,2.65608778,58,15
"3310",4,2.65608778,59,7567856
"3311",4,2.65608778,6,9
"3312",4,2.65608778,60,7
"3313",4,2.65608778,61,9
"3314",4,2.65608778,62,4
"3315",4,2.65608778,63,13
"3316",4,2.65608778,64,6270745
"3317",4,2.65608778,65,4
"3318",4,2.65608778,66,5
"3319",4,2.65608778,67,5
"3320",4,2.65608778,68,6
"3321",4,2.65608778,69,9
"3322",4,2.65608778,7,7165898
"3323",4,2.65608778,70,4
"3324",4,2.65608778,71,11
"3325",4,2.65608778,72,6696500
"3326",4,2.65608778,73,4
"3327",4,2.65608778,74,8
"3328",4,2.65608778,75,8
"3329",4,2.65608778,76,7
"3330",4,2.65608778,77,10
"3331",4,2.65608778,78,6816350
"3332",4,2.65608778,79,8
"3333",4,2.65608778,8,12
"3334",4,2.65608778,80,7497248
"3335",4,2.65608778,81,8
"3336",4,2.65608778,82,3
"3337",4,2.65608778,83,6
"3338",4,2.65608778,84,5
"3339",4,2.65608778,85,11
"3340",4,2.65608778,86,7
"3341",4,2.65608778,87,10
"3342",4,2.65608778,88,6
"3343",4,2.65608778,89,6974678
"3344",4,2.65608778,9,5
"3345",4,2.65608778,90,7
"3346",4,2.65608778,91,7
"3347",4,2.65608778,92,9
"3348",4,2.65608778,93,4
"3349",4,2.65608778,94,6
"3350",4,2.65608778,95,6068940
"3351",4,2.65608778,96,4
"3352",4,2.65608778,97,3
"3353",4,2.65608778,98,6
"3354",4,2.65608778,99,9
"3355",4,2.98364724,1,8
"3356",4,2.98364724,10,40390
"3357",4,2.98364724,100,7743828
"3358",4,2.98364724,11,12
"3359",4,2.98364724,12,10
"3360",4,2.98364724,13,7281166
"3361",4,2.98364724,14,4
"3362",4,2.98364724,15,6
"3363",4,2.98364724,16,1
"3364",4,2.98364724,17,6
"3365",4,2.98364724,18,7
"3366",4,2.98364724,19,12
"3367",4,2.98364724,2,10
"3368",4,2.98364724,20,2
"3369",4,2.98364724,21,13
"3370",4,2.98364724,22,7
"3371",4,2.98364724,23,11
"3372",4,2.98364724,24,10
"3373",4,2.98364724,25,7
"3374",4,2.98364724,26,6991729
"3375",4,2.98364724,27,6
"3376",4,2.98364724,28,2
"3377",4,2.98364724,29,5
"3378",4,2.98364724,3,6
"3379",4,2.98364724,30,6
"3380",4,2.98364724,31,11
"3381",4,2.98364724,32,8
"3382",4,2.98364724,33,12
"3383",4,2.98364724,34,4
"3384",4,2.98364724,35,9
"3385",4,2.98364724,36,4
"3386",4,2.98364724,37,13
"3387",4,2.98364724,38,9
"3388",4,2.98364724,39,7115224
"3389",4,2.98364724,4,3
"3390",4,2.98364724,40,7511363
"3391",4,2.98364724,41,3
"3392",4,2.98364724,42,5
"3393",4,2.98364724,43,7074340
"3394",4,2.98364724,44,7750713
"3395",4,2.98364724,45,6789176
"3396",4,2.98364724,46,5
"3397",4,2.98364724,47,11
"3398",4,2.98364724,48,45111
"3399",4,2.98364724,49,4
"3400",4,2.98364724,5,7
"3401",4,2.98364724,50,7
"3402",4,2.98364724,51,7
"3403",4,2.98364724,52,7
"3404",4,2.98364724,53,6
"3405",4,2.98364724,54,10
"3406",4,2.98364724,55,12
"3407",4,2.98364724,56,6
"3408",4,2.98364724,57,7
"3409",4,2.98364724,58,7680870
"3410",4,2.98364724,59,6
"3411",4,2.98364724,6,12280955
"3412",4,2.98364724,60,7421798
"3413",4,2.98364724,61,1080335
"3414",4,2.98364724,62,8
"3415",4,2.98364724,63,8
"3416",4,2.98364724,64,10
"3417",4,2.98364724,65,4
"3418",4,2.98364724,66,7091187
"3419",4,2.98364724,67,8
"3420",4,2.98364724,68,8
"3421",4,2.98364724,69,6
"3422",4,2.98364724,7,7
"3423",4,2.98364724,70,9
"3424",4,2.98364724,71,4
"3425",4,2.98364724,72,6
"3426",4,2.98364724,73,10
"3427",4,2.98364724,74,15
"3428",4,2.98364724,75,5
"3429",4,2.98364724,76,7951304
"3430",4,2.98364724,77,6
"3431",4,2.98364724,78,11
"3432",4,2.98364724,79,5
"3433",4,2.98364724,8,7658478
"3434",4,2.98364724,80,7
"3435",4,2.98364724,81,4
"3436",4,2.98364724,82,8
"3437",4,2.98364724,83,8
"3438",4,2.98364724,84,4
"3439",4,2.98364724,85,6972084
"3440",4,2.98364724,86,8
"3441",4,2.98364724,87,5
"3442",4,2.98364724,88,4
"3443",4,2.98364724,89,7263208
"3444",4,2.98364724,9,10
"3445",4,2.98364724,90,3
"3446",4,2.98364724,91,8
"3447",4,2.98364724,92,7474072
"3448",4,2.98364724,93,7013436
"3449",4,2.98364724,94,7226158
"3450",4,2.98364724,95,6
"3451",4,2.98364724,96,6
"3452",4,2.98364724,97,7
"3453",4,2.98364724,98,7389852
"3454",4,2.98364724,99,10
"3455",4,21.5443469,1,17222391
"3456",4,21.5443469,10,16580176
"3457",4,21.5443469,100,50
"3458",4,21.5443469,11,8243331
"3459",4,21.5443469,12,7683481
"3460",4,21.5443469,13,45
"3461",4,21.5443469,14,6943187
"3462",4,21.5443469,15,7623743
"3463",4,21.5443469,16,7799615
"3464",4,21.5443469,17,8313676
"3465",4,21.5443469,18,7422271
"3466",4,21.5443469,19,53
"3467",4,21.5443469,2,8238204
"3468",4,21.5443469,20,53
"3469",4,21.5443469,21,8053097
"3470",4,21.5443469,22,59
"3471",4,21.5443469,23,24308006
"3472",4,21.5443469,24,7773703
"3473",4,21.5443469,25,16510993
"3474",4,21.5443469,26,59
"3475",4,21.5443469,27,7897295
"3476",4,21.5443469,28,14924199
"3477",4,21.5443469,29,7910515
"3478",4,21.5443469,3,55
"3479",4,21.5443469,30,8456076
"3480",4,21.5443469,31,8225419
"3481",4,21.5443469,32,7743176
"3482",4,21.5443469,33,8268069
"3483",4,21.5443469,34,24365052
"3484",4,21.5443469,35,23814303
"3485",4,21.5443469,36,16270647
"3486",4,21.5443469,37,8140629
"3487",4,21.5443469,38,16056013
"3488",4,21.5443469,39,9145030
"3489",4,21.5443469,4,7904772
"3490",4,21.5443469,40,42615
"3491",4,21.5443469,41,8062019
"3492",4,21.5443469,42,50
"3493",4,21.5443469,43,59
"3494",4,21.5443469,44,16265741
"3495",4,21.5443469,45,8477057
"3496",4,21.5443469,46,16590652
"3497",4,21.5443469,47,8282358
"3498",4,21.5443469,48,16320560
"3499",4,21.5443469,49,23593781
"3500",4,21.5443469,5,7905865
"3501",4,21.5443469,50,23250266
"3502",4,21.5443469,51,24801519
"3503",4,21.5443469,52,23087802
"3504",4,21.5443469,53,7880911
"3505",4,21.5443469,54,38468765
"3506",4,21.5443469,55,58
"3507",4,21.5443469,56,8021748
"3508",4,21.5443469,57,16504311
"3509",4,21.5443469,58,8972836
"3510",4,21.5443469,59,1115428
"3511",4,21.5443469,6,15609158
"3512",4,21.5443469,60,14510505
"3513",4,21.5443469,61,8392172
"3514",4,21.5443469,62,61
"3515",4,21.5443469,63,24260201
"3516",4,21.5443469,64,9051757
"3517",4,21.5443469,65,7780561
"3518",4,21.5443469,66,8355231
"3519",4,21.5443469,67,7868690
"3520",4,21.5443469,68,47
"3521",4,21.5443469,69,8487053
"3522",4,21.5443469,7,8356479
"3523",4,21.5443469,70,8332700
"3524",4,21.5443469,71,39
"3525",4,21.5443469,72,24407764
"3526",4,21.5443469,73,15784316
"3527",4,21.5443469,74,7737426
"3528",4,21.5443469,75,7905647
"3529",4,21.5443469,76,45
"3530",4,21.5443469,77,15572636
"3531",4,21.5443469,78,8561672
"3532",4,21.5443469,79,24205364
"3533",4,21.5443469,8,16705169
"3534",4,21.5443469,80,14719873
"3535",4,21.5443469,81,8127506
"3536",4,21.5443469,82,16293485
"3537",4,21.5443469,83,44
"3538",4,21.5443469,84,33
"3539",4,21.5443469,85,8164399
"3540",4,21.5443469,86,52
"3541",4,21.5443469,87,22613190
"3542",4,21.5443469,88,14974708
"3543",4,21.5443469,89,15427124
"3544",4,21.5443469,9,16122193
"3545",4,21.5443469,90,41213
"3546",4,21.5443469,91,7660818
"3547",4,21.5443469,92,8020481
"3548",4,21.5443469,93,16127603
"3549",4,21.5443469,94,8777061
"3550",4,21.5443469,95,15517875
"3551",4,21.5443469,96,47
"3552",4,21.5443469,97,55
"3553",4,21.5443469,98,73
"3554",4,21.5443469,99,8675453
"3555",4,220.51307399,1,91699331
"3556",4,220.51307399,10,97075492
"3557",4,220.51307399,100,75497090
"3558",4,220.51307399,11,82712043
"3559",4,220.51307399,12,93066710
"3560",4,220.51307399,13,98756120
"3561",4,220.51307399,14,117187359
"3562",4,220.51307399,15,141468239
"3563",4,220.51307399,16,73622740
"3564",4,220.51307399,17,118692901
"3565",4,220.51307399,18,104234114
"3566",4,220.51307399,19,111834005
"3567",4,220.51307399,2,51333797
"3568",4,220.51307399,20,114127380
"3569",4,220.51307399,21,137669981
"3570",4,220.51307399,22,113503170
"3571",4,220.51307399,23,133302016
"3572",4,220.51307399,24,68342983
"3573",4,220.51307399,25,60154823
"3574",4,220.51307399,26,92381363
"3575",4,220.51307399,27,109010144
"3576",4,220.51307399,28,63852181
"3577",4,220.51307399,29,114664459
"3578",4,220.51307399,3,64062734
"3579",4,220.51307399,30,124244696
"3580",4,220.51307399,31,99164656
"3581",4,220.51307399,32,144496529
"3582",4,220.51307399,33,150777140
"3583",4,220.51307399,34,75736925
"3584",4,220.51307399,35,147612990
"3585",4,220.51307399,36,83895867
"3586",4,220.51307399,37,61751826
"3587",4,220.51307399,38,84463323
"3588",4,220.51307399,39,62837797
"3589",4,220.51307399,4,112291805
"3590",4,220.51307399,40,85511900
"3591",4,220.51307399,41,76786742
"3592",4,220.51307399,42,40801054
"3593",4,220.51307399,43,91326173
"3594",4,220.51307399,44,85379767
"3595",4,220.51307399,45,95341526
"3596",4,220.51307399,46,127681457
"3597",4,220.51307399,47,97884929
"3598",4,220.51307399,48,82981540
"3599",4,220.51307399,49,146463678
"3600",4,220.51307399,5,88309407
"3601",4,220.51307399,50,111771189
"3602",4,220.51307399,51,92334329
"3603",4,220.51307399,52,58119269
"3604",4,220.51307399,53,90397232
"3605",4,220.51307399,54,123209665
"3606",4,220.51307399,55,87891299
"3607",4,220.51307399,56,80794398
"3608",4,220.51307399,57,133027130
"3609",4,220.51307399,58,74973360
"3610",4,220.51307399,59,96856139
"3611",4,220.51307399,6,111518891
"3612",4,220.51307399,60,75702624
"3613",4,220.51307399,61,92283092
"3614",4,220.51307399,62,116366321
"3615",4,220.51307399,63,91040920
"3616",4,220.51307399,64,83317716
"3617",4,220.51307399,65,62896438
"3618",4,220.51307399,66,59941851
"3619",4,220.51307399,67,72192316
"3620",4,220.51307399,68,118586591
"3621",4,220.51307399,69,83906754
"3622",4,220.51307399,7,122336023
"3623",4,220.51307399,70,82893409
"3624",4,220.51307399,71,103132786
"3625",4,220.51307399,72,93172600
"3626",4,220.51307399,73,98367325
"3627",4,220.51307399,74,99216158
"3628",4,220.51307399,75,98455273
"3629",4,220.51307399,76,94990146
"3630",4,220.51307399,77,111887776
"3631",4,220.51307399,78,88728193
"3632",4,220.51307399,79,74515491
"3633",4,220.51307399,8,119304942
"3634",4,220.51307399,80,130583072
"3635",4,220.51307399,81,91665545
"3636",4,220.51307399,82,97576736
"3637",4,220.51307399,83,100426396
"3638",4,220.51307399,84,98839826
"3639",4,220.51307399,85,114010670
"3640",4,220.51307399,86,114815817
"3641",4,220.51307399,87,114548022
"3642",4,220.51307399,88,84662601
"3643",4,220.51307399,89,80663951
"3644",4,220.51307399,9,125225318
"3645",4,220.51307399,90,151366067
"3646",4,220.51307399,91,99107766
"3647",4,220.51307399,92,70508074
"3648",4,220.51307399,93,66273635
"3649",4,220.51307399,94,70730101
"3650",4,220.51307399,95,49431536
"3651",4,220.51307399,96,60744022
"3652",4,220.51307399,97,77247132
"3653",4,220.51307399,98,97282563
"3654",4,220.51307399,99,98555576
"3655",4,24.20128265,1,17057862
"3656",4,24.20128265,10,42698
"3657",4,24.20128265,100,57
"3658",4,24.20128265,11,69
"3659",4,24.20128265,12,45538745
"3660",4,24.20128265,13,14934679
"3661",4,24.20128265,14,23404064
"3662",4,24.20128265,15,7734886
"3663",4,24.20128265,16,16487540
"3664",4,24.20128265,17,8464401
"3665",4,24.20128265,18,15879875
"3666",4,24.20128265,19,15686878
"3667",4,24.20128265,2,9417464
"3668",4,24.20128265,20,8322417
"3669",4,24.20128265,21,7035512
"3670",4,24.20128265,22,24142485
"3671",4,24.20128265,23,30524379
"3672",4,24.20128265,24,52
"3673",4,24.20128265,25,42827
"3674",4,24.20128265,26,45
"3675",4,24.20128265,27,16811650
"3676",4,24.20128265,28,16005082
"3677",4,24.20128265,29,8141035
"3678",4,24.20128265,3,23203201
"3679",4,24.20128265,30,7799135
"3680",4,24.20128265,31,15472791
"3681",4,24.20128265,32,8058401
"3682",4,24.20128265,33,39783
"3683",4,24.20128265,34,9295732
"3684",4,24.20128265,35,24889239
"3685",4,24.20128265,36,43
"3686",4,24.20128265,37,7363122
"3687",4,24.20128265,38,16198454
"3688",4,24.20128265,39,8312540
"3689",4,24.20128265,4,52
"3690",4,24.20128265,40,16463344
"3691",4,24.20128265,41,15578232
"3692",4,24.20128265,42,16094502
"3693",4,24.20128265,43,15790909
"3694",4,24.20128265,44,16136890
"3695",4,24.20128265,45,15136039
"3696",4,24.20128265,46,23606718
"3697",4,24.20128265,47,7681790
"3698",4,24.20128265,48,44579
"3699",4,24.20128265,49,15779860
"3700",4,24.20128265,5,15828082
"3701",4,24.20128265,50,22627973
"3702",4,24.20128265,51,30736537
"3703",4,24.20128265,52,8896261
"3704",4,24.20128265,53,16526296
"3705",4,24.20128265,54,8529654
"3706",4,24.20128265,55,23885068
"3707",4,24.20128265,56,22547806
"3708",4,24.20128265,57,31962086
"3709",4,24.20128265,58,23694665
"3710",4,24.20128265,59,61
"3711",4,24.20128265,6,63
"3712",4,24.20128265,60,16180969
"3713",4,24.20128265,61,15208825
"3714",4,24.20128265,62,7797582
"3715",4,24.20128265,63,7348963
"3716",4,24.20128265,64,8925492
"3717",4,24.20128265,65,16211300
"3718",4,24.20128265,66,7968118
"3719",4,24.20128265,67,59
"3720",4,24.20128265,68,24297096
"3721",4,24.20128265,69,8231811
"3722",4,24.20128265,7,8159866
"3723",4,24.20128265,70,49
"3724",4,24.20128265,71,30524379
"3725",4,24.20128265,72,8819860
"3726",4,24.20128265,73,56
"3727",4,24.20128265,74,71
"3728",4,24.20128265,75,8090431
"3729",4,24.20128265,76,43767
"3730",4,24.20128265,77,32204795
"3731",4,24.20128265,78,8524252
"3732",4,24.20128265,79,23885223
"3733",4,24.20128265,8,7391822
"3734",4,24.20128265,80,1070736
"3735",4,24.20128265,81,7716741
"3736",4,24.20128265,82,22448245
"3737",4,24.20128265,83,8598558
"3738",4,24.20128265,84,8228284
"3739",4,24.20128265,85,16745423
"3740",4,24.20128265,86,56
"3741",4,24.20128265,87,711904
"3742",4,24.20128265,88,63
"3743",4,24.20128265,89,7899073
"3744",4,24.20128265,9,61
"3745",4,24.20128265,90,15558986
"3746",4,24.20128265,91,16893111
"3747",4,24.20128265,92,8270904
"3748",4,24.20128265,93,8653968
"3749",4,24.20128265,94,8072213
"3750",4,24.20128265,95,16894129
"3751",4,24.20128265,96,45263
"3752",4,24.20128265,97,31763671
"3753",4,24.20128265,98,656618
"3754",4,24.20128265,99,15959639
"3755",4,247.7076356,1,114029100
"3756",4,247.7076356,10,122280512
"3757",4,247.7076356,100,108329953
"3758",4,247.7076356,11,67433830
"3759",4,247.7076356,12,90685084
"3760",4,247.7076356,13,33888858
"3761",4,247.7076356,14,116878242
"3762",4,247.7076356,15,68714701
"3763",4,247.7076356,16,100575072
"3764",4,247.7076356,17,103648580
"3765",4,247.7076356,18,97820033
"3766",4,247.7076356,19,97392542
"3767",4,247.7076356,2,116074625
"3768",4,247.7076356,20,130420710
"3769",4,247.7076356,21,64554355
"3770",4,247.7076356,22,89399285
"3771",4,247.7076356,23,92912433
"3772",4,247.7076356,24,113221666
"3773",4,247.7076356,25,105879229
"3774",4,247.7076356,26,67274178
"3775",4,247.7076356,27,125317104
"3776",4,247.7076356,28,105221259
"3777",4,247.7076356,29,76503938
"3778",4,247.7076356,3,100979164
"3779",4,247.7076356,30,98157281
"3780",4,247.7076356,31,101247324
"3781",4,247.7076356,32,82877440
"3782",4,247.7076356,33,84227182
"3783",4,247.7076356,34,128766388
"3784",4,247.7076356,35,94527741
"3785",4,247.7076356,36,83234704
"3786",4,247.7076356,37,173772380
"3787",4,247.7076356,38,99066724
"3788",4,247.7076356,39,75246400
"3789",4,247.7076356,4,105879229
"3790",4,247.7076356,40,229915443
"3791",4,247.7076356,41,123848200
"3792",4,247.7076356,42,90656944
"3793",4,247.7076356,43,99449554
"3794",4,247.7076356,44,150317175
"3795",4,247.7076356,45,125349906
"3796",4,247.7076356,46,127185343
"3797",4,247.7076356,47,138726650
"3798",4,247.7076356,48,132968795
"3799",4,247.7076356,49,152287850
"3800",4,247.7076356,5,142950155
"3801",4,247.7076356,50,145908817
"3802",4,247.7076356,51,150753855
"3803",4,247.7076356,52,131559936
"3804",4,247.7076356,53,157573518
"3805",4,247.7076356,54,99307874
"3806",4,247.7076356,55,98897931
"3807",4,247.7076356,56,182576785
"3808",4,247.7076356,57,163877030
"3809",4,247.7076356,58,82539590
"3810",4,247.7076356,59,113677260
"3811",4,247.7076356,6,155251954
"3812",4,247.7076356,60,139366708
"3813",4,247.7076356,61,89086306
"3814",4,247.7076356,62,138030371
"3815",4,247.7076356,63,66324009
"3816",4,247.7076356,64,122285259
"3817",4,247.7076356,65,58233256
"3818",4,247.7076356,66,99239001
"3819",4,247.7076356,67,126813907
"3820",4,247.7076356,68,122630518
"3821",4,247.7076356,69,85034769
"3822",4,247.7076356,7,150199070
"3823",4,247.7076356,70,126204404
"3824",4,247.7076356,71,73401384
"3825",4,247.7076356,72,91175917
"3826",4,247.7076356,73,113256572
"3827",4,247.7076356,74,57614310
"3828",4,247.7076356,75,115116206
"3829",4,247.7076356,76,147488080
"3830",4,247.7076356,77,111153032
"3831",4,247.7076356,78,118247917
"3832",4,247.7076356,79,148053950
"3833",4,247.7076356,8,139735620
"3834",4,247.7076356,80,100721430
"3835",4,247.7076356,81,67024039
"3836",4,247.7076356,82,98759824
"3837",4,247.7076356,83,165415159
"3838",4,247.7076356,84,92014574
"3839",4,247.7076356,85,141952710
"3840",4,247.7076356,86,117780508
"3841",4,247.7076356,87,147075192
"3842",4,247.7076356,88,136483762
"3843",4,247.7076356,89,147321433
"3844",4,247.7076356,9,146633679
"3845",4,247.7076356,90,153451078
"3846",4,247.7076356,91,142698744
"3847",4,247.7076356,92,186021624
"3848",4,247.7076356,93,106187916
"3849",4,247.7076356,94,120009922
"3850",4,247.7076356,95,128751065
"3851",4,247.7076356,96,153525940
"3852",4,247.7076356,97,97067522
"3853",4,247.7076356,98,101437625
"3854",4,247.7076356,99,65243504
"3855",4,27.18588243,1,15389887
"3856",4,27.18588243,10,15858524
"3857",4,27.18588243,100,8518700
"3858",4,27.18588243,11,52268801
"3859",4,27.18588243,12,15005128
"3860",4,27.18588243,13,16365458
"3861",4,27.18588243,14,59
"3862",4,27.18588243,15,15715536
"3863",4,27.18588243,16,58
"3864",4,27.18588243,17,17409540
"3865",4,27.18588243,18,45946727
"3866",4,27.18588243,19,30547678
"3867",4,27.18588243,2,8740774
"3868",4,27.18588243,20,15470908
"3869",4,27.18588243,21,31460254
"3870",4,27.18588243,22,15843578
"3871",4,27.18588243,23,16890599
"3872",4,27.18588243,24,16571179
"3873",4,27.18588243,25,7392671
"3874",4,27.18588243,26,8392026
"3875",4,27.18588243,27,23391772
"3876",4,27.18588243,28,8016181
"3877",4,27.18588243,29,8434160
"3878",4,27.18588243,3,8196223
"3879",4,27.18588243,30,15419628
"3880",4,27.18588243,31,8564200
"3881",4,27.18588243,32,8436494
"3882",4,27.18588243,33,7839068
"3883",4,27.18588243,34,16226598
"3884",4,27.18588243,35,7592959
"3885",4,27.18588243,36,15039074
"3886",4,27.18588243,37,83
"3887",4,27.18588243,38,66
"3888",4,27.18588243,39,18067446
"3889",4,27.18588243,4,16491308
"3890",4,27.18588243,40,16442455
"3891",4,27.18588243,41,36970
"3892",4,27.18588243,42,57
"3893",4,27.18588243,43,16256315
"3894",4,27.18588243,44,21502326
"3895",4,27.18588243,45,7612345
"3896",4,27.18588243,46,8252165
"3897",4,27.18588243,47,43485824
"3898",4,27.18588243,48,24186115
"3899",4,27.18588243,49,59
"3900",4,27.18588243,5,15551397
"3901",4,27.18588243,50,16898638
"3902",4,27.18588243,51,7983711
"3903",4,27.18588243,52,24016026
"3904",4,27.18588243,53,83
"3905",4,27.18588243,54,8530377
"3906",4,27.18588243,55,15885525
"3907",4,27.18588243,56,23697123
"3908",4,27.18588243,57,63
"3909",4,27.18588243,58,24734466
"3910",4,27.18588243,59,15891106
"3911",4,27.18588243,6,17281690
"3912",4,27.18588243,60,23751246
"3913",4,27.18588243,61,9731337
"3914",4,27.18588243,62,15915965
"3915",4,27.18588243,63,8838456
"3916",4,27.18588243,64,25272478
"3917",4,27.18588243,65,7925260
"3918",4,27.18588243,66,23857674
"3919",4,27.18588243,67,16882217
"3920",4,27.18588243,68,23259374
"3921",4,27.18588243,69,8014742
"3922",4,27.18588243,7,25489712
"3923",4,27.18588243,70,15821807
"3924",4,27.18588243,71,7741463
"3925",4,27.18588243,72,24522952
"3926",4,27.18588243,73,23907037
"3927",4,27.18588243,74,65
"3928",4,27.18588243,75,8859913
"3929",4,27.18588243,76,8767833
"3930",4,27.18588243,77,38784
"3931",4,27.18588243,78,8834150
"3932",4,27.18588243,79,6973487
"3933",4,27.18588243,8,38490862
"3934",4,27.18588243,80,31687747
"3935",4,27.18588243,81,7809122
"3936",4,27.18588243,82,16059746
"3937",4,27.18588243,83,74
"3938",4,27.18588243,84,7998178
"3939",4,27.18588243,85,15725850
"3940",4,27.18588243,86,18067446
"3941",4,27.18588243,87,16862893
"3942",4,27.18588243,88,7427895
"3943",4,27.18588243,89,16073398
"3944",4,27.18588243,9,57
"3945",4,27.18588243,90,16803661
"3946",4,27.18588243,91,7167474
"3947",4,27.18588243,92,7774787
"3948",4,27.18588243,93,15638318
"3949",4,27.18588243,94,70
"3950",4,27.18588243,95,8534023
"3951",4,27.18588243,96,16862629
"3952",4,27.18588243,97,16631328
"3953",4,27.18588243,98,31019503
"3954",4,27.18588243,99,8141428
"3955",4,278.25594022,1,130362701
"3956",4,278.25594022,10,114218154
"3957",4,278.25594022,100,68678648
"3958",4,278.25594022,11,113769315
"3959",4,278.25594022,12,144369207
"3960",4,278.25594022,13,116321194
"3961",4,278.25594022,14,115465931
"3962",4,278.25594022,15,96508761
"3963",4,278.25594022,16,138108620
"3964",4,278.25594022,17,148304222
"3965",4,278.25594022,18,145151040
"3966",4,278.25594022,19,141111059
"3967",4,278.25594022,2,142988479
"3968",4,278.25594022,20,155467284
"3969",4,278.25594022,21,124116969
"3970",4,278.25594022,22,152114552
"3971",4,278.25594022,23,120169281
"3972",4,278.25594022,24,98542062
"3973",4,278.25594022,25,133650128
"3974",4,278.25594022,26,138773557
"3975",4,278.25594022,27,122074811
"3976",4,278.25594022,28,125677406
"3977",4,278.25594022,29,108123637
"3978",4,278.25594022,3,194349878
"3979",4,278.25594022,30,106428931
"3980",4,278.25594022,31,92364279
"3981",4,278.25594022,32,75681040
"3982",4,278.25594022,33,117026785
"3983",4,278.25594022,34,122188756
"3984",4,278.25594022,35,89059511
"3985",4,278.25594022,36,164398474
"3986",4,278.25594022,37,79200902
"3987",4,278.25594022,38,113906703
"3988",4,278.25594022,39,130577851
"3989",4,278.25594022,4,103164441
"3990",4,278.25594022,40,84586265
"3991",4,278.25594022,41,84647425
"3992",4,278.25594022,42,119131378
"3993",4,278.25594022,43,113650425
"3994",4,278.25594022,44,129718902
"3995",4,278.25594022,45,147584355
"3996",4,278.25594022,46,155299260
"3997",4,278.25594022,47,111542566
"3998",4,278.25594022,48,115176441
"3999",4,278.25594022,49,103708677
"4000",4,278.25594022,5,59153685
"4001",4,278.25594022,50,109439509
"4002",4,278.25594022,51,105072885
"4003",4,278.25594022,52,57247424
"4004",4,278.25594022,53,106993749
"4005",4,278.25594022,54,182705529
"4006",4,278.25594022,55,68187436
"4007",4,278.25594022,56,138158068
"4008",4,278.25594022,57,162357591
"4009",4,278.25594022,58,93621600
"4010",4,278.25594022,59,122327210
"4011",4,278.25594022,6,96691821
"4012",4,278.25594022,60,123804044
"4013",4,278.25594022,61,96590309
"4014",4,278.25594022,62,80065650
"4015",4,278.25594022,63,191983926
"4016",4,278.25594022,64,98002913
"4017",4,278.25594022,65,137193554
"4018",4,278.25594022,66,122835140
"4019",4,278.25594022,67,150370026
"4020",4,278.25594022,68,156690032
"4021",4,278.25594022,69,105579778
"4022",4,278.25594022,7,101756503
"4023",4,278.25594022,70,91587467
"4024",4,278.25594022,71,199136110
"4025",4,278.25594022,72,71271748
"4026",4,278.25594022,73,165670137
"4027",4,278.25594022,74,91735899
"4028",4,278.25594022,75,149798543
"4029",4,278.25594022,76,163924273
"4030",4,278.25594022,77,106194166
"4031",4,278.25594022,78,138544812
"4032",4,278.25594022,79,159291290
"4033",4,278.25594022,8,102888106
"4034",4,278.25594022,80,139075711
"4035",4,278.25594022,81,140420273
"4036",4,278.25594022,82,112561596
"4037",4,278.25594022,83,153915501
"4038",4,278.25594022,84,99961205
"4039",4,278.25594022,85,144090496
"4040",4,278.25594022,86,145896240
"4041",4,278.25594022,87,101049402
"4042",4,278.25594022,88,114254717
"4043",4,278.25594022,89,118378672
"4044",4,278.25594022,9,139904371
"4045",4,278.25594022,90,156937801
"4046",4,278.25594022,91,81455067
"4047",4,278.25594022,92,84339866
"4048",4,278.25594022,93,102990008
"4049",4,278.25594022,94,91678273
"4050",4,278.25594022,95,118672391
"4051",4,278.25594022,96,184945997
"4052",4,278.25594022,97,109324275
"4053",4,278.25594022,98,148667848
"4054",4,278.25594022,99,142179862
"4055",4,3.35160265,1,11501166
"4056",4,3.35160265,10,7509370
"4057",4,3.35160265,100,7980268
"4058",4,3.35160265,11,9
"4059",4,3.35160265,12,7
"4060",4,3.35160265,13,9
"4061",4,3.35160265,14,6
"4062",4,3.35160265,15,10
"4063",4,3.35160265,16,6
"4064",4,3.35160265,17,4
"4065",4,3.35160265,18,8
"4066",4,3.35160265,19,6
"4067",4,3.35160265,2,9
"4068",4,3.35160265,20,6
"4069",4,3.35160265,21,5
"4070",4,3.35160265,22,7905622
"4071",4,3.35160265,23,8
"4072",4,3.35160265,24,11
"4073",4,3.35160265,25,13
"4074",4,3.35160265,26,17
"4075",4,3.35160265,27,5
"4076",4,3.35160265,28,4
"4077",4,3.35160265,29,11
"4078",4,3.35160265,3,7030120
"4079",4,3.35160265,30,12
"4080",4,3.35160265,31,5
"4081",4,3.35160265,32,2
"4082",4,3.35160265,33,9
"4083",4,3.35160265,34,7152185
"4084",4,3.35160265,35,8
"4085",4,3.35160265,36,7
"4086",4,3.35160265,37,8
"4087",4,3.35160265,38,8
"4088",4,3.35160265,39,9
"4089",4,3.35160265,4,5
"4090",4,3.35160265,40,16
"4091",4,3.35160265,41,38815
"4092",4,3.35160265,42,7104673
"4093",4,3.35160265,43,6695665
"4094",4,3.35160265,44,7
"4095",4,3.35160265,45,8
"4096",4,3.35160265,46,6
"4097",4,3.35160265,47,5
"4098",4,3.35160265,48,9
"4099",4,3.35160265,49,9
"4100",4,3.35160265,5,7544618
"4101",4,3.35160265,50,6
"4102",4,3.35160265,51,7
"4103",4,3.35160265,52,8
"4104",4,3.35160265,53,8
"4105",4,3.35160265,54,9
"4106",4,3.35160265,55,6
"4107",4,3.35160265,56,7
"4108",4,3.35160265,57,7158666
"4109",4,3.35160265,58,10
"4110",4,3.35160265,59,9
"4111",4,3.35160265,6,14
"4112",4,3.35160265,60,8
"4113",4,3.35160265,61,7
"4114",4,3.35160265,62,9
"4115",4,3.35160265,63,7
"4116",4,3.35160265,64,8
"4117",4,3.35160265,65,13
"4118",4,3.35160265,66,7
"4119",4,3.35160265,67,7544034
"4120",4,3.35160265,68,7289647
"4121",4,3.35160265,69,11
"4122",4,3.35160265,7,4
"4123",4,3.35160265,70,9
"4124",4,3.35160265,71,11
"4125",4,3.35160265,72,6
"4126",4,3.35160265,73,9
"4127",4,3.35160265,74,6686697
"4128",4,3.35160265,75,7087330
"4129",4,3.35160265,76,6939611
"4130",4,3.35160265,77,7863861
"4131",4,3.35160265,78,7203743
"4132",4,3.35160265,79,9
"4133",4,3.35160265,8,7
"4134",4,3.35160265,80,10
"4135",4,3.35160265,81,7
"4136",4,3.35160265,82,10
"4137",4,3.35160265,83,12
"4138",4,3.35160265,84,7
"4139",4,3.35160265,85,6
"4140",4,3.35160265,86,9
"4141",4,3.35160265,87,13252533
"4142",4,3.35160265,88,10
"4143",4,3.35160265,89,7
"4144",4,3.35160265,9,6
"4145",4,3.35160265,90,7
"4146",4,3.35160265,91,7
"4147",4,3.35160265,92,9
"4148",4,3.35160265,93,6
"4149",4,3.35160265,94,5
"4150",4,3.35160265,95,7475141
"4151",4,3.35160265,96,7
"4152",4,3.35160265,97,5
"4153",4,3.35160265,98,6
"4154",4,3.35160265,99,13
"4155",4,3.76493581,1,6777672
"4156",4,3.76493581,10,12
"4157",4,3.76493581,100,8140012
"4158",4,3.76493581,11,9
"4159",4,3.76493581,12,7716045
"4160",4,3.76493581,13,7
"4161",4,3.76493581,14,9
"4162",4,3.76493581,15,14
"4163",4,3.76493581,16,8
"4164",4,3.76493581,17,9
"4165",4,3.76493581,18,7
"4166",4,3.76493581,19,1
"4167",4,3.76493581,2,7
"4168",4,3.76493581,20,10
"4169",4,3.76493581,21,7
"4170",4,3.76493581,22,6
"4171",4,3.76493581,23,17
"4172",4,3.76493581,24,9
"4173",4,3.76493581,25,8
"4174",4,3.76493581,26,12
"4175",4,3.76493581,27,8
"4176",4,3.76493581,28,39644
"4177",4,3.76493581,29,11
"4178",4,3.76493581,3,6
"4179",4,3.76493581,30,11
"4180",4,3.76493581,31,13
"4181",4,3.76493581,32,12
"4182",4,3.76493581,33,7
"4183",4,3.76493581,34,6942482
"4184",4,3.76493581,35,12
"4185",4,3.76493581,36,9
"4186",4,3.76493581,37,10
"4187",4,3.76493581,38,11
"4188",4,3.76493581,39,10
"4189",4,3.76493581,4,14
"4190",4,3.76493581,40,10
"4191",4,3.76493581,41,7366335
"4192",4,3.76493581,42,11
"4193",4,3.76493581,43,8586262
"4194",4,3.76493581,44,14274377
"4195",4,3.76493581,45,8
"4196",4,3.76493581,46,10
"4197",4,3.76493581,47,13
"4198",4,3.76493581,48,9
"4199",4,3.76493581,49,7641044
"4200",4,3.76493581,5,4
"4201",4,3.76493581,50,4
"4202",4,3.76493581,51,12
"4203",4,3.76493581,52,8458107
"4204",4,3.76493581,53,8179481
"4205",4,3.76493581,54,6
"4206",4,3.76493581,55,6
"4207",4,3.76493581,56,7
"4208",4,3.76493581,57,7
"4209",4,3.76493581,58,9
"4210",4,3.76493581,59,9
"4211",4,3.76493581,6,10
"4212",4,3.76493581,60,7647580
"4213",4,3.76493581,61,6
"4214",4,3.76493581,62,7
"4215",4,3.76493581,63,7872776
"4216",4,3.76493581,64,7632427
"4217",4,3.76493581,65,12721275
"4218",4,3.76493581,66,12
"4219",4,3.76493581,67,12
"4220",4,3.76493581,68,10
"4221",4,3.76493581,69,11
"4222",4,3.76493581,7,7
"4223",4,3.76493581,70,6
"4224",4,3.76493581,71,9
"4225",4,3.76493581,72,12
"4226",4,3.76493581,73,8
"4227",4,3.76493581,74,7868105
"4228",4,3.76493581,75,6
"4229",4,3.76493581,76,7923156
"4230",4,3.76493581,77,14011746
"4231",4,3.76493581,78,12
"4232",4,3.76493581,79,15
"4233",4,3.76493581,8,5
"4234",4,3.76493581,80,9
"4235",4,3.76493581,81,10
"4236",4,3.76493581,82,8
"4237",4,3.76493581,83,10
"4238",4,3.76493581,84,7
"4239",4,3.76493581,85,13
"4240",4,3.76493581,86,8
"4241",4,3.76493581,87,9
"4242",4,3.76493581,88,8
"4243",4,3.76493581,89,7
"4244",4,3.76493581,9,9
"4245",4,3.76493581,90,11
"4246",4,3.76493581,91,12
"4247",4,3.76493581,92,9
"4248",4,3.76493581,93,7946910
"4249",4,3.76493581,94,7711998
"4250",4,3.76493581,95,9
"4251",4,3.76493581,96,11
"4252",4,3.76493581,97,13
"4253",4,3.76493581,98,9
"4254",4,3.76493581,99,7
"4255",4,30.53855509,1,26364008
"4256",4,30.53855509,10,16257979
"4257",4,30.53855509,100,1238794
"4258",4,30.53855509,11,69
"4259",4,30.53855509,12,9202152
"4260",4,30.53855509,13,17001805
"4261",4,30.53855509,14,8212697
"4262",4,30.53855509,15,7628754
"4263",4,30.53855509,16,41956
"4264",4,30.53855509,17,38792824
"4265",4,30.53855509,18,17447530
"4266",4,30.53855509,19,22803589
"4267",4,30.53855509,2,8845554
"4268",4,30.53855509,20,6578492
"4269",4,30.53855509,21,15707256
"4270",4,30.53855509,22,45652384
"4271",4,30.53855509,23,7973410
"4272",4,30.53855509,24,16118870
"4273",4,30.53855509,25,18361798
"4274",4,30.53855509,26,16750166
"4275",4,30.53855509,27,75
"4276",4,30.53855509,28,39250830
"4277",4,30.53855509,29,8593338
"4278",4,30.53855509,3,8134735
"4279",4,30.53855509,30,16251230
"4280",4,30.53855509,31,15511840
"4281",4,30.53855509,32,7731084
"4282",4,30.53855509,33,7949380
"4283",4,30.53855509,34,15758934
"4284",4,30.53855509,35,23904817
"4285",4,30.53855509,36,69
"4286",4,30.53855509,37,32688043
"4287",4,30.53855509,38,47530819
"4288",4,30.53855509,39,9740414
"4289",4,30.53855509,4,7779934
"4290",4,30.53855509,40,6434754
"4291",4,30.53855509,41,8091144
"4292",4,30.53855509,42,17219849
"4293",4,30.53855509,43,32115465
"4294",4,30.53855509,44,24661220
"4295",4,30.53855509,45,25438051
"4296",4,30.53855509,46,25652513
"4297",4,30.53855509,47,16971229
"4298",4,30.53855509,48,23083612
"4299",4,30.53855509,49,24486205
"4300",4,30.53855509,5,24084225
"4301",4,30.53855509,50,16420319
"4302",4,30.53855509,51,74
"4303",4,30.53855509,52,15670375
"4304",4,30.53855509,53,15664505
"4305",4,30.53855509,54,15931438
"4306",4,30.53855509,55,16833563
"4307",4,30.53855509,56,89
"4308",4,30.53855509,57,1036374
"4309",4,30.53855509,58,15257645
"4310",4,30.53855509,59,8652907
"4311",4,30.53855509,6,31976582
"4312",4,30.53855509,60,9399444
"4313",4,30.53855509,61,15887517
"4314",4,30.53855509,62,84
"4315",4,30.53855509,63,23963580
"4316",4,30.53855509,64,72
"4317",4,30.53855509,65,850266
"4318",4,30.53855509,66,36516278
"4319",4,30.53855509,67,25312560
"4320",4,30.53855509,68,9850836
"4321",4,30.53855509,69,8663255
"4322",4,30.53855509,7,8712955
"4323",4,30.53855509,70,8602883
"4324",4,30.53855509,71,7239899
"4325",4,30.53855509,72,16247217
"4326",4,30.53855509,73,78
"4327",4,30.53855509,74,269
"4328",4,30.53855509,75,63
"4329",4,30.53855509,76,8585112
"4330",4,30.53855509,77,70
"4331",4,30.53855509,78,15728496
"4332",4,30.53855509,79,9734857
"4333",4,30.53855509,8,22774475
"4334",4,30.53855509,80,896787
"4335",4,30.53855509,81,8721629
"4336",4,30.53855509,82,80
"4337",4,30.53855509,83,17568942
"4338",4,30.53855509,84,9244037
"4339",4,30.53855509,85,7235955
"4340",4,30.53855509,86,15442283
"4341",4,30.53855509,87,76
"4342",4,30.53855509,88,8969030
"4343",4,30.53855509,89,16363204
"4344",4,30.53855509,9,19109039
"4345",4,30.53855509,90,16159887
"4346",4,30.53855509,91,71
"4347",4,30.53855509,92,15210396
"4348",4,30.53855509,93,71
"4349",4,30.53855509,94,7994126
"4350",4,30.53855509,95,9066157
"4351",4,30.53855509,96,1170919
"4352",4,30.53855509,97,1215596
"4353",4,30.53855509,98,40659
"4354",4,30.53855509,99,9114480
"4355",4,312.57158497,1,139190544
"4356",4,312.57158497,10,141267238
"4357",4,312.57158497,100,143918580
"4358",4,312.57158497,11,172893177
"4359",4,312.57158497,12,173102522
"4360",4,312.57158497,13,187501730
"4361",4,312.57158497,14,95208516
"4362",4,312.57158497,15,156474039
"4363",4,312.57158497,16,171738365
"4364",4,312.57158497,17,81884032
"4365",4,312.57158497,18,139700524
"4366",4,312.57158497,19,121241622
"4367",4,312.57158497,2,143790120
"4368",4,312.57158497,20,154303260
"4369",4,312.57158497,21,154941420
"4370",4,312.57158497,22,168608346
"4371",4,312.57158497,23,112691565
"4372",4,312.57158497,24,122061161
"4373",4,312.57158497,25,108825636
"4374",4,312.57158497,26,124658003
"4375",4,312.57158497,27,97673602
"4376",4,312.57158497,28,136554212
"4377",4,312.57158497,29,115454664
"4378",4,312.57158497,3,188942921
"4379",4,312.57158497,30,110264742
"4380",4,312.57158497,31,118075990
"4381",4,312.57158497,32,152270332
"4382",4,312.57158497,33,184563779
"4383",4,312.57158497,34,103075152
"4384",4,312.57158497,35,154203184
"4385",4,312.57158497,36,228647304
"4386",4,312.57158497,37,138248662
"4387",4,312.57158497,38,118318541
"4388",4,312.57158497,39,106789360
"4389",4,312.57158497,4,161774554
"4390",4,312.57158497,40,121827618
"4391",4,312.57158497,41,150027738
"4392",4,312.57158497,42,145386381
"4393",4,312.57158497,43,132148191
"4394",4,312.57158497,44,149715231
"4395",4,312.57158497,45,179898194
"4396",4,312.57158497,46,98798061
"4397",4,312.57158497,47,138001664
"4398",4,312.57158497,48,119238657
"4399",4,312.57158497,49,140672657
"4400",4,312.57158497,5,98854554
"4401",4,312.57158497,50,130792485
"4402",4,312.57158497,51,122802486
"4403",4,312.57158497,52,163597241
"4404",4,312.57158497,53,144822933
"4405",4,312.57158497,54,116426771
"4406",4,312.57158497,55,138384290
"4407",4,312.57158497,56,183463687
"4408",4,312.57158497,57,156687248
"4409",4,312.57158497,58,172653079
"4410",4,312.57158497,59,121933255
"4411",4,312.57158497,6,89788989
"4412",4,312.57158497,60,164058649
"4413",4,312.57158497,61,154061447
"4414",4,312.57158497,62,149117835
"4415",4,312.57158497,63,114610525
"4416",4,312.57158497,64,151409086
"4417",4,312.57158497,65,224966801
"4418",4,312.57158497,66,175865410
"4419",4,312.57158497,67,152043940
"4420",4,312.57158497,68,131520497
"4421",4,312.57158497,69,157191365
"4422",4,312.57158497,7,132808943
"4423",4,312.57158497,70,165770030
"4424",4,312.57158497,71,125849873
"4425",4,312.57158497,72,156699541
"4426",4,312.57158497,73,90266562
"4427",4,312.57158497,74,114928316
"4428",4,312.57158497,75,158899662
"4429",4,312.57158497,76,139870079
"4430",4,312.57158497,77,143250707
"4431",4,312.57158497,78,154523030
"4432",4,312.57158497,79,178697964
"4433",4,312.57158497,8,160770673
"4434",4,312.57158497,80,134934441
"4435",4,312.57158497,81,211593869
"4436",4,312.57158497,82,134877928
"4437",4,312.57158497,83,108183667
"4438",4,312.57158497,84,123795269
"4439",4,312.57158497,85,139662221
"4440",4,312.57158497,86,143803138
"4441",4,312.57158497,87,118836324
"4442",4,312.57158497,88,169341066
"4443",4,312.57158497,89,171901902
"4444",4,312.57158497,9,143254881
"4445",4,312.57158497,90,142049342
"4446",4,312.57158497,91,91938745
"4447",4,312.57158497,92,130918265
"4448",4,312.57158497,93,135958078
"4449",4,312.57158497,94,92995604
"4450",4,312.57158497,95,132104413
"4451",4,312.57158497,96,147744512
"4452",4,312.57158497,97,138201906
"4453",4,312.57158497,98,85606175
"4454",4,312.57158497,99,95236125
"4455",4,34.30469286,1,24696013
"4456",4,34.30469286,10,66
"4457",4,34.30469286,100,87
"4458",4,34.30469286,11,23200272
"4459",4,34.30469286,12,22738665
"4460",4,34.30469286,13,8306504
"4461",4,34.30469286,14,17619578
"4462",4,34.30469286,15,7773848
"4463",4,34.30469286,16,8041470
"4464",4,34.30469286,17,7805861
"4465",4,34.30469286,18,29817149
"4466",4,34.30469286,19,23275648
"4467",4,34.30469286,2,16655575
"4468",4,34.30469286,20,7577869
"4469",4,34.30469286,21,7959996
"4470",4,34.30469286,22,22712569
"4471",4,34.30469286,23,9652737
"4472",4,34.30469286,24,15348896
"4473",4,34.30469286,25,25779086
"4474",4,34.30469286,26,24137923
"4475",4,34.30469286,27,8053055
"4476",4,34.30469286,28,9021955
"4477",4,34.30469286,29,17197832
"4478",4,34.30469286,3,15493451
"4479",4,34.30469286,30,23802888
"4480",4,34.30469286,31,17071011
"4481",4,34.30469286,32,17615739
"4482",4,34.30469286,33,17151882
"4483",4,34.30469286,34,48430014
"4484",4,34.30469286,35,16771787
"4485",4,34.30469286,36,16787785
"4486",4,34.30469286,37,17410597
"4487",4,34.30469286,38,9286121
"4488",4,34.30469286,39,15549855
"4489",4,34.30469286,4,15256018
"4490",4,34.30469286,40,8347153
"4491",4,34.30469286,41,8559730
"4492",4,34.30469286,42,8694537
"4493",4,34.30469286,43,81
"4494",4,34.30469286,44,23402946
"4495",4,34.30469286,45,17184974
"4496",4,34.30469286,46,15565561
"4497",4,34.30469286,47,15723786
"4498",4,34.30469286,48,7659921
"4499",4,34.30469286,49,7828846
"4500",4,34.30469286,5,7909835
"4501",4,34.30469286,50,9494952
"4502",4,34.30469286,51,33415247
"4503",4,34.30469286,52,16412836
"4504",4,34.30469286,53,7774331
"4505",4,34.30469286,54,22555624
"4506",4,34.30469286,55,15976227
"4507",4,34.30469286,56,17624354
"4508",4,34.30469286,57,16946784
"4509",4,34.30469286,58,39485
"4510",4,34.30469286,59,39431102
"4511",4,34.30469286,6,23865445
"4512",4,34.30469286,60,32356645
"4513",4,34.30469286,61,24837926
"4514",4,34.30469286,62,15622439
"4515",4,34.30469286,63,86
"4516",4,34.30469286,64,32657018
"4517",4,34.30469286,65,16696444
"4518",4,34.30469286,66,16624852
"4519",4,34.30469286,67,24896660
"4520",4,34.30469286,68,23800237
"4521",4,34.30469286,69,16061972
"4522",4,34.30469286,7,8755843
"4523",4,34.30469286,70,22397064
"4524",4,34.30469286,71,8608434
"4525",4,34.30469286,72,26023885
"4526",4,34.30469286,73,8434999
"4527",4,34.30469286,74,9780182
"4528",4,34.30469286,75,31995501
"4529",4,34.30469286,76,25229240
"4530",4,34.30469286,77,8423268
"4531",4,34.30469286,78,17198436
"4532",4,34.30469286,79,17031936
"4533",4,34.30469286,8,8102843
"4534",4,34.30469286,80,7660726
"4535",4,34.30469286,81,23095451
"4536",4,34.30469286,82,7860300
"4537",4,34.30469286,83,1242980
"4538",4,34.30469286,84,22648529
"4539",4,34.30469286,85,91
"4540",4,34.30469286,86,41749373
"4541",4,34.30469286,87,33600234
"4542",4,34.30469286,88,43554
"4543",4,34.30469286,89,17556631
"4544",4,34.30469286,9,31558239
"4545",4,34.30469286,90,16450847
"4546",4,34.30469286,91,15404981
"4547",4,34.30469286,92,16986684
"4548",4,34.30469286,93,79
"4549",4,34.30469286,94,8886283
"4550",4,34.30469286,95,26279580
"4551",4,34.30469286,96,39134742
"4552",4,34.30469286,97,24044300
"4553",4,34.30469286,98,9559642
"4554",4,34.30469286,99,25111154
"4555",4,351.11917342,1,194554913
"4556",4,351.11917342,10,138560705
"4557",4,351.11917342,100,158623685
"4558",4,351.11917342,11,162905901
"4559",4,351.11917342,12,164163145
"4560",4,351.11917342,13,134321151
"4561",4,351.11917342,14,100919982
"4562",4,351.11917342,15,226633609
"4563",4,351.11917342,16,213606675
"4564",4,351.11917342,17,232301104
"4565",4,351.11917342,18,183496102
"4566",4,351.11917342,19,160458436
"4567",4,351.11917342,2,155473729
"4568",4,351.11917342,20,186602434
"4569",4,351.11917342,21,183672076
"4570",4,351.11917342,22,156043709
"4571",4,351.11917342,23,155099085
"4572",4,351.11917342,24,163860306
"4573",4,351.11917342,25,144407498
"4574",4,351.11917342,26,190824955
"4575",4,351.11917342,27,117584982
"4576",4,351.11917342,28,201316708
"4577",4,351.11917342,29,116867674
"4578",4,351.11917342,3,192174008
"4579",4,351.11917342,30,150898886
"4580",4,351.11917342,31,152802585
"4581",4,351.11917342,32,139584536
"4582",4,351.11917342,33,219004211
"4583",4,351.11917342,34,159741460
"4584",4,351.11917342,35,164879699
"4585",4,351.11917342,36,108409745
"4586",4,351.11917342,37,204601182
"4587",4,351.11917342,38,146829317
"4588",4,351.11917342,39,130425774
"4589",4,351.11917342,4,123567937
"4590",4,351.11917342,40,170582474
"4591",4,351.11917342,41,116010887
"4592",4,351.11917342,42,166580016
"4593",4,351.11917342,43,155617191
"4594",4,351.11917342,44,131725451
"4595",4,351.11917342,45,175626628
"4596",4,351.11917342,46,189224573
"4597",4,351.11917342,47,144589018
"4598",4,351.11917342,48,150418535
"4599",4,351.11917342,49,167614550
"4600",4,351.11917342,5,103516936
"4601",4,351.11917342,50,121601285
"4602",4,351.11917342,51,183438285
"4603",4,351.11917342,52,215180410
"4604",4,351.11917342,53,165483581
"4605",4,351.11917342,54,216953730
"4606",4,351.11917342,55,120083777
"4607",4,351.11917342,56,243146036
"4608",4,351.11917342,57,110772086
"4609",4,351.11917342,58,84124204
"4610",4,351.11917342,59,166623237
"4611",4,351.11917342,6,152903932
"4612",4,351.11917342,60,165722970
"4613",4,351.11917342,61,168956145
"4614",4,351.11917342,62,192720411
"4615",4,351.11917342,63,156372404
"4616",4,351.11917342,64,89971841
"4617",4,351.11917342,65,150426612
"4618",4,351.11917342,66,104822841
"4619",4,351.11917342,67,146984582
"4620",4,351.11917342,68,194167066
"4621",4,351.11917342,69,146611284
"4622",4,351.11917342,7,100919982
"4623",4,351.11917342,70,158846837
"4624",4,351.11917342,71,168208359
"4625",4,351.11917342,72,165179457
"4626",4,351.11917342,73,116211633
"4627",4,351.11917342,74,135404062
"4628",4,351.11917342,75,220193039
"4629",4,351.11917342,76,130614324
"4630",4,351.11917342,77,156879372
"4631",4,351.11917342,78,105954852
"4632",4,351.11917342,79,149289147
"4633",4,351.11917342,8,114144507
"4634",4,351.11917342,80,144930800
"4635",4,351.11917342,81,150884094
"4636",4,351.11917342,82,155158510
"4637",4,351.11917342,83,225413038
"4638",4,351.11917342,84,134409925
"4639",4,351.11917342,85,166877394
"4640",4,351.11917342,86,126338903
"4641",4,351.11917342,87,173712817
"4642",4,351.11917342,88,169594390
"4643",4,351.11917342,89,202987857
"4644",4,351.11917342,9,158422913
"4645",4,351.11917342,90,158439382
"4646",4,351.11917342,91,197183688
"4647",4,351.11917342,92,108918875
"4648",4,351.11917342,93,150212882
"4649",4,351.11917342,94,212957395
"4650",4,351.11917342,95,219029971
"4651",4,351.11917342,96,97613700
"4652",4,351.11917342,97,149202271
"4653",4,351.11917342,98,131257640
"4654",4,351.11917342,99,132333718
"4655",4,38.53528594,1,18113673
"4656",4,38.53528594,10,8695868
"4657",4,38.53528594,100,31329557
"4658",4,38.53528594,11,31967490
"4659",4,38.53528594,12,100
"4660",4,38.53528594,13,8188744
"4661",4,38.53528594,14,16328307
"4662",4,38.53528594,15,24853105
"4663",4,38.53528594,16,15398567
"4664",4,38.53528594,17,7978039
"4665",4,38.53528594,18,17899861
"4666",4,38.53528594,19,15940435
"4667",4,38.53528594,2,25021217
"4668",4,38.53528594,20,23245958
"4669",4,38.53528594,21,8236202
"4670",4,38.53528594,22,41836
"4671",4,38.53528594,23,8717504
"4672",4,38.53528594,24,31790586
"4673",4,38.53528594,25,41390448
"4674",4,38.53528594,26,27299586
"4675",4,38.53528594,27,8728836
"4676",4,38.53528594,28,38350650
"4677",4,38.53528594,29,24311413
"4678",4,38.53528594,3,8491270
"4679",4,38.53528594,30,15718436
"4680",4,38.53528594,31,8096447
"4681",4,38.53528594,32,33227922
"4682",4,38.53528594,33,7961348
"4683",4,38.53528594,34,22602723
"4684",4,38.53528594,35,16928317
"4685",4,38.53528594,36,73
"4686",4,38.53528594,37,15457009
"4687",4,38.53528594,38,7378309
"4688",4,38.53528594,39,6880763
"4689",4,38.53528594,4,7717454
"4690",4,38.53528594,40,33642946
"4691",4,38.53528594,41,15449121
"4692",4,38.53528594,42,22869099
"4693",4,38.53528594,43,31224599
"4694",4,38.53528594,44,8801964
"4695",4,38.53528594,45,25621843
"4696",4,38.53528594,46,8425071
"4697",4,38.53528594,47,8495624
"4698",4,38.53528594,48,49121825
"4699",4,38.53528594,49,8162952
"4700",4,38.53528594,5,16746186
"4701",4,38.53528594,50,23956833
"4702",4,38.53528594,51,16983523
"4703",4,38.53528594,52,31968537
"4704",4,38.53528594,53,8909952
"4705",4,38.53528594,54,85
"4706",4,38.53528594,55,33893414
"4707",4,38.53528594,56,8694498
"4708",4,38.53528594,57,9122661
"4709",4,38.53528594,58,7789986
"4710",4,38.53528594,59,16631460
"4711",4,38.53528594,6,8051169
"4712",4,38.53528594,60,9596353
"4713",4,38.53528594,61,16042584
"4714",4,38.53528594,62,15966553
"4715",4,38.53528594,63,93
"4716",4,38.53528594,64,39899503
"4717",4,38.53528594,65,9278779
"4718",4,38.53528594,66,15055211
"4719",4,38.53528594,67,33177868
"4720",4,38.53528594,68,17355340
"4721",4,38.53528594,69,8430285
"4722",4,38.53528594,7,45201480
"4723",4,38.53528594,70,15788803
"4724",4,38.53528594,71,23950847
"4725",4,38.53528594,72,16208674
"4726",4,38.53528594,73,13654109
"4727",4,38.53528594,74,86
"4728",4,38.53528594,75,32067858
"4729",4,38.53528594,76,16440346
"4730",4,38.53528594,77,40155819
"4731",4,38.53528594,78,18567993
"4732",4,38.53528594,79,15171771
"4733",4,38.53528594,8,83013
"4734",4,38.53528594,80,29752729
"4735",4,38.53528594,81,23877954
"4736",4,38.53528594,82,16513834
"4737",4,38.53528594,83,16952002
"4738",4,38.53528594,84,8590424
"4739",4,38.53528594,85,8738401
"4740",4,38.53528594,86,8458503
"4741",4,38.53528594,87,9865804
"4742",4,38.53528594,88,30964596
"4743",4,38.53528594,89,16383146
"4744",4,38.53528594,9,8700646
"4745",4,38.53528594,90,90
"4746",4,38.53528594,91,18395776
"4747",4,38.53528594,92,15680917
"4748",4,38.53528594,93,39404429
"4749",4,38.53528594,94,23888152
"4750",4,38.53528594,95,24982986
"4751",4,38.53528594,96,7988729
"4752",4,38.53528594,97,7408887
"4753",4,38.53528594,98,17032986
"4754",4,38.53528594,99,14888072
"4755",4,394.42060594,1,167329659
"4756",4,394.42060594,10,197615382
"4757",4,394.42060594,100,166553113
"4758",4,394.42060594,11,240943342
"4759",4,394.42060594,12,220259306
"4760",4,394.42060594,13,107672162
"4761",4,394.42060594,14,243162291
"4762",4,394.42060594,15,212499526
"4763",4,394.42060594,16,139075163
"4764",4,394.42060594,17,156170445
"4765",4,394.42060594,18,130900966
"4766",4,394.42060594,19,121697230
"4767",4,394.42060594,2,110293733
"4768",4,394.42060594,20,110293733
"4769",4,394.42060594,21,198715606
"4770",4,394.42060594,22,199619002
"4771",4,394.42060594,23,218582312
"4772",4,394.42060594,24,207738436
"4773",4,394.42060594,25,134138243
"4774",4,394.42060594,26,129113656
"4775",4,394.42060594,27,183649203
"4776",4,394.42060594,28,166610069
"4777",4,394.42060594,29,310888451
"4778",4,394.42060594,3,233313201
"4779",4,394.42060594,30,170837814
"4780",4,394.42060594,31,128223187
"4781",4,394.42060594,32,125981881
"4782",4,394.42060594,33,164747569
"4783",4,394.42060594,34,178566864
"4784",4,394.42060594,35,145599712
"4785",4,394.42060594,36,144761858
"4786",4,394.42060594,37,202569953
"4787",4,394.42060594,38,155573429
"4788",4,394.42060594,39,161740009
"4789",4,394.42060594,4,131491731
"4790",4,394.42060594,40,146107639
"4791",4,394.42060594,41,157446884
"4792",4,394.42060594,42,233768487
"4793",4,394.42060594,43,162904171
"4794",4,394.42060594,44,170686395
"4795",4,394.42060594,45,267477509
"4796",4,394.42060594,46,193373883
"4797",4,394.42060594,47,218281044
"4798",4,394.42060594,48,203545155
"4799",4,394.42060594,49,171568024
"4800",4,394.42060594,5,165115495
"4801",4,394.42060594,50,241895321
"4802",4,394.42060594,51,174778717
"4803",4,394.42060594,52,141272274
"4804",4,394.42060594,53,201749786
"4805",4,394.42060594,54,163486889
"4806",4,394.42060594,55,246199033
"4807",4,394.42060594,56,215043819
"4808",4,394.42060594,57,149944399
"4809",4,394.42060594,58,157169524
"4810",4,394.42060594,59,158357119
"4811",4,394.42060594,6,151576491
"4812",4,394.42060594,60,162950182
"4813",4,394.42060594,61,126207902
"4814",4,394.42060594,62,163609828
"4815",4,394.42060594,63,195258999
"4816",4,394.42060594,64,199069858
"4817",4,394.42060594,65,233692953
"4818",4,394.42060594,66,261167850
"4819",4,394.42060594,67,217865110
"4820",4,394.42060594,68,141838132
"4821",4,394.42060594,69,187385267
"4822",4,394.42060594,7,123878975
"4823",4,394.42060594,70,100333815
"4824",4,394.42060594,71,155663969
"4825",4,394.42060594,72,200875921
"4826",4,394.42060594,73,189697264
"4827",4,394.42060594,74,204429566
"4828",4,394.42060594,75,164807004
"4829",4,394.42060594,76,119884996
"4830",4,394.42060594,77,138655589
"4831",4,394.42060594,78,227315233
"4832",4,394.42060594,79,228716224
"4833",4,394.42060594,8,154932286
"4834",4,394.42060594,80,124688936
"4835",4,394.42060594,81,156349962
"4836",4,394.42060594,82,140373503
"4837",4,394.42060594,83,211057765
"4838",4,394.42060594,84,189700656
"4839",4,394.42060594,85,212161616
"4840",4,394.42060594,86,188723832
"4841",4,394.42060594,87,148817019
"4842",4,394.42060594,88,212354302
"4843",4,394.42060594,89,122923240
"4844",4,394.42060594,9,202708720
"4845",4,394.42060594,90,186707152
"4846",4,394.42060594,91,236973276
"4847",4,394.42060594,92,215365167
"4848",4,394.42060594,93,181212901
"4849",4,394.42060594,94,160133551
"4850",4,394.42060594,95,184494135
"4851",4,394.42060594,96,118635974
"4852",4,394.42060594,97,199937893
"4853",4,394.42060594,98,157768076
"4854",4,394.42060594,99,154731874
"4855",4,4.22924287,1,13
"4856",4,4.22924287,10,13684441
"4857",4,4.22924287,100,6
"4858",4,4.22924287,11,14
"4859",4,4.22924287,12,5
"4860",4,4.22924287,13,16
"4861",4,4.22924287,14,7016123
"4862",4,4.22924287,15,17
"4863",4,4.22924287,16,7682874
"4864",4,4.22924287,17,9
"4865",4,4.22924287,18,10
"4866",4,4.22924287,19,6
"4867",4,4.22924287,2,3
"4868",4,4.22924287,20,8
"4869",4,4.22924287,21,8
"4870",4,4.22924287,22,15
"4871",4,4.22924287,23,10
"4872",4,4.22924287,24,11
"4873",4,4.22924287,25,10
"4874",4,4.22924287,26,5
"4875",4,4.22924287,27,9
"4876",4,4.22924287,28,5
"4877",4,4.22924287,29,8
"4878",4,4.22924287,3,11
"4879",4,4.22924287,30,11
"4880",4,4.22924287,31,14
"4881",4,4.22924287,32,15
"4882",4,4.22924287,33,7
"4883",4,4.22924287,34,650722
"4884",4,4.22924287,35,6
"4885",4,4.22924287,36,7545720
"4886",4,4.22924287,37,7728235
"4887",4,4.22924287,38,10
"4888",4,4.22924287,39,8
"4889",4,4.22924287,4,6832429
"4890",4,4.22924287,40,14
"4891",4,4.22924287,41,11
"4892",4,4.22924287,42,9
"4893",4,4.22924287,43,10
"4894",4,4.22924287,44,7492720
"4895",4,4.22924287,45,14
"4896",4,4.22924287,46,7
"4897",4,4.22924287,47,14
"4898",4,4.22924287,48,9
"4899",4,4.22924287,49,11
"4900",4,4.22924287,5,7780855
"4901",4,4.22924287,50,15
"4902",4,4.22924287,51,10
"4903",4,4.22924287,52,8
"4904",4,4.22924287,53,10
"4905",4,4.22924287,54,12
"4906",4,4.22924287,55,5
"4907",4,4.22924287,56,11
"4908",4,4.22924287,57,8466770
"4909",4,4.22924287,58,883729
"4910",4,4.22924287,59,9
"4911",4,4.22924287,6,9
"4912",4,4.22924287,60,11
"4913",4,4.22924287,61,11
"4914",4,4.22924287,62,9
"4915",4,4.22924287,63,7846293
"4916",4,4.22924287,64,9
"4917",4,4.22924287,65,8
"4918",4,4.22924287,66,7770573
"4919",4,4.22924287,67,8
"4920",4,4.22924287,68,7658937
"4921",4,4.22924287,69,10
"4922",4,4.22924287,7,10
"4923",4,4.22924287,70,13
"4924",4,4.22924287,71,7
"4925",4,4.22924287,72,814560
"4926",4,4.22924287,73,10
"4927",4,4.22924287,74,11
"4928",4,4.22924287,75,5
"4929",4,4.22924287,76,9
"4930",4,4.22924287,77,7597923
"4931",4,4.22924287,78,8
"4932",4,4.22924287,79,12894747
"4933",4,4.22924287,8,6
"4934",4,4.22924287,80,12
"4935",4,4.22924287,81,12
"4936",4,4.22924287,82,7
"4937",4,4.22924287,83,8
"4938",4,4.22924287,84,11
"4939",4,4.22924287,85,7494830
"4940",4,4.22924287,86,14
"4941",4,4.22924287,87,10
"4942",4,4.22924287,88,9
"4943",4,4.22924287,89,8658472
"4944",4,4.22924287,9,7
"4945",4,4.22924287,90,7796547
"4946",4,4.22924287,91,4
"4947",4,4.22924287,92,7
"4948",4,4.22924287,93,4
"4949",4,4.22924287,94,11
"4950",4,4.22924287,95,9
"4951",4,4.22924287,96,7516495
"4952",4,4.22924287,97,7195433
"4953",4,4.22924287,98,7
"4954",4,4.22924287,99,7753053
"4955",4,4.75081016,1,7
"4956",4,4.75081016,10,15
"4957",4,4.75081016,100,6741620
"4958",4,4.75081016,11,7842077
"4959",4,4.75081016,12,15
"4960",4,4.75081016,13,8170994
"4961",4,4.75081016,14,8
"4962",4,4.75081016,15,7
"4963",4,4.75081016,16,23
"4964",4,4.75081016,17,11
"4965",4,4.75081016,18,11
"4966",4,4.75081016,19,8975673
"4967",4,4.75081016,2,10
"4968",4,4.75081016,20,13935030
"4969",4,4.75081016,21,7
"4970",4,4.75081016,22,13
"4971",4,4.75081016,23,12
"4972",4,4.75081016,24,7
"4973",4,4.75081016,25,7682588
"4974",4,4.75081016,26,3
"4975",4,4.75081016,27,11
"4976",4,4.75081016,28,19
"4977",4,4.75081016,29,9
"4978",4,4.75081016,3,7983139
"4979",4,4.75081016,30,13
"4980",4,4.75081016,31,8337573
"4981",4,4.75081016,32,7342202
"4982",4,4.75081016,33,8080576
"4983",4,4.75081016,34,15
"4984",4,4.75081016,35,18
"4985",4,4.75081016,36,5
"4986",4,4.75081016,37,9
"4987",4,4.75081016,38,6792713
"4988",4,4.75081016,39,11
"4989",4,4.75081016,4,7589324
"4990",4,4.75081016,40,18
"4991",4,4.75081016,41,12
"4992",4,4.75081016,42,7517343
"4993",4,4.75081016,43,7294146
"4994",4,4.75081016,44,9
"4995",4,4.75081016,45,7185746
"4996",4,4.75081016,46,7350008
"4997",4,4.75081016,47,13
"4998",4,4.75081016,48,6
"4999",4,4.75081016,49,17
"5000",4,4.75081016,5,14
"5001",4,4.75081016,50,12
"5002",4,4.75081016,51,8
"5003",4,4.75081016,52,10
"5004",4,4.75081016,53,7627127
"5005",4,4.75081016,54,12
"5006",4,4.75081016,55,15
"5007",4,4.75081016,56,9
"5008",4,4.75081016,57,7402377
"5009",4,4.75081016,58,20
"5010",4,4.75081016,59,14
"5011",4,4.75081016,6,11
"5012",4,4.75081016,60,7
"5013",4,4.75081016,61,13
"5014",4,4.75081016,62,13
"5015",4,4.75081016,63,8
"5016",4,4.75081016,64,20
"5017",4,4.75081016,65,6
"5018",4,4.75081016,66,20
"5019",4,4.75081016,67,14
"5020",4,4.75081016,68,7298748
"5021",4,4.75081016,69,7902774
"5022",4,4.75081016,7,11
"5023",4,4.75081016,70,10
"5024",4,4.75081016,71,11
"5025",4,4.75081016,72,11
"5026",4,4.75081016,73,14
"5027",4,4.75081016,74,10
"5028",4,4.75081016,75,9
"5029",4,4.75081016,76,6
"5030",4,4.75081016,77,6
"5031",4,4.75081016,78,13809089
"5032",4,4.75081016,79,14
"5033",4,4.75081016,8,7
"5034",4,4.75081016,80,13715142
"5035",4,4.75081016,81,8975673
"5036",4,4.75081016,82,17
"5037",4,4.75081016,83,7
"5038",4,4.75081016,84,9
"5039",4,4.75081016,85,10
"5040",4,4.75081016,86,7803904
"5041",4,4.75081016,87,6
"5042",4,4.75081016,88,8
"5043",4,4.75081016,89,10
"5044",4,4.75081016,9,9
"5045",4,4.75081016,90,12
"5046",4,4.75081016,91,13
"5047",4,4.75081016,92,41598
"5048",4,4.75081016,93,11
"5049",4,4.75081016,94,7
"5050",4,4.75081016,95,9
"5051",4,4.75081016,96,15
"5052",4,4.75081016,97,22
"5053",4,4.75081016,98,7582296
"5054",4,4.75081016,99,16
"5055",4,43.28761281,1,9027186
"5056",4,43.28761281,10,9191662
"5057",4,43.28761281,100,24673530
"5058",4,43.28761281,11,24894255
"5059",4,43.28761281,12,114
"5060",4,43.28761281,13,39885873
"5061",4,43.28761281,14,1079792
"5062",4,43.28761281,15,25615135
"5063",4,43.28761281,16,24517190
"5064",4,43.28761281,17,24822889
"5065",4,43.28761281,18,15371870
"5066",4,43.28761281,19,15871751
"5067",4,43.28761281,2,21716221
"5068",4,43.28761281,20,14757095
"5069",4,43.28761281,21,8414971
"5070",4,43.28761281,22,1035022
"5071",4,43.28761281,23,124
"5072",4,43.28761281,24,25539052
"5073",4,43.28761281,25,8658741
"5074",4,43.28761281,26,109
"5075",4,43.28761281,27,32674557
"5076",4,43.28761281,28,16109930
"5077",4,43.28761281,29,32171269
"5078",4,43.28761281,3,15820191
"5079",4,43.28761281,30,26359388
"5080",4,43.28761281,31,33040412
"5081",4,43.28761281,32,30859183
"5082",4,43.28761281,33,94
"5083",4,43.28761281,34,47446254
"5084",4,43.28761281,35,17115379
"5085",4,43.28761281,36,15863652
"5086",4,43.28761281,37,26357109
"5087",4,43.28761281,38,15489487
"5088",4,43.28761281,39,15701125
"5089",4,43.28761281,4,17341174
"5090",4,43.28761281,40,23542125
"5091",4,43.28761281,41,994978
"5092",4,43.28761281,42,48707525
"5093",4,43.28761281,43,7761981
"5094",4,43.28761281,44,8852664
"5095",4,43.28761281,45,15346875
"5096",4,43.28761281,46,39564838
"5097",4,43.28761281,47,8491736
"5098",4,43.28761281,48,16245443
"5099",4,43.28761281,49,15721735
"5100",4,43.28761281,5,8333215
"5101",4,43.28761281,50,17197010
"5102",4,43.28761281,51,32066233
"5103",4,43.28761281,52,24314834
"5104",4,43.28761281,53,25154448
"5105",4,43.28761281,54,7832309
"5106",4,43.28761281,55,24736001
"5107",4,43.28761281,56,7894263
"5108",4,43.28761281,57,16644435
"5109",4,43.28761281,58,7942985
"5110",4,43.28761281,59,25727844
"5111",4,43.28761281,6,39298540
"5112",4,43.28761281,60,14662075
"5113",4,43.28761281,61,16683324
"5114",4,43.28761281,62,32388515
"5115",4,43.28761281,63,24289941
"5116",4,43.28761281,64,47856554
"5117",4,43.28761281,65,7116414
"5118",4,43.28761281,66,26551904
"5119",4,43.28761281,67,14796968
"5120",4,43.28761281,68,17715267
"5121",4,43.28761281,69,15706702
"5122",4,43.28761281,7,7355878
"5123",4,43.28761281,70,17228355
"5124",4,43.28761281,71,8303926
"5125",4,43.28761281,72,94
"5126",4,43.28761281,73,33060073
"5127",4,43.28761281,74,24779093
"5128",4,43.28761281,75,16994298
"5129",4,43.28761281,76,23725906
"5130",4,43.28761281,77,48220217
"5131",4,43.28761281,78,31740970
"5132",4,43.28761281,79,7148223
"5133",4,43.28761281,8,7442271
"5134",4,43.28761281,80,16407189
"5135",4,43.28761281,81,15663392
"5136",4,43.28761281,82,114
"5137",4,43.28761281,83,47449963
"5138",4,43.28761281,84,25976138
"5139",4,43.28761281,85,7929071
"5140",4,43.28761281,86,8717062
"5141",4,43.28761281,87,17404154
"5142",4,43.28761281,88,16003631
"5143",4,43.28761281,89,25433563
"5144",4,43.28761281,9,8232019
"5145",4,43.28761281,90,39973238
"5146",4,43.28761281,91,8909460
"5147",4,43.28761281,92,17000731
"5148",4,43.28761281,93,7704949
"5149",4,43.28761281,94,25599486
"5150",4,43.28761281,95,7092134
"5151",4,43.28761281,96,8318564
"5152",4,43.28761281,97,15289643
"5153",4,43.28761281,98,16265816
"5154",4,43.28761281,99,15489487
"5155",4,443.06214576,1,205559417
"5156",4,443.06214576,10,177781278
"5157",4,443.06214576,100,203980724
"5158",4,443.06214576,11,236977954
"5159",4,443.06214576,12,203112524
"5160",4,443.06214576,13,174803884
"5161",4,443.06214576,14,307163755
"5162",4,443.06214576,15,242590484
"5163",4,443.06214576,16,212738661
"5164",4,443.06214576,17,174419419
"5165",4,443.06214576,18,165241343
"5166",4,443.06214576,19,243315192
"5167",4,443.06214576,2,193455641
"5168",4,443.06214576,20,173784753
"5169",4,443.06214576,21,226167735
"5170",4,443.06214576,22,165838580
"5171",4,443.06214576,23,185012217
"5172",4,443.06214576,24,170684054
"5173",4,443.06214576,25,195640384
"5174",4,443.06214576,26,168693933
"5175",4,443.06214576,27,204585504
"5176",4,443.06214576,28,244691768
"5177",4,443.06214576,29,205332977
"5178",4,443.06214576,3,157089046
"5179",4,443.06214576,30,177071838
"5180",4,443.06214576,31,144182316
"5181",4,443.06214576,32,142887443
"5182",4,443.06214576,33,213960901
"5183",4,443.06214576,34,229744321
"5184",4,443.06214576,35,210245241
"5185",4,443.06214576,36,201745290
"5186",4,443.06214576,37,203420518
"5187",4,443.06214576,38,185084172
"5188",4,443.06214576,39,264579223
"5189",4,443.06214576,4,184446638
"5190",4,443.06214576,40,210852211
"5191",4,443.06214576,41,247727957
"5192",4,443.06214576,42,158061479
"5193",4,443.06214576,43,228925934
"5194",4,443.06214576,44,232731999
"5195",4,443.06214576,45,209993834
"5196",4,443.06214576,46,252794057
"5197",4,443.06214576,47,285546248
"5198",4,443.06214576,48,192956258
"5199",4,443.06214576,49,267820254
"5200",4,443.06214576,5,200309201
"5201",4,443.06214576,50,244194118
"5202",4,443.06214576,51,259112062
"5203",4,443.06214576,52,259888782
"5204",4,443.06214576,53,217264467
"5205",4,443.06214576,54,242865684
"5206",4,443.06214576,55,184637480
"5207",4,443.06214576,56,226693721
"5208",4,443.06214576,57,181008325
"5209",4,443.06214576,58,213410500
"5210",4,443.06214576,59,84226483
"5211",4,443.06214576,6,254561595
"5212",4,443.06214576,60,214387617
"5213",4,443.06214576,61,206110117
"5214",4,443.06214576,62,139232659
"5215",4,443.06214576,63,220086185
"5216",4,443.06214576,64,221657518
"5217",4,443.06214576,65,129694073
"5218",4,443.06214576,66,187009729
"5219",4,443.06214576,67,196487779
"5220",4,443.06214576,68,202938742
"5221",4,443.06214576,69,220010859
"5222",4,443.06214576,7,308510035
"5223",4,443.06214576,70,225802782
"5224",4,443.06214576,71,206274422
"5225",4,443.06214576,72,227143519
"5226",4,443.06214576,73,189546761
"5227",4,443.06214576,74,159873423
"5228",4,443.06214576,75,231795596
"5229",4,443.06214576,76,177177690
"5230",4,443.06214576,77,161123814
"5231",4,443.06214576,78,229066333
"5232",4,443.06214576,79,218191946
"5233",4,443.06214576,8,216726500
"5234",4,443.06214576,80,169721796
"5235",4,443.06214576,81,184996600
"5236",4,443.06214576,82,223026529
"5237",4,443.06214576,83,255603369
"5238",4,443.06214576,84,256524142
"5239",4,443.06214576,85,209499712
"5240",4,443.06214576,86,256315821
"5241",4,443.06214576,87,175815359
"5242",4,443.06214576,88,207448128
"5243",4,443.06214576,89,178763342
"5244",4,443.06214576,9,237613902
"5245",4,443.06214576,90,244704649
"5246",4,443.06214576,91,151778889
"5247",4,443.06214576,92,211486479
"5248",4,443.06214576,93,126378510
"5249",4,443.06214576,94,220053363
"5250",4,443.06214576,95,148110445
"5251",4,443.06214576,96,373768977
"5252",4,443.06214576,97,199478149
"5253",4,443.06214576,98,226985205
"5254",4,443.06214576,99,170105978
"5255",4,48.6260158,1,17499524
"5256",4,48.6260158,10,7217588
"5257",4,48.6260158,100,17917459
"5258",4,48.6260158,11,7217588
"5259",4,48.6260158,12,16921115
"5260",4,48.6260158,13,32601363
"5261",4,48.6260158,14,39783393
"5262",4,48.6260158,15,8463030
"5263",4,48.6260158,16,8029982
"5264",4,48.6260158,17,7739729
"5265",4,48.6260158,18,8678645
"5266",4,48.6260158,19,32531736
"5267",4,48.6260158,2,25578459
"5268",4,48.6260158,20,16401587
"5269",4,48.6260158,21,32609326
"5270",4,48.6260158,22,39607980
"5271",4,48.6260158,23,7492527
"5272",4,48.6260158,24,8481251
"5273",4,48.6260158,25,15612595
"5274",4,48.6260158,26,48315271
"5275",4,48.6260158,27,15896627
"5276",4,48.6260158,28,16782851
"5277",4,48.6260158,29,41598491
"5278",4,48.6260158,3,31732575
"5279",4,48.6260158,30,16961709
"5280",4,48.6260158,31,63494872
"5281",4,48.6260158,32,31231468
"5282",4,48.6260158,33,117
"5283",4,48.6260158,34,9640181
"5284",4,48.6260158,35,34478083
"5285",4,48.6260158,36,7858155
"5286",4,48.6260158,37,32075790
"5287",4,48.6260158,38,31963887
"5288",4,48.6260158,39,40775411
"5289",4,48.6260158,4,17491374
"5290",4,48.6260158,40,16848784
"5291",4,48.6260158,41,113
"5292",4,48.6260158,42,32210672
"5293",4,48.6260158,43,115
"5294",4,48.6260158,44,9762319
"5295",4,48.6260158,45,8932987
"5296",4,48.6260158,46,40142331
"5297",4,48.6260158,47,8644157
"5298",4,48.6260158,48,24538098
"5299",4,48.6260158,49,31498485
"5300",4,48.6260158,5,120
"5301",4,48.6260158,50,15169806
"5302",4,48.6260158,51,33928815
"5303",4,48.6260158,52,32693238
"5304",4,48.6260158,53,15142119
"5305",4,48.6260158,54,32447151
"5306",4,48.6260158,55,30837733
"5307",4,48.6260158,56,136
"5308",4,48.6260158,57,14434791
"5309",4,48.6260158,58,130
"5310",4,48.6260158,59,40237504
"5311",4,48.6260158,6,8531586
"5312",4,48.6260158,60,25765508
"5313",4,48.6260158,61,7871369
"5314",4,48.6260158,62,39948858
"5315",4,48.6260158,63,53931153
"5316",4,48.6260158,64,17183026
"5317",4,48.6260158,65,122
"5318",4,48.6260158,66,31476527
"5319",4,48.6260158,67,16504554
"5320",4,48.6260158,68,31602029
"5321",4,48.6260158,69,16722131
"5322",4,48.6260158,7,15782991
"5323",4,48.6260158,70,33529696
"5324",4,48.6260158,71,7870536
"5325",4,48.6260158,72,30716340
"5326",4,48.6260158,73,8104132
"5327",4,48.6260158,74,17534663
"5328",4,48.6260158,75,29063568
"5329",4,48.6260158,76,39880818
"5330",4,48.6260158,77,40860765
"5331",4,48.6260158,78,32007896
"5332",4,48.6260158,79,40634548
"5333",4,48.6260158,8,16675706
"5334",4,48.6260158,80,15473439
"5335",4,48.6260158,81,33785901
"5336",4,48.6260158,82,16572436
"5337",4,48.6260158,83,38879314
"5338",4,48.6260158,84,129
"5339",4,48.6260158,85,47826112
"5340",4,48.6260158,86,18137377
"5341",4,48.6260158,87,8526715
"5342",4,48.6260158,88,53826926
"5343",4,48.6260158,89,9319063
"5344",4,48.6260158,9,112
"5345",4,48.6260158,90,117
"5346",4,48.6260158,91,16140109
"5347",4,48.6260158,92,16451062
"5348",4,48.6260158,93,16765713
"5349",4,48.6260158,94,38910823
"5350",4,48.6260158,95,31314356
"5351",4,48.6260158,96,16725175
"5352",4,48.6260158,97,120
"5353",4,48.6260158,98,8991460
"5354",4,48.6260158,99,14814633
"5355",4,497.70235643,1,340370991
"5356",4,497.70235643,10,229887570
"5357",4,497.70235643,100,235705353
"5358",4,497.70235643,11,238926074
"5359",4,497.70235643,12,314837678
"5360",4,497.70235643,13,172858776
"5361",4,497.70235643,14,188750614
"5362",4,497.70235643,15,228972661
"5363",4,497.70235643,16,209812616
"5364",4,497.70235643,17,198602281
"5365",4,497.70235643,18,184101677
"5366",4,497.70235643,19,224015499
"5367",4,497.70235643,2,172519863
"5368",4,497.70235643,20,229360633
"5369",4,497.70235643,21,219044641
"5370",4,497.70235643,22,239143538
"5371",4,497.70235643,23,305395687
"5372",4,497.70235643,24,229111427
"5373",4,497.70235643,25,262244108
"5374",4,497.70235643,26,171427986
"5375",4,497.70235643,27,209175710
"5376",4,497.70235643,28,198691840
"5377",4,497.70235643,29,257360915
"5378",4,497.70235643,3,162719831
"5379",4,497.70235643,30,181898761
"5380",4,497.70235643,31,199092524
"5381",4,497.70235643,32,212173052
"5382",4,497.70235643,33,213466793
"5383",4,497.70235643,34,267621571
"5384",4,497.70235643,35,249541926
"5385",4,497.70235643,36,295183445
"5386",4,497.70235643,37,214545242
"5387",4,497.70235643,38,288192579
"5388",4,497.70235643,39,244238625
"5389",4,497.70235643,4,200208210
"5390",4,497.70235643,40,250105341
"5391",4,497.70235643,41,205668344
"5392",4,497.70235643,42,240952037
"5393",4,497.70235643,43,127727087
"5394",4,497.70235643,44,284873328
"5395",4,497.70235643,45,256592258
"5396",4,497.70235643,46,194879032
"5397",4,497.70235643,47,208823538
"5398",4,497.70235643,48,255244996
"5399",4,497.70235643,49,232839073
"5400",4,497.70235643,5,188969753
"5401",4,497.70235643,50,201870558
"5402",4,497.70235643,51,309964414
"5403",4,497.70235643,52,158786235
"5404",4,497.70235643,53,172880579
"5405",4,497.70235643,54,226812903
"5406",4,497.70235643,55,185917756
"5407",4,497.70235643,56,322408226
"5408",4,497.70235643,57,184321583
"5409",4,497.70235643,58,207604147
"5410",4,497.70235643,59,207088056
"5411",4,497.70235643,6,222174059
"5412",4,497.70235643,60,309364621
"5413",4,497.70235643,61,243485884
"5414",4,497.70235643,62,183311949
"5415",4,497.70235643,63,189087537
"5416",4,497.70235643,64,257218493
"5417",4,497.70235643,65,214214547
"5418",4,497.70235643,66,219842362
"5419",4,497.70235643,67,233345102
"5420",4,497.70235643,68,261750660
"5421",4,497.70235643,69,234306865
"5422",4,497.70235643,7,194005253
"5423",4,497.70235643,70,191564659
"5424",4,497.70235643,71,192797808
"5425",4,497.70235643,72,226978474
"5426",4,497.70235643,73,231892753
"5427",4,497.70235643,74,164269265
"5428",4,497.70235643,75,262158485
"5429",4,497.70235643,76,249863492
"5430",4,497.70235643,77,230055167
"5431",4,497.70235643,78,307852396
"5432",4,497.70235643,79,244830137
"5433",4,497.70235643,8,266164809
"5434",4,497.70235643,80,179700897
"5435",4,497.70235643,81,237434148
"5436",4,497.70235643,82,230955890
"5437",4,497.70235643,83,147655276
"5438",4,497.70235643,84,251921905
"5439",4,497.70235643,85,258694158
"5440",4,497.70235643,86,239247658
"5441",4,497.70235643,87,237448338
"5442",4,497.70235643,88,200956666
"5443",4,497.70235643,89,204941482
"5444",4,497.70235643,9,249088706
"5445",4,497.70235643,90,194570216
"5446",4,497.70235643,91,268836479
"5447",4,497.70235643,92,195433863
"5448",4,497.70235643,93,249267856
"5449",4,497.70235643,94,254142821
"5450",4,497.70235643,95,254390403
"5451",4,497.70235643,96,204052385
"5452",4,497.70235643,97,154571367
"5453",4,497.70235643,98,283833797
"5454",4,497.70235643,99,251982759
"5455",4,5.33669923,1,41039
"5456",4,5.33669923,10,11
"5457",4,5.33669923,100,7495009
"5458",4,5.33669923,11,18
"5459",4,5.33669923,12,12
"5460",4,5.33669923,13,980798
"5461",4,5.33669923,14,13
"5462",4,5.33669923,15,12
"5463",4,5.33669923,16,14127502
"5464",4,5.33669923,17,13
"5465",4,5.33669923,18,13
"5466",4,5.33669923,19,13
"5467",4,5.33669923,2,7999581
"5468",4,5.33669923,20,7
"5469",4,5.33669923,21,12
"5470",4,5.33669923,22,9
"5471",4,5.33669923,23,42386
"5472",4,5.33669923,24,15303642
"5473",4,5.33669923,25,7686499
"5474",4,5.33669923,26,19
"5475",4,5.33669923,27,21
"5476",4,5.33669923,28,7411604
"5477",4,5.33669923,29,15
"5478",4,5.33669923,3,19
"5479",4,5.33669923,30,7486295
"5480",4,5.33669923,31,15
"5481",4,5.33669923,32,16
"5482",4,5.33669923,33,8
"5483",4,5.33669923,34,8413088
"5484",4,5.33669923,35,15
"5485",4,5.33669923,36,8
"5486",4,5.33669923,37,7558404
"5487",4,5.33669923,38,14
"5488",4,5.33669923,39,7335170
"5489",4,5.33669923,4,14
"5490",4,5.33669923,40,15
"5491",4,5.33669923,41,11
"5492",4,5.33669923,42,11
"5493",4,5.33669923,43,8
"5494",4,5.33669923,44,448308
"5495",4,5.33669923,45,10
"5496",4,5.33669923,46,13
"5497",4,5.33669923,47,13
"5498",4,5.33669923,48,15
"5499",4,5.33669923,49,7
"5500",4,5.33669923,5,12
"5501",4,5.33669923,50,15
"5502",4,5.33669923,51,14837302
"5503",4,5.33669923,52,7550230
"5504",4,5.33669923,53,16
"5505",4,5.33669923,54,39620
"5506",4,5.33669923,55,10
"5507",4,5.33669923,56,8640958
"5508",4,5.33669923,57,18
"5509",4,5.33669923,58,8461553
"5510",4,5.33669923,59,11
"5511",4,5.33669923,6,19
"5512",4,5.33669923,60,16
"5513",4,5.33669923,61,14131645
"5514",4,5.33669923,62,7506974
"5515",4,5.33669923,63,7836970
"5516",4,5.33669923,64,7248089
"5517",4,5.33669923,65,9
"5518",4,5.33669923,66,10
"5519",4,5.33669923,67,16
"5520",4,5.33669923,68,13727979
"5521",4,5.33669923,69,10
"5522",4,5.33669923,7,14
"5523",4,5.33669923,70,7
"5524",4,5.33669923,71,15
"5525",4,5.33669923,72,10
"5526",4,5.33669923,73,23
"5527",4,5.33669923,74,21
"5528",4,5.33669923,75,6
"5529",4,5.33669923,76,14
"5530",4,5.33669923,77,10
"5531",4,5.33669923,78,13
"5532",4,5.33669923,79,8131014
"5533",4,5.33669923,8,8499360
"5534",4,5.33669923,80,14
"5535",4,5.33669923,81,14
"5536",4,5.33669923,82,13
"5537",4,5.33669923,83,8492075
"5538",4,5.33669923,84,14
"5539",4,5.33669923,85,16
"5540",4,5.33669923,86,16
"5541",4,5.33669923,87,816925
"5542",4,5.33669923,88,8049655
"5543",4,5.33669923,89,12
"5544",4,5.33669923,9,10
"5545",4,5.33669923,90,8
"5546",4,5.33669923,91,12
"5547",4,5.33669923,92,8177784
"5548",4,5.33669923,93,14927115
"5549",4,5.33669923,94,17
"5550",4,5.33669923,95,9180269
"5551",4,5.33669923,96,8070008
"5552",4,5.33669923,97,8
"5553",4,5.33669923,98,9
"5554",4,5.33669923,99,17
"5555",4,5.9948425,1,41107
"5556",4,5.9948425,10,11
"5557",4,5.9948425,100,8357099
"5558",4,5.9948425,11,16
"5559",4,5.9948425,12,19
"5560",4,5.9948425,13,12
"5561",4,5.9948425,14,15
"5562",4,5.9948425,15,11
"5563",4,5.9948425,16,9
"5564",4,5.9948425,17,12
"5565",4,5.9948425,18,7817050
"5566",4,5.9948425,19,16
"5567",4,5.9948425,2,19
"5568",4,5.9948425,20,10
"5569",4,5.9948425,21,20
"5570",4,5.9948425,22,9
"5571",4,5.9948425,23,18
"5572",4,5.9948425,24,7787337
"5573",4,5.9948425,25,19
"5574",4,5.9948425,26,14
"5575",4,5.9948425,27,8695459
"5576",4,5.9948425,28,15
"5577",4,5.9948425,29,22
"5578",4,5.9948425,3,7834962
"5579",4,5.9948425,30,11
"5580",4,5.9948425,31,22
"5581",4,5.9948425,32,5
"5582",4,5.9948425,33,13
"5583",4,5.9948425,34,15530030
"5584",4,5.9948425,35,7662924
"5585",4,5.9948425,36,10
"5586",4,5.9948425,37,6753923
"5587",4,5.9948425,38,40223
"5588",4,5.9948425,39,12
"5589",4,5.9948425,4,7207922
"5590",4,5.9948425,40,16
"5591",4,5.9948425,41,13548933
"5592",4,5.9948425,42,7667155
"5593",4,5.9948425,43,14
"5594",4,5.9948425,44,12
"5595",4,5.9948425,45,17
"5596",4,5.9948425,46,8141644
"5597",4,5.9948425,47,6
"5598",4,5.9948425,48,14
"5599",4,5.9948425,49,7298612
"5600",4,5.9948425,5,19
"5601",4,5.9948425,50,19
"5602",4,5.9948425,51,7696918
"5603",4,5.9948425,52,7325540
"5604",4,5.9948425,53,25
"5605",4,5.9948425,54,13
"5606",4,5.9948425,55,1376034
"5607",4,5.9948425,56,5
"5608",4,5.9948425,57,18
"5609",4,5.9948425,58,13
"5610",4,5.9948425,59,14
"5611",4,5.9948425,6,15
"5612",4,5.9948425,60,7
"5613",4,5.9948425,61,7
"5614",4,5.9948425,62,7692274
"5615",4,5.9948425,63,7
"5616",4,5.9948425,64,9
"5617",4,5.9948425,65,7760652
"5618",4,5.9948425,66,13
"5619",4,5.9948425,67,8367086
"5620",4,5.9948425,68,11
"5621",4,5.9948425,69,16
"5622",4,5.9948425,7,19
"5623",4,5.9948425,70,7347146
"5624",4,5.9948425,71,13
"5625",4,5.9948425,72,21728157
"5626",4,5.9948425,73,20
"5627",4,5.9948425,74,17
"5628",4,5.9948425,75,15
"5629",4,5.9948425,76,15
"5630",4,5.9948425,77,13
"5631",4,5.9948425,78,13
"5632",4,5.9948425,79,6779863
"5633",4,5.9948425,8,14
"5634",4,5.9948425,80,7547132
"5635",4,5.9948425,81,20
"5636",4,5.9948425,82,7580716
"5637",4,5.9948425,83,13
"5638",4,5.9948425,84,18
"5639",4,5.9948425,85,19
"5640",4,5.9948425,86,17
"5641",4,5.9948425,87,15
"5642",4,5.9948425,88,8319367
"5643",4,5.9948425,89,17
"5644",4,5.9948425,9,10
"5645",4,5.9948425,90,8681958
"5646",4,5.9948425,91,13891827
"5647",4,5.9948425,92,18
"5648",4,5.9948425,93,15
"5649",4,5.9948425,94,17
"5650",4,5.9948425,95,15378093
"5651",4,5.9948425,96,15
"5652",4,5.9948425,97,7123431
"5653",4,5.9948425,98,12
"5654",4,5.9948425,99,7686609
"5655",4,54.62277218,1,23626825
"5656",4,54.62277218,10,32226244
"5657",4,54.62277218,100,22770646
"5658",4,54.62277218,11,39386107
"5659",4,54.62277218,12,16671001
"5660",4,54.62277218,13,15599952
"5661",4,54.62277218,14,18153478
"5662",4,54.62277218,15,16109133
"5663",4,54.62277218,16,34449052
"5664",4,54.62277218,17,8296858
"5665",4,54.62277218,18,7686698
"5666",4,54.62277218,19,42189305
"5667",4,54.62277218,2,16896950
"5668",4,54.62277218,20,39711571
"5669",4,54.62277218,21,15482193
"5670",4,54.62277218,22,31645966
"5671",4,54.62277218,23,24342329
"5672",4,54.62277218,24,8557615
"5673",4,54.62277218,25,8841619
"5674",4,54.62277218,26,41166281
"5675",4,54.62277218,27,32971361
"5676",4,54.62277218,28,7807903
"5677",4,54.62277218,29,16555087
"5678",4,54.62277218,3,15239270
"5679",4,54.62277218,30,25369770
"5680",4,54.62277218,31,149
"5681",4,54.62277218,32,7422667
"5682",4,54.62277218,33,16434143
"5683",4,54.62277218,34,32014101
"5684",4,54.62277218,35,38859211
"5685",4,54.62277218,36,8261328
"5686",4,54.62277218,37,27838114
"5687",4,54.62277218,38,44332
"5688",4,54.62277218,39,32472131
"5689",4,54.62277218,4,24690199
"5690",4,54.62277218,40,9560003
"5691",4,54.62277218,41,48115452
"5692",4,54.62277218,42,16528911
"5693",4,54.62277218,43,32764850
"5694",4,54.62277218,44,32449964
"5695",4,54.62277218,45,25045026
"5696",4,54.62277218,46,8928615
"5697",4,54.62277218,47,33422269
"5698",4,54.62277218,48,7165720
"5699",4,54.62277218,49,8165440
"5700",4,54.62277218,5,37725628
"5701",4,54.62277218,50,35250349
"5702",4,54.62277218,51,38369805
"5703",4,54.62277218,52,30058217
"5704",4,54.62277218,53,17122382
"5705",4,54.62277218,54,24685883
"5706",4,54.62277218,55,39935926
"5707",4,54.62277218,56,39856040
"5708",4,54.62277218,57,24723374
"5709",4,54.62277218,58,25146740
"5710",4,54.62277218,59,16523725
"5711",4,54.62277218,6,32488932
"5712",4,54.62277218,60,17121600
"5713",4,54.62277218,61,16578937
"5714",4,54.62277218,62,24495374
"5715",4,54.62277218,63,14882744
"5716",4,54.62277218,64,34068413
"5717",4,54.62277218,65,15778118
"5718",4,54.62277218,66,46257367
"5719",4,54.62277218,67,54661834
"5720",4,54.62277218,68,30812794
"5721",4,54.62277218,69,38928814
"5722",4,54.62277218,7,998730
"5723",4,54.62277218,70,9160112
"5724",4,54.62277218,71,27075540
"5725",4,54.62277218,72,24198797
"5726",4,54.62277218,73,30276567
"5727",4,54.62277218,74,16718285
"5728",4,54.62277218,75,18167318
"5729",4,54.62277218,76,9089889
"5730",4,54.62277218,77,17922324
"5731",4,54.62277218,78,25244583
"5732",4,54.62277218,79,32300870
"5733",4,54.62277218,8,49451501
"5734",4,54.62277218,80,41060670
"5735",4,54.62277218,81,8366599
"5736",4,54.62277218,82,38944141
"5737",4,54.62277218,83,62438085
"5738",4,54.62277218,84,25460052
"5739",4,54.62277218,85,22967116
"5740",4,54.62277218,86,25240188
"5741",4,54.62277218,87,47922492
"5742",4,54.62277218,88,23199915
"5743",4,54.62277218,89,50990391
"5744",4,54.62277218,9,16902764
"5745",4,54.62277218,90,9371325
"5746",4,54.62277218,91,24739954
"5747",4,54.62277218,92,31206969
"5748",4,54.62277218,93,10523358
"5749",4,54.62277218,94,34453590
"5750",4,54.62277218,95,43759
"5751",4,54.62277218,96,7790268
"5752",4,54.62277218,97,23924247
"5753",4,54.62277218,98,33274511
"5754",4,54.62277218,99,31688475
"5755",4,559.08101825,1,275487044
"5756",4,559.08101825,10,268266235
"5757",4,559.08101825,100,284963459
"5758",4,559.08101825,11,239606953
"5759",4,559.08101825,12,242378274
"5760",4,559.08101825,13,256803203
"5761",4,559.08101825,14,279066179
"5762",4,559.08101825,15,301025873
"5763",4,559.08101825,16,301760430
"5764",4,559.08101825,17,257298696
"5765",4,559.08101825,18,174217319
"5766",4,559.08101825,19,397586095
"5767",4,559.08101825,2,193653324
"5768",4,559.08101825,20,257847945
"5769",4,559.08101825,21,326128693
"5770",4,559.08101825,22,225800150
"5771",4,559.08101825,23,320024284
"5772",4,559.08101825,24,258181566
"5773",4,559.08101825,25,409101078
"5774",4,559.08101825,26,382862507
"5775",4,559.08101825,27,202242707
"5776",4,559.08101825,28,249058469
"5777",4,559.08101825,29,199116515
"5778",4,559.08101825,3,270771267
"5779",4,559.08101825,30,255846091
"5780",4,559.08101825,31,267999683
"5781",4,559.08101825,32,296297554
"5782",4,559.08101825,33,232481960
"5783",4,559.08101825,34,290370115
"5784",4,559.08101825,35,258471166
"5785",4,559.08101825,36,273042200
"5786",4,559.08101825,37,247908344
"5787",4,559.08101825,38,331617389
"5788",4,559.08101825,39,264261277
"5789",4,559.08101825,4,229187767
"5790",4,559.08101825,40,214565807
"5791",4,559.08101825,41,214070629
"5792",4,559.08101825,42,255236558
"5793",4,559.08101825,43,248131729
"5794",4,559.08101825,44,180175424
"5795",4,559.08101825,45,282380494
"5796",4,559.08101825,46,229744881
"5797",4,559.08101825,47,241630522
"5798",4,559.08101825,48,339692014
"5799",4,559.08101825,49,294374773
"5800",4,559.08101825,5,305001095
"5801",4,559.08101825,50,267912721
"5802",4,559.08101825,51,216470475
"5803",4,559.08101825,52,300723783
"5804",4,559.08101825,53,255490268
"5805",4,559.08101825,54,332803316
"5806",4,559.08101825,55,314052393
"5807",4,559.08101825,56,292163758
"5808",4,559.08101825,57,275155257
"5809",4,559.08101825,58,169685239
"5810",4,559.08101825,59,198404909
"5811",4,559.08101825,6,290522022
"5812",4,559.08101825,60,245932406
"5813",4,559.08101825,61,332334468
"5814",4,559.08101825,62,165946654
"5815",4,559.08101825,63,201023736
"5816",4,559.08101825,64,231685303
"5817",4,559.08101825,65,237730963
"5818",4,559.08101825,66,291898349
"5819",4,559.08101825,67,122254450
"5820",4,559.08101825,68,334045406
"5821",4,559.08101825,69,207264138
"5822",4,559.08101825,7,293764985
"5823",4,559.08101825,70,301467330
"5824",4,559.08101825,71,236432390
"5825",4,559.08101825,72,215539192
"5826",4,559.08101825,73,225471714
"5827",4,559.08101825,74,237982678
"5828",4,559.08101825,75,314970429
"5829",4,559.08101825,76,230177849
"5830",4,559.08101825,77,210947944
"5831",4,559.08101825,78,246348871
"5832",4,559.08101825,79,298344871
"5833",4,559.08101825,8,196491574
"5834",4,559.08101825,80,259010482
"5835",4,559.08101825,81,222106595
"5836",4,559.08101825,82,344086966
"5837",4,559.08101825,83,312750983
"5838",4,559.08101825,84,260919751
"5839",4,559.08101825,85,250687319
"5840",4,559.08101825,86,302832552
"5841",4,559.08101825,87,265437881
"5842",4,559.08101825,88,294466567
"5843",4,559.08101825,89,264869018
"5844",4,559.08101825,9,293826204
"5845",4,559.08101825,90,244521700
"5846",4,559.08101825,91,257297234
"5847",4,559.08101825,92,363398163
"5848",4,559.08101825,93,233034628
"5849",4,559.08101825,94,240841566
"5850",4,559.08101825,95,341928013
"5851",4,559.08101825,96,200539165
"5852",4,559.08101825,97,211291630
"5853",4,559.08101825,98,196489632
"5854",4,559.08101825,99,257406513
"5855",4,6.73415066,1,19
"5856",4,6.73415066,10,7994274
"5857",4,6.73415066,100,19
"5858",4,6.73415066,11,11
"5859",4,6.73415066,12,18
"5860",4,6.73415066,13,12
"5861",4,6.73415066,14,10
"5862",4,6.73415066,15,13
"5863",4,6.73415066,16,15
"5864",4,6.73415066,17,16
"5865",4,6.73415066,18,22
"5866",4,6.73415066,19,13
"5867",4,6.73415066,2,16
"5868",4,6.73415066,20,20
"5869",4,6.73415066,21,26
"5870",4,6.73415066,22,12
"5871",4,6.73415066,23,11
"5872",4,6.73415066,24,25
"5873",4,6.73415066,25,16
"5874",4,6.73415066,26,20
"5875",4,6.73415066,27,15
"5876",4,6.73415066,28,17
"5877",4,6.73415066,29,17
"5878",4,6.73415066,3,19
"5879",4,6.73415066,30,10
"5880",4,6.73415066,31,7913766
"5881",4,6.73415066,32,13
"5882",4,6.73415066,33,7893616
"5883",4,6.73415066,34,15
"5884",4,6.73415066,35,15
"5885",4,6.73415066,36,18
"5886",4,6.73415066,37,16
"5887",4,6.73415066,38,14
"5888",4,6.73415066,39,9
"5889",4,6.73415066,4,12
"5890",4,6.73415066,40,8
"5891",4,6.73415066,41,24
"5892",4,6.73415066,42,14
"5893",4,6.73415066,43,15
"5894",4,6.73415066,44,26
"5895",4,6.73415066,45,17
"5896",4,6.73415066,46,14
"5897",4,6.73415066,47,18
"5898",4,6.73415066,48,19
"5899",4,6.73415066,49,13
"5900",4,6.73415066,5,16
"5901",4,6.73415066,50,23
"5902",4,6.73415066,51,12
"5903",4,6.73415066,52,23
"5904",4,6.73415066,53,16
"5905",4,6.73415066,54,10
"5906",4,6.73415066,55,8184508
"5907",4,6.73415066,56,22032751
"5908",4,6.73415066,57,27
"5909",4,6.73415066,58,19
"5910",4,6.73415066,59,21
"5911",4,6.73415066,6,12
"5912",4,6.73415066,60,10
"5913",4,6.73415066,61,14
"5914",4,6.73415066,62,21
"5915",4,6.73415066,63,17
"5916",4,6.73415066,64,9
"5917",4,6.73415066,65,21
"5918",4,6.73415066,66,23
"5919",4,6.73415066,67,18
"5920",4,6.73415066,68,17
"5921",4,6.73415066,69,8
"5922",4,6.73415066,7,16
"5923",4,6.73415066,70,7676926
"5924",4,6.73415066,71,10
"5925",4,6.73415066,72,18
"5926",4,6.73415066,73,7576101
"5927",4,6.73415066,74,23
"5928",4,6.73415066,75,18
"5929",4,6.73415066,76,7637976
"5930",4,6.73415066,77,8295751
"5931",4,6.73415066,78,16
"5932",4,6.73415066,79,16
"5933",4,6.73415066,8,11
"5934",4,6.73415066,80,17
"5935",4,6.73415066,81,16
"5936",4,6.73415066,82,16
"5937",4,6.73415066,83,13
"5938",4,6.73415066,84,20
"5939",4,6.73415066,85,16
"5940",4,6.73415066,86,16
"5941",4,6.73415066,87,23
"5942",4,6.73415066,88,17
"5943",4,6.73415066,89,13
"5944",4,6.73415066,9,19
"5945",4,6.73415066,90,14
"5946",4,6.73415066,91,18
"5947",4,6.73415066,92,13
"5948",4,6.73415066,93,15
"5949",4,6.73415066,94,21
"5950",4,6.73415066,95,18
"5951",4,6.73415066,96,18
"5952",4,6.73415066,97,7
"5953",4,6.73415066,98,20
"5954",4,6.73415066,99,12
"5955",4,61.35907273,1,47874804
"5956",4,61.35907273,10,39849076
"5957",4,61.35907273,100,31532982
"5958",4,61.35907273,11,18453020
"5959",4,61.35907273,12,16649775
"5960",4,61.35907273,13,16281644
"5961",4,61.35907273,14,33616133
"5962",4,61.35907273,15,15808237
"5963",4,61.35907273,16,41247452
"5964",4,61.35907273,17,40565723
"5965",4,61.35907273,18,30831628
"5966",4,61.35907273,19,794265
"5967",4,61.35907273,2,9763912
"5968",4,61.35907273,20,8753964
"5969",4,61.35907273,21,8879910
"5970",4,61.35907273,22,32637137
"5971",4,61.35907273,23,9438309
"5972",4,61.35907273,24,39132598
"5973",4,61.35907273,25,40038908
"5974",4,61.35907273,26,148
"5975",4,61.35907273,27,8006747
"5976",4,61.35907273,28,32637144
"5977",4,61.35907273,29,16585260
"5978",4,61.35907273,3,16763934
"5979",4,61.35907273,30,33314451
"5980",4,61.35907273,31,70214397
"5981",4,61.35907273,32,41590703
"5982",4,61.35907273,33,34250434
"5983",4,61.35907273,34,40276932
"5984",4,61.35907273,35,40907002
"5985",4,61.35907273,36,16083101
"5986",4,61.35907273,37,8055685
"5987",4,61.35907273,38,15877708
"5988",4,61.35907273,39,15974006
"5989",4,61.35907273,4,34351411
"5990",4,61.35907273,40,32250935
"5991",4,61.35907273,41,61696803
"5992",4,61.35907273,42,16337900
"5993",4,61.35907273,43,33817093
"5994",4,61.35907273,44,56410952
"5995",4,61.35907273,45,39577901
"5996",4,61.35907273,46,7800960
"5997",4,61.35907273,47,9406528
"5998",4,61.35907273,48,14931840
"5999",4,61.35907273,49,8423341
"6000",4,61.35907273,5,16186145
"6001",4,61.35907273,50,23643107
"6002",4,61.35907273,51,34828796
"6003",4,61.35907273,52,15414241
"6004",4,61.35907273,53,17111279
"6005",4,61.35907273,54,40162634
"6006",4,61.35907273,55,55929351
"6007",4,61.35907273,56,8085100
"6008",4,61.35907273,57,31980847
"6009",4,61.35907273,58,38886191
"6010",4,61.35907273,59,34404657
"6011",4,61.35907273,6,15491395
"6012",4,61.35907273,60,16088713
"6013",4,61.35907273,61,39486209
"6014",4,61.35907273,62,7336881
"6015",4,61.35907273,63,42756200
"6016",4,61.35907273,64,24014095
"6017",4,61.35907273,65,17233836
"6018",4,61.35907273,66,40673506
"6019",4,61.35907273,67,33094323
"6020",4,61.35907273,68,38664286
"6021",4,61.35907273,69,41154047
"6022",4,61.35907273,7,18192486
"6023",4,61.35907273,70,32196387
"6024",4,61.35907273,71,8162596
"6025",4,61.35907273,72,61874446
"6026",4,61.35907273,73,31331856
"6027",4,61.35907273,74,17039537
"6028",4,61.35907273,75,49429053
"6029",4,61.35907273,76,33128090
"6030",4,61.35907273,77,32621323
"6031",4,61.35907273,78,17339858
"6032",4,61.35907273,79,17513121
"6033",4,61.35907273,8,33649907
"6034",4,61.35907273,80,34703558
"6035",4,61.35907273,81,16407669
"6036",4,61.35907273,82,16911084
"6037",4,61.35907273,83,34154314
"6038",4,61.35907273,84,17221533
"6039",4,61.35907273,85,32946928
"6040",4,61.35907273,86,39667037
"6041",4,61.35907273,87,16670068
"6042",4,61.35907273,88,145
"6043",4,61.35907273,89,25721014
"6044",4,61.35907273,9,7915846
"6045",4,61.35907273,90,33338870
"6046",4,61.35907273,91,56534520
"6047",4,61.35907273,92,56297091
"6048",4,61.35907273,93,39580453
"6049",4,61.35907273,94,17592863
"6050",4,61.35907273,95,39957603
"6051",4,61.35907273,96,40043816
"6052",4,61.35907273,97,15999560
"6053",4,61.35907273,98,32896957
"6054",4,61.35907273,99,40709980
"6055",4,628.02914418,1,242739111
"6056",4,628.02914418,10,378178728
"6057",4,628.02914418,100,292029444
"6058",4,628.02914418,11,274867001
"6059",4,628.02914418,12,270690443
"6060",4,628.02914418,13,201910837
"6061",4,628.02914418,14,372618503
"6062",4,628.02914418,15,202620598
"6063",4,628.02914418,16,315919766
"6064",4,628.02914418,17,319304927
"6065",4,628.02914418,18,287238834
"6066",4,628.02914418,19,259481771
"6067",4,628.02914418,2,266006242
"6068",4,628.02914418,20,380462170
"6069",4,628.02914418,21,330569639
"6070",4,628.02914418,22,202533520
"6071",4,628.02914418,23,357674865
"6072",4,628.02914418,24,216540237
"6073",4,628.02914418,25,337522387
"6074",4,628.02914418,26,326711315
"6075",4,628.02914418,27,346216649
"6076",4,628.02914418,28,342105711
"6077",4,628.02914418,29,252990351
"6078",4,628.02914418,3,378883966
"6079",4,628.02914418,30,295063478
"6080",4,628.02914418,31,281880097
"6081",4,628.02914418,32,252330621
"6082",4,628.02914418,33,262005158
"6083",4,628.02914418,34,214392955
"6084",4,628.02914418,35,283417599
"6085",4,628.02914418,36,350764117
"6086",4,628.02914418,37,285952980
"6087",4,628.02914418,38,320510634
"6088",4,628.02914418,39,284056432
"6089",4,628.02914418,4,336396320
"6090",4,628.02914418,40,278850432
"6091",4,628.02914418,41,218225828
"6092",4,628.02914418,42,354515500
"6093",4,628.02914418,43,208466293
"6094",4,628.02914418,44,285284770
"6095",4,628.02914418,45,247870478
"6096",4,628.02914418,46,315300318
"6097",4,628.02914418,47,306597010
"6098",4,628.02914418,48,232047779
"6099",4,628.02914418,49,252396309
"6100",4,628.02914418,5,321340386
"6101",4,628.02914418,50,354400229
"6102",4,628.02914418,51,375399390
"6103",4,628.02914418,52,206451071
"6104",4,628.02914418,53,260023138
"6105",4,628.02914418,54,318787065
"6106",4,628.02914418,55,263793065
"6107",4,628.02914418,56,286280085
"6108",4,628.02914418,57,268731743
"6109",4,628.02914418,58,294678179
"6110",4,628.02914418,59,309930778
"6111",4,628.02914418,6,319183763
"6112",4,628.02914418,60,213745148
"6113",4,628.02914418,61,247812265
"6114",4,628.02914418,62,276942122
"6115",4,628.02914418,63,395852357
"6116",4,628.02914418,64,305311360
"6117",4,628.02914418,65,286524866
"6118",4,628.02914418,66,299473413
"6119",4,628.02914418,67,263452676
"6120",4,628.02914418,68,319733553
"6121",4,628.02914418,69,292193882
"6122",4,628.02914418,7,314044369
"6123",4,628.02914418,70,356434162
"6124",4,628.02914418,71,246792987
"6125",4,628.02914418,72,226123122
"6126",4,628.02914418,73,320409259
"6127",4,628.02914418,74,266457469
"6128",4,628.02914418,75,345371720
"6129",4,628.02914418,76,287469389
"6130",4,628.02914418,77,307425432
"6131",4,628.02914418,78,326634077
"6132",4,628.02914418,79,297924391
"6133",4,628.02914418,8,325499074
"6134",4,628.02914418,80,300185793
"6135",4,628.02914418,81,285980673
"6136",4,628.02914418,82,262722145
"6137",4,628.02914418,83,377243868
"6138",4,628.02914418,84,304999563
"6139",4,628.02914418,85,276662507
"6140",4,628.02914418,86,230556185
"6141",4,628.02914418,87,286895201
"6142",4,628.02914418,88,292725821
"6143",4,628.02914418,89,326946435
"6144",4,628.02914418,9,342491026
"6145",4,628.02914418,90,357368777
"6146",4,628.02914418,91,273320969
"6147",4,628.02914418,92,309543232
"6148",4,628.02914418,93,272962100
"6149",4,628.02914418,94,282983437
"6150",4,628.02914418,95,323874014
"6151",4,628.02914418,96,318105102
"6152",4,628.02914418,97,251454467
"6153",4,628.02914418,98,243771376
"6154",4,628.02914418,99,230200355
"6155",4,68.92612104,1,32502377
"6156",4,68.92612104,10,32947013
"6157",4,68.92612104,100,25987059
"6158",4,68.92612104,11,32958728
"6159",4,68.92612104,12,15219600
"6160",4,68.92612104,13,53857313
"6161",4,68.92612104,14,54537017
"6162",4,68.92612104,15,31511983
"6163",4,68.92612104,16,34568000
"6164",4,68.92612104,17,18363270
"6165",4,68.92612104,18,33073058
"6166",4,68.92612104,19,23488249
"6167",4,68.92612104,2,49546484
"6168",4,68.92612104,20,33377818
"6169",4,68.92612104,21,17170804
"6170",4,68.92612104,22,19018120
"6171",4,68.92612104,23,78995
"6172",4,68.92612104,24,47381915
"6173",4,68.92612104,25,47687929
"6174",4,68.92612104,26,26054464
"6175",4,68.92612104,27,17107752
"6176",4,68.92612104,28,23779731
"6177",4,68.92612104,29,44073086
"6178",4,68.92612104,3,24636121
"6179",4,68.92612104,30,24132887
"6180",4,68.92612104,31,19495876
"6181",4,68.92612104,32,58092811
"6182",4,68.92612104,33,8925294
"6183",4,68.92612104,34,17794690
"6184",4,68.92612104,35,55612851
"6185",4,68.92612104,36,40146741
"6186",4,68.92612104,37,19641900
"6187",4,68.92612104,38,40957068
"6188",4,68.92612104,39,15232225
"6189",4,68.92612104,4,32727878
"6190",4,68.92612104,40,23804044
"6191",4,68.92612104,41,26266789
"6192",4,68.92612104,42,42214014
"6193",4,68.92612104,43,41357087
"6194",4,68.92612104,44,25083927
"6195",4,68.92612104,45,38970651
"6196",4,68.92612104,46,22981775
"6197",4,68.92612104,47,65603794
"6198",4,68.92612104,48,24578788
"6199",4,68.92612104,49,24651589
"6200",4,68.92612104,5,34542408
"6201",4,68.92612104,50,49766049
"6202",4,68.92612104,51,7535842
"6203",4,68.92612104,52,49425466
"6204",4,68.92612104,53,32166078
"6205",4,68.92612104,54,9207677
"6206",4,68.92612104,55,48210532
"6207",4,68.92612104,56,40640230
"6208",4,68.92612104,57,51984448
"6209",4,68.92612104,58,33261576
"6210",4,68.92612104,59,47216806
"6211",4,68.92612104,6,31363738
"6212",4,68.92612104,60,61533528
"6213",4,68.92612104,61,18797698
"6214",4,68.92612104,62,16400705
"6215",4,68.92612104,63,8549491
"6216",4,68.92612104,64,32428048
"6217",4,68.92612104,65,18053620
"6218",4,68.92612104,66,31936063
"6219",4,68.92612104,67,40254571
"6220",4,68.92612104,68,16941286
"6221",4,68.92612104,69,43676004
"6222",4,68.92612104,7,166
"6223",4,68.92612104,70,51013779
"6224",4,68.92612104,71,8560130
"6225",4,68.92612104,72,7700736
"6226",4,68.92612104,73,41683972
"6227",4,68.92612104,74,25773471
"6228",4,68.92612104,75,32360595
"6229",4,68.92612104,76,59394599
"6230",4,68.92612104,77,41783855
"6231",4,68.92612104,78,177
"6232",4,68.92612104,79,55089745
"6233",4,68.92612104,8,33452215
"6234",4,68.92612104,80,23822447
"6235",4,68.92612104,81,46071338
"6236",4,68.92612104,82,31888092
"6237",4,68.92612104,83,24504494
"6238",4,68.92612104,84,25456584
"6239",4,68.92612104,85,30757250
"6240",4,68.92612104,86,25761159
"6241",4,68.92612104,87,8535727
"6242",4,68.92612104,88,35899670
"6243",4,68.92612104,89,33957551
"6244",4,68.92612104,9,26885300
"6245",4,68.92612104,90,38758995
"6246",4,68.92612104,91,17880588
"6247",4,68.92612104,92,32699787
"6248",4,68.92612104,93,46454917
"6249",4,68.92612104,94,47409777
"6250",4,68.92612104,95,23200698
"6251",4,68.92612104,96,49384808
"6252",4,68.92612104,97,87115974
"6253",4,68.92612104,98,33583065
"6254",4,68.92612104,99,33763279
"6255",4,7.56463328,1,18
"6256",4,7.56463328,10,19
"6257",4,7.56463328,100,18
"6258",4,7.56463328,11,13
"6259",4,7.56463328,12,18
"6260",4,7.56463328,13,19
"6261",4,7.56463328,14,16
"6262",4,7.56463328,15,14
"6263",4,7.56463328,16,17
"6264",4,7.56463328,17,15
"6265",4,7.56463328,18,25
"6266",4,7.56463328,19,17
"6267",4,7.56463328,2,25
"6268",4,7.56463328,20,17
"6269",4,7.56463328,21,14
"6270",4,7.56463328,22,17
"6271",4,7.56463328,23,29
"6272",4,7.56463328,24,15
"6273",4,7.56463328,25,21
"6274",4,7.56463328,26,26
"6275",4,7.56463328,27,15
"6276",4,7.56463328,28,24
"6277",4,7.56463328,29,18
"6278",4,7.56463328,3,12
"6279",4,7.56463328,30,10
"6280",4,7.56463328,31,13
"6281",4,7.56463328,32,19
"6282",4,7.56463328,33,18
"6283",4,7.56463328,34,8
"6284",4,7.56463328,35,18
"6285",4,7.56463328,36,19
"6286",4,7.56463328,37,15880098
"6287",4,7.56463328,38,19
"6288",4,7.56463328,39,24
"6289",4,7.56463328,4,22
"6290",4,7.56463328,40,19
"6291",4,7.56463328,41,24
"6292",4,7.56463328,42,20
"6293",4,7.56463328,43,11
"6294",4,7.56463328,44,976132
"6295",4,7.56463328,45,6867168
"6296",4,7.56463328,46,17
"6297",4,7.56463328,47,10
"6298",4,7.56463328,48,22
"6299",4,7.56463328,49,25
"6300",4,7.56463328,5,8038349
"6301",4,7.56463328,50,10
"6302",4,7.56463328,51,7855772
"6303",4,7.56463328,52,19
"6304",4,7.56463328,53,15
"6305",4,7.56463328,54,16
"6306",4,7.56463328,55,22
"6307",4,7.56463328,56,8354954
"6308",4,7.56463328,57,16
"6309",4,7.56463328,58,16
"6310",4,7.56463328,59,7589947
"6311",4,7.56463328,6,21
"6312",4,7.56463328,60,28
"6313",4,7.56463328,61,20
"6314",4,7.56463328,62,17
"6315",4,7.56463328,63,28
"6316",4,7.56463328,64,25
"6317",4,7.56463328,65,19
"6318",4,7.56463328,66,22
"6319",4,7.56463328,67,18
"6320",4,7.56463328,68,14
"6321",4,7.56463328,69,16
"6322",4,7.56463328,7,12
"6323",4,7.56463328,70,7738079
"6324",4,7.56463328,71,18
"6325",4,7.56463328,72,11
"6326",4,7.56463328,73,24
"6327",4,7.56463328,74,21695615
"6328",4,7.56463328,75,17
"6329",4,7.56463328,76,13
"6330",4,7.56463328,77,12
"6331",4,7.56463328,78,18
"6332",4,7.56463328,79,12
"6333",4,7.56463328,8,18
"6334",4,7.56463328,80,15
"6335",4,7.56463328,81,14
"6336",4,7.56463328,82,24
"6337",4,7.56463328,83,21
"6338",4,7.56463328,84,8059864
"6339",4,7.56463328,85,9
"6340",4,7.56463328,86,10
"6341",4,7.56463328,87,13
"6342",4,7.56463328,88,17
"6343",4,7.56463328,89,17
"6344",4,7.56463328,9,32
"6345",4,7.56463328,90,17
"6346",4,7.56463328,91,18
"6347",4,7.56463328,92,15
"6348",4,7.56463328,93,18
"6349",4,7.56463328,94,19
"6350",4,7.56463328,95,20
"6351",4,7.56463328,96,8382576
"6352",4,7.56463328,97,19
"6353",4,7.56463328,98,22
"6354",4,7.56463328,99,13
"6355",4,705.48023107,1,354085099
"6356",4,705.48023107,10,408656393
"6357",4,705.48023107,100,349571347
"6358",4,705.48023107,11,374821854
"6359",4,705.48023107,12,278600008
"6360",4,705.48023107,13,294362296
"6361",4,705.48023107,14,360124958
"6362",4,705.48023107,15,315357842
"6363",4,705.48023107,16,313597170
"6364",4,705.48023107,17,329073327
"6365",4,705.48023107,18,241030331
"6366",4,705.48023107,19,268739827
"6367",4,705.48023107,2,286871348
"6368",4,705.48023107,20,425745149
"6369",4,705.48023107,21,367594487
"6370",4,705.48023107,22,387736369
"6371",4,705.48023107,23,320816011
"6372",4,705.48023107,24,431676998
"6373",4,705.48023107,25,388006285
"6374",4,705.48023107,26,278665820
"6375",4,705.48023107,27,307940650
"6376",4,705.48023107,28,330677669
"6377",4,705.48023107,29,311243290
"6378",4,705.48023107,3,287067165
"6379",4,705.48023107,30,378010826
"6380",4,705.48023107,31,398841569
"6381",4,705.48023107,32,267747627
"6382",4,705.48023107,33,379574591
"6383",4,705.48023107,34,287316240
"6384",4,705.48023107,35,318083915
"6385",4,705.48023107,36,336063573
"6386",4,705.48023107,37,409716285
"6387",4,705.48023107,38,342708707
"6388",4,705.48023107,39,311326214
"6389",4,705.48023107,4,285223012
"6390",4,705.48023107,40,296741055
"6391",4,705.48023107,41,289553806
"6392",4,705.48023107,42,325188855
"6393",4,705.48023107,43,321810138
"6394",4,705.48023107,44,246241567
"6395",4,705.48023107,45,292751135
"6396",4,705.48023107,46,438341044
"6397",4,705.48023107,47,361843799
"6398",4,705.48023107,48,436437213
"6399",4,705.48023107,49,318200949
"6400",4,705.48023107,5,323198477
"6401",4,705.48023107,50,340023821
"6402",4,705.48023107,51,323994485
"6403",4,705.48023107,52,352271719
"6404",4,705.48023107,53,256490810
"6405",4,705.48023107,54,376183454
"6406",4,705.48023107,55,213323143
"6407",4,705.48023107,56,328305130
"6408",4,705.48023107,57,373427635
"6409",4,705.48023107,58,328849973
"6410",4,705.48023107,59,321766326
"6411",4,705.48023107,6,371679432
"6412",4,705.48023107,60,347690495
"6413",4,705.48023107,61,304884052
"6414",4,705.48023107,62,303048819
"6415",4,705.48023107,63,274178713
"6416",4,705.48023107,64,335100414
"6417",4,705.48023107,65,342154372
"6418",4,705.48023107,66,409022344
"6419",4,705.48023107,67,318569333
"6420",4,705.48023107,68,327085775
"6421",4,705.48023107,69,316697927
"6422",4,705.48023107,7,303772488
"6423",4,705.48023107,70,376918274
"6424",4,705.48023107,71,326779275
"6425",4,705.48023107,72,317526917
"6426",4,705.48023107,73,334469536
"6427",4,705.48023107,74,327097657
"6428",4,705.48023107,75,279303626
"6429",4,705.48023107,76,329425897
"6430",4,705.48023107,77,396364891
"6431",4,705.48023107,78,264706896
"6432",4,705.48023107,79,270425890
"6433",4,705.48023107,8,329777304
"6434",4,705.48023107,80,411607527
"6435",4,705.48023107,81,259799625
"6436",4,705.48023107,82,405634913
"6437",4,705.48023107,83,305665438
"6438",4,705.48023107,84,262724959
"6439",4,705.48023107,85,281184299
"6440",4,705.48023107,86,354572181
"6441",4,705.48023107,87,397030850
"6442",4,705.48023107,88,338827386
"6443",4,705.48023107,89,306871181
"6444",4,705.48023107,9,367941165
"6445",4,705.48023107,90,346368170
"6446",4,705.48023107,91,393571739
"6447",4,705.48023107,92,325442136
"6448",4,705.48023107,93,238869120
"6449",4,705.48023107,94,366430311
"6450",4,705.48023107,95,297820438
"6451",4,705.48023107,96,430336526
"6452",4,705.48023107,97,287251624
"6453",4,705.48023107,98,337958448
"6454",4,705.48023107,99,289912965
"6455",4,77.42636827,1,23615708
"6456",4,77.42636827,10,25290765
"6457",4,77.42636827,100,34008034
"6458",4,77.42636827,11,25128747
"6459",4,77.42636827,12,7725394
"6460",4,77.42636827,13,51433870
"6461",4,77.42636827,14,25063291
"6462",4,77.42636827,15,40594263
"6463",4,77.42636827,16,40712060
"6464",4,77.42636827,17,73033971
"6465",4,77.42636827,18,40286192
"6466",4,77.42636827,19,34898223
"6467",4,77.42636827,2,23577957
"6468",4,77.42636827,20,41172471
"6469",4,77.42636827,21,25763287
"6470",4,77.42636827,22,41437084
"6471",4,77.42636827,23,7594180
"6472",4,77.42636827,24,38730708
"6473",4,77.42636827,25,16868222
"6474",4,77.42636827,26,26129723
"6475",4,77.42636827,27,24928348
"6476",4,77.42636827,28,18874859
"6477",4,77.42636827,29,94203603
"6478",4,77.42636827,3,7417246
"6479",4,77.42636827,30,8592746
"6480",4,77.42636827,31,39840771
"6481",4,77.42636827,32,25245420
"6482",4,77.42636827,33,24811268
"6483",4,77.42636827,34,24122585
"6484",4,77.42636827,35,42568455
"6485",4,77.42636827,36,49647419
"6486",4,77.42636827,37,54195576
"6487",4,77.42636827,38,16452541
"6488",4,77.42636827,39,47258227
"6489",4,77.42636827,4,48164106
"6490",4,77.42636827,40,23142605
"6491",4,77.42636827,41,22853658
"6492",4,77.42636827,42,55078238
"6493",4,77.42636827,43,25321112
"6494",4,77.42636827,44,24668756
"6495",4,77.42636827,45,39850621
"6496",4,77.42636827,46,49016298
"6497",4,77.42636827,47,169
"6498",4,77.42636827,48,8722117
"6499",4,77.42636827,49,39469129
"6500",4,77.42636827,5,48597573
"6501",4,77.42636827,50,215
"6502",4,77.42636827,51,42900952
"6503",4,77.42636827,52,7954318
"6504",4,77.42636827,53,32903477
"6505",4,77.42636827,54,22677433
"6506",4,77.42636827,55,72432583
"6507",4,77.42636827,56,48061746
"6508",4,77.42636827,57,33035747
"6509",4,77.42636827,58,48379690
"6510",4,77.42636827,59,47862525
"6511",4,77.42636827,6,41552837
"6512",4,77.42636827,60,26983875
"6513",4,77.42636827,61,47349625
"6514",4,77.42636827,62,49186998
"6515",4,77.42636827,63,49444660
"6516",4,77.42636827,64,59572183
"6517",4,77.42636827,65,57531333
"6518",4,77.42636827,66,41160758
"6519",4,77.42636827,67,24856566
"6520",4,77.42636827,68,24463203
"6521",4,77.42636827,69,23286286
"6522",4,77.42636827,7,40672657
"6523",4,77.42636827,70,24616388
"6524",4,77.42636827,71,34204508
"6525",4,77.42636827,72,50382697
"6526",4,77.42636827,73,34790285
"6527",4,77.42636827,74,64835508
"6528",4,77.42636827,75,25623750
"6529",4,77.42636827,76,42585171
"6530",4,77.42636827,77,41729901
"6531",4,77.42636827,78,49089887
"6532",4,77.42636827,79,71593226
"6533",4,77.42636827,8,8913948
"6534",4,77.42636827,80,23993241
"6535",4,77.42636827,81,47927937
"6536",4,77.42636827,82,25008106
"6537",4,77.42636827,83,7989971
"6538",4,77.42636827,84,8558222
"6539",4,77.42636827,85,40515003
"6540",4,77.42636827,86,24263728
"6541",4,77.42636827,87,40377981
"6542",4,77.42636827,88,7952887
"6543",4,77.42636827,89,166
"6544",4,77.42636827,9,23567887
"6545",4,77.42636827,90,56825231
"6546",4,77.42636827,91,47942254
"6547",4,77.42636827,92,40265320
"6548",4,77.42636827,93,55908425
"6549",4,77.42636827,94,7720516
"6550",4,77.42636827,95,8540302
"6551",4,77.42636827,96,54281159
"6552",4,77.42636827,97,7707872
"6553",4,77.42636827,98,24394937
"6554",4,77.42636827,99,24479308
"6555",4,792.48289835,1,374095676
"6556",4,792.48289835,10,377988413
"6557",4,792.48289835,100,269565779
"6558",4,792.48289835,11,368828862
"6559",4,792.48289835,12,405213370
"6560",4,792.48289835,13,343877352
"6561",4,792.48289835,14,339227767
"6562",4,792.48289835,15,327381686
"6563",4,792.48289835,16,319239094
"6564",4,792.48289835,17,370512703
"6565",4,792.48289835,18,386234772
"6566",4,792.48289835,19,395882058
"6567",4,792.48289835,2,303094493
"6568",4,792.48289835,20,353167126
"6569",4,792.48289835,21,369268257
"6570",4,792.48289835,22,396468294
"6571",4,792.48289835,23,414976705
"6572",4,792.48289835,24,341970998
"6573",4,792.48289835,25,347800952
"6574",4,792.48289835,26,375836977
"6575",4,792.48289835,27,315555092
"6576",4,792.48289835,28,268904225
"6577",4,792.48289835,29,375399007
"6578",4,792.48289835,3,368531742
"6579",4,792.48289835,30,493147861
"6580",4,792.48289835,31,346044531
"6581",4,792.48289835,32,304006326
"6582",4,792.48289835,33,370292130
"6583",4,792.48289835,34,382418646
"6584",4,792.48289835,35,279629246
"6585",4,792.48289835,36,334908229
"6586",4,792.48289835,37,383927788
"6587",4,792.48289835,38,401669953
"6588",4,792.48289835,39,386926909
"6589",4,792.48289835,4,345025543
"6590",4,792.48289835,40,420307702
"6591",4,792.48289835,41,399604435
"6592",4,792.48289835,42,375994523
"6593",4,792.48289835,43,398860034
"6594",4,792.48289835,44,413416991
"6595",4,792.48289835,45,385635435
"6596",4,792.48289835,46,293072447
"6597",4,792.48289835,47,374017537
"6598",4,792.48289835,48,331841729
"6599",4,792.48289835,49,403804964
"6600",4,792.48289835,5,372462596
"6601",4,792.48289835,50,282600888
"6602",4,792.48289835,51,336348258
"6603",4,792.48289835,52,310344748
"6604",4,792.48289835,53,357888847
"6605",4,792.48289835,54,389803900
"6606",4,792.48289835,55,409098637
"6607",4,792.48289835,56,356471570
"6608",4,792.48289835,57,410662337
"6609",4,792.48289835,58,335336177
"6610",4,792.48289835,59,319677827
"6611",4,792.48289835,6,365248596
"6612",4,792.48289835,60,329613884
"6613",4,792.48289835,61,327476920
"6614",4,792.48289835,62,335792847
"6615",4,792.48289835,63,395513476
"6616",4,792.48289835,64,463181186
"6617",4,792.48289835,65,488700063
"6618",4,792.48289835,66,283261034
"6619",4,792.48289835,67,309424237
"6620",4,792.48289835,68,412040113
"6621",4,792.48289835,69,351143370
"6622",4,792.48289835,7,446049074
"6623",4,792.48289835,70,246458511
"6624",4,792.48289835,71,424287079
"6625",4,792.48289835,72,431149339
"6626",4,792.48289835,73,407975636
"6627",4,792.48289835,74,361820040
"6628",4,792.48289835,75,306785969
"6629",4,792.48289835,76,374700213
"6630",4,792.48289835,77,308393091
"6631",4,792.48289835,78,329094080
"6632",4,792.48289835,79,309518593
"6633",4,792.48289835,8,283638657
"6634",4,792.48289835,80,314129136
"6635",4,792.48289835,81,391048030
"6636",4,792.48289835,82,456126599
"6637",4,792.48289835,83,338102355
"6638",4,792.48289835,84,371548990
"6639",4,792.48289835,85,441043475
"6640",4,792.48289835,86,334859074
"6641",4,792.48289835,87,324361559
"6642",4,792.48289835,88,409742846
"6643",4,792.48289835,89,344838192
"6644",4,792.48289835,9,447496101
"6645",4,792.48289835,90,214362488
"6646",4,792.48289835,91,430079319
"6647",4,792.48289835,92,343703441
"6648",4,792.48289835,93,399384665
"6649",4,792.48289835,94,388828149
"6650",4,792.48289835,95,430908544
"6651",4,792.48289835,96,381090160
"6652",4,792.48289835,97,425878441
"6653",4,792.48289835,98,240425564
"6654",4,792.48289835,99,372361876
"6655",4,8.49753436,1,988446
"6656",4,8.49753436,10,8344983
"6657",4,8.49753436,100,7889208
"6658",4,8.49753436,11,11
"6659",4,8.49753436,12,16206939
"6660",4,8.49753436,13,8081666
"6661",4,8.49753436,14,23
"6662",4,8.49753436,15,8008667
"6663",4,8.49753436,16,19
"6664",4,8.49753436,17,7965536
"6665",4,8.49753436,18,7470760
"6666",4,8.49753436,19,8078182
"6667",4,8.49753436,2,7413691
"6668",4,8.49753436,20,46961
"6669",4,8.49753436,21,17
"6670",4,8.49753436,22,15
"6671",4,8.49753436,23,8205668
"6672",4,8.49753436,24,7505813
"6673",4,8.49753436,25,13
"6674",4,8.49753436,26,13749921
"6675",4,8.49753436,27,23
"6676",4,8.49753436,28,1252180
"6677",4,8.49753436,29,22
"6678",4,8.49753436,3,7794022
"6679",4,8.49753436,30,7501431
"6680",4,8.49753436,31,8551391
"6681",4,8.49753436,32,25
"6682",4,8.49753436,33,14299621
"6683",4,8.49753436,34,19
"6684",4,8.49753436,35,14
"6685",4,8.49753436,36,28
"6686",4,8.49753436,37,19
"6687",4,8.49753436,38,23
"6688",4,8.49753436,39,15185814
"6689",4,8.49753436,4,14665275
"6690",4,8.49753436,40,8179736
"6691",4,8.49753436,41,22
"6692",4,8.49753436,42,17
"6693",4,8.49753436,43,27
"6694",4,8.49753436,44,22
"6695",4,8.49753436,45,15624842
"6696",4,8.49753436,46,24
"6697",4,8.49753436,47,38147
"6698",4,8.49753436,48,16
"6699",4,8.49753436,49,7821925
"6700",4,8.49753436,5,46252
"6701",4,8.49753436,50,19
"6702",4,8.49753436,51,7492577
"6703",4,8.49753436,52,7184456
"6704",4,8.49753436,53,18
"6705",4,8.49753436,54,21
"6706",4,8.49753436,55,8326019
"6707",4,8.49753436,56,15740899
"6708",4,8.49753436,57,20
"6709",4,8.49753436,58,8446274
"6710",4,8.49753436,59,22
"6711",4,8.49753436,6,33
"6712",4,8.49753436,60,17
"6713",4,8.49753436,61,7611060
"6714",4,8.49753436,62,29
"6715",4,8.49753436,63,1086576
"6716",4,8.49753436,64,24
"6717",4,8.49753436,65,34
"6718",4,8.49753436,66,19
"6719",4,8.49753436,67,8544585
"6720",4,8.49753436,68,17
"6721",4,8.49753436,69,16
"6722",4,8.49753436,7,38
"6723",4,8.49753436,70,14
"6724",4,8.49753436,71,26
"6725",4,8.49753436,72,20807272
"6726",4,8.49753436,73,18
"6727",4,8.49753436,74,25
"6728",4,8.49753436,75,20
"6729",4,8.49753436,76,15
"6730",4,8.49753436,77,8617633
"6731",4,8.49753436,78,22
"6732",4,8.49753436,79,9155032
"6733",4,8.49753436,8,33141
"6734",4,8.49753436,80,7505540
"6735",4,8.49753436,81,23
"6736",4,8.49753436,82,28
"6737",4,8.49753436,83,7362443
"6738",4,8.49753436,84,25
"6739",4,8.49753436,85,8088686
"6740",4,8.49753436,86,7684151
"6741",4,8.49753436,87,19
"6742",4,8.49753436,88,7866351
"6743",4,8.49753436,89,13
"6744",4,8.49753436,9,18
"6745",4,8.49753436,90,4099
"6746",4,8.49753436,91,21
"6747",4,8.49753436,92,15299169
"6748",4,8.49753436,93,24
"6749",4,8.49753436,94,7542552
"6750",4,8.49753436,95,27
"6751",4,8.49753436,96,7457333
"6752",4,8.49753436,97,7268252
"6753",4,8.49753436,98,17
"6754",4,8.49753436,99,8344275
"6755",4,86.97490026,1,15364234
"6756",4,86.97490026,10,16192547
"6757",4,86.97490026,100,35736798
"6758",4,86.97490026,11,31905567
"6759",4,86.97490026,12,48687324
"6760",4,86.97490026,13,31823852
"6761",4,86.97490026,14,71152645
"6762",4,86.97490026,15,41856529
"6763",4,86.97490026,16,17537653
"6764",4,86.97490026,17,30312940
"6765",4,86.97490026,18,41689142
"6766",4,86.97490026,19,38550237
"6767",4,86.97490026,2,34123435
"6768",4,86.97490026,20,41076834
"6769",4,86.97490026,21,40922933
"6770",4,86.97490026,22,92160215
"6771",4,86.97490026,23,70861035
"6772",4,86.97490026,24,25117880
"6773",4,86.97490026,25,66677550
"6774",4,86.97490026,26,16568328
"6775",4,86.97490026,27,50782969
"6776",4,86.97490026,28,47836568
"6777",4,86.97490026,29,24652847
"6778",4,86.97490026,3,80566220
"6779",4,86.97490026,30,55100163
"6780",4,86.97490026,31,33046666
"6781",4,86.97490026,32,49567063
"6782",4,86.97490026,33,15413116
"6783",4,86.97490026,34,41196583
"6784",4,86.97490026,35,63634396
"6785",4,86.97490026,36,31682106
"6786",4,86.97490026,37,48575926
"6787",4,86.97490026,38,16649315
"6788",4,86.97490026,39,40193476
"6789",4,86.97490026,4,48035242
"6790",4,86.97490026,40,55093884
"6791",4,86.97490026,41,33884254
"6792",4,86.97490026,42,16253487
"6793",4,86.97490026,43,100373883
"6794",4,86.97490026,44,41278550
"6795",4,86.97490026,45,32616031
"6796",4,86.97490026,46,24383796
"6797",4,86.97490026,47,33280671
"6798",4,86.97490026,48,39238184
"6799",4,86.97490026,49,40942447
"6800",4,86.97490026,5,55354788
"6801",4,86.97490026,50,16000578
"6802",4,86.97490026,51,24752696
"6803",4,86.97490026,52,56311577
"6804",4,86.97490026,53,41519109
"6805",4,86.97490026,54,40564430
"6806",4,86.97490026,55,24871207
"6807",4,86.97490026,56,33586802
"6808",4,86.97490026,57,42082488
"6809",4,86.97490026,58,32803490
"6810",4,86.97490026,59,25484637
"6811",4,86.97490026,6,42606631
"6812",4,86.97490026,60,24007506
"6813",4,86.97490026,61,16513655
"6814",4,86.97490026,62,25601915
"6815",4,86.97490026,63,67482998
"6816",4,86.97490026,64,41330657
"6817",4,86.97490026,65,48750023
"6818",4,86.97490026,66,42756802
"6819",4,86.97490026,67,33798997
"6820",4,86.97490026,68,34113215
"6821",4,86.97490026,69,23534002
"6822",4,86.97490026,7,35005761
"6823",4,86.97490026,70,59035276
"6824",4,86.97490026,71,23767151
"6825",4,86.97490026,72,9079310
"6826",4,86.97490026,73,38041762
"6827",4,86.97490026,74,32851462
"6828",4,86.97490026,75,41248301
"6829",4,86.97490026,76,25000716
"6830",4,86.97490026,77,30786093
"6831",4,86.97490026,78,40685823
"6832",4,86.97490026,79,31897495
"6833",4,86.97490026,8,86401575
"6834",4,86.97490026,80,47461125
"6835",4,86.97490026,81,48133089
"6836",4,86.97490026,82,57571424
"6837",4,86.97490026,83,55219181
"6838",4,86.97490026,84,41498444
"6839",4,86.97490026,85,37724908
"6840",4,86.97490026,86,32524338
"6841",4,86.97490026,87,31017780
"6842",4,86.97490026,88,17126748
"6843",4,86.97490026,89,63856245
"6844",4,86.97490026,9,50584559
"6845",4,86.97490026,90,49277383
"6846",4,86.97490026,91,33200783
"6847",4,86.97490026,92,15487760
"6848",4,86.97490026,93,32484009
"6849",4,86.97490026,94,26516694
"6850",4,86.97490026,95,32555101
"6851",4,86.97490026,96,35760036
"6852",4,86.97490026,97,41315038
"6853",4,86.97490026,98,41121085
"6854",4,86.97490026,99,26121933
"6855",4,890.21508545,1,351752838
"6856",4,890.21508545,10,486551109
"6857",4,890.21508545,100,426925039
"6858",4,890.21508545,11,425415628
"6859",4,890.21508545,12,467793085
"6860",4,890.21508545,13,337787918
"6861",4,890.21508545,14,366245285
"6862",4,890.21508545,15,401389135
"6863",4,890.21508545,16,379255908
"6864",4,890.21508545,17,463565915
"6865",4,890.21508545,18,397097868
"6866",4,890.21508545,19,383569128
"6867",4,890.21508545,2,365381521
"6868",4,890.21508545,20,395194077
"6869",4,890.21508545,21,397362963
"6870",4,890.21508545,22,412508936
"6871",4,890.21508545,23,447712857
"6872",4,890.21508545,24,386009180
"6873",4,890.21508545,25,410251372
"6874",4,890.21508545,26,371184880
"6875",4,890.21508545,27,463734415
"6876",4,890.21508545,28,361306795
"6877",4,890.21508545,29,544352021
"6878",4,890.21508545,3,298089280
"6879",4,890.21508545,30,398620421
"6880",4,890.21508545,31,477254145
"6881",4,890.21508545,32,376674592
"6882",4,890.21508545,33,448671191
"6883",4,890.21508545,34,468493045
"6884",4,890.21508545,35,322460357
"6885",4,890.21508545,36,415761906
"6886",4,890.21508545,37,422532150
"6887",4,890.21508545,38,488418508
"6888",4,890.21508545,39,426925039
"6889",4,890.21508545,4,411091602
"6890",4,890.21508545,40,440416856
"6891",4,890.21508545,41,418274636
"6892",4,890.21508545,42,359582143
"6893",4,890.21508545,43,483533921
"6894",4,890.21508545,44,329439873
"6895",4,890.21508545,45,410866006
"6896",4,890.21508545,46,448501164
"6897",4,890.21508545,47,393082397
"6898",4,890.21508545,48,458485931
"6899",4,890.21508545,49,456928527
"6900",4,890.21508545,5,355589615
"6901",4,890.21508545,50,487218954
"6902",4,890.21508545,51,424747306
"6903",4,890.21508545,52,298518930
"6904",4,890.21508545,53,426833235
"6905",4,890.21508545,54,368338103
"6906",4,890.21508545,55,432250928
"6907",4,890.21508545,56,344522969
"6908",4,890.21508545,57,407263563
"6909",4,890.21508545,58,393513076
"6910",4,890.21508545,59,418524667
"6911",4,890.21508545,6,387986837
"6912",4,890.21508545,60,474667725
"6913",4,890.21508545,61,429053064
"6914",4,890.21508545,62,365973503
"6915",4,890.21508545,63,365347498
"6916",4,890.21508545,64,456858358
"6917",4,890.21508545,65,409941037
"6918",4,890.21508545,66,439066072
"6919",4,890.21508545,67,398620421
"6920",4,890.21508545,68,414610306
"6921",4,890.21508545,69,484137281
"6922",4,890.21508545,7,468508070
"6923",4,890.21508545,70,437176237
"6924",4,890.21508545,71,405636353
"6925",4,890.21508545,72,379523399
"6926",4,890.21508545,73,380703717
"6927",4,890.21508545,74,456032230
"6928",4,890.21508545,75,392795723
"6929",4,890.21508545,76,343843787
"6930",4,890.21508545,77,334142679
"6931",4,890.21508545,78,338340230
"6932",4,890.21508545,79,407739723
"6933",4,890.21508545,8,303508695
"6934",4,890.21508545,80,387493838
"6935",4,890.21508545,81,443497328
"6936",4,890.21508545,82,357623665
"6937",4,890.21508545,83,414359994
"6938",4,890.21508545,84,362328030
"6939",4,890.21508545,85,472481396
"6940",4,890.21508545,86,387064254
"6941",4,890.21508545,87,420224574
"6942",4,890.21508545,88,408185056
"6943",4,890.21508545,89,310583585
"6944",4,890.21508545,9,409097005
"6945",4,890.21508545,90,369342807
"6946",4,890.21508545,91,429508316
"6947",4,890.21508545,92,417729051
"6948",4,890.21508545,93,316281839
"6949",4,890.21508545,94,408281157
"6950",4,890.21508545,95,354636451
"6951",4,890.21508545,96,440447234
"6952",4,890.21508545,97,445165905
"6953",4,890.21508545,98,418219780
"6954",4,890.21508545,99,567689629
"6955",4,9.54548457,1,34
"6956",4,9.54548457,10,29
"6957",4,9.54548457,100,26
"6958",4,9.54548457,11,25
"6959",4,9.54548457,12,29
"6960",4,9.54548457,13,33
"6961",4,9.54548457,14,28
"6962",4,9.54548457,15,17
"6963",4,9.54548457,16,21
"6964",4,9.54548457,17,26
"6965",4,9.54548457,18,24
"6966",4,9.54548457,19,30
"6967",4,9.54548457,2,23
"6968",4,9.54548457,20,22
"6969",4,9.54548457,21,32
"6970",4,9.54548457,22,6612296
"6971",4,9.54548457,23,25
"6972",4,9.54548457,24,30
"6973",4,9.54548457,25,28
"6974",4,9.54548457,26,31
"6975",4,9.54548457,27,20
"6976",4,9.54548457,28,8157010
"6977",4,9.54548457,29,24
"6978",4,9.54548457,3,23
"6979",4,9.54548457,30,1086332
"6980",4,9.54548457,31,16
"6981",4,9.54548457,32,18
"6982",4,9.54548457,33,24
"6983",4,9.54548457,34,30
"6984",4,9.54548457,35,19
"6985",4,9.54548457,36,25
"6986",4,9.54548457,37,28
"6987",4,9.54548457,38,25
"6988",4,9.54548457,39,19
"6989",4,9.54548457,4,19
"6990",4,9.54548457,40,20
"6991",4,9.54548457,41,22
"6992",4,9.54548457,42,17
"6993",4,9.54548457,43,7792354
"6994",4,9.54548457,44,29
"6995",4,9.54548457,45,18
"6996",4,9.54548457,46,20
"6997",4,9.54548457,47,17
"6998",4,9.54548457,48,19
"6999",4,9.54548457,49,7360132
"7000",4,9.54548457,5,22
"7001",4,9.54548457,50,24
"7002",4,9.54548457,51,18
"7003",4,9.54548457,52,21
"7004",4,9.54548457,53,27
"7005",4,9.54548457,54,28
"7006",4,9.54548457,55,20
"7007",4,9.54548457,56,20
"7008",4,9.54548457,57,27
"7009",4,9.54548457,58,7829389
"7010",4,9.54548457,59,21
"7011",4,9.54548457,6,23
"7012",4,9.54548457,60,27
"7013",4,9.54548457,61,8037895
"7014",4,9.54548457,62,23
"7015",4,9.54548457,63,16
"7016",4,9.54548457,64,7999798
"7017",4,9.54548457,65,18
"7018",4,9.54548457,66,38
"7019",4,9.54548457,67,26
"7020",4,9.54548457,68,29
"7021",4,9.54548457,69,8583045
"7022",4,9.54548457,7,23
"7023",4,9.54548457,70,16
"7024",4,9.54548457,71,21
"7025",4,9.54548457,72,23
"7026",4,9.54548457,73,19
"7027",4,9.54548457,74,23
"7028",4,9.54548457,75,21
"7029",4,9.54548457,76,8696264
"7030",4,9.54548457,77,19
"7031",4,9.54548457,78,19
"7032",4,9.54548457,79,13
"7033",4,9.54548457,8,17
"7034",4,9.54548457,80,26
"7035",4,9.54548457,81,24
"7036",4,9.54548457,82,20
"7037",4,9.54548457,83,13
"7038",4,9.54548457,84,30
"7039",4,9.54548457,85,29
"7040",4,9.54548457,86,25
"7041",4,9.54548457,87,26
"7042",4,9.54548457,88,21
"7043",4,9.54548457,89,1201172
"7044",4,9.54548457,9,24
"7045",4,9.54548457,90,18
"7046",4,9.54548457,91,22
"7047",4,9.54548457,92,22
"7048",4,9.54548457,93,26
"7049",4,9.54548457,94,27
"7050",4,9.54548457,95,11
"7051",4,9.54548457,96,27
"7052",4,9.54548457,97,16
"7053",4,9.54548457,98,17
"7054",4,9.54548457,99,21
"7055",4,97.70099573,1,83329181
"7056",4,97.70099573,10,42724880
"7057",4,97.70099573,100,2292061
"7058",4,97.70099573,11,58806932
"7059",4,97.70099573,12,73914381
"7060",4,97.70099573,13,33388937
"7061",4,97.70099573,14,255
"7062",4,97.70099573,15,41540803
"7063",4,97.70099573,16,51556677
"7064",4,97.70099573,17,27379693
"7065",4,97.70099573,18,47598330
"7066",4,97.70099573,19,67662614
"7067",4,97.70099573,2,16887461
"7068",4,97.70099573,20,55543021
"7069",4,97.70099573,21,47009856
"7070",4,97.70099573,22,25259611
"7071",4,97.70099573,23,17132971
"7072",4,97.70099573,24,9115971
"7073",4,97.70099573,25,48592674
"7074",4,97.70099573,26,49526014
"7075",4,97.70099573,27,25838501
"7076",4,97.70099573,28,61517968
"7077",4,97.70099573,29,90267518
"7078",4,97.70099573,3,63909382
"7079",4,97.70099573,30,9708979
"7080",4,97.70099573,31,25052921
"7081",4,97.70099573,32,82109403
"7082",4,97.70099573,33,25543920
"7083",4,97.70099573,34,48695837
"7084",4,97.70099573,35,48465141
"7085",4,97.70099573,36,32389602
"7086",4,97.70099573,37,25101267
"7087",4,97.70099573,38,62386360
"7088",4,97.70099573,39,79417582
"7089",4,97.70099573,4,32865074
"7090",4,97.70099573,40,70775280
"7091",4,97.70099573,41,42352747
"7092",4,97.70099573,42,69504471
"7093",4,97.70099573,43,49946628
"7094",4,97.70099573,44,27253484
"7095",4,97.70099573,45,56509020
"7096",4,97.70099573,46,49679985
"7097",4,97.70099573,47,15290993
"7098",4,97.70099573,48,42074124
"7099",4,97.70099573,49,48996613
"7100",4,97.70099573,5,53787844
"7101",4,97.70099573,50,72127533
"7102",4,97.70099573,51,35081558
"7103",4,97.70099573,52,35778108
"7104",4,97.70099573,53,33786110
"7105",4,97.70099573,54,44453315
"7106",4,97.70099573,55,71438193
"7107",4,97.70099573,56,46766235
"7108",4,97.70099573,57,64935835
"7109",4,97.70099573,58,39926665
"7110",4,97.70099573,59,22444545
"7111",4,97.70099573,6,34292585
"7112",4,97.70099573,60,69727962
"7113",4,97.70099573,61,32795612
"7114",4,97.70099573,62,33057618
"7115",4,97.70099573,63,56687093
"7116",4,97.70099573,64,55637190
"7117",4,97.70099573,65,65238575
"7118",4,97.70099573,66,58289918
"7119",4,97.70099573,67,58818840
"7120",4,97.70099573,68,64457417
"7121",4,97.70099573,69,65467219
"7122",4,97.70099573,7,32749672
"7123",4,97.70099573,70,64136410
"7124",4,97.70099573,71,85956028
"7125",4,97.70099573,72,25878489
"7126",4,97.70099573,73,26004090
"7127",4,97.70099573,74,46984383
"7128",4,97.70099573,75,47585040
"7129",4,97.70099573,76,24415904
"7130",4,97.70099573,77,40306084
"7131",4,97.70099573,78,16185872
"7132",4,97.70099573,79,66691026
"7133",4,97.70099573,8,42471265
"7134",4,97.70099573,80,72969952
"7135",4,97.70099573,81,67523293
"7136",4,97.70099573,82,33164259
"7137",4,97.70099573,83,26806428
"7138",4,97.70099573,84,48576977
"7139",4,97.70099573,85,63855998
"7140",4,97.70099573,86,40923589
"7141",4,97.70099573,87,69761238
"7142",4,97.70099573,88,77440011
"7143",4,97.70099573,89,56398455
"7144",4,97.70099573,9,70803222
"7145",4,97.70099573,90,48341645
"7146",4,97.70099573,91,33491300
"7147",4,97.70099573,92,41675558
"7148",4,97.70099573,93,15688709
"7149",4,97.70099573,94,72956407
"7150",4,97.70099573,95,24339962
"7151",4,97.70099573,96,64516577
"7152",4,97.70099573,97,41178405
"7153",4,97.70099573,98,40913258
"7154",4,97.70099573,99,8713868
