"","type","time","moi_type","moi_res","moi_wt","init_wt","init_mut","c_pop","subunits","v_prog","p2pfu","bg_mut_rate","wt_rep_abil","uninf_cells","surv_pfu","tot_pfu","pop_prop","check_sums"
"1","resistant",0,0,0,0.01,0.01,0,2900000,"60",203.17081752289,1,50000,0.000465842377578656,2871144.51292234,0,"29000","0",0.999999999999999
"2","susceptible",0,0.01,0,0.01,0.01,0,2900000,"60",203.17081752289,1,50000,0.000465842377578656,2871144.51292234,29000,"29000","1",0.999999999999999
"3","resistant",1,1.88347876904852e-08,1.88347876904852e-08,0.000941720549736572,0.01,0,2900000,"60",203.17081752289,1,50000,0.000465842377578656,2871144.51292234,0.0546208843024072,"2731.04421512036","2e-05",0.999999999999999
"4","susceptible",1,0.000941720549736572,1.88347876904852e-08,0.000941720549736572,0.01,0,2900000,"60",203.17081752289,1,50000,0.000465842377578656,2871144.51292234,2730.98959423606,"2731.04421512036","0.99998",0.999999999999999
"5","resistant",0,0.001,0.001,0.009,0.009,0.001,2900000,"60",203.17081752289,1,50000,0.000465842377578656,2871144.51292234,2900,"29000","0.1",0.999999999999999
"6","susceptible",0,0.009,0.001,0.009,0.009,0.001,2900000,"60",203.17081752289,1,50000,0.000465842377578656,2871144.51292234,26100,"29000","0.9",0.999999999999999
"7","resistant",1,0.020241396755965,0.020241396755965,0.000964489449148802,0.009,0.001,2900000,"60",203.17081752289,1,50000,0.000465842377578656,2871144.51292234,58700.0505922986,"61497.0699948301","0.954517842837607",0.999999999999999
"8","susceptible",1,0.000964489449148802,0.020241396755965,0.000964489449148802,0.009,0.001,2900000,"60",203.17081752289,1,50000,0.000465842377578656,2871144.51292234,2797.01940253153,"61497.0699948301","0.0454821571623927",0.999999999999999
"9","resistant",0,0.002,0.002,0.008,0.008,0.002,2900000,"60",203.17081752289,1,50000,0.000465842377578656,2871144.51292234,5800,"29000","0.2",0.999999999999999
"10","susceptible",0,0.008,0.002,0.008,0.008,0.002,2900000,"60",203.17081752289,1,50000,0.000465842377578656,2871144.51292234,23200,"29000","0.8",0.999999999999999
"11","resistant",1,0.040477091490039,0.040477091490039,0.000961365108150351,0.008,0.002,2900000,"60",203.17081752289,1,50000,0.000465842377578656,2871144.51292234,117383.565321113,"120171.524134749","0.976800170974699",0.999999999999999
"12","susceptible",1,0.000961365108150351,0.040477091490039,0.000961365108150351,0.008,0.002,2900000,"60",203.17081752289,1,50000,0.000465842377578656,2871144.51292234,2787.95881363602,"120171.524134749","0.0231998290253011",0.999999999999999
"13","resistant",0,0.003,0.003,0.007,0.007,0.003,2900000,"60",203.17081752289,1,50000,0.000465842377578656,2871144.51292234,8700,"29000","0.3",0.999999999999999
"14","susceptible",0,0.007,0.003,0.007,0.007,0.003,2900000,"60",203.17081752289,1,50000,0.000465842377578656,2871144.51292234,20300,"29000","0.7",0.999999999999999
"15","resistant",1,0.0607070720540564,0.0607070720540564,0.000932346090992679,0.007,0.003,2900000,"60",203.17081752289,1,50000,0.000465842377578656,2871144.51292234,176050.508956764,"178754.312620642","0.984874190590205",0.999999999999999
"16","susceptible",1,0.000932346090992679,0.0607070720540564,0.000932346090992679,0.007,0.003,2900000,"60",203.17081752289,1,50000,0.000465842377578656,2871144.51292234,2703.80366387877,"178754.312620642","0.0151258094097951",0.999999999999999
"17","resistant",0,0.004,0.004,0.006,0.006,0.004,2900000,"60",203.17081752289,1,50000,0.000465842377578656,2871144.51292234,11600,"29000","0.4",0.999999999999999
"18","susceptible",0,0.006,0.004,0.006,0.006,0.004,2900000,"60",203.17081752289,1,50000,0.000465842377578656,2871144.51292234,17400,"29000","0.6",0.999999999999999
"19","resistant",1,0.0809313074460593,0.0809313074460593,0.000877430970169223,0.006,0.004,2900000,"60",203.17081752289,1,50000,0.000465842377578656,2871144.51292234,234700.791593572,"237245.341407063","0.989274605779825",0.999999999999999
"20","susceptible",1,0.000877430970169223,0.0809313074460593,0.000877430970169223,0.006,0.004,2900000,"60",203.17081752289,1,50000,0.000465842377578656,2871144.51292234,2544.54981349075,"237245.341407063","0.010725394220175",0.999999999999999
"21","resistant",0,0.005,0.005,0.005,0.005,0.005,2900000,"60",203.17081752289,1,50000,0.000465842377578656,2871144.51292234,14500,"29000","0.5",0.999999999999999
"22","susceptible",0,0.005,0.005,0.005,0.005,0.005,2900000,"60",203.17081752289,1,50000,0.000465842377578656,2871144.51292234,14500,"29000","0.5",0.999999999999999
"23","resistant",1,0.101149766645079,0.101149766645079,0.000796618326419951,0.005,0.005,2900000,"60",203.17081752289,1,50000,0.000465842377578656,2871144.51292234,293334.323270729,"295644.516417347","0.992185909028136",0.999999999999999
"24","susceptible",1,0.000796618326419951,0.101149766645079,0.000796618326419951,0.005,0.005,2900000,"60",203.17081752289,1,50000,0.000465842377578656,2871144.51292234,2310.19314661786,"295644.516417347","0.0078140909718639",0.999999999999999
"25","resistant",0,0.006,0.006,0.004,0.004,0.006,2900000,"60",203.17081752289,1,50000,0.000465842377578656,2871144.51292234,17400,"29000","0.6",0.999999999999999
"26","susceptible",0,0.004,0.006,0.004,0.004,0.006,2900000,"60",203.17081752289,1,50000,0.000465842377578656,2871144.51292234,11600,"29000","0.4",0.999999999999999
"27","resistant",1,0.121362418611134,0.121362418611134,0.000689906748735926,0.004,0.006,2900000,"60",203.17081752289,1,50000,0.000465842377578656,2871144.51292234,351951.013972288,"353951.743543622","0.994347451007576",0.999999999999999
"28","susceptible",1,0.000689906748735926,0.121362418611134,0.000689906748735926,0.004,0.006,2900000,"60",203.17081752289,1,50000,0.000465842377578656,2871144.51292234,2000.72957133419,"353951.743543622","0.0056525489924239",0.999999999999999
"29","resistant",0,0.007,0.007,0.003,0.003,0.007,2900000,"60",203.17081752289,1,50000,0.000465842377578656,2871144.51292234,20300,"29000","0.7",0.999999999999999
"30","susceptible",0,0.003,0.007,0.003,0.003,0.007,2900000,"60",203.17081752289,1,50000,0.000465842377578656,2871144.51292234,8700,"29000","0.3",0.999999999999999
"31","resistant",1,0.141569232285225,0.141569232285225,0.000557294834363856,0.003,0.007,2900000,"60",203.17081752289,1,50000,0.000465842377578656,2871144.51292234,410550.773627154,"412166.928646809","0.996078882347593",0.999999999999999
"32","susceptible",1,0.000557294834363856,0.141569232285225,0.000557294834363856,0.003,0.007,2900000,"60",203.17081752289,1,50000,0.000465842377578656,2871144.51292234,1616.15501965518,"412166.928646809","0.00392111765240653",0.999999999999999
"33","resistant",0,0.008,0.008,0.002,0.002,0.008,2900000,"60",203.17081752289,1,50000,0.000465842377578656,2871144.51292234,23200,"29000","0.8",0.999999999999999
"34","susceptible",0,0.002,0.008,0.002,0.002,0.008,2900000,"60",203.17081752289,1,50000,0.000465842377578656,2871144.51292234,5800,"29000","0.2",0.999999999999999
"35","resistant",1,0.161770176589333,0.161770176589333,0.000398781188810663,0.002,0.008,2900000,"60",203.17081752289,1,50000,0.000465842377578656,2871144.51292234,469133.512109065,"470289.977556615","0.997540952385251",0.999999999999999
"36","susceptible",1,0.000398781188810663,0.161770176589333,0.000398781188810663,0.002,0.008,2900000,"60",203.17081752289,1,50000,0.000465842377578656,2871144.51292234,1156.46544755092,"470289.977556615","0.00245904761474893",0.999999999999999
"37","resistant",0,0.009,0.009,0.001,0.001,0.009,2900000,"60",203.17081752289,1,50000,0.000465842377578656,2871144.51292234,26100,"29000","0.9",0.999999999999999
"38","susceptible",0,0.001,0.009,0.001,0.001,0.009,2900000,"60",203.17081752289,1,50000,0.000465842377578656,2871144.51292234,2900,"29000","0.1",0.999999999999999
"39","resistant",1,0.181965220426411,0.181965220426411,0.000214364425848028,0.001,0.009,2900000,"60",203.17081752289,1,50000,0.000465842377578656,2871144.51292234,527699.139236591,"528320.796071551","0.998823334535415",0.999999999999999
"40","susceptible",1,0.000214364425848028,0.181965220426411,0.000214364425848028,0.001,0.009,2900000,"60",203.17081752289,1,50000,0.000465842377578656,2871144.51292234,621.656834959281,"528320.796071551","0.00117666546458468",0.999999999999999
"41","resistant",0,0.01,0.01,0,0,0.01,2900000,"60",203.17081752289,1,50000,0.000465842377578656,2871144.51292234,29000,"29000","1",0.999999999999999
"42","susceptible",0,0,0.01,0,0,0.01,2900000,"60",203.17081752289,1,50000,0.000465842377578656,2871144.51292234,0,"29000","0",0.999999999999999
"43","resistant",1,0.202154332680385,0.202154332680385,4.04316751695804e-06,0,0.01,2900000,"60",203.17081752289,1,50000,0.000465842377578656,2871144.51292234,586247.564773116,"586259.289958916","0.99998",0.999999999999999
"44","susceptible",1,4.04316751695804e-06,0.202154332680385,4.04316751695804e-06,0,0.01,2900000,"60",203.17081752289,1,50000,0.000465842377578656,2871144.51292234,11.7251857991783,"586259.289958916","2e-05",0.999999999999999
"45","resistant",0,0,0,0.0272270130807791,0.0272270130807791,0,2900000,"60",203.17081752289,1,50000,0.000465842377578656,2822106.85927329,0,"78958.3379342595","0",0.999999999999998
"46","susceptible",0,0.0272270130807791,0,0.0272270130807791,0.0272270130807791,0,2900000,"60",203.17081752289,1,50000,0.000465842377578656,2822106.85927329,78958.3379342595,"78958.3379342595","1",0.999999999999998
"47","resistant",1,5.08430429257435e-08,5.08430429257435e-08,0.00254210130324425,0.0272270130807791,0,2900000,"60",203.17081752289,1,50000,0.000465842377578656,2822106.85927329,0.147444824484656,"7372.24122423281","2e-05",0.999999999999998
"48","susceptible",1,0.00254210130324425,5.08430429257435e-08,0.00254210130324425,0.0272270130807791,0,2900000,"60",203.17081752289,1,50000,0.000465842377578656,2822106.85927329,7372.09377940832,"7372.24122423281","0.99998",0.999999999999998
"49","resistant",0,0.00272270130807791,0.00272270130807791,0.0245043117727012,0.0245043117727012,0.00272270130807791,2900000,"60",203.17081752289,1,50000,0.000465842377578656,2822106.85927331,7895.83379342595,"78958.3379342595","0.1",0.999999999999998
"50","susceptible",0,0.0245043117727012,0.00272270130807791,0.0245043117727012,0.0245043117727012,0.00272270130807791,2900000,"60",203.17081752289,1,50000,0.000465842377578656,2822106.85927331,71062.5041408335,"78958.3379342595","0.9",0.999999999999998
"51","resistant",1,0.0547589174673637,0.0547589174673637,0.00314425503388083,0.0245043117727012,0.00272270130807791,2900000,"60",203.17081752289,1,50000,0.000465842377578656,2822106.85927331,158800.860655355,"167919.200253609","0.945698052489037",0.999999999999998
"52","susceptible",1,0.00314425503388083,0.0547589174673637,0.00314425503388083,0.0245043117727012,0.00272270130807791,2900000,"60",203.17081752289,1,50000,0.000465842377578656,2822106.85927331,9118.33959825442,"167919.200253609","0.0543019475109633",0.999999999999998
"53","resistant",0,0.00544540261615583,0.00544540261615583,0.0217816104646233,0.0217816104646233,0.00544540261615583,2900000,"60",203.17081752289,1,50000,0.000465842377578656,2822106.85927332,15791.6675868519,"78958.3379342595","0.2",0.999999999999998
"54","susceptible",0,0.0217816104646233,0.00544540261615583,0.0217816104646233,0.0217816104646233,0.00544540261615583,2900000,"60",203.17081752289,1,50000,0.000465842377578656,2822106.85927332,63166.6703474076,"78958.3379342595","0.8",0.999999999999998
"55","resistant",1,0.109477460093753,0.109477460093753,0.00355642493132834,0.0217816104646233,0.00544540261615583,2900000,"60",203.17081752289,1,50000,0.000465842377578656,2822106.85927332,317484.634271884,"327798.266572736","0.968536647833177",0.999999999999998
"56","susceptible",1,0.00355642493132834,0.109477460093753,0.00355642493132834,0.0217816104646233,0.00544540261615583,2900000,"60",203.17081752289,1,50000,0.000465842377578656,2822106.85927332,10313.6323008522,"327798.266572736","0.0314633521668232",0.999999999999998
"57","resistant",0,0.00816810392423374,0.00816810392423374,0.0190589091565454,0.0190589091565454,0.00816810392423374,2900000,"60",203.17081752289,1,50000,0.000465842377578656,2822106.85927331,23687.5013802778,"78958.3379342595","0.3",0.999999999999998
"58","susceptible",0,0.0190589091565454,0.00816810392423374,0.0190589091565454,0.0190589091565454,0.00816810392423374,2900000,"60",203.17081752289,1,50000,0.000465842377578656,2822106.85927331,55270.8365539816,"78958.3379342595","0.7",0.999999999999998
"59","resistant",1,0.164155061734779,0.164155061734779,0.00377858144587767,0.0190589091565454,0.00816810392423374,2900000,"60",203.17081752289,1,50000,0.000465842377578656,2822106.85927331,476049.679030859,"487007.565223904","0.977499556525354",0.999999999999998
"60","susceptible",1,0.00377858144587767,0.164155061734779,0.00377858144587767,0.0190589091565454,0.00816810392423374,2900000,"60",203.17081752289,1,50000,0.000465842377578656,2822106.85927331,10957.8861930452,"487007.565223904","0.0225004434746456",0.999999999999998
"61","resistant",0,0.0108908052323117,0.0108908052323117,0.0163362078484675,0.0163362078484675,0.0108908052323117,2900000,"60",203.17081752289,1,50000,0.000465842377578656,2822106.85927329,31583.3351737038,"78958.3379342595","0.4",0.999999999999998
"62","susceptible",0,0.0163362078484675,0.0108908052323117,0.0163362078484675,0.0163362078484675,0.0108908052323117,2900000,"60",203.17081752289,1,50000,0.000465842377578656,2822106.85927329,47375.0027605557,"78958.3379342595","0.6",0.999999999999998
"63","resistant",1,0.218791104370325,0.218791104370325,0.00381069547493552,0.0163362078484675,0.0108908052323117,2900000,"60",203.17081752289,1,50000,0.000465842377578656,2822106.85927329,634494.202673942,"645545.219551255","0.982881111124957",0.999999999999998
"64","susceptible",1,0.00381069547493552,0.218791104370325,0.00381069547493552,0.0163362078484675,0.0108908052323117,2900000,"60",203.17081752289,1,50000,0.000465842377578656,2822106.85927329,11051.016877313,"645545.219551255","0.0171188888750427",0.999999999999998
"65","resistant",0,0.0136135065403896,0.0136135065403896,0.0136135065403896,0.0136135065403896,0.0136135065403896,2900000,"60",203.17081752289,1,50000,0.000465842377578656,2822106.85927329,39479.1689671297,"78958.3379342595","0.5",0.999999999999998
"66","susceptible",0,0.0136135065403896,0.0136135065403896,0.0136135065403896,0.0136135065403896,0.0136135065403896,2900000,"60",203.17081752289,1,50000,0.000465842377578656,2822106.85927329,39479.1689671297,"78958.3379342595","0.5",0.999999999999998
"67","resistant",1,0.273384968947013,0.273384968947013,0.00365273836369578,0.0136135065403896,0.0136135065403896,2900000,"60",203.17081752289,1,50000,0.000465842377578656,2822106.85927329,792816.409946336,"803409.351201054","0.986815013742519",0.999999999999998
"68","susceptible",1,0.00365273836369578,0.273384968947013,0.00365273836369578,0.0136135065403896,0.0136135065403896,2900000,"60",203.17081752289,1,50000,0.000465842377578656,2822106.85927329,10592.9412547178,"803409.351201054","0.0131849862574812",0.999999999999998
"69","resistant",0,0.0163362078484675,0.0163362078484675,0.0108908052323116,0.0108908052323116,0.0163362078484675,2900000,"60",203.17081752289,1,50000,0.000465842377578656,2822106.85927329,47375.0027605557,"78958.3379342595","0.6",0.999999999999998
"70","susceptible",0,0.0108908052323116,0.0163362078484675,0.0108908052323116,0.0108908052323116,0.0163362078484675,2900000,"60",203.17081752289,1,50000,0.000465842377578656,2822106.85927329,31583.3351737038,"78958.3379342595","0.4",0.999999999999998
"71","resistant",1,0.327936035377618,0.327936035377618,0.00330468190583216,0.0108908052323116,0.0163362078484675,2900000,"60",203.17081752289,1,50000,0.000465842377578656,2822106.85927329,951014.502595092,"960598.080122005","0.990023322214327",0.999999999999998
"72","susceptible",1,0.00330468190583216,0.327936035377618,0.00330468190583216,0.0108908052323116,0.0163362078484675,2900000,"60",203.17081752289,1,50000,0.000465842377578656,2822106.85927329,9583.57752691326,"960598.080122005","0.00997667778567292",0.999999999999998
"73","resistant",0,0.0190589091565454,0.0190589091565454,0.00816810392423374,0.00816810392423374,0.0190589091565454,2900000,"60",203.17081752289,1,50000,0.000465842377578656,2822106.85927331,55270.8365539816,"78958.3379342595","0.7",0.999999999999998
"74","susceptible",0,0.00816810392423374,0.0190589091565454,0.00816810392423374,0.00816810392423374,0.0190589091565454,2900000,"60",203.17081752289,1,50000,0.000465842377578656,2822106.85927331,23687.5013802778,"78958.3379342595","0.3",0.999999999999998
"75","resistant",1,0.382443682540108,0.382443682540108,0.00276649834415926,0.00816810392423374,0.0190589091565454,2900000,"60",203.17081752289,1,50000,0.000465842377578656,2822106.85927331,1109086.67936631,"1117109.52456438","0.992818210728988",0.999999999999998
"76","susceptible",1,0.00276649834415926,0.382443682540108,0.00276649834415926,0.00816810392423374,0.0190589091565454,2900000,"60",203.17081752289,1,50000,0.000465842377578656,2822106.85927331,8022.84519806187,"1117109.52456438","0.00718178927101211",0.999999999999998
"77","resistant",0,0.0217816104646233,0.0217816104646233,0.00544540261615582,0.00544540261615582,0.0217816104646233,2900000,"60",203.17081752289,1,50000,0.000465842377578656,2822106.85927332,63166.6703474076,"78958.3379342595","0.8",0.999999999999998
"78","susceptible",0,0.00544540261615582,0.0217816104646233,0.00544540261615582,0.00544540261615582,0.0217816104646233,2900000,"60",203.17081752289,1,50000,0.000465842377578656,2822106.85927332,15791.6675868519,"78958.3379342595","0.2",0.999999999999998
"79","resistant",1,0.436907288278212,0.436907288278212,0.0020381603713227,0.00544540261615582,0.0217816104646233,2900000,"60",203.17081752289,1,50000,0.000465842377578656,2822106.85927332,1267031.13600681,"1272941.80108365","0.995356688678301",0.999999999999998
"80","susceptible",1,0.0020381603713227,0.436907288278212,0.0020381603713227,0.00544540261615582,0.0217816104646233,2900000,"60",203.17081752289,1,50000,0.000465842377578656,2822106.85927332,5910.66507683583,"1272941.80108365","0.00464331132169916",0.999999999999998
"81","resistant",0,0.0245043117727012,0.0245043117727012,0.00272270130807791,0.00272270130807791,0.0245043117727012,2900000,"60",203.17081752289,1,50000,0.000465842377578656,2822106.85927331,71062.5041408335,"78958.3379342595","0.9",0.999999999999998
"82","susceptible",0,0.00272270130807791,0.0245043117727012,0.00272270130807791,0.00272270130807791,0.0245043117727012,2900000,"60",203.17081752289,1,50000,0.000465842377578656,2822106.85927331,7895.83379342595,"78958.3379342595","0.1",0.999999999999998
"83","resistant",1,0.491326229399702,0.491326229399702,0.0011196411304671,0.00272270130807791,0.0245043117727012,2900000,"60",203.17081752289,1,50000,0.000465842377578656,2822106.85927331,1424846.06525914,"1428093.02453749","0.997726367104548",0.999999999999998
"84","susceptible",1,0.0011196411304671,0.491326229399702,0.0011196411304671,0.00272270130807791,0.0245043117727012,2900000,"60",203.17081752289,1,50000,0.000465842377578656,2822106.85927331,3246.9592783546,"1428093.02453749","0.00227363289545244",0.999999999999998
"85","resistant",0,0.0272270130807791,0.0272270130807791,0,0,0.0272270130807791,2900000,"60",203.17081752289,1,50000,0.000465842377578656,2822106.85927329,78958.3379342595,"78958.3379342595","1",0.999999999999998
"86","susceptible",0,0,0.0272270130807791,0,0,0.0272270130807791,2900000,"60",203.17081752289,1,50000,0.000465842377578656,2822106.85927329,0,"78958.3379342595","0",0.999999999999998
"87","resistant",1,0.545699881676184,0.545699881676184,1.0914215917842e-05,0,0.0272270130807791,2900000,"60",203.17081752289,1,50000,0.000465842377578656,2822106.85927329,1582529.65686093,"1582561.3080871","0.99998",0.999999999999998
"88","susceptible",1,1.0914215917842e-05,0.545699881676184,1.0914215917842e-05,0,0.0272270130807791,2900000,"60",203.17081752289,1,50000,0.000465842377578656,2822106.85927329,31.6512261617419,"1582561.3080871","2e-05",0.999999999999998
"89","resistant",0,0,0,0.0741310241300917,0.0741310241300917,0,2900000,"60",203.17081752289,1,50000,0.000465842377578656,2692795.03347621,0,"214979.969977266","0",0.999999999999979
"90","susceptible",0,0.0741310241300917,0,0.0741310241300917,0.0741310241300917,0,2900000,"60",203.17081752289,1,50000,0.000465842377578656,2692795.03347621,214979.969977266,"214979.969977266","1",0.999999999999979
"91","resistant",1,1.35248507238337e-07,1.35248507238337e-07,0.00676229011340962,0.0741310241300917,0,2900000,"60",203.17081752289,1,50000,0.000465842377578656,2692795.03347621,0.392220670991178,"19611.0335495589","2e-05",0.999999999999979
"92","susceptible",1,0.00676229011340962,1.35248507238337e-07,0.00676229011340962,0.0741310241300917,0,2900000,"60",203.17081752289,1,50000,0.000465842377578656,2692795.03347621,19610.6413288879,"19611.0335495589","0.99998",0.999999999999979
"93","resistant",0,0.00741310241300917,0.00741310241300917,0.0667179217170826,0.0667179217170826,0.00741310241300917,2900000,"60",203.17081752289,1,50000,0.000465842377578656,2692795.03347621,21497.9969977266,"214979.969977266","0.1",0.999999999999979
"94","susceptible",0,0.0667179217170826,0.00741310241300917,0.0667179217170826,0.0667179217170826,0.00741310241300917,2900000,"60",203.17081752289,1,50000,0.000465842377578656,2692795.03347621,193481.972979539,"214979.969977266","0.9",0.999999999999979
"95","resistant",1,0.146495115284913,0.146495115284913,0.0122587969202421,0.0667179217170826,0.00741310241300917,2900000,"60",203.17081752289,1,50000,0.000465842377578656,2692795.03347621,424835.834326247,"460386.345394949","0.922781134965668",0.999999999999979
"96","susceptible",1,0.0122587969202421,0.146495115284913,0.0122587969202421,0.0667179217170826,0.00741310241300917,2900000,"60",203.17081752289,1,50000,0.000465842377578656,2692795.03347621,35550.5110687021,"460386.345394949","0.0772188650343323",0.999999999999979
"97","resistant",0,0.0148262048260183,0.0148262048260183,0.0593048193040734,0.0593048193040734,0.0148262048260183,2900000,"60",203.17081752289,1,50000,0.000465842377578656,2692795.03347621,42995.9939954532,"214979.969977266","0.2",0.999999999999979
"98","susceptible",0,0.0593048193040734,0.0148262048260183,0.0593048193040734,0.0593048193040734,0.0148262048260183,2900000,"60",203.17081752289,1,50000,0.000465842377578656,2692795.03347621,171983.975981813,"214979.969977266","0.8",0.999999999999979
"99","resistant",1,0.292726283819809,0.292726283819809,0.0163857883634109,0.0593048193040734,0.0148262048260183,2900000,"60",203.17081752289,1,50000,0.000465842377578656,2692795.03347621,848906.223077446,"896425.009331338","0.94699078477369",0.999999999999979
"100","susceptible",1,0.0163857883634109,0.292726283819809,0.0163857883634109,0.0593048193040734,0.0148262048260183,2900000,"60",203.17081752289,1,50000,0.000465842377578656,2692795.03347621,47518.7862538917,"896425.009331338","0.0530092152263098",0.999999999999979
"101","resistant",0,0.0222393072390275,0.0222393072390275,0.0518917168910642,0.0518917168910642,0.0222393072390275,2900000,"60",203.17081752289,1,50000,0.000465842377578656,2692795.03347621,64493.9909931798,"214979.969977266","0.3",0.999999999999979
"102","susceptible",0,0.0518917168910642,0.0222393072390275,0.0518917168910642,0.0518917168910642,0.0222393072390275,2900000,"60",203.17081752289,1,50000,0.000465842377578656,2692795.03347621,150485.978984086,"214979.969977266","0.7",0.999999999999979
"103","resistant",1,0.438681635710509,0.438681635710509,0.0191426382756456,0.0518917168910642,0.0222393072390275,2900000,"60",203.17081752289,1,50000,0.000465842377578656,2692795.03347621,1272176.74356048,"1327690.39455985","0.958187804003978",0.999999999999979
"104","susceptible",1,0.0191426382756456,0.438681635710509,0.0191426382756456,0.0518917168910642,0.0222393072390275,2900000,"60",203.17081752289,1,50000,0.000465842377578656,2692795.03347621,55513.6509993722,"1327690.39455985","0.041812195996022",0.999999999999979
"105","resistant",0,0.0296524096520367,0.0296524096520367,0.044478614478055,0.044478614478055,0.0296524096520367,2900000,"60",203.17081752289,1,50000,0.000465842377578656,2692795.03347621,85991.9879909064,"214979.969977266","0.4",0.999999999999979
"106","susceptible",0,0.044478614478055,0.0296524096520367,0.044478614478055,0.044478614478055,0.0296524096520367,2900000,"60",203.17081752289,1,50000,0.000465842377578656,2692795.03347621,128987.98198636,"214979.969977266","0.6",0.999999999999979
"107","resistant",1,0.584349110785517,0.584349110785517,0.0205287442114261,0.044478614478055,0.0296524096520367,2900000,"60",203.17081752289,1,50000,0.000465842377578656,2692795.03347621,1694612.421278,"1754145.77949113","0.966061339422767",0.999999999999979
"108","susceptible",1,0.0205287442114261,0.584349110785517,0.0205287442114261,0.044478614478055,0.0296524096520367,2900000,"60",203.17081752289,1,50000,0.000465842377578656,2692795.03347621,59533.3582131356,"1754145.77949113","0.0339386605772331",0.999999999999979
"109","resistant",0,0.0370655120650459,0.0370655120650459,0.0370655120650459,0.0370655120650459,0.0370655120650459,2900000,"60",203.17081752289,1,50000,0.000465842377578656,2692795.03347621,107489.984988633,"214979.969977266","0.5",0.999999999999979
"110","susceptible",0,0.0370655120650459,0.0370655120650459,0.0370655120650459,0.0370655120650459,0.0370655120650459,2900000,"60",203.17081752289,1,50000,0.000465842377578656,2692795.03347621,107489.984988633,"214979.969977266","0.5",0.999999999999979
"111","resistant",1,0.729716593759816,0.729716593759816,0.0205435275452945,0.0370655120650459,0.0370655120650459,2900000,"60",203.17081752289,1,50000,0.000465842377578656,2692795.03347621,2116178.12190347,"2175754.35178482","0.972618126751082",0.999999999999979
"112","susceptible",1,0.0205435275452945,0.729716593759816,0.0205435275452945,0.0370655120650459,0.0370655120650459,2900000,"60",203.17081752289,1,50000,0.000465842377578656,2692795.03347621,59576.229881354,"2175754.35178482","0.0273818732489181",0.999999999999979
"113","resistant",0,0.044478614478055,0.044478614478055,0.0296524096520367,0.0296524096520367,0.044478614478055,2900000,"60",203.17081752289,1,50000,0.000465842377578656,2692795.03347621,128987.98198636,"214979.969977266","0.6",0.999999999999979
"114","susceptible",0,0.0296524096520367,0.044478614478055,0.0296524096520367,0.0296524096520367,0.044478614478055,2900000,"60",203.17081752289,1,50000,0.000465842377578656,2692795.03347621,85991.9879909064,"214979.969977266","0.4",0.999999999999979
"115","resistant",1,0.874771914150352,0.874771914150352,0.0191864335702553,0.0296524096520367,0.044478614478055,2900000,"60",203.17081752289,1,50000,0.000465842377578656,2692795.03347621,2536838.55103602,"2592479.20838976","0.978537664960368",0.999999999999979
"116","susceptible",1,0.0191864335702553,0.874771914150352,0.0191864335702553,0.0296524096520367,0.044478614478055,2900000,"60",203.17081752289,1,50000,0.000465842377578656,2692795.03347621,55640.6573537404,"2592479.20838976","0.0214623350396318",0.999999999999979
"117","resistant",0,0.0518917168910642,0.0518917168910642,0.0222393072390275,0.0222393072390275,0.0518917168910642,2900000,"60",203.17081752289,1,50000,0.000465842377578656,2692795.03347621,150485.978984086,"214979.969977266","0.7",0.999999999999979
"118","susceptible",0,0.0222393072390275,0.0518917168910642,0.0222393072390275,0.0222393072390275,0.0518917168910642,2900000,"60",203.17081752289,1,50000,0.000465842377578656,2692795.03347621,64493.9909931798,"214979.969977266","0.3",0.999999999999979
"119","resistant",1,1.01950284619169,1.01950284619169,0.0164569315962643,0.0222393072390275,0.0518917168910642,2900000,"60",203.17081752289,1,50000,0.000465842377578656,2692795.03347621,2956558.2539559,"3004283.35558507","0.984114314137365",0.999999999999979
"120","susceptible",1,0.0164569315962643,1.01950284619169,0.0164569315962643,0.0222393072390275,0.0518917168910642,2900000,"60",203.17081752289,1,50000,0.000465842377578656,2692795.03347621,47725.1016291665,"3004283.35558507","0.0158856858626347",0.999999999999979
"121","resistant",0,0.0593048193040734,0.0593048193040734,0.0148262048260183,0.0148262048260183,0.0593048193040734,2900000,"60",203.17081752289,1,50000,0.000465842377578656,2692795.03347621,171983.975981813,"214979.969977266","0.8",0.999999999999979
"122","susceptible",0,0.0148262048260183,0.0593048193040734,0.0148262048260183,0.0148262048260183,0.0593048193040734,2900000,"60",203.17081752289,1,50000,0.000465842377578656,2692795.03347621,42995.9939954532,"214979.969977266","0.2",0.999999999999979
"123","resistant",1,1.16389710875188,1.16389710875188,0.0123545150488055,0.0148262048260183,0.0593048193040734,2900000,"60",203.17081752289,1,50000,0.000465842377578656,2692795.03347621,3375301.61538044,"3411129.70902198","0.989496707338107",0.999999999999979
"124","susceptible",1,0.0123545150488055,1.16389710875188,0.0123545150488055,0.0148262048260183,0.0593048193040734,2900000,"60",203.17081752289,1,50000,0.000465842377578656,2692795.03347621,35828.0936415359,"3411129.70902198","0.010503292661893",0.999999999999979
"125","resistant",0,0.0667179217170826,0.0667179217170826,0.00741310241300917,0.00741310241300917,0.0667179217170826,2900000,"60",203.17081752289,1,50000,0.000465842377578656,2692795.03347621,193481.972979539,"214979.969977266","0.9",0.999999999999979
"126","susceptible",0,0.00741310241300917,0.0667179217170826,0.00741310241300917,0.00741310241300917,0.0667179217170826,2900000,"60",203.17081752289,1,50000,0.000465842377578656,2692795.03347621,21497.9969977266,"214979.969977266","0.1",0.999999999999979
"127","resistant",1,1.30794236524848,1.30794236524848,0.00687870156755515,0.00741310241300917,0.0667179217170826,2900000,"60",203.17081752289,1,50000,0.000465842377578656,2692795.03347621,3793032.85922059,"3812981.0937665","0.994768336360618",0.999999999999979
"128","susceptible",1,0.00687870156755515,1.30794236524848,0.00687870156755515,0.00741310241300917,0.0667179217170826,2900000,"60",203.17081752289,1,50000,0.000465842377578656,2692795.03347621,19948.2345459099,"3812981.0937665","0.00523166363938219",0.999999999999979
"129","resistant",0,0.0741310241300917,0.0741310241300917,0,0,0.0741310241300917,2900000,"60",203.17081752289,1,50000,0.000465842377578656,2692795.03347621,214979.969977266,"214979.969977266","1",0.999999999999979
"130","susceptible",0,0,0.0741310241300917,0,0,0.0741310241300917,2900000,"60",203.17081752289,1,50000,0.000465842377578656,2692795.03347621,0,"214979.969977266","0",0.999999999999979
"131","resistant",1,1.45162622356482,1.45162622356482,2.90331051333991e-05,0,0.0741310241300917,2900000,"60",203.17081752289,1,50000,0.000465842377578656,2692795.03347621,4209716.04833798,"4209800.24434287","0.99998",0.999999999999979
"132","susceptible",1,2.90331051333991e-05,1.45162622356482,2.90331051333991e-05,0,0.0741310241300917,2900000,"60",203.17081752289,1,50000,0.000465842377578656,2692795.03347621,84.1960048868574,"4209800.24434287","2e-05",0.999999999999979
"133","resistant",0,0,0,0.201836636368156,0.201836636368156,0,2900000,"60",203.17081752289,1,50000,0.000465842377578656,2369962.3426056,0,"585326.245467652","0",0.999999999999974
"134","susceptible",0,0.201836636368156,0,0.201836636368156,0.201836636368156,0,2900000,"60",203.17081752289,1,50000,0.000465842377578656,2369962.3426056,585326.245467652,"585326.245467652","1",0.999999999999974
"135","resistant",1,3.45970481042881e-07,3.45970481042881e-07,0.017298178081663,0.201836636368156,0,2900000,"60",203.17081752289,1,50000,0.000465842377578656,2369962.3426056,1.00331439502435,"50165.7197512177","2e-05",0.999999999999974
"136","susceptible",1,0.017298178081663,3.45970481042881e-07,0.017298178081663,0.201836636368156,0,2900000,"60",203.17081752289,1,50000,0.000465842377578656,2369962.3426056,50164.7164368227,"50165.7197512177","0.99998",0.999999999999974
"137","resistant",0,0.0201836636368156,0.0201836636368156,0.18165297273134,0.18165297273134,0.0201836636368156,2900000,"60",203.17081752289,1,50000,0.000465842377578656,2369962.34260564,58532.6245467652,"585326.245467652","0.1",0.999999999999974
"138","susceptible",0,0.18165297273134,0.0201836636368156,0.18165297273134,0.18165297273134,0.0201836636368156,2900000,"60",203.17081752289,1,50000,0.000465842377578656,2369962.34260564,526793.620920887,"585326.245467652","0.9",0.999999999999974
"139","resistant",1,0.379943535530128,0.379943535530128,0.0580687618989,0.18165297273134,0.0201836636368156,2900000,"60",203.17081752289,1,50000,0.000465842377578656,2369962.34260564,1101836.25303737,"1270235.66254418","0.867426640211377",0.999999999999974
"140","susceptible",1,0.0580687618989,0.379943535530128,0.0580687618989,0.18165297273134,0.0201836636368156,2900000,"60",203.17081752289,1,50000,0.000465842377578656,2369962.34260564,168399.40950681,"1270235.66254418","0.132573359788623",0.999999999999974
"141","resistant",0,0.0403673272736312,0.0403673272736312,0.161469309094525,0.161469309094525,0.0403673272736312,2900000,"60",203.17081752289,1,50000,0.000465842377578656,2369962.3426056,117065.24909353,"585326.245467652","0.2",0.999999999999974
"142","susceptible",0,0.161469309094525,0.0403673272736312,0.161469309094525,0.161469309094525,0.0403673272736312,2900000,"60",203.17081752289,1,50000,0.000465842377578656,2369962.3426056,468260.996374122,"585326.245467652","0.8",0.999999999999974
"143","resistant",1,0.758570885125434,0.758570885125434,0.0894283114401109,0.161469309094525,0.0403673272736312,2900000,"60",203.17081752289,1,50000,0.000465842377578656,2369962.3426056,2199855.56686376,"2459197.67004008","0.894541985650102",0.999999999999974
"144","susceptible",1,0.0894283114401109,0.758570885125434,0.0894283114401109,0.161469309094525,0.0403673272736312,2900000,"60",203.17081752289,1,50000,0.000465842377578656,2369962.3426056,259342.103176321,"2459197.67004008","0.105458014349898",0.999999999999974
"145","resistant",0,0.0605509909104468,0.0605509909104468,0.141285645457709,0.141285645457709,0.0605509909104468,2900000,"60",203.17081752289,1,50000,0.000465842377578656,2369962.34260562,175597.873640296,"585326.245467652","0.3",0.999999999999974
"146","susceptible",0,0.141285645457709,0.0605509909104468,0.141285645457709,0.141285645457709,0.0605509909104468,2900000,"60",203.17081752289,1,50000,0.000465842377578656,2369962.34260562,409728.371827357,"585326.245467652","0.7",0.999999999999974
"147","resistant",1,1.13566305348355,1.13566305348355,0.111362781464565,0.141285645457709,0.0605509909104468,2900000,"60",203.17081752289,1,50000,0.000465842377578656,2369962.34260562,3293422.8551023,"3616374.92134954","0.910697294038661",0.999999999999974
"148","susceptible",1,0.111362781464565,1.13566305348355,0.111362781464565,0.141285645457709,0.0605509909104468,2900000,"60",203.17081752289,1,50000,0.000465842377578656,2369962.34260562,322952.06624724,"3616374.92134954","0.0893027059613394",0.999999999999974
"149","resistant",0,0.0807346545472624,0.0807346545472624,0.121101981820894,0.121101981820894,0.0807346545472624,2900000,"60",203.17081752289,1,50000,0.000465842377578656,2369962.34260563,234130.498187061,"585326.245467652","0.4",0.999999999999974
"150","susceptible",0,0.121101981820894,0.0807346545472624,0.121101981820894,0.121101981820894,0.0807346545472624,2900000,"60",203.17081752289,1,50000,0.000465842377578656,2369962.34260563,351195.747280591,"585326.245467652","0.6",0.999999999999974
"151","resistant",1,1.51099791774994,1.51099791774994,0.123859311480867,0.121101981820894,0.0807346545472624,2900000,"60",203.17081752289,1,50000,0.000465842377578656,2369962.34260563,4381893.96147484,"4741085.96476935","0.9242384538134",0.999999999999974
"152","susceptible",1,0.123859311480867,1.51099791774994,0.123859311480867,0.121101981820894,0.0807346545472624,2900000,"60",203.17081752289,1,50000,0.000465842377578656,2369962.34260563,359192.003294514,"4741085.96476935","0.0757615461865999",0.999999999999974
"153","resistant",0,0.100918318184078,0.100918318184078,0.100918318184078,0.100918318184078,0.100918318184078,2900000,"60",203.17081752289,1,50000,0.000465842377578656,2369962.3426056,292663.122733826,"585326.245467652","0.5",0.999999999999974
"154","susceptible",0,0.100918318184078,0.100918318184078,0.100918318184078,0.100918318184078,0.100918318184078,2900000,"60",203.17081752289,1,50000,0.000465842377578656,2369962.3426056,292663.122733826,"585326.245467652","0.5",0.999999999999974
"155","resistant",1,1.88435056166536,1.88435056166536,0.126906239311687,0.100918318184078,0.100918318184078,2900000,"60",203.17081752289,1,50000,0.000465842377578656,2369962.3426056,5464616.62882955,"5832644.72283344","0.936902021039761",0.999999999999974
"156","susceptible",1,0.126906239311687,1.88435056166536,0.126906239311687,0.100918318184078,0.100918318184078,2900000,"60",203.17081752289,1,50000,0.000465842377578656,2369962.3426056,368028.094003893,"5832644.72283344","0.0630979789602388",0.999999999999974
"157","resistant",0,0.121101981820894,0.121101981820894,0.0807346545472624,0.0807346545472624,0.121101981820894,2900000,"60",203.17081752289,1,50000,0.000465842377578656,2369962.34260563,351195.747280591,"585326.245467652","0.6",0.999999999999974
"158","susceptible",0,0.0807346545472624,0.121101981820894,0.0807346545472624,0.0807346545472624,0.121101981820894,2900000,"60",203.17081752289,1,50000,0.000465842377578656,2369962.34260563,234130.498187061,"585326.245467652","0.4",0.999999999999974
"159","resistant",1,2.25549326380939,2.25549326380939,0.120493114692473,0.0807346545472624,0.121101981820894,2900000,"60",203.17081752289,1,50000,0.000465842377578656,2369962.34260563,6540930.46504724,"6890360.49765542","0.949287118906613",0.999999999999974
"160","susceptible",1,0.120493114692473,2.25549326380939,0.120493114692473,0.0807346545472624,0.121101981820894,2900000,"60",203.17081752289,1,50000,0.000465842377578656,2369962.34260563,349430.032608172,"6890360.49765542","0.0507128810933873",0.999999999999974
"161","resistant",0,0.141285645457709,0.141285645457709,0.0605509909104468,0.0605509909104468,0.141285645457709,2900000,"60",203.17081752289,1,50000,0.000465842377578656,2369962.34260562,409728.371827357,"585326.245467652","0.7",0.999999999999974
"162","susceptible",0,0.0605509909104468,0.141285645457709,0.0605509909104468,0.0605509909104468,0.141285645457709,2900000,"60",203.17081752289,1,50000,0.000465842377578656,2369962.34260562,175597.873640296,"585326.245467652","0.3",0.999999999999974
"163","resistant",1,2.62419548591778,2.62419548591778,0.104610712904107,0.0605509909104468,0.141285645457709,2900000,"60",203.17081752289,1,50000,0.000465842377578656,2369962.34260562,7610166.90916157,"7913537.97658348","0.961664293730617",0.999999999999974
"164","susceptible",1,0.104610712904107,2.62419548591778,0.104610712904107,0.0605509909104468,0.141285645457709,2900000,"60",203.17081752289,1,50000,0.000465842377578656,2369962.34260562,303371.067421909,"7913537.97658348","0.0383357062693827",0.999999999999974
"165","resistant",0,0.161469309094525,0.161469309094525,0.0403673272736312,0.0403673272736312,0.161469309094525,2900000,"60",203.17081752289,1,50000,0.000465842377578656,2369962.3426056,468260.996374122,"585326.245467652","0.8",0.999999999999974
"166","susceptible",0,0.0403673272736312,0.161469309094525,0.0403673272736312,0.0403673272736312,0.161469309094525,2900000,"60",203.17081752289,1,50000,0.000465842377578656,2369962.3426056,117065.24909353,"585326.245467652","0.2",0.999999999999974
"167","resistant",1,2.99022386126843,2.99022386126843,0.0792510484381134,0.0403673272736312,0.161469309094525,2900000,"60",203.17081752289,1,50000,0.000465842377578656,2369962.3426056,8671649.19767845,"8901477.23814898","0.974180910165612",0.999999999999974
"168","susceptible",1,0.0792510484381134,2.99022386126843,0.0792510484381134,0.0403673272736312,0.161469309094525,2900000,"60",203.17081752289,1,50000,0.000465842377578656,2369962.3426056,229828.040470529,"8901477.23814898","0.025819089834388",0.999999999999974
"169","resistant",0,0.18165297273134,0.18165297273134,0.0201836636368156,0.0201836636368156,0.18165297273134,2900000,"60",203.17081752289,1,50000,0.000465842377578656,2369962.34260564,526793.620920887,"585326.245467652","0.9",0.999999999999974
"170","susceptible",0,0.0201836636368156,0.18165297273134,0.0201836636368156,0.0201836636368156,0.18165297273134,2900000,"60",203.17081752289,1,50000,0.000465842377578656,2369962.34260564,58532.6245467652,"585326.245467652","0.1",0.999999999999974
"171","resistant",1,3.35334218313979,3.35334218313979,0.0444073886947995,0.0201836636368156,0.18165297273134,2900000,"60",203.17081752289,1,50000,0.000465842377578656,2369962.34260564,9724692.33110539,"9853473.75832031","0.986930352647849",0.999999999999974
"172","susceptible",1,0.0444073886947995,3.35334218313979,0.0444073886947995,0.0201836636368156,0.18165297273134,2900000,"60",203.17081752289,1,50000,0.000465842377578656,2369962.34260564,128781.427214919,"9853473.75832031","0.0130696473521508",0.999999999999974
"173","resistant",0,0.201836636368156,0.201836636368156,0,0,0.201836636368156,2900000,"60",203.17081752289,1,50000,0.000465842377578656,2369962.3426056,585326.245467652,"585326.245467652","1",0.999999999999974
"174","susceptible",0,0,0.201836636368156,0,0,0.201836636368156,2900000,"60",203.17081752289,1,50000,0.000465842377578656,2369962.3426056,0,"585326.245467652","0",0.999999999999974
"175","resistant",1,3.71331139334618,3.71331139334618,7.42677132211881e-05,0,0.201836636368156,2900000,"60",203.17081752289,1,50000,0.000465842377578656,2369962.3426056,10768603.0407039,"10768818.4170723","0.99998",0.999999999999974
"176","susceptible",1,7.42677132211881e-05,3.71331139334618,7.42677132211881e-05,0,0.201836636368156,2900000,"60",203.17081752289,1,50000,0.000465842377578656,2369962.3426056,215.376368341446,"10768818.4170723","2e-05",0.999999999999974
"177","resistant",0,0,0,0.549540873857624,0.549540873857624,0,2900000,"60",203.17081752289,1,50000,0.000465842377578656,1673922.65682493,0,"1593668.53418711","0",0.99999999999996
"178","susceptible",0,0.549540873857624,0,0.549540873857624,0.549540873857624,0,2900000,"60",203.17081752289,1,50000,0.000465842377578656,1673922.65682493,1593668.53418711,"1593668.53418711","1",0.99999999999996
"179","resistant",1,8.00295153177082e-07,8.00295153177082e-07,0.0400139573637009,0.549540873857624,0,2900000,"60",203.17081752289,1,50000,0.000465842377578656,1673922.65682493,2.32085594421354,"116042.797210677","2e-05",0.99999999999996
"180","susceptible",1,0.0400139573637009,8.00295153177082e-07,0.0400139573637009,0.549540873857624,0,2900000,"60",203.17081752289,1,50000,0.000465842377578656,1673922.65682493,116040.476354733,"116042.797210677","0.99998",0.99999999999996
"181","resistant",0,0.0549540873857624,0.0549540873857624,0.494586786471862,0.494586786471862,0.0549540873857624,2900000,"60",203.17081752289,1,50000,0.000465842377578656,1673922.65682494,159366.853418711,"1593668.53418711","0.1",0.999999999999959
"182","susceptible",0,0.494586786471862,0.0549540873857624,0.494586786471862,0.494586786471862,0.0549540873857624,2900000,"60",203.17081752289,1,50000,0.000465842377578656,1673922.65682494,1434301.6807684,"1593668.53418711","0.9",0.999999999999959
"183","resistant",1,0.902200749720987,0.902200749720987,0.294986708250024,0.494586786471862,0.0549540873857624,2900000,"60",203.17081752289,1,50000,0.000465842377578656,1673922.65682494,2616382.17419086,"3471843.62811593","0.753600235045925",0.999999999999959
"184","susceptible",1,0.294986708250024,0.902200749720987,0.294986708250024,0.494586786471862,0.0549540873857624,2900000,"60",203.17081752289,1,50000,0.000465842377578656,1673922.65682494,855461.45392507,"3471843.62811593","0.246399764954075",0.999999999999959
"185","resistant",0,0.109908174771525,0.109908174771525,0.439632699086099,0.439632699086099,0.109908174771525,2900000,"60",203.17081752289,1,50000,0.000465842377578656,1673922.65682494,318733.706837422,"1593668.53418711","0.2",0.99999999999996
"186","susceptible",0,0.439632699086099,0.109908174771525,0.439632699086099,0.439632699086099,0.109908174771525,2900000,"60",203.17081752289,1,50000,0.000465842377578656,1673922.65682494,1274934.82734969,"1593668.53418711","0.8",0.99999999999996
"187","resistant",1,1.80438157062733,1.80438157062733,0.493057127503999,0.439632699086099,0.109908174771525,2900000,"60",203.17081752289,1,50000,0.000465842377578656,1673922.65682494,5232706.55481927,"6662572.22458087","0.785388342285243",0.99999999999996
"188","susceptible",1,0.493057127503999,1.80438157062733,0.493057127503999,0.439632699086099,0.109908174771525,2900000,"60",203.17081752289,1,50000,0.000465842377578656,1673922.65682494,1429865.6697616,"6662572.22458087","0.214611657714757",0.99999999999996
"189","resistant",0,0.164862262157287,0.164862262157287,0.384678611700337,0.384678611700337,0.164862262157287,2900000,"60",203.17081752289,1,50000,0.000465842377578656,1673922.65682494,478100.560256133,"1593668.53418711","0.3",0.99999999999996
"190","susceptible",0,0.384678611700337,0.164862262157287,0.384678611700337,0.384678611700337,0.164862262157287,2900000,"60",203.17081752289,1,50000,0.000465842377578656,1673922.65682494,1115567.97393098,"1593668.53418711","0.7",0.99999999999996
"191","resistant",1,2.70316358327056,2.70316358327056,0.633892476542926,0.384678611700337,0.164862262157287,2900000,"60",203.17081752289,1,50000,0.000465842377578656,1673922.65682494,7839174.39148462,"9677462.5734591","0.810044402856584",0.99999999999996
"192","susceptible",1,0.633892476542926,2.70316358327056,0.633892476542926,0.384678611700337,0.164862262157287,2900000,"60",203.17081752289,1,50000,0.000465842377578656,1673922.65682494,1838288.18197448,"9677462.5734591","0.189955597143416",0.99999999999996
"193","resistant",0,0.21981634954305,0.21981634954305,0.329724524314575,0.329724524314575,0.21981634954305,2900000,"60",203.17081752289,1,50000,0.000465842377578656,1673922.65682494,637467.413674844,"1593668.53418711","0.4",0.99999999999996
"194","susceptible",0,0.329724524314575,0.21981634954305,0.329724524314575,0.329724524314575,0.21981634954305,2900000,"60",203.17081752289,1,50000,0.000465842377578656,1673922.65682494,956201.120512266,"1593668.53418711","0.6",0.99999999999996
"195","resistant",1,3.59504509992388,3.59504509992388,0.717210257377786,0.329724524314575,0.21981634954305,2900000,"60",203.17081752289,1,50000,0.000465842377578656,1673922.65682494,10425630.7897793,"12505540.5361748","0.83368094002982",0.99999999999996
"196","susceptible",1,0.717210257377786,3.59504509992388,0.717210257377786,0.329724524314575,0.21981634954305,2900000,"60",203.17081752289,1,50000,0.000465842377578656,1673922.65682494,2079909.74639558,"12505540.5361748","0.16631905997018",0.99999999999996
"197","resistant",0,0.274770436928812,0.274770436928812,0.274770436928812,0.274770436928812,0.274770436928812,2900000,"60",203.17081752289,1,50000,0.000465842377578656,1673922.65682495,796834.267093555,"1593668.53418711","0.5",0.99999999999996
"198","susceptible",0,0.274770436928812,0.274770436928812,0.274770436928812,0.274770436928812,0.274770436928812,2900000,"60",203.17081752289,1,50000,0.000465842377578656,1673922.65682495,796834.267093555,"1593668.53418711","0.5",0.99999999999996
"199","resistant",1,4.47640095890366,4.47640095890366,0.742779843367289,0.274770436928812,0.274770436928812,2900000,"60",203.17081752289,1,50000,0.000465842377578656,1673922.65682495,12981562.7808206,"15135624.3265858","0.857682676360993",0.99999999999996
"200","susceptible",1,0.742779843367289,4.47640095890366,0.742779843367289,0.274770436928812,0.274770436928812,2900000,"60",203.17081752289,1,50000,0.000465842377578656,1673922.65682495,2154061.54576514,"15135624.3265858","0.142317323639007",0.99999999999996
"201","resistant",0,0.329724524314575,0.329724524314575,0.21981634954305,0.21981634954305,0.329724524314575,2900000,"60",203.17081752289,1,50000,0.000465842377578656,1673922.65682494,956201.120512266,"1593668.53418711","0.6",0.99999999999996
"202","susceptible",0,0.21981634954305,0.329724524314575,0.21981634954305,0.21981634954305,0.329724524314575,2900000,"60",203.17081752289,1,50000,0.000465842377578656,1673922.65682494,637467.413674844,"1593668.53418711","0.4",0.99999999999996
"203","resistant",1,5.34348108030902,5.34348108030902,0.710424121699744,0.21981634954305,0.329724524314575,2900000,"60",203.17081752289,1,50000,0.000465842377578656,1673922.65682494,15496095.1328962,"17556325.0858254","0.882650273171768",0.99999999999996
"204","susceptible",1,0.710424121699744,5.34348108030902,0.710424121699744,0.21981634954305,0.329724524314575,2900000,"60",203.17081752289,1,50000,0.000465842377578656,1673922.65682494,2060229.95292926,"17556325.0858254","0.117349726828232",0.99999999999996
"205","resistant",0,0.384678611700337,0.384678611700337,0.164862262157287,0.164862262157287,0.384678611700337,2900000,"60",203.17081752289,1,50000,0.000465842377578656,1673922.65682494,1115567.97393098,"1593668.53418711","0.7",0.99999999999996
"206","susceptible",0,0.164862262157287,0.384678611700337,0.164862262157287,0.164862262157287,0.384678611700337,2900000,"60",203.17081752289,1,50000,0.000465842377578656,1673922.65682494,478100.560256133,"1593668.53418711","0.3",0.99999999999996
"207","resistant",1,6.19240904447661,6.19240904447661,0.620021147148241,0.164862262157287,0.384678611700337,2900000,"60",203.17081752289,1,50000,0.000465842377578656,1673922.65682494,17957986.2289822,"19756047.5557121","0.908986788897963",0.99999999999996
"208","susceptible",1,0.620021147148241,6.19240904447661,0.620021147148241,0.164862262157287,0.384678611700337,2900000,"60",203.17081752289,1,50000,0.000465842377578656,1673922.65682494,1798061.3267299,"19756047.5557121","0.0910132111020367",0.99999999999996
"209","resistant",0,0.439632699086099,0.439632699086099,0.109908174771525,0.109908174771525,0.439632699086099,2900000,"60",203.17081752289,1,50000,0.000465842377578656,1673922.65682495,1274934.82734969,"1593668.53418711","0.8",0.99999999999996
"210","susceptible",0,0.109908174771525,0.439632699086099,0.109908174771525,0.109908174771525,0.439632699086099,2900000,"60",203.17081752289,1,50000,0.000465842377578656,1673922.65682495,318733.706837422,"1593668.53418711","0.2",0.99999999999996
"211","resistant",1,7.01918069416213,7.01918069416213,0.471505806631827,0.109908174771525,0.439632699086099,2900000,"60",203.17081752289,1,50000,0.000465842377578656,1673922.65682495,20355624.0130702,"21722990.8523025","0.93705439326798",0.99999999999996
"212","susceptible",1,0.471505806631827,7.01918069416213,0.471505806631827,0.109908174771525,0.439632699086099,2900000,"60",203.17081752289,1,50000,0.000465842377578656,1673922.65682495,1367366.8392323,"21722990.8523025","0.06294560673202",0.99999999999996
"213","resistant",0,0.494586786471862,0.494586786471862,0.0549540873857624,0.0549540873857624,0.494586786471862,2900000,"60",203.17081752289,1,50000,0.000465842377578656,1673922.65682494,1434301.6807684,"1593668.53418711","0.9",0.99999999999996
"214","susceptible",0,0.0549540873857624,0.494586786471862,0.0549540873857624,0.0549540873857624,0.494586786471862,2900000,"60",203.17081752289,1,50000,0.000465842377578656,1673922.65682494,159366.853418711,"1593668.53418711","0.1",0.99999999999996
"215","resistant",1,7.81966276147082,7.81966276147082,0.264871494102673,0.0549540873857624,0.494586786471862,2900000,"60",203.17081752289,1,50000,0.000465842377578656,1673922.65682494,22677022.0082654,"23445149.3411631","0.96723725996707",0.99999999999996
"216","susceptible",1,0.264871494102673,7.81966276147082,0.264871494102673,0.0549540873857624,0.494586786471862,2900000,"60",203.17081752289,1,50000,0.000465842377578656,1673922.65682494,768127.332897752,"23445149.3411631","0.0327627400329302",0.99999999999996
"217","resistant",0,0.549540873857624,0.549540873857624,0,0,0.549540873857624,2900000,"60",203.17081752289,1,50000,0.000465842377578656,1673922.65682493,1593668.53418711,"1593668.53418711","1",0.99999999999996
"218","susceptible",0,0,0.549540873857624,0,0,0.549540873857624,2900000,"60",203.17081752289,1,50000,0.000465842377578656,1673922.65682493,0,"1593668.53418711","0",0.99999999999996
"219","resistant",1,8.58959152056634,8.58959152056634,0.000171795266316653,0,0.549540873857624,2900000,"60",203.17081752289,1,50000,0.000465842377578656,1673922.65682493,24909815.4096424,"24910313.6159147","0.99998",0.99999999999996
"220","susceptible",1,0.000171795266316653,8.58959152056634,0.000171795266316653,0,0.549540873857624,2900000,"60",203.17081752289,1,50000,0.000465842377578656,1673922.65682493,498.206272318294,"24910313.6159147","2e-05",0.99999999999996
"221","resistant",0,0,0,1.49623565609443,1.49623565609443,0,2900000,"60",203.17081752289,1,50000,0.000465842377578656,649517.70937708,0,"4339083.40267386","0",0.999999999999946
"222","susceptible",0,1.49623565609443,0,1.49623565609443,1.49623565609443,0,2900000,"60",203.17081752289,1,50000,0.000465842377578656,649517.70937708,4339083.40267386,"4339083.40267386","1",0.999999999999946
"223","resistant",1,1.46895306362354e-06,1.46895306362354e-06,0.0734461842281135,1.49623565609443,0,2900000,"60",203.17081752289,1,50000,0.000465842377578656,649517.70937708,4.25996388450828,"212998.194225414","2e-05",0.999999999999946
"224","susceptible",1,0.0734461842281135,1.46895306362354e-06,0.0734461842281135,1.49623565609443,0,2900000,"60",203.17081752289,1,50000,0.000465842377578656,649517.70937708,212993.934261529,"212998.194225414","0.99998",0.999999999999946
"225","resistant",0,0.149623565609443,0.149623565609443,1.34661209048499,1.34661209048499,0.149623565609443,2900000,"60",203.17081752289,1,50000,0.000465842377578656,649517.709377081,433908.340267386,"4339083.40267385","0.1",0.999999999999946
"226","susceptible",0,1.34661209048499,0.149623565609443,1.34661209048499,1.34661209048499,0.149623565609443,2900000,"60",203.17081752289,1,50000,0.000465842377578656,649517.709377081,3905175.06240647,"4339083.40267385","0.9",0.999999999999946
"227","resistant",1,1.66336249057117,1.66336249057117,1.23028827385906,1.34661209048499,0.149623565609443,2900000,"60",203.17081752289,1,50000,0.000465842377578656,649517.709377081,4823751.2226564,"8391587.21684767","0.57483180452106",0.999999999999946
"228","susceptible",1,1.23028827385906,1.66336249057117,1.23028827385906,1.34661209048499,0.149623565609443,2900000,"60",203.17081752289,1,50000,0.000465842377578656,649517.709377081,3567835.99419127,"8391587.21684767","0.425168195478941",0.999999999999946
"229","resistant",0,0.299247131218887,0.299247131218887,1.19698852487555,1.19698852487555,0.299247131218887,2900000,"60",203.17081752289,1,50000,0.000465842377578656,649517.709377087,867816.680534771,"4339083.40267386","0.2",0.999999999999946
"230","susceptible",0,1.19698852487555,0.299247131218887,1.19698852487555,1.19698852487555,0.299247131218887,2900000,"60",203.17081752289,1,50000,0.000465842377578656,649517.709377087,3471266.72213908,"4339083.40267386","0.8",0.999999999999946
"231","resistant",1,3.41333435880123,3.41333435880123,2.13977327563536,1.19698852487555,0.299247131218887,2900000,"60",203.17081752289,1,50000,0.000465842377578656,649517.709377087,9898669.64052357,"16104012.1398661","0.614671024496997",0.999999999999946
"232","susceptible",1,2.13977327563536,3.41333435880123,2.13977327563536,1.19698852487555,0.299247131218887,2900000,"60",203.17081752289,1,50000,0.000465842377578656,649517.709377087,6205342.49934254,"16104012.1398661","0.385328975503003",0.999999999999946
"233","resistant",0,0.44887069682833,0.44887069682833,1.0473649592661,1.0473649592661,0.44887069682833,2900000,"60",203.17081752289,1,50000,0.000465842377578656,649517.70937708,1301725.02080216,"4339083.40267386","0.3",0.999999999999946
"234","susceptible",0,1.0473649592661,0.44887069682833,1.0473649592661,1.0473649592661,0.44887069682833,2900000,"60",203.17081752289,1,50000,0.000465842377578656,649517.70937708,3037358.3818717,"4339083.40267386","0.7",0.999999999999946
"235","resistant",1,5.21693691880378,5.21693691880378,2.79495128248804,1.0473649592661,0.44887069682833,2900000,"60",203.17081752289,1,50000,0.000465842377578656,649517.70937708,15129117.064531,"23234475.7837463","0.651149490323968",0.999999999999946
"236","susceptible",1,2.79495128248804,5.21693691880378,2.79495128248804,1.0473649592661,0.44887069682833,2900000,"60",203.17081752289,1,50000,0.000465842377578656,649517.70937708,8105358.71921531,"23234475.7837463","0.348850509676032",0.999999999999946
"237","resistant",0,0.598494262437773,0.598494262437773,0.89774139365666,0.89774139365666,0.598494262437773,2900000,"60",203.17081752289,1,50000,0.000465842377578656,649517.709377081,1735633.36106954,"4339083.40267386","0.4",0.999999999999946
"238","susceptible",0,0.89774139365666,0.598494262437773,0.89774139365666,0.89774139365666,0.598494262437773,2900000,"60",203.17081752289,1,50000,0.000465842377578656,649517.709377081,2603450.04160431,"4339083.40267386","0.6",0.999999999999946
"239","resistant",1,7.03750094926972,7.03750094926972,3.19024638080836,0.89774139365666,0.598494262437773,2900000,"60",203.17081752289,1,50000,0.000465842377578656,649517.709377081,20408752.7528822,"29660467.2572264","0.688079273191822",0.999999999999946
"240","susceptible",1,3.19024638080836,7.03750094926972,3.19024638080836,0.89774139365666,0.598494262437773,2900000,"60",203.17081752289,1,50000,0.000465842377578656,649517.709377081,9251714.50434424,"29660467.2572264","0.311920726808178",0.999999999999946
"241","resistant",0,0.748117828047216,0.748117828047216,0.748117828047216,0.748117828047216,0.748117828047216,2900000,"60",203.17081752289,1,50000,0.000465842377578656,649517.709377086,2169541.70133693,"4339083.40267386","0.5",0.999999999999946
"242","susceptible",0,0.748117828047216,0.748117828047216,0.748117828047216,0.748117828047216,0.748117828047216,2900000,"60",203.17081752289,1,50000,0.000465842377578656,649517.709377086,2169541.70133693,"4339083.40267386","0.5",0.999999999999946
"243","resistant",1,8.83453540538073,8.83453540538073,3.32159302309163,0.748117828047216,0.748117828047216,2900000,"60",203.17081752289,1,50000,0.000465842377578656,649517.709377086,25620152.6756041,"35252772.4425698","0.726755681906772",0.999999999999946
"244","susceptible",1,3.32159302309163,8.83453540538073,3.32159302309163,0.748117828047216,0.748117828047216,2900000,"60",203.17081752289,1,50000,0.000465842377578656,649517.709377086,9632619.76696573,"35252772.4425698","0.273244318093228",0.999999999999946
"245","resistant",0,0.89774139365666,0.89774139365666,0.598494262437773,0.598494262437773,0.89774139365666,2900000,"60",203.17081752289,1,50000,0.000465842377578656,649517.709377081,2603450.04160431,"4339083.40267386","0.6",0.999999999999946
"246","susceptible",0,0.598494262437773,0.89774139365666,0.598494262437773,0.598494262437773,0.89774139365666,2900000,"60",203.17081752289,1,50000,0.000465842377578656,649517.709377081,1735633.36106954,"4339083.40267386","0.4",0.999999999999946
"247","resistant",1,10.563599039667,10.563599039667,3.1865754235607,0.598494262437773,0.89774139365666,2900000,"60",203.17081752289,1,50000,0.000465842377578656,649517.709377081,30634437.2150342,"39875505.9433602","0.768252000577694",0.999999999999946
"248","susceptible",1,3.1865754235607,10.563599039667,3.1865754235607,0.598494262437773,0.89774139365666,2900000,"60",203.17081752289,1,50000,0.000465842377578656,649517.709377081,9241068.72832602,"39875505.9433602","0.231747999422306",0.999999999999946
"249","resistant",0,1.0473649592661,1.0473649592661,0.44887069682833,0.44887069682833,1.0473649592661,2900000,"60",203.17081752289,1,50000,0.000465842377578656,649517.70937708,3037358.3818717,"4339083.40267385","0.7",0.999999999999946
"250","susceptible",0,0.44887069682833,1.0473649592661,0.44887069682833,0.44887069682833,1.0473649592661,2900000,"60",203.17081752289,1,50000,0.000465842377578656,649517.70937708,1301725.02080216,"4339083.40267385","0.3",0.999999999999946
"251","resistant",1,12.1761770176424,12.1761770176424,2.78456970729587,0.44887069682833,1.0473649592661,2900000,"60",203.17081752289,1,50000,0.000465842377578656,649517.70937708,35310913.351163,"43386165.502321","0.813874951665733",0.999999999999946
"252","susceptible",1,2.78456970729587,12.1761770176424,2.78456970729587,0.44887069682833,1.0473649592661,2900000,"60",203.17081752289,1,50000,0.000465842377578656,649517.70937708,8075252.15115803,"43386165.502321","0.186125048334268",0.999999999999946
"253","resistant",0,1.19698852487555,1.19698852487555,0.299247131218886,0.299247131218886,1.19698852487555,2900000,"60",203.17081752289,1,50000,0.000465842377578656,649517.709377087,3471266.72213908,"4339083.40267386","0.8",0.999999999999946
"254","susceptible",0,0.299247131218886,1.19698852487555,0.299247131218886,0.299247131218886,1.19698852487555,2900000,"60",203.17081752289,1,50000,0.000465842377578656,649517.709377087,867816.680534771,"4339083.40267386","0.2",0.999999999999946
"255","resistant",1,13.6195631624595,13.6195631624595,2.1168885219408,0.299247131218886,1.19698852487555,2900000,"60",203.17081752289,1,50000,0.000465842377578656,649517.709377087,39496733.1711325,"45635709.8847608","0.865478662890739",0.999999999999946
"256","susceptible",1,2.1168885219408,13.6195631624595,2.1168885219408,0.299247131218886,1.19698852487555,2900000,"60",203.17081752289,1,50000,0.000465842377578656,649517.709377087,6138976.71362833,"45635709.8847608","0.134521337109261",0.999999999999946
"257","resistant",0,1.34661209048499,1.34661209048499,0.149623565609443,0.149623565609443,1.34661209048499,2900000,"60",203.17081752289,1,50000,0.000465842377578656,649517.709377081,3905175.06240647,"4339083.40267385","0.9",0.999999999999946
"258","susceptible",0,0.149623565609443,1.34661209048499,0.149623565609443,0.149623565609443,1.34661209048499,2900000,"60",203.17081752289,1,50000,0.000465842377578656,649517.709377081,433908.340267385,"4339083.40267385","0.1",0.999999999999946
"259","resistant",1,14.8367484793481,14.8367484793481,1.18692779935057,0.149623565609443,1.34661209048499,2900000,"60",203.17081752289,1,50000,0.000465842377578656,649517.709377081,43026570.5901095,"46468661.2082261","0.92592662390912",0.999999999999946
"260","susceptible",1,1.18692779935057,14.8367484793481,1.18692779935057,0.149623565609443,1.34661209048499,2900000,"60",203.17081752289,1,50000,0.000465842377578656,649517.709377081,3442090.61811664,"46468661.2082261","0.0740733760908805",0.999999999999946
"261","resistant",0,1.49623565609443,1.49623565609443,0,0,1.49623565609443,2900000,"60",203.17081752289,1,50000,0.000465842377578656,649517.70937708,4339083.40267386,"4339083.40267386","1",0.999999999999946
"262","susceptible",0,0,1.49623565609443,0,0,1.49623565609443,2900000,"60",203.17081752289,1,50000,0.000465842377578656,649517.70937708,0,"4339083.40267386","0",0.999999999999946
"263","resistant",1,15.7663166262095,15.7663166262095,0.000315332639176975,0,1.49623565609443,2900000,"60",203.17081752289,1,50000,0.000465842377578656,649517.70937708,45722318.2160077,"45723232.6806613","0.99998",0.999999999999946
"264","susceptible",1,0.000315332639176975,15.7663166262095,0.000315332639176975,0,1.49623565609443,2900000,"60",203.17081752289,1,50000,0.000465842377578656,649517.70937708,914.464653613226,"45723232.6806613","2e-05",0.999999999999946
"265","resistant",0,0,0,4.07380277804112,4.07380277804112,0,2900000,"60",203.17081752289,1,50000,0.000465842377578656,49336.4192524147,0,"11814028.0563193","0",0.999999999999946
"266","susceptible",0,4.07380277804112,0,4.07380277804112,4.07380277804112,0,2900000,"60",203.17081752289,1,50000,0.000465842377578656,49336.4192524147,11814028.0563193,"11814028.0563193","1",0.999999999999946
"267","resistant",1,1.86070826584475e-06,1.86070826584475e-06,0.0930335525839715,4.07380277804112,0,2900000,"60",203.17081752289,1,50000,0.000465842377578656,49336.4192524147,5.39605397094976,"269802.698547488","2e-05",0.999999999999946
"268","susceptible",1,0.0930335525839715,1.86070826584475e-06,0.0930335525839715,4.07380277804112,0,2900000,"60",203.17081752289,1,50000,0.000465842377578656,49336.4192524147,269797.302493517,"269802.698547488","0.99998",0.999999999999946
"269","resistant",0,0.407380277804112,0.407380277804112,3.66642250023701,3.66642250023701,0.407380277804112,2900000,"60",203.17081752289,1,50000,0.000465842377578656,49336.4192524155,1181402.80563193,"11814028.0563193","0.1",0.999999999999946
"270","susceptible",0,3.66642250023701,0.407380277804112,3.66642250023701,3.66642250023701,0.407380277804112,2900000,"60",203.17081752289,1,50000,0.000465842377578656,49336.4192524155,10632625.2506873,"11814028.0563193","0.9",0.999999999999946
"271","resistant",1,1.64567978816372,1.64567978816372,2.90197989156676,3.66642250023701,0.407380277804112,2900000,"60",203.17081752289,1,50000,0.000465842377578656,49336.4192524155,4772471.3856748,"13188213.0712184","0.361873997629756",0.999999999999946
"272","susceptible",1,2.90197989156676,1.64567978816372,2.90197989156676,3.66642250023701,0.407380277804112,2900000,"60",203.17081752289,1,50000,0.000465842377578656,49336.4192524155,8415741.68554361,"13188213.0712184","0.638126002370244",0.999999999999946
"273","resistant",0,0.814760555608224,0.814760555608224,3.2590422224329,3.2590422224329,0.814760555608224,2900000,"60",203.17081752289,1,50000,0.000465842377578656,49336.4192524159,2362805.61126385,"11814028.0563193","0.2",0.999999999999946
"274","susceptible",0,3.2590422224329,0.814760555608224,3.2590422224329,3.2590422224329,0.814760555608224,2900000,"60",203.17081752289,1,50000,0.000465842377578656,49336.4192524159,9451222.4450554,"11814028.0563193","0.8",0.999999999999946
"275","resistant",1,3.86657253092745,3.86657253092745,5.19792335243442,3.2590422224329,0.814760555608224,2900000,"60",203.17081752289,1,50000,0.000465842377578656,49336.4192524159,11213060.3396896,"26287038.0617494","0.426562335145924",0.999999999999946
"276","susceptible",1,5.19792335243442,3.86657253092745,5.19792335243442,3.2590422224329,0.814760555608224,2900000,"60",203.17081752289,1,50000,0.000465842377578656,49336.4192524159,15073977.7220598,"26287038.0617494","0.573437664854076",0.999999999999946
"277","resistant",0,1.22214083341234,1.22214083341234,2.85166194462878,2.85166194462878,1.22214083341234,2900000,"60",203.17081752289,1,50000,0.000465842377578656,49336.4192524159,3544208.41689578,"11814028.0563193","0.3",0.999999999999946
"278","susceptible",0,2.85166194462878,1.22214083341234,2.85166194462878,2.85166194462878,1.22214083341234,2900000,"60",203.17081752289,1,50000,0.000465842377578656,49336.4192524159,8269819.63942348,"11814028.0563193","0.7",0.999999999999946
"279","resistant",1,6.56658107358093,6.56658107358093,6.90728892106785,2.85166194462878,1.22214083341234,2900000,"60",203.17081752289,1,50000,0.000465842377578656,49336.4192524159,19043085.1133847,"39074222.9844815","0.487356719056135",0.999999999999946
"280","susceptible",1,6.90728892106785,6.56658107358093,6.90728892106785,2.85166194462878,1.22214083341234,2900000,"60",203.17081752289,1,50000,0.000465842377578656,49336.4192524159,20031137.8710968,"39074222.9844815","0.512643280943865",0.999999999999946
"281","resistant",0,1.62952111121645,1.62952111121645,2.44428166682467,2.44428166682467,1.62952111121645,2900000,"60",203.17081752289,1,50000,0.000465842377578656,49336.4192524154,4725611.2225277,"11814028.0563193","0.4",0.999999999999946
"282","susceptible",0,2.44428166682467,1.62952111121645,2.44428166682467,2.44428166682467,1.62952111121645,2900000,"60",203.17081752289,1,50000,0.000465842377578656,49336.4192524154,7088416.83379155,"11814028.0563193","0.6",0.999999999999946
"283","resistant",1,9.60422878461969,9.60422878461969,7.96834170772402,2.44428166682467,1.62952111121645,2900000,"60",203.17081752289,1,50000,0.000465842377578656,49336.4192524154,27852263.4753971,"50960454.4277967","0.546546607327836",0.999999999999946
"284","susceptible",1,7.96834170772402,9.60422878461969,7.96834170772402,2.44428166682467,1.62952111121645,2900000,"60",203.17081752289,1,50000,0.000465842377578656,49336.4192524154,23108190.9523997,"50960454.4277967","0.453453392672164",0.999999999999946
"285","resistant",0,2.03690138902056,2.03690138902056,2.03690138902056,2.03690138902056,2.03690138902056,2900000,"60",203.17081752289,1,50000,0.000465842377578656,49336.4192524147,5907014.02815963,"11814028.0563193","0.5",0.999999999999946
"286","susceptible",0,2.03690138902056,2.03690138902056,2.03690138902056,2.03690138902056,2.03690138902056,2900000,"60",203.17081752289,1,50000,0.000465842377578656,49336.4192524147,5907014.02815963,"11814028.0563193","0.5",0.999999999999946
"287","resistant",1,12.7871750720608,12.7871750720608,8.33585451287357,2.03690138902056,2.03690138902056,2900000,"60",203.17081752289,1,50000,0.000465842377578656,49336.4192524147,37082807.7089764,"61256785.7963097","0.605366527592284",0.999999999999946
"288","susceptible",1,8.33585451287357,12.7871750720608,8.33585451287357,2.03690138902056,2.03690138902056,2900000,"60",203.17081752289,1,50000,0.000465842377578656,49336.4192524147,24173978.0873334,"61256785.7963097","0.394633472407716",0.999999999999946
"289","resistant",0,2.44428166682467,2.44428166682467,1.62952111121645,1.62952111121645,2.44428166682467,2900000,"60",203.17081752289,1,50000,0.000465842377578656,49336.4192524154,7088416.83379155,"11814028.0563193","0.6",0.999999999999946
"290","susceptible",0,1.62952111121645,2.44428166682467,1.62952111121645,1.62952111121645,2.44428166682467,2900000,"60",203.17081752289,1,50000,0.000465842377578656,49336.4192524154,4725611.2225277,"11814028.0563193","0.4",0.999999999999946
"291","resistant",1,15.8669897080814,15.8669897080814,7.98614225982706,1.62952111121645,2.44428166682467,2900000,"60",203.17081752289,1,50000,0.000465842377578656,49336.4192524154,46014270.1534361,"69174082.7069346","0.665195234295796",0.999999999999946
"292","susceptible",1,7.98614225982706,15.8669897080814,7.98614225982706,1.62952111121645,2.44428166682467,2900000,"60",203.17081752289,1,50000,0.000465842377578656,49336.4192524154,23159812.5534985,"69174082.7069346","0.334804765704204",0.999999999999946
"293","resistant",0,2.85166194462879,2.85166194462879,1.22214083341234,1.22214083341234,2.85166194462879,2900000,"60",203.17081752289,1,50000,0.000465842377578656,49336.4192524159,8269819.63942348,"11814028.0563193","0.7",0.999999999999946
"294","susceptible",0,1.22214083341234,2.85166194462879,1.22214083341234,1.22214083341234,2.85166194462879,2900000,"60",203.17081752289,1,50000,0.000465842377578656,49336.4192524159,3544208.41689578,"11814028.0563193","0.3",0.999999999999946
"295","resistant",1,18.5343381004896,18.5343381004896,6.92240495178053,1.22214083341234,2.85166194462879,2900000,"60",203.17081752289,1,50000,0.000465842377578656,49336.4192524159,53749580.4914199,"73824554.8515834","0.728071853592315",0.999999999999946
"296","susceptible",1,6.92240495178053,18.5343381004896,6.92240495178053,1.22214083341234,2.85166194462879,2900000,"60",203.17081752289,1,50000,0.000465842377578656,49336.4192524159,20074974.3601635,"73824554.8515834","0.271928146407685",0.999999999999946
"297","resistant",0,3.2590422224329,3.2590422224329,0.814760555608224,0.814760555608224,3.2590422224329,2900000,"60",203.17081752289,1,50000,0.000465842377578656,49336.4192524159,9451222.4450554,"11814028.0563193","0.8",0.999999999999946
"298","susceptible",0,0.814760555608224,3.2590422224329,0.814760555608224,0.814760555608224,3.2590422224329,2900000,"60",203.17081752289,1,50000,0.000465842377578656,49336.4192524159,2362805.61126385,"11814028.0563193","0.2",0.999999999999946
"299","resistant",1,20.4147404642969,20.4147404642969,5.18030624956387,0.814760555608224,3.2590422224329,2900000,"60",203.17081752289,1,50000,0.000465842377578656,49336.4192524159,59202747.3464609,"74225635.4701962","0.79760512619973",0.999999999999946
"300","susceptible",1,5.18030624956387,20.4147404642969,5.18030624956387,0.814760555608224,3.2590422224329,2900000,"60",203.17081752289,1,50000,0.000465842377578656,49336.4192524159,15022888.1237352,"74225635.4701962","0.20239487380027",0.999999999999946
"301","resistant",0,3.66642250023701,3.66642250023701,0.407380277804112,0.407380277804112,3.66642250023701,2900000,"60",203.17081752289,1,50000,0.000465842377578656,49336.4192524155,10632625.2506873,"11814028.0563193","0.9",0.999999999999946
"302","susceptible",0,0.407380277804112,3.66642250023701,0.407380277804112,0.407380277804112,3.66642250023701,2900000,"60",203.17081752289,1,50000,0.000465842377578656,49336.4192524155,1181402.80563193,"11814028.0563193","0.1",0.999999999999946
"303","resistant",1,21.0650790378371,21.0650790378371,2.83369971313587,0.407380277804112,3.66642250023701,2900000,"60",203.17081752289,1,50000,0.000465842377578656,49336.4192524155,61088729.2097275,"69306458.3778215","0.881429099676463",0.999999999999946
"304","susceptible",1,2.83369971313587,21.0650790378371,2.83369971313587,0.407380277804112,3.66642250023701,2900000,"60",203.17081752289,1,50000,0.000465842377578656,49336.4192524155,8217729.16809402,"69306458.3778215","0.118570900323537",0.999999999999946
"305","resistant",0,4.07380277804112,4.07380277804112,0,0,4.07380277804112,2900000,"60",203.17081752289,1,50000,0.000465842377578656,49336.4192524147,11814028.0563193,"11814028.0563193","1",0.999999999999946
"306","susceptible",0,0,4.07380277804112,0,0,4.07380277804112,2900000,"60",203.17081752289,1,50000,0.000465842377578656,49336.4192524147,0,"11814028.0563193","0",0.999999999999946
"307","resistant",1,19.971036784489,19.971036784489,0.000399428724264265,0,4.07380277804112,2900000,"60",203.17081752289,1,50000,0.000465842377578656,49336.4192524147,57916006.675018,"57917165.0183184","0.99998",0.999999999999946
"308","susceptible",1,0.000399428724264265,19.971036784489,0.000399428724264265,0,4.07380277804112,2900000,"60",203.17081752289,1,50000,0.000465842377578656,49336.4192524147,1158.34330036637,"57917165.0183184","2e-05",0.999999999999946
"309","resistant",0,0,0,11.091748152624,11.091748152624,0,2900000,"60",203.17081752289,1,50000,0.000465842377578656,44.188794107557,0,"32166069.6426096","0",0.999999999999927
"310","susceptible",0,11.091748152624,0,11.091748152624,11.091748152624,0,2900000,"60",203.17081752289,1,50000,0.000465842377578656,44.188794107557,32166069.6426096,"32166069.6426096","1",0.999999999999927
"311","resistant",1,1.89288269052082e-06,1.89288269052082e-06,0.0946422416433506,11.091748152624,0,2900000,"60",203.17081752289,1,50000,0.000465842377578656,44.188794107557,5.48935980251039,"274467.990125519","2e-05",0.999999999999927
"312","susceptible",1,0.0946422416433506,1.89288269052082e-06,0.0946422416433506,11.091748152624,0,2900000,"60",203.17081752289,1,50000,0.000465842377578656,44.188794107557,274462.500765717,"274467.990125519","0.99998",0.999999999999927
"313","resistant",0,1.1091748152624,1.1091748152624,9.9825733373616,9.9825733373616,1.1091748152624,2900000,"60",203.17081752289,1,50000,0.000465842377578656,44.188794107557,3216606.96426096,"32166069.6426096","0.1",0.999999999999928
"314","susceptible",0,9.9825733373616,1.1091748152624,9.9825733373616,9.9825733373616,1.1091748152624,2900000,"60",203.17081752289,1,50000,0.000465842377578656,44.188794107557,28949462.6783486,"32166069.6426096","0.9",0.999999999999928
"315","resistant",1,0.871941506817343,0.871941506817343,3.61042836421595,9.9825733373616,1.1091748152624,2900000,"60",203.17081752289,1,50000,0.000465842377578656,44.188794107557,2528630.3697703,"12998872.6259966","0.194526898026008",0.999999999999928
"316","susceptible",1,3.61042836421595,0.871941506817343,3.61042836421595,9.9825733373616,1.1091748152624,2900000,"60",203.17081752289,1,50000,0.000465842377578656,44.188794107557,10470242.2562263,"12998872.6259966","0.805473101973992",0.999999999999928
"317","resistant",0,2.2183496305248,2.2183496305248,8.8733985220992,8.8733985220992,2.2183496305248,2900000,"60",203.17081752289,1,50000,0.000465842377578656,44.188794107557,6433213.92852192,"32166069.6426096","0.2",0.999999999999927
"318","susceptible",0,8.8733985220992,2.2183496305248,8.8733985220992,8.8733985220992,2.2183496305248,2900000,"60",203.17081752289,1,50000,0.000465842377578656,44.188794107557,25732855.7140877,"32166069.6426096","0.8",0.999999999999927
"319","resistant",1,2.70042742209441,2.70042742209441,6.69735860437979,8.8733985220992,2.2183496305248,2900000,"60",203.17081752289,1,50000,0.000465842377578656,44.188794107557,7831239.5240738,"27253579.4767752","0.287347191613762",0.999999999999927
"320","susceptible",1,6.69735860437979,2.70042742209441,6.69735860437979,8.8733985220992,2.2183496305248,2900000,"60",203.17081752289,1,50000,0.000465842377578656,44.188794107557,19422339.9527014,"27253579.4767752","0.712652808386238",0.999999999999927
"321","resistant",0,3.3275244457872,3.3275244457872,7.7642237068368,7.7642237068368,3.3275244457872,2900000,"60",203.17081752289,1,50000,0.000465842377578656,44.1887941075571,9649820.89278288,"32166069.6426096","0.3",0.999999999999927
"322","susceptible",0,7.7642237068368,3.3275244457872,7.7642237068368,7.7642237068368,3.3275244457872,2900000,"60",203.17081752289,1,50000,0.000465842377578656,44.1887941075571,22516248.7498267,"32166069.6426096","0.7",0.999999999999927
"323","resistant",1,5.52080074724097,5.52080074724097,9.1540807233348,7.7642237068368,3.3275244457872,2900000,"60",203.17081752289,1,50000,0.000465842377578656,44.1887941075571,16010322.1669988,"42557156.2646697","0.37620751883486",0.999999999999927
"324","susceptible",1,9.1540807233348,5.52080074724097,9.1540807233348,7.7642237068368,3.3275244457872,2900000,"60",203.17081752289,1,50000,0.000465842377578656,44.1887941075571,26546834.0976709,"42557156.2646697","0.62379248116514",0.999999999999927
"325","resistant",0,4.4366992610496,4.4366992610496,6.6550488915744,6.6550488915744,4.4366992610496,2900000,"60",203.17081752289,1,50000,0.000465842377578656,44.1887941075571,12866427.8570438,"32166069.6426096","0.4",0.999999999999927
"326","susceptible",0,6.6550488915744,4.4366992610496,6.6550488915744,6.6550488915744,4.4366992610496,2900000,"60",203.17081752289,1,50000,0.000465842377578656,44.1887941075571,19299641.7855658,"32166069.6426096","0.6",0.999999999999927
"327","resistant",1,9.25404198018302,9.25404198018302,10.7761837293192,6.6550488915744,4.4366992610496,2900000,"60",203.17081752289,1,50000,0.000465842377578656,44.1887941075571,26836721.7425308,"58087654.5575564","0.462003879256986",0.999999999999927
"328","susceptible",1,10.7761837293192,9.25404198018302,10.7761837293192,6.6550488915744,4.4366992610496,2900000,"60",203.17081752289,1,50000,0.000465842377578656,44.1887941075571,31250932.8150256,"58087654.5575564","0.537996120743014",0.999999999999927
"329","resistant",0,5.545874076312,5.545874076312,5.545874076312,5.545874076312,5.545874076312,2900000,"60",203.17081752289,1,50000,0.000465842377578656,44.1887941075572,16083034.8213048,"32166069.6426096","0.5",0.999999999999927
"330","susceptible",0,5.545874076312,5.545874076312,5.545874076312,5.545874076312,5.545874076312,2900000,"60",203.17081752289,1,50000,0.000465842377578656,44.1887941075572,16083034.8213048,"32166069.6426096","0.5",0.999999999999927
"331","resistant",1,13.658851636939,13.658851636939,11.3849895749256,5.545874076312,5.545874076312,2900000,"60",203.17081752289,1,50000,0.000465842377578656,44.1887941075572,39610669.7471232,"72627139.5144074","0.545397629756097",0.999999999999927
"332","susceptible",1,11.3849895749256,13.658851636939,11.3849895749256,5.545874076312,5.545874076312,2900000,"60",203.17081752289,1,50000,0.000465842377578656,44.1887941075572,33016469.7672842,"72627139.5144074","0.454602370243903",0.999999999999927
"333","resistant",0,6.6550488915744,6.6550488915744,4.4366992610496,4.4366992610496,6.6550488915744,2900000,"60",203.17081752289,1,50000,0.000465842377578656,44.1887941075571,19299641.7855658,"32166069.6426096","0.6",0.999999999999927
"334","susceptible",0,4.4366992610496,6.6550488915744,4.4366992610496,4.4366992610496,6.6550488915744,2900000,"60",203.17081752289,1,50000,0.000465842377578656,44.1887941075571,12866427.8570438,"32166069.6426096","0.4",0.999999999999927
"335","resistant",1,18.2823839984395,18.2823839984395,10.8649982113007,4.4366992610496,6.6550488915744,2900000,"60",203.17081752289,1,50000,0.000465842377578656,44.1887941075571,53018913.5954745,"84527408.4082465","0.627239313187105",0.999999999999927
"336","susceptible",1,10.8649982113007,18.2823839984395,10.8649982113007,4.4366992610496,6.6550488915744,2900000,"60",203.17081752289,1,50000,0.000465842377578656,44.1887941075571,31508494.812772,"84527408.4082465","0.372760686812895",0.999999999999927
"337","resistant",0,7.7642237068368,7.7642237068368,3.3275244457872,3.3275244457872,7.7642237068368,2900000,"60",203.17081752289,1,50000,0.000465842377578656,44.1887941075571,22516248.7498267,"32166069.6426096","0.7",0.999999999999927
"338","susceptible",0,3.3275244457872,7.7642237068368,3.3275244457872,3.3275244457872,7.7642237068368,2900000,"60",203.17081752289,1,50000,0.000465842377578656,44.1887941075571,9649820.89278288,"32166069.6426096","0.3",0.999999999999927
"339","resistant",1,22.4148427200009,22.4148427200009,9.20866530244805,3.3275244457872,7.7642237068368,2900000,"60",203.17081752289,1,50000,0.000465842377578656,44.1887941075571,65003043.8880027,"91708173.2651021","0.708803169594247",0.999999999999927
"340","susceptible",1,9.20866530244805,22.4148427200009,9.20866530244805,3.3275244457872,7.7642237068368,2900000,"60",203.17081752289,1,50000,0.000465842377578656,44.1887941075571,26705129.3770994,"91708173.2651021","0.291196830405753",0.999999999999927
"341","resistant",0,8.8733985220992,8.8733985220992,2.2183496305248,2.2183496305248,8.8733985220992,2900000,"60",203.17081752289,1,50000,0.000465842377578656,44.1887941075571,25732855.7140877,"32166069.6426096","0.8",0.999999999999927
"342","susceptible",0,2.2183496305248,8.8733985220992,2.2183496305248,2.2183496305248,8.8733985220992,2900000,"60",203.17081752289,1,50000,0.000465842377578656,44.1887941075571,6433213.92852192,"32166069.6426096","0.2",0.999999999999927
"343","resistant",1,25.0545689874333,25.0545689874333,6.56581702167643,2.2183496305248,8.8733985220992,2900000,"60",203.17081752289,1,50000,0.000465842377578656,44.1887941075571,72658250.0635565,"91699119.4264182","0.792354937735901",0.999999999999927
"344","susceptible",1,6.56581702167643,25.0545689874333,6.56581702167643,2.2183496305248,8.8733985220992,2900000,"60",203.17081752289,1,50000,0.000465842377578656,44.1887941075571,19040869.3628617,"91699119.4264182","0.207645062264099",0.999999999999927
"345","resistant",0,9.9825733373616,9.9825733373616,1.1091748152624,1.1091748152624,9.9825733373616,2900000,"60",203.17081752289,1,50000,0.000465842377578656,44.188794107557,28949462.6783486,"32166069.6426096","0.9",0.999999999999928
"346","susceptible",0,1.1091748152624,9.9825733373616,1.1091748152624,1.1091748152624,9.9825733373616,2900000,"60",203.17081752289,1,50000,0.000465842377578656,44.188794107557,3216606.96426096,"32166069.6426096","0.1",0.999999999999928
"347","resistant",1,24.8913668020829,24.8913668020829,3.29348399543773,1.1091748152624,9.9825733373616,2900000,"60",203.17081752289,1,50000,0.000465842377578656,44.188794107557,72184963.7260404,"81736067.3128098","0.883147013298099",0.999999999999928
"348","susceptible",1,3.29348399543773,24.8913668020829,3.29348399543773,1.1091748152624,9.9825733373616,2900000,"60",203.17081752289,1,50000,0.000465842377578656,44.188794107557,9551103.58676942,"81736067.3128098","0.116852986701901",0.999999999999928
"349","resistant",0,11.091748152624,11.091748152624,0,0,11.091748152624,2900000,"60",203.17081752289,1,50000,0.000465842377578656,44.188794107557,32166069.6426096,"32166069.6426096","1",0.999999999999927
"350","susceptible",0,0,11.091748152624,0,0,11.091748152624,2900000,"60",203.17081752289,1,50000,0.000465842377578656,44.188794107557,0,"32166069.6426096","0",0.999999999999927
"351","resistant",1,20.3163658350019,20.3163658350019,0.000406335443408906,0,11.091748152624,2900000,"60",203.17081752289,1,50000,0.000465842377578656,44.188794107557,58917460.9215055,"58918639.2942914","0.99998",0.999999999999927
"352","susceptible",1,0.000406335443408906,20.3163658350019,0.000406335443408906,0,11.091748152624,2900000,"60",203.17081752289,1,50000,0.000465842377578656,44.188794107557,1178.37278588583,"58918639.2942914","2e-05",0.999999999999927
"353","resistant",0,0,0,30.1995172040201,30.1995172040201,0,2900000,"60",203.17081752289,1,50000,0.000465842377578656,2.22285973334403e-07,0,"87578599.8916584","0",0.999999999999957
"354","susceptible",0,30.1995172040201,0,30.1995172040201,30.1995172040201,0,2900000,"60",203.17081752289,1,50000,0.000465842377578656,2.22285973334403e-07,87578599.8916584,"87578599.8916584","1",0.999999999999957
"355","resistant",1,1.89291153378902e-06,1.89291153378902e-06,0.0946436837779172,30.1995172040201,0,2900000,"60",203.17081752289,1,50000,0.000465842377578656,2.22285973334403e-07,5.48944344798816,"274472.172399408","2e-05",0.999999999999957
"356","susceptible",1,0.0946436837779172,1.89291153378902e-06,0.0946436837779172,30.1995172040201,0,2900000,"60",203.17081752289,1,50000,0.000465842377578656,2.22285973334403e-07,274466.68295596,"274472.172399408","0.99998",0.999999999999957
"357","resistant",0,3.01995172040201,3.01995172040201,27.1795654836181,27.1795654836181,3.01995172040201,2900000,"60",203.17081752289,1,50000,0.000465842377578656,2.22285973334403e-07,8757859.98916584,"87578599.8916584","0.1",0.999999999999957
"358","susceptible",0,27.1795654836181,3.01995172040201,27.1795654836181,27.1795654836181,3.01995172040201,2900000,"60",203.17081752289,1,50000,0.000465842377578656,2.22285973334403e-07,78820739.9024925,"87578599.8916584","0.9",0.999999999999957
"359","resistant",1,0.569090158327369,0.569090158327369,3.72368448205022,27.1795654836181,3.01995172040201,2900000,"60",203.17081752289,1,50000,0.000465842377578656,2.22285973334403e-07,1650361.45914937,"12449046.457095","0.132569306800907",0.999999999999957
"360","susceptible",1,3.72368448205022,0.569090158327369,3.72368448205022,27.1795654836181,3.01995172040201,2900000,"60",203.17081752289,1,50000,0.000465842377578656,2.22285973334403e-07,10798684.9979456,"12449046.457095","0.867430693199093",0.999999999999957
"361","resistant",0,6.03990344080403,6.03990344080403,24.1596137632161,24.1596137632161,6.03990344080403,2900000,"60",203.17081752289,1,50000,0.000465842377578656,2.22285973334404e-07,17515719.9783317,"87578599.8916584","0.2",0.999999999999957
"362","susceptible",0,24.1596137632161,6.03990344080403,24.1596137632161,24.1596137632161,6.03990344080403,2900000,"60",203.17081752289,1,50000,0.000465842377578656,2.22285973334404e-07,70062879.9133267,"87578599.8916584","0.8",0.999999999999957
"363","resistant",1,2.1089783445469,2.1089783445469,7.02453162600665,24.1596137632161,6.03990344080403,2900000,"60",203.17081752289,1,50000,0.000465842377578656,2.22285973334404e-07,6116037.19918602,"26487178.9146053","0.230905572046919",0.999999999999957
"364","susceptible",1,7.02453162600665,2.1089783445469,7.02453162600665,24.1596137632161,6.03990344080403,2900000,"60",203.17081752289,1,50000,0.000465842377578656,2.22285973334404e-07,20371141.7154193,"26487178.9146053","0.769094427953081",0.999999999999957
"365","resistant",0,9.05985516120604,9.05985516120604,21.1396620428141,21.1396620428141,9.05985516120604,2900000,"60",203.17081752289,1,50000,0.000465842377578656,2.22285973334405e-07,26273579.9674975,"87578599.8916584","0.3",0.999999999999957
"366","susceptible",0,21.1396620428141,9.05985516120604,21.1396620428141,21.1396620428141,9.05985516120604,2900000,"60",203.17081752289,1,50000,0.000465842377578656,2.22285973334405e-07,61305019.9241609,"87578599.8916584","0.7",0.999999999999957
"367","resistant",1,4.76156127073323,4.76156127073323,9.76529423961279,21.1396620428141,9.05985516120604,2900000,"60",203.17081752289,1,50000,0.000465842377578656,2.22285973334405e-07,13808527.6851264,"42127880.9800034","0.327776459767363",0.999999999999957
"368","susceptible",1,9.76529423961279,4.76156127073323,9.76529423961279,21.1396620428141,9.05985516120604,2900000,"60",203.17081752289,1,50000,0.000465842377578656,2.22285973334405e-07,28319353.2948771,"42127880.9800034","0.672223540232637",0.999999999999957
"369","resistant",0,12.0798068816081,12.0798068816081,18.1197103224121,18.1197103224121,12.0798068816081,2900000,"60",203.17081752289,1,50000,0.000465842377578656,2.22285973334405e-07,35031439.9566633,"87578599.8916584","0.4",0.999999999999957
"370","susceptible",0,18.1197103224121,12.0798068816081,18.1197103224121,18.1197103224121,12.0798068816081,2900000,"60",203.17081752289,1,50000,0.000465842377578656,2.22285973334405e-07,52547159.934995,"87578599.8916584","0.6",0.999999999999957
"371","resistant",1,8.56647748118038,8.56647748118038,11.6701183888427,18.1197103224121,12.0798068816081,2900000,"60",203.17081752289,1,50000,0.000465842377578656,2.22285973334405e-07,24842784.6954231,"58686128.023067","0.423316131636056",0.999999999999957
"372","susceptible",1,11.6701183888427,8.56647748118038,11.6701183888427,18.1197103224121,12.0798068816081,2900000,"60",203.17081752289,1,50000,0.000465842377578656,2.22285973334405e-07,33843343.3276439,"58686128.023067","0.576683868363944",0.999999999999957
"373","resistant",0,15.0997586020101,15.0997586020101,15.0997586020101,15.0997586020101,15.0997586020101,2900000,"60",203.17081752289,1,50000,0.000465842377578656,2.22285973334403e-07,43789299.9458292,"87578599.8916584","0.5",0.999999999999957
"374","susceptible",0,15.0997586020101,15.0997586020101,15.0997586020101,15.0997586020101,15.0997586020101,2900000,"60",203.17081752289,1,50000,0.000465842377578656,2.22285973334403e-07,43789299.9458292,"87578599.8916584","0.5",0.999999999999957
"375","resistant",1,13.3690089883781,13.3690089883781,12.4581953189315,15.0997586020101,15.0997586020101,2900000,"60",203.17081752289,1,50000,0.000465842377578656,2.22285973334403e-07,38770126.0662965,"74898892.491198","0.517632835103039",0.999999999999957
"376","susceptible",1,12.4581953189315,13.3690089883781,12.4581953189315,15.0997586020101,15.0997586020101,2900000,"60",203.17081752289,1,50000,0.000465842377578656,2.22285973334403e-07,36128766.4249014,"74898892.491198","0.482367164896961",0.999999999999957
"377","resistant",0,18.1197103224121,18.1197103224121,12.079806881608,12.079806881608,18.1197103224121,2900000,"60",203.17081752289,1,50000,0.000465842377578656,2.22285973334405e-07,52547159.934995,"87578599.8916584","0.6",0.999999999999957
"378","susceptible",0,12.079806881608,18.1197103224121,12.079806881608,12.079806881608,18.1197103224121,2900000,"60",203.17081752289,1,50000,0.000465842377578656,2.22285973334405e-07,35031439.9566633,"87578599.8916584","0.4",0.999999999999957
"379","resistant",1,18.708412875631,18.708412875631,11.9118681566725,12.079806881608,18.1197103224121,2900000,"60",203.17081752289,1,50000,0.000465842377578656,2.22285973334405e-07,54254397.33933,"88798814.9936802","0.610981096348991",0.999999999999957
"380","susceptible",1,11.9118681566725,18.708412875631,11.9118681566725,12.079806881608,18.1197103224121,2900000,"60",203.17081752289,1,50000,0.000465842377578656,2.22285973334405e-07,34544417.6543502,"88798814.9936802","0.389018903651009",0.999999999999957
"381","resistant",0,21.1396620428141,21.1396620428141,9.05985516120604,9.05985516120604,21.1396620428141,2900000,"60",203.17081752289,1,50000,0.000465842377578656,2.22285973334404e-07,61305019.9241609,"87578599.8916584","0.7",0.999999999999957
"382","susceptible",0,9.05985516120604,21.1396620428141,9.05985516120604,9.05985516120604,21.1396620428141,2900000,"60",203.17081752289,1,50000,0.000465842377578656,2.22285973334404e-07,26273579.9674975,"87578599.8916584","0.3",0.999999999999957
"383","resistant",1,23.7046799638901,23.7046799638901,9.97363743802314,9.05985516120604,21.1396620428141,2900000,"60",203.17081752289,1,50000,0.000465842377578656,2.22285973334404e-07,68743571.8952812,"97667120.4655483","0.703855827504715",0.999999999999957
"384","susceptible",1,9.97363743802314,23.7046799638901,9.97363743802314,9.05985516120604,21.1396620428141,2900000,"60",203.17081752289,1,50000,0.000465842377578656,2.22285973334404e-07,28923548.5702671,"97667120.4655483","0.296144172495285",0.999999999999957
"385","resistant",0,24.1596137632161,24.1596137632161,6.03990344080402,6.03990344080402,24.1596137632161,2900000,"60",203.17081752289,1,50000,0.000465842377578656,2.22285973334404e-07,70062879.9133267,"87578599.8916584","0.8",0.999999999999957
"386","susceptible",0,6.03990344080402,24.1596137632161,6.03990344080402,6.03990344080402,24.1596137632161,2900000,"60",203.17081752289,1,50000,0.000465842377578656,2.22285973334404e-07,17515719.9783317,"87578599.8916584","0.2",0.999999999999957
"387","resistant",1,26.9746183469883,26.9746183469883,6.86190079177446,6.03990344080402,24.1596137632161,2900000,"60",203.17081752289,1,50000,0.000465842377578656,2.22285973334404e-07,78226393.206266,"98125905.502412","0.797204293868587",0.999999999999957
"388","susceptible",1,6.86190079177446,26.9746183469883,6.86190079177446,6.03990344080402,24.1596137632161,2900000,"60",203.17081752289,1,50000,0.000465842377578656,2.22285973334404e-07,19899512.2961459,"98125905.502412","0.202795706131413",0.999999999999957
"389","resistant",0,27.1795654836181,27.1795654836181,3.01995172040201,3.01995172040201,27.1795654836181,2900000,"60",203.17081752289,1,50000,0.000465842377578656,2.22285973334404e-07,78820739.9024925,"87578599.8916584","0.9",0.999999999999957
"390","susceptible",0,3.01995172040201,27.1795654836181,3.01995172040201,3.01995172040201,27.1795654836181,2900000,"60",203.17081752289,1,50000,0.000465842377578656,2.22285973334404e-07,8757859.98916584,"87578599.8916584","0.1",0.999999999999957
"391","resistant",1,26.6181846974876,26.6181846974876,3.18242112211313,3.01995172040201,27.1795654836181,2900000,"60",203.17081752289,1,50000,0.000465842377578656,2.22285973334404e-07,77192735.6227141,"86421756.8768422","0.893209515894474",0.999999999999957
"392","susceptible",1,3.18242112211313,26.6181846974876,3.18242112211313,3.01995172040201,27.1795654836181,2900000,"60",203.17081752289,1,50000,0.000465842377578656,2.22285973334404e-07,9229021.25412807,"86421756.8768422","0.106790484105526",0.999999999999957
"393","resistant",0,30.1995172040201,30.1995172040201,0,0,30.1995172040201,2900000,"60",203.17081752289,1,50000,0.000465842377578656,2.22285973334403e-07,87578599.8916584,"87578599.8916584","1",0.999999999999957
"394","susceptible",0,0,30.1995172040201,0,0,30.1995172040201,2900000,"60",203.17081752289,1,50000,0.000465842377578656,2.22285973334403e-07,0,"87578599.8916584","0",0.999999999999957
"395","resistant",1,20.3166754106515,20.3166754106515,0.000406341635045731,0,30.1995172040201,2900000,"60",203.17081752289,1,50000,0.000465842377578656,2.22285973334403e-07,58918358.6908894,"58919537.081631","0.99998",0.999999999999957
"396","susceptible",1,0.000406341635045731,20.3166754106515,0.000406341635045731,0,30.1995172040201,2900000,"60",203.17081752289,1,50000,0.000465842377578656,2.22285973334403e-07,1178.39074163262,"58919537.081631","2e-05",0.999999999999957
"397","resistant",0,0,0,82.224264994707,82.224264994707,0,2900000,"60",203.17081752289,1,50000,0.000465842377578656,5.66040199457974e-30,0,"238450368.48465","0",0.99999999999992
"398","susceptible",0,82.224264994707,0,82.224264994707,82.224264994707,0,2900000,"60",203.17081752289,1,50000,0.000465842377578656,5.66040199457974e-30,238450368.48465,"238450368.48465","1",0.99999999999992
"399","resistant",1,1.89291153378909e-06,1.89291153378909e-06,0.0946436837779209,82.224264994707,0,2900000,"60",203.17081752289,1,50000,0.000465842377578656,5.66040199457974e-30,5.48944344798837,"274472.172399419","2e-05",0.99999999999992
"400","susceptible",1,0.0946436837779209,1.89291153378909e-06,0.0946436837779209,82.224264994707,0,2900000,"60",203.17081752289,1,50000,0.000465842377578656,5.66040199457974e-30,274466.682955971,"274472.172399419","0.99998",0.99999999999992
"401","resistant",0,8.22242649947071,8.22242649947071,74.0018384952363,74.0018384952363,8.22242649947071,2900000,"60",203.17081752289,1,50000,0.000465842377578656,5.66040199457983e-30,23845036.848465,"238450368.48465","0.1",0.99999999999992
"402","susceptible",0,74.0018384952363,8.22242649947071,74.0018384952363,74.0018384952363,8.22242649947071,2900000,"60",203.17081752289,1,50000,0.000465842377578656,5.66040199457983e-30,214605331.636185,"238450368.48465","0.9",0.99999999999992
"403","resistant",1,0.472119411688491,0.472119411688491,3.75341006776626,74.0018384952363,8.22242649947071,2900000,"60",203.17081752289,1,50000,0.000465842377578656,5.66040199457983e-30,1369146.29389662,"12254035.4904188","0.111730237354636",0.99999999999992
"404","susceptible",1,3.75341006776626,0.472119411688491,3.75341006776626,74.0018384952363,8.22242649947071,2900000,"60",203.17081752289,1,50000,0.000465842377578656,5.66040199457983e-30,10884889.1965222,"12254035.4904188","0.888269762645364",0.99999999999992
"405","resistant",0,16.4448529989414,16.4448529989414,65.7794119957656,65.7794119957656,16.4448529989414,2900000,"60",203.17081752289,1,50000,0.000465842377578656,5.6604019945798e-30,47690073.6969301,"238450368.48465","0.2",0.999999999999919
"406","susceptible",0,65.7794119957656,16.4448529989414,65.7794119957656,65.7794119957656,16.4448529989414,2900000,"60",203.17081752289,1,50000,0.000465842377578656,5.6604019945798e-30,190760294.78772,"238450368.48465","0.8",0.999999999999919
"407","resistant",1,1.9062563107768,1.9062563107768,7.11958739563117,65.7794119957656,16.4448529989414,2900000,"60",203.17081752289,1,50000,0.000465842377578656,5.6604019945798e-30,5528143.30125273,"26174946.7485831","0.211199791707388",0.999999999999919
"408","susceptible",1,7.11958739563117,1.9062563107768,7.11958739563117,65.7794119957656,16.4448529989414,2900000,"60",203.17081752289,1,50000,0.000465842377578656,5.6604019945798e-30,20646803.4473304,"26174946.7485831","0.788800208292612",0.999999999999919
"409","resistant",0,24.6672794984121,24.6672794984121,57.5569854962949,57.5569854962949,24.6672794984121,2900000,"60",203.17081752289,1,50000,0.000465842377578656,5.66040199457975e-30,71535110.5453951,"238450368.48465","0.3",0.999999999999919
"410","susceptible",0,57.5569854962949,24.6672794984121,57.5569854962949,57.5569854962949,24.6672794984121,2900000,"60",203.17081752289,1,50000,0.000465842377578656,5.66040199457975e-30,166915257.939255,"238450368.48465","0.7",0.999999999999919
"411","resistant",1,4.47743732770218,4.47743732770218,9.95897225573911,57.5569854962949,24.6672794984121,2900000,"60",203.17081752289,1,50000,0.000465842377578656,5.66040199457975e-30,12984568.2503363,"41865587.7919797","0.310148953714769",0.999999999999919
"412","susceptible",1,9.95897225573911,4.47743732770218,9.95897225573911,57.5569854962949,24.6672794984121,2900000,"60",203.17081752289,1,50000,0.000465842377578656,5.66040199457975e-30,28881019.5416434,"41865587.7919797","0.689851046285231",0.999999999999919
"413","resistant",0,32.8897059978828,32.8897059978828,49.3345589968242,49.3345589968242,32.8897059978828,2900000,"60",203.17081752289,1,50000,0.000465842377578656,5.66040199457981e-30,95380147.3938602,"238450368.48465","0.4",0.999999999999919
"414","susceptible",0,49.3345589968242,32.8897059978828,49.3345589968242,49.3345589968242,32.8897059978828,2900000,"60",203.17081752289,1,50000,0.000465842377578656,5.66040199457981e-30,143070221.09079,"238450368.48465","0.6",0.999999999999919
"415","resistant",1,8.27386687557395,8.27386687557395,11.9752872654197,49.3345589968242,32.8897059978828,2900000,"60",203.17081752289,1,50000,0.000465842377578656,5.66040199457981e-30,23994213.9391644,"58722547.0088816","0.408603086230837",0.999999999999919
"416","susceptible",1,11.9752872654197,8.27386687557395,11.9752872654197,49.3345589968242,32.8897059978828,2900000,"60",203.17081752289,1,50000,0.000465842377578656,5.66040199457981e-30,34728333.0697172,"58722547.0088816","0.591396913769163",0.999999999999919
"417","resistant",0,41.1121324973535,41.1121324973535,41.1121324973535,41.1121324973535,41.1121324973535,2900000,"60",203.17081752289,1,50000,0.000465842377578656,5.6604019945798e-30,119225184.242325,"238450368.48465","0.5",0.999999999999919
"418","susceptible",0,41.1121324973535,41.1121324973535,41.1121324973535,41.1121324973535,41.1121324973535,2900000,"60",203.17081752289,1,50000,0.000465842377578656,5.6604019945798e-30,119225184.242325,"238450368.48465","0.5",0.999999999999919
"419","resistant",1,13.189970177946,13.189970177946,12.8474359728343,41.1121324973535,41.1121324973535,2900000,"60",203.17081752289,1,50000,0.000465842377578656,5.6604019945798e-30,38250913.5160435,"75508477.8372629","0.506577732880306",0.999999999999919
"420","susceptible",1,12.8474359728343,13.189970177946,12.8474359728343,41.1121324973535,41.1121324973535,2900000,"60",203.17081752289,1,50000,0.000465842377578656,5.6604019945798e-30,37257564.3212194,"75508477.8372629","0.493422267119694",0.999999999999919
"421","resistant",0,49.3345589968242,49.3345589968242,32.8897059978828,32.8897059978828,49.3345589968242,2900000,"60",203.17081752289,1,50000,0.000465842377578656,5.66040199457981e-30,143070221.09079,"238450368.48465","0.6",0.999999999999919
"422","susceptible",0,32.8897059978828,49.3345589968242,32.8897059978828,32.8897059978828,49.3345589968242,2900000,"60",203.17081752289,1,50000,0.000465842377578656,5.66040199457981e-30,95380147.3938601,"238450368.48465","0.4",0.999999999999919
"423","resistant",1,18.7840222904957,18.7840222904957,12.3076610442161,32.8897059978828,49.3345589968242,2900000,"60",203.17081752289,1,50000,0.000465842377578656,5.66040199457981e-30,54473664.6424375,"90165881.6706642","0.60414941475763",0.999999999999919
"424","susceptible",1,12.3076610442161,18.7840222904957,12.3076610442161,32.8897059978828,49.3345589968242,2900000,"60",203.17081752289,1,50000,0.000465842377578656,5.66040199457981e-30,35692217.0282267,"90165881.6706642","0.39585058524237",0.999999999999919
"425","resistant",0,57.5569854962949,57.5569854962949,24.6672794984121,24.6672794984121,57.5569854962949,2900000,"60",203.17081752289,1,50000,0.000465842377578656,5.6604019945798e-30,166915257.939255,"238450368.48465","0.7",0.999999999999919
"426","susceptible",0,24.6672794984121,57.5569854962949,24.6672794984121,24.6672794984121,57.5569854962949,2900000,"60",203.17081752289,1,50000,0.000465842377578656,5.6604019945798e-30,71535110.5453951,"238450368.48465","0.3",0.999999999999919
"427","resistant",1,24.1235564249185,24.1235564249185,10.265112976072,24.6672794984121,57.5569854962949,2900000,"60",203.17081752289,1,50000,0.000465842377578656,5.6604019945798e-30,69958313.6322637,"99727141.2628724","0.701497232813076",0.999999999999919
"428","susceptible",1,10.265112976072,24.1235564249185,10.265112976072,24.6672794984121,57.5569854962949,2900000,"60",203.17081752289,1,50000,0.000465842377578656,5.6604019945798e-30,29768827.6306087,"99727141.2628724","0.298502767186924",0.999999999999919
"429","resistant",0,65.7794119957656,65.7794119957656,16.4448529989414,16.4448529989414,65.7794119957656,2900000,"60",203.17081752289,1,50000,0.000465842377578656,5.66040199457983e-30,190760294.78772,"238450368.48465","0.8",0.999999999999919
"430","susceptible",0,16.4448529989414,65.7794119957656,16.4448529989414,16.4448529989414,65.7794119957656,2900000,"60",203.17081752289,1,50000,0.000465842377578656,5.66040199457983e-30,47690073.6969301,"238450368.48465","0.2",0.999999999999919
"431","resistant",1,27.6685432733148,27.6685432733148,6.96110271830398,16.4448529989414,65.7794119957656,2900000,"60",203.17081752289,1,50000,0.000465842377578656,5.66040199457983e-30,80238775.4926129,"100425973.375694","0.798984294555343",0.999999999999919
"432","susceptible",1,6.96110271830398,27.6685432733148,6.96110271830398,16.4448529989414,65.7794119957656,2900000,"60",203.17081752289,1,50000,0.000465842377578656,5.66040199457983e-30,20187197.8830815,"100425973.375694","0.201015705444657",0.999999999999919
"433","resistant",0,74.0018384952363,74.0018384952363,8.2224264994707,8.2224264994707,74.0018384952363,2900000,"60",203.17081752289,1,50000,0.000465842377578656,5.66040199457984e-30,214605331.636185,"238450368.48465","0.9",0.999999999999919
"434","susceptible",0,8.2224264994707,74.0018384952363,8.2224264994707,8.2224264994707,74.0018384952363,2900000,"60",203.17081752289,1,50000,0.000465842377578656,5.66040199457984e-30,23845036.848465,"238450368.48465","0.1",0.999999999999919
"435","resistant",1,27.264653836089,27.264653836089,3.11561070960235,8.2224264994707,74.0018384952363,2900000,"60",203.17081752289,1,50000,0.000465842377578656,5.66040199457984e-30,79067496.124658,"88102767.1825048","0.897446228458066",0.999999999999919
"436","susceptible",1,3.11561070960235,27.264653836089,3.11561070960235,8.2224264994707,74.0018384952363,2900000,"60",203.17081752289,1,50000,0.000465842377578656,5.66040199457984e-30,9035271.05784683,"88102767.1825048","0.102553771541934",0.999999999999919
"437","resistant",0,82.224264994707,82.224264994707,0,0,82.224264994707,2900000,"60",203.17081752289,1,50000,0.000465842377578656,5.66040199457974e-30,238450368.48465,"238450368.48465","1",0.99999999999992
"438","susceptible",0,0,82.224264994707,0,0,82.224264994707,2900000,"60",203.17081752289,1,50000,0.000465842377578656,5.66040199457974e-30,0,"238450368.48465","0",0.99999999999992
"439","resistant",1,20.3166754106523,20.3166754106523,0.000406341635045747,0,82.224264994707,2900000,"60",203.17081752289,1,50000,0.000465842377578656,5.66040199457974e-30,58918358.6908917,"58919537.0816333","0.99998",0.99999999999992
"440","susceptible",1,0.000406341635045747,20.3166754106523,0.000406341635045747,0,82.224264994707,2900000,"60",203.17081752289,1,50000,0.000465842377578656,5.66040199457974e-30,1178.39074163267,"58919537.0816333","2e-05",0.99999999999992
"441","resistant",0,0,0,223.872113856834,223.872113856834,0,2900000,"60",203.17081752289,1,50000,0.000465842377578656,1.72170021888207e-91,0,"649229130.184819","0",0.999999999999908
"442","susceptible",0,223.872113856834,0,223.872113856834,223.872113856834,0,2900000,"60",203.17081752289,1,50000,0.000465842377578656,1.72170021888207e-91,649229130.184819,"649229130.184819","1",0.999999999999908
"443","resistant",1,1.89291153378907e-06,1.89291153378907e-06,0.0946436837779198,223.872113856834,0,2900000,"60",203.17081752289,1,50000,0.000465842377578656,1.72170021888207e-91,5.48944344798831,"274472.172399415","2e-05",0.999999999999908
"444","susceptible",1,0.0946436837779198,1.89291153378907e-06,0.0946436837779198,223.872113856834,0,2900000,"60",203.17081752289,1,50000,0.000465842377578656,1.72170021888207e-91,274466.682955967,"274472.172399415","0.99998",0.999999999999908
"445","resistant",0,22.3872113856834,22.3872113856834,201.484902471151,201.484902471151,22.3872113856834,2900000,"60",203.17081752289,1,50000,0.000465842377578656,1.72170021888208e-91,64922913.0184819,"649229130.184819","0.1",0.999999999999907
"446","susceptible",0,201.484902471151,22.3872113856834,201.484902471151,201.484902471151,22.3872113856834,2900000,"60",203.17081752289,1,50000,0.000465842377578656,1.72170021888208e-91,584306217.166337,"649229130.184819","0.9",0.999999999999907
"447","resistant",1,0.438150960583908,0.438150960583908,3.76320598087321,201.484902471151,22.3872113856834,2900000,"60",203.17081752289,1,50000,0.000465842377578656,1.72170021888208e-91,1270637.78569333,"12183935.1302256","0.104287963791038",0.999999999999907
"448","susceptible",1,3.76320598087321,0.438150960583908,3.76320598087321,201.484902471151,22.3872113856834,2900000,"60",203.17081752289,1,50000,0.000465842377578656,1.72170021888208e-91,10913297.3445323,"12183935.1302256","0.895712036208961",0.999999999999907
"449","resistant",0,44.7744227713668,44.7744227713668,179.097691085467,179.097691085467,44.7744227713668,2900000,"60",203.17081752289,1,50000,0.000465842377578656,1.72170021888209e-91,129845826.036964,"649229130.184819","0.2",0.999999999999907
"450","susceptible",0,179.097691085467,44.7744227713668,179.097691085467,179.097691085467,44.7744227713668,2900000,"60",203.17081752289,1,50000,0.000465842377578656,1.72170021888209e-91,519383304.147855,"649229130.184819","0.8",0.999999999999907
"451","resistant",1,1.83400805479886,1.83400805479886,7.15180808206895,179.097691085467,44.7744227713668,2900000,"60",203.17081752289,1,50000,0.000465842377578656,1.72170021888209e-91,5318623.35891669,"26058866.7969166","0.204100331774443",0.999999999999907
"452","susceptible",1,7.15180808206895,1.83400805479886,7.15180808206895,179.097691085467,44.7744227713668,2900000,"60",203.17081752289,1,50000,0.000465842377578656,1.72170021888209e-91,20740243.4379999,"26058866.7969166","0.795899668225557",0.999999999999907
"453","resistant",0,67.1616341570502,67.1616341570502,156.710479699784,156.710479699784,67.1616341570502,2900000,"60",203.17081752289,1,50000,0.000465842377578656,1.72170021888208e-91,194768739.055446,"649229130.184819","0.3",0.999999999999907
"454","susceptible",0,156.710479699784,67.1616341570502,156.710479699784,156.710479699784,67.1616341570502,2900000,"60",203.17081752289,1,50000,0.000465842377578656,1.72170021888208e-91,454460391.129373,"649229130.184819","0.7",0.999999999999907
"455","resistant",1,4.37363912110367,4.37363912110367,10.0263939542487,156.710479699784,67.1616341570502,2900000,"60",203.17081752289,1,50000,0.000465842377578656,1.72170021888208e-91,12683553.4512007,"41760095.9185219","0.303724241341484",0.999999999999907
"456","susceptible",1,10.0263939542487,4.37363912110367,10.0263939542487,156.710479699784,67.1616341570502,2900000,"60",203.17081752289,1,50000,0.000465842377578656,1.72170021888208e-91,29076542.4673212,"41760095.9185219","0.696275758658516",0.999999999999907
"457","resistant",0,89.5488455427336,89.5488455427336,134.3232683141,134.3232683141,89.5488455427336,2900000,"60",203.17081752289,1,50000,0.000465842377578656,1.72170021888207e-91,259691652.073927,"649229130.184819","0.4",0.999999999999907
"458","susceptible",0,134.3232683141,89.5488455427336,134.3232683141,134.3232683141,89.5488455427336,2900000,"60",203.17081752289,1,50000,0.000465842377578656,1.72170021888207e-91,389537478.110891,"649229130.184819","0.6",0.999999999999907
"459","resistant",1,8.16299331620951,8.16299331620951,12.0842249309864,134.3232683141,89.5488455427336,2900000,"60",203.17081752289,1,50000,0.000465842377578656,1.72170021888207e-91,23672680.6170076,"58716932.916868","0.403166164188507",0.999999999999907
"460","susceptible",1,12.0842249309864,8.16299331620951,12.0842249309864,134.3232683141,89.5488455427336,2900000,"60",203.17081752289,1,50000,0.000465842377578656,1.72170021888207e-91,35044252.2998604,"58716932.916868","0.596833835811493",0.999999999999907
"461","resistant",0,111.936056928417,111.936056928417,111.936056928417,111.936056928417,111.936056928417,2900000,"60",203.17081752289,1,50000,0.000465842377578656,1.72170021888208e-91,324614565.092409,"649229130.184819","0.5",0.999999999999907
"462","susceptible",0,111.936056928417,111.936056928417,111.936056928417,111.936056928417,111.936056928417,2900000,"60",203.17081752289,1,50000,0.000465842377578656,1.72170021888208e-91,324614565.092409,"649229130.184819","0.5",0.999999999999907
"463","resistant",1,13.1163272638315,13.1163272638315,12.9895286396249,111.936056928417,111.936056928417,2900000,"60",203.17081752289,1,50000,0.000465842377578656,1.72170021888208e-91,38037349.0651112,"75706982.1200234","0.502428547538826",0.999999999999907
"464","susceptible",1,12.9895286396249,13.1163272638315,12.9895286396249,111.936056928417,111.936056928417,2900000,"60",203.17081752289,1,50000,0.000465842377578656,1.72170021888208e-91,37669633.0549122,"75706982.1200234","0.497571452461174",0.999999999999907
"465","resistant",0,134.3232683141,134.3232683141,89.5488455427336,89.5488455427336,134.3232683141,2900000,"60",203.17081752289,1,50000,0.000465842377578656,1.72170021888205e-91,389537478.110891,"649229130.184819","0.6",0.999999999999907
"466","susceptible",0,89.5488455427336,134.3232683141,89.5488455427336,89.5488455427336,134.3232683141,2900000,"60",203.17081752289,1,50000,0.000465842377578656,1.72170021888205e-91,259691652.073927,"649229130.184819","0.4",0.999999999999907
"467","resistant",1,18.8020662460695,18.8020662460695,12.4546469814174,89.5488455427336,134.3232683141,2900000,"60",203.17081752289,1,50000,0.000465842377578656,1.72170021888205e-91,54525992.1136015,"90644468.359712","0.601536895745491",0.999999999999907
"468","susceptible",1,12.4546469814174,18.8020662460695,12.4546469814174,89.5488455427336,134.3232683141,2900000,"60",203.17081752289,1,50000,0.000465842377578656,1.72170021888205e-91,36118476.2461105,"90644468.359712","0.398463104254509",0.999999999999907
"469","resistant",0,156.710479699784,156.710479699784,67.1616341570502,67.1616341570502,156.710479699784,2900000,"60",203.17081752289,1,50000,0.000465842377578656,1.72170021888204e-91,454460391.129373,"649229130.184819","0.7",0.999999999999907
"470","susceptible",0,67.1616341570502,156.710479699784,67.1616341570502,67.1616341570502,156.710479699784,2900000,"60",203.17081752289,1,50000,0.000465842377578656,1.72170021888204e-91,194768739.055446,"649229130.184819","0.3",0.999999999999907
"471","resistant",1,24.2704964355264,24.2704964355264,10.3741084521365,67.1616341570502,156.710479699784,2900000,"60",203.17081752289,1,50000,0.000465842377578656,1.72170021888204e-91,70384439.6630267,"100469354.174222","0.700556306363571",0.999999999999907
"472","susceptible",1,10.3741084521365,24.2704964355264,10.3741084521365,67.1616341570502,156.710479699784,2900000,"60",203.17081752289,1,50000,0.000465842377578656,1.72170021888204e-91,30084914.5111958,"100469354.174222","0.299443693636429",0.999999999999907
"473","resistant",0,179.097691085467,179.097691085467,44.7744227713668,44.7744227713668,179.097691085467,2900000,"60",203.17081752289,1,50000,0.000465842377578656,1.7217002188821e-91,519383304.147855,"649229130.184819","0.8",0.999999999999907
"474","susceptible",0,44.7744227713668,179.097691085467,44.7744227713668,44.7744227713668,179.097691085467,2900000,"60",203.17081752289,1,50000,0.000465842377578656,1.7217002188821e-91,129845826.036964,"649229130.184819","0.2",0.999999999999907
"475","resistant",1,27.9218637170488,27.9218637170488,6.99695747535678,44.7744227713668,179.097691085467,2900000,"60",203.17081752289,1,50000,0.000465842377578656,1.7217002188821e-91,80973404.7794415,"101264581.457976","0.799622174047544",0.999999999999907
"476","susceptible",1,6.99695747535678,27.9218637170488,6.99695747535678,44.7744227713668,179.097691085467,2900000,"60",203.17081752289,1,50000,0.000465842377578656,1.7217002188821e-91,20291176.6785347,"101264581.457976","0.200377825952456",0.999999999999907
"477","resistant",0,201.484902471151,201.484902471151,22.3872113856834,22.3872113856834,201.484902471151,2900000,"60",203.17081752289,1,50000,0.000465842377578656,1.72170021888209e-91,584306217.166337,"649229130.184819","0.9",0.999999999999907
"478","susceptible",0,22.3872113856834,201.484902471151,22.3872113856834,22.3872113856834,201.484902471151,2900000,"60",203.17081752289,1,50000,0.000465842377578656,1.72170021888209e-91,64922913.0184819,"649229130.184819","0.1",0.999999999999907
"479","resistant",1,27.5030644657226,27.5030644657226,3.0883195904895,22.3872113856834,201.484902471151,2900000,"60",203.17081752289,1,50000,0.000465842377578656,1.72170021888209e-91,79758886.9505956,"88715013.7630152","0.899046097920425",0.999999999999907
"480","susceptible",1,3.0883195904895,27.5030644657226,3.0883195904895,22.3872113856834,201.484902471151,2900000,"60",203.17081752289,1,50000,0.000465842377578656,1.72170021888209e-91,8956126.81241955,"88715013.7630152","0.100953902079575",0.999999999999907
"481","resistant",0,223.872113856834,223.872113856834,0,0,223.872113856834,2900000,"60",203.17081752289,1,50000,0.000465842377578656,1.72170021888207e-91,649229130.184819,"649229130.184819","1",0.999999999999908
"482","susceptible",0,0,223.872113856834,0,0,223.872113856834,2900000,"60",203.17081752289,1,50000,0.000465842377578656,1.72170021888207e-91,0,"649229130.184819","0",0.999999999999908
"483","resistant",1,20.3166754106521,20.3166754106521,0.000406341635045742,0,223.872113856834,2900000,"60",203.17081752289,1,50000,0.000465842377578656,1.72170021888207e-91,58918358.690891,"58919537.0816326","0.99998",0.999999999999908
"484","susceptible",1,0.000406341635045742,20.3166754106521,0.000406341635045742,0,223.872113856834,2900000,"60",203.17081752289,1,50000,0.000465842377578656,1.72170021888207e-91,1178.39074163265,"58919537.0816326","2e-05",0.999999999999908
