"","type","time","moi_type","moi_res","moi_wt","init_wt","init_mut","c_pop","subunits","v_prog","p2pfu","bg_mut_rate","wt_rep_abil","uninf_cells","surv_pfu","tot_pfu","pop_prop","check_sums"
"1","resistant",0,0,0,0.01,0.01,0,2900000,"60",203.17081752289,1,50000,0.000465842377578656,2871144.51292234,0,"29000","0",0.999999999999999
"2","susceptible",0,0.01,0,0.01,0.01,0,2900000,"60",203.17081752289,1,50000,0.000465842377578656,2871144.51292234,29000,"29000","1",0.999999999999999
"3","resistant",1,1.88347876904852e-08,1.88347876904852e-08,0.000941720549736572,0.01,0,2900000,"60",203.17081752289,1,50000,0.000465842377578656,2871144.51292234,0.0546208843024072,"2731.04421512036","2e-05",0.999999999999999
"4","susceptible",1,0.000941720549736572,1.88347876904852e-08,0.000941720549736572,0.01,0,2900000,"60",203.17081752289,1,50000,0.000465842377578656,2871144.51292234,2730.98959423606,"2731.04421512036","0.99998",0.999999999999999
"5","resistant",0,0.001,0.001,0.009,0.009,0.001,2900000,"60",203.17081752289,1,50000,0.000465842377578656,2871144.51292234,2900,"29000","0.1",0.999999999999999
"6","susceptible",0,0.009,0.001,0.009,0.009,0.001,2900000,"60",203.17081752289,1,50000,0.000465842377578656,2871144.51292234,26100,"29000","0.9",0.999999999999999
"7","resistant",1,0.00211914678522906,0.00211914678522906,0.000954001674919954,0.009,0.001,2900000,"60",203.17081752289,1,50000,0.000465842377578656,2871144.51292234,6145.52567716426,"8912.13053443213","0.689568633832387",0.999999999999999
"8","susceptible",1,0.000954001674919954,0.00211914678522906,0.000954001674919954,0.009,0.001,2900000,"60",203.17081752289,1,50000,0.000465842377578656,2871144.51292234,2766.60485726787,"8912.13053443213","0.310431366167613",0.999999999999999
"9","resistant",0,0.002,0.002,0.008,0.008,0.002,2900000,"60",203.17081752289,1,50000,0.000465842377578656,2871144.51292234,5800,"29000","0.2",0.999999999999999
"10","susceptible",0,0.008,0.002,0.008,0.008,0.002,2900000,"60",203.17081752289,1,50000,0.000465842377578656,2871144.51292234,23200,"29000","0.8",0.999999999999999
"11","resistant",1,0.00421669383276997,0.00421669383276997,0.000942629224139315,0.008,0.002,2900000,"60",203.17081752289,1,50000,0.000465842377578656,2871144.51292234,12228.4121150329,"14962.0368650369","0.817295948762704",0.999999999999999
"12","susceptible",1,0.000942629224139315,0.00421669383276997,0.000942629224139315,0.008,0.002,2900000,"60",203.17081752289,1,50000,0.000465842377578656,2871144.51292234,2733.62475000401,"14962.0368650369","0.182704051237296",0.999999999999999
"13","resistant",0,0.003,0.003,0.007,0.007,0.003,2900000,"60",203.17081752289,1,50000,0.000465842377578656,2871144.51292234,8700,"29000","0.3",0.999999999999999
"14","susceptible",0,0.007,0.003,0.007,0.007,0.003,2900000,"60",203.17081752289,1,50000,0.000465842377578656,2871144.51292234,20300,"29000","0.7",0.999999999999999
"15","resistant",1,0.00629262064350181,0.00629262064350181,0.0009076055415322,0.007,0.003,2900000,"60",203.17081752289,1,50000,0.000465842377578656,2871144.51292234,18248.5998661552,"20880.6559365986","0.873947634670325",0.999999999999999
"16","susceptible",1,0.0009076055415322,0.00629262064350181,0.0009076055415322,0.007,0.003,2900000,"60",203.17081752289,1,50000,0.000465842377578656,2871144.51292234,2632.05607044338,"20880.6559365986","0.126052365329675",0.999999999999999
"17","resistant",0,0.004,0.004,0.006,0.006,0.004,2900000,"60",203.17081752289,1,50000,0.000465842377578656,2871144.51292234,11600,"29000","0.4",0.999999999999999
"18","susceptible",0,0.006,0.004,0.006,0.006,0.004,2900000,"60",203.17081752289,1,50000,0.000465842377578656,2871144.51292234,17400,"29000","0.6",0.999999999999999
"19","resistant",1,0.00834688786270298,0.00834688786270298,0.000848932981406804,0.006,0.004,2900000,"60",203.17081752289,1,50000,0.000465842377578656,2871144.51292234,24205.9748018386,"26667.8804479184","0.907682740257976",0.999999999999999
"20","susceptible",1,0.000848932981406804,0.00834688786270298,0.000848932981406804,0.006,0.004,2900000,"60",203.17081752289,1,50000,0.000465842377578656,2871144.51292234,2461.90564607973,"26667.8804479184","0.0923172597420244",0.999999999999999
"21","resistant",0,0.005,0.005,0.005,0.005,0.005,2900000,"60",203.17081752289,1,50000,0.000465842377578656,2871144.51292234,14500,"29000","0.5",0.999999999999999
"22","susceptible",0,0.005,0.005,0.005,0.005,0.005,2900000,"60",203.17081752289,1,50000,0.000465842377578656,2871144.51292234,14500,"29000","0.5",0.999999999999999
"23","resistant",1,0.0103794561148353,0.0103794561148353,0.000766613908246823,0.005,0.005,2900000,"60",203.17081752289,1,50000,0.000465842377578656,2871144.51292234,30100.4227330224,"32323.6030669382","0.931221147304901",0.999999999999999
"24","susceptible",1,0.000766613908246823,0.0103794561148353,0.000766613908246823,0.005,0.005,2900000,"60",203.17081752289,1,50000,0.000465842377578656,2871144.51292234,2223.18033391579,"32323.6030669382","0.0687788526950989",0.999999999999999
"25","resistant",0,0.006,0.006,0.004,0.004,0.006,2900000,"60",203.17081752289,1,50000,0.000465842377578656,2871144.51292234,17400,"29000","0.6",0.999999999999999
"26","susceptible",0,0.004,0.006,0.004,0.004,0.006,2900000,"60",203.17081752289,1,50000,0.000465842377578656,2871144.51292234,11600,"29000","0.4",0.999999999999999
"27","resistant",1,0.0123902860035408,0.0123902860035408,0.000660650696716285,0.004,0.006,2900000,"60",203.17081752289,1,50000,0.000465842377578656,2871144.51292234,35931.8294102682,"37847.7164307454","0.949379058998633",0.999999999999999
"28","susceptible",1,0.000660650696716285,0.0123902860035408,0.000660650696716285,0.004,0.006,2900000,"60",203.17081752289,1,50000,0.000465842377578656,2871144.51292234,1915.88702047723,"37847.7164307454","0.0506209410013668",0.999999999999999
"29","resistant",0,0.007,0.007,0.003,0.003,0.007,2900000,"60",203.17081752289,1,50000,0.000465842377578656,2871144.51292234,20300,"29000","0.7",0.999999999999999
"30","susceptible",0,0.003,0.007,0.003,0.003,0.007,2900000,"60",203.17081752289,1,50000,0.000465842377578656,2871144.51292234,8700,"29000","0.3",0.999999999999999
"31","resistant",1,0.0143793381116378,0.0143793381116378,0.000531045731664383,0.003,0.007,2900000,"60",203.17081752289,1,50000,0.000465842377578656,2871144.51292234,41700.0805237497,"43240.1131455764","0.96438416762135",0.999999999999999
"32","susceptible",1,0.000531045731664383,0.0143793381116378,0.000531045731664383,0.003,0.007,2900000,"60",203.17081752289,1,50000,0.000465842377578656,2871144.51292234,1540.03262182671,"43240.1131455764","0.03561583237865",0.999999999999999
"33","resistant",0,0.008,0.008,0.002,0.002,0.008,2900000,"60",203.17081752289,1,50000,0.000465842377578656,2871144.51292234,23200,"29000","0.8",0.999999999999999
"34","susceptible",0,0.002,0.008,0.002,0.002,0.008,2900000,"60",203.17081752289,1,50000,0.000465842377578656,2871144.51292234,5800,"29000","0.2",0.999999999999999
"35","resistant",1,0.016346573001118,0.016346573001118,0.000377801408130332,0.002,0.008,2900000,"60",203.17081752289,1,50000,0.000465842377578656,2871144.51292234,47405.0617032421,"48500.6857868201","0.977410132128983",0.999999999999999
"36","susceptible",1,0.000377801408130332,0.016346573001118,0.000377801408130332,0.002,0.008,2900000,"60",203.17081752289,1,50000,0.000465842377578656,2871144.51292234,1095.62408357796,"48500.6857868201","0.0225898678710167",0.999999999999999
"37","resistant",0,0.009,0.009,0.001,0.001,0.009,2900000,"60",203.17081752289,1,50000,0.000465842377578656,2871144.51292234,26100,"29000","0.9",0.999999999999999
"38","susceptible",0,0.001,0.009,0.001,0.001,0.009,2900000,"60",203.17081752289,1,50000,0.000465842377578656,2871144.51292234,2900,"29000","0.1",0.999999999999999
"39","resistant",1,0.0182919512131425,0.0182919512131425,0.000200920131348188,0.001,0.009,2900000,"60",203.17081752289,1,50000,0.000465842377578656,2871144.51292234,53046.6585181131,"53629.3268990229","0.989135265821873",0.999999999999999
"40","susceptible",1,0.000200920131348188,0.0182919512131425,0.000200920131348188,0.001,0.009,2900000,"60",203.17081752289,1,50000,0.000465842377578656,2871144.51292234,582.668380909745,"53629.3268990229","0.0108647341781267",0.999999999999999
"41","resistant",0,0.01,0.01,0,0,0.01,2900000,"60",203.17081752289,1,50000,0.000465842377578656,2871144.51292234,29000,"29000","1",0.999999999999999
"42","susceptible",0,0,0.01,0,0,0.01,2900000,"60",203.17081752289,1,50000,0.000465842377578656,2871144.51292234,0,"29000","0",0.999999999999999
"43","resistant",1,0.0202154332680385,0.0202154332680385,4.04316751695804e-07,0,0.01,2900000,"60",203.17081752289,1,50000,0.000465842377578656,2871144.51292234,58624.7564773117,"58625.9289958916","0.99998",0.999999999999999
"44","susceptible",1,4.04316751695804e-07,0.0202154332680385,4.04316751695804e-07,0,0.01,2900000,"60",203.17081752289,1,50000,0.000465842377578656,2871144.51292234,1.17251857991783,"58625.9289958916","2e-05",0.999999999999999
"45","resistant",0,0,0,0.0272270130807791,0.0272270130807791,0,2900000,"60",203.17081752289,1,50000,0.000465842377578656,2822106.85927329,0,"78958.3379342595","0",0.999999999999998
"46","susceptible",0,0.0272270130807791,0,0.0272270130807791,0.0272270130807791,0,2900000,"60",203.17081752289,1,50000,0.000465842377578656,2822106.85927329,78958.3379342595,"78958.3379342595","1",0.999999999999998
"47","resistant",1,5.08430429257435e-08,5.08430429257435e-08,0.00254210130324425,0.0272270130807791,0,2900000,"60",203.17081752289,1,50000,0.000465842377578656,2822106.85927329,0.147444824484656,"7372.24122423281","2e-05",0.999999999999998
"48","susceptible",1,0.00254210130324425,5.08430429257435e-08,0.00254210130324425,0.0272270130807791,0,2900000,"60",203.17081752289,1,50000,0.000465842377578656,2822106.85927329,7372.09377940832,"7372.24122423281","0.99998",0.999999999999998
"49","resistant",0,0.00272270130807791,0.00272270130807791,0.0245043117727012,0.0245043117727012,0.00272270130807791,2900000,"60",203.17081752289,1,50000,0.000465842377578656,2822106.85927331,7895.83379342595,"78958.3379342595","0.1",0.999999999999998
"50","susceptible",0,0.0245043117727012,0.00272270130807791,0.0245043117727012,0.0245043117727012,0.00272270130807791,2900000,"60",203.17081752289,1,50000,0.000465842377578656,2822106.85927331,71062.5041408335,"78958.3379342595","0.9",0.999999999999998
"51","resistant",1,0.00617139023549999,0.00617139023549999,0.00306915034897084,0.0245043117727012,0.00272270130807791,2900000,"60",203.17081752289,1,50000,0.000465842377578656,2822106.85927331,17897.03168295,"26797.5676949654","0.667860303094313",0.999999999999998
"52","susceptible",1,0.00306915034897084,0.00617139023549999,0.00306915034897084,0.0245043117727012,0.00272270130807791,2900000,"60",203.17081752289,1,50000,0.000465842377578656,2822106.85927331,8900.53601201544,"26797.5676949654","0.332139696905687",0.999999999999998
"53","resistant",0,0.00544540261615583,0.00544540261615583,0.0217816104646233,0.0217816104646233,0.00544540261615583,2900000,"60",203.17081752289,1,50000,0.000465842377578656,2822106.85927332,15791.6675868519,"78958.3379342595","0.2",0.999999999999998
"54","susceptible",0,0.0217816104646233,0.00544540261615583,0.0217816104646233,0.0217816104646233,0.00544540261615583,2900000,"60",203.17081752289,1,50000,0.000465842377578656,2822106.85927332,63166.6703474076,"78958.3379342595","0.8",0.999999999999998
"55","resistant",1,0.0121860811413726,0.0121860811413726,0.00342248588313397,0.0217816104646233,0.00544540261615583,2900000,"60",203.17081752289,1,50000,0.000465842377578656,2822106.85927332,35339.6353099806,"45264.8443710691","0.780730295243604",0.999999999999998
"56","susceptible",1,0.00342248588313397,0.0121860811413726,0.00342248588313397,0.0217816104646233,0.00544540261615583,2900000,"60",203.17081752289,1,50000,0.000465842377578656,2822106.85927332,9925.20906108852,"45264.8443710691","0.219269704756396",0.999999999999998
"57","resistant",0,0.00816810392423374,0.00816810392423374,0.0190589091565454,0.0190589091565454,0.00816810392423374,2900000,"60",203.17081752289,1,50000,0.000465842377578656,2822106.85927331,23687.5013802778,"78958.3379342595","0.3",0.999999999999998
"58","susceptible",0,0.0190589091565454,0.00816810392423374,0.0190589091565454,0.0190589091565454,0.00816810392423374,2900000,"60",203.17081752289,1,50000,0.000465842377578656,2822106.85927331,55270.8365539816,"78958.3379342595","0.7",0.999999999999998
"59","resistant",1,0.0180433399186177,0.0180433399186177,0.00360215366900789,0.0190589091565454,0.00816810392423374,2900000,"60",203.17081752289,1,50000,0.000465842377578656,2822106.85927331,52325.6857639913,"62771.9314041141","0.8335841289816",0.999999999999998
"60","susceptible",1,0.00360215366900789,0.0180433399186177,0.00360215366900789,0.0190589091565454,0.00816810392423374,2900000,"60",203.17081752289,1,50000,0.000465842377578656,2822106.85927331,10446.2456401229,"62771.9314041141","0.1664158710184",0.999999999999998
"61","resistant",0,0.0108908052323117,0.0108908052323117,0.0163362078484675,0.0163362078484675,0.0108908052323117,2900000,"60",203.17081752289,1,50000,0.000465842377578656,2822106.85927329,31583.3351737038,"78958.3379342595","0.4",0.999999999999998
"62","susceptible",0,0.0163362078484675,0.0108908052323117,0.0163362078484675,0.0163362078484675,0.0108908052323117,2900000,"60",203.17081752289,1,50000,0.000465842377578656,2822106.85927329,47375.0027605557,"78958.3379342595","0.6",0.999999999999998
"63","resistant",1,0.0237423817941067,0.0237423817941067,0.00360820002180684,0.0163362078484675,0.0108908052323117,2900000,"60",203.17081752289,1,50000,0.000465842377578656,2822106.85927329,68852.9072029094,"79316.6872661492","0.868075931762905",0.999999999999998
"64","susceptible",1,0.00360820002180684,0.0237423817941067,0.00360820002180684,0.0163362078484675,0.0108908052323117,2900000,"60",203.17081752289,1,50000,0.000465842377578656,2822106.85927329,10463.7800632398,"79316.6872661492","0.131924068237096",0.999999999999998
"65","resistant",0,0.0136135065403896,0.0136135065403896,0.0136135065403896,0.0136135065403896,0.0136135065403896,2900000,"60",203.17081752289,1,50000,0.000465842377578656,2822106.85927329,39479.1689671297,"78958.3379342595","0.5",0.999999999999998
"66","susceptible",0,0.0136135065403896,0.0136135065403896,0.0136135065403896,0.0136135065403896,0.0136135065403896,2900000,"60",203.17081752289,1,50000,0.000465842377578656,2822106.85927329,39479.1689671297,"78958.3379342595","0.5",0.999999999999998
"67","resistant",1,0.0292824208631038,0.0292824208631038,0.00344067180939874,0.0136135065403896,0.0136135065403896,2900000,"60",203.17081752289,1,50000,0.000465842377578656,2822106.85927329,84919.0205030012,"94896.9687502575","0.894854931841758",0.999999999999998
"68","susceptible",1,0.00344067180939874,0.0292824208631038,0.00344067180939874,0.0136135065403896,0.0136135065403896,2900000,"60",203.17081752289,1,50000,0.000465842377578656,2822106.85927329,9977.94824725635,"94896.9687502575","0.105145068158242",0.999999999999998
"69","resistant",0,0.0163362078484675,0.0163362078484675,0.0108908052323116,0.0108908052323116,0.0163362078484675,2900000,"60",203.17081752289,1,50000,0.000465842377578656,2822106.85927329,47375.0027605557,"78958.3379342595","0.6",0.999999999999998
"70","susceptible",0,0.0108908052323116,0.0163362078484675,0.0108908052323116,0.0108908052323116,0.0163362078484675,2900000,"60",203.17081752289,1,50000,0.000465842377578656,2822106.85927329,31583.3351737038,"78958.3379342595","0.4",0.999999999999998
"71","resistant",1,0.0346626700887594,0.0346626700887594,0.00309961645303844,0.0108908052323116,0.0163362078484675,2900000,"60",203.17081752289,1,50000,0.000465842377578656,2822106.85927329,100521.743257402,"109510.630971214","0.917917670329428",0.999999999999998
"72","susceptible",1,0.00309961645303844,0.0346626700887594,0.00309961645303844,0.0108908052323116,0.0163362078484675,2900000,"60",203.17081752289,1,50000,0.000465842377578656,2822106.85927329,8988.88771381149,"109510.630971214","0.0820823296705716",0.999999999999998
"73","resistant",0,0.0190589091565454,0.0190589091565454,0.00816810392423374,0.00816810392423374,0.0190589091565454,2900000,"60",203.17081752289,1,50000,0.000465842377578656,2822106.85927331,55270.8365539816,"78958.3379342595","0.7",0.999999999999998
"74","susceptible",0,0.00816810392423374,0.0190589091565454,0.00816810392423374,0.00816810392423374,0.0190589091565454,2900000,"60",203.17081752289,1,50000,0.000465842377578656,2822106.85927331,23687.5013802778,"78958.3379342595","0.3",0.999999999999998
"75","resistant",1,0.0398823413015445,0.0398823413015445,0.00258508192807161,0.00816810392423374,0.0190589091565454,2900000,"60",203.17081752289,1,50000,0.000465842377578656,2822106.85927331,115658.789774479,"123155.527365887","0.93912788364638",0.999999999999998
"76","susceptible",1,0.00258508192807161,0.0398823413015445,0.00258508192807161,0.00816810392423374,0.0190589091565454,2900000,"60",203.17081752289,1,50000,0.000465842377578656,2822106.85927331,7496.73759140768,"123155.527365887","0.06087211635362",0.999999999999998
"77","resistant",0,0.0217816104646233,0.0217816104646233,0.00544540261615582,0.00544540261615582,0.0217816104646233,2900000,"60",203.17081752289,1,50000,0.000465842377578656,2822106.85927332,63166.6703474076,"78958.3379342595","0.8",0.999999999999998
"78","susceptible",0,0.00544540261615582,0.0217816104646233,0.00544540261615582,0.00544540261615582,0.0217816104646233,2900000,"60",203.17081752289,1,50000,0.000465842377578656,2822106.85927332,15791.6675868519,"78958.3379342595","0.2",0.999999999999998
"79","resistant",1,0.0449406451988547,0.0449406451988547,0.00189711676466594,0.00544540261615582,0.0217816104646233,2900000,"60",203.17081752289,1,50000,0.000465842377578656,2822106.85927332,130327.871076679,"135829.50969421","0.959495998845045",0.999999999999998
"80","susceptible",1,0.00189711676466594,0.0449406451988547,0.00189711676466594,0.00544540261615582,0.0217816104646233,2900000,"60",203.17081752289,1,50000,0.000465842377578656,2822106.85927332,5501.63861753122,"135829.50969421","0.0405040011549548",0.999999999999998
"81","resistant",0,0.0245043117727012,0.0245043117727012,0.00272270130807791,0.00272270130807791,0.0245043117727012,2900000,"60",203.17081752289,1,50000,0.000465842377578656,2822106.85927331,71062.5041408335,"78958.3379342595","0.9",0.999999999999998
"82","susceptible",0,0.00272270130807791,0.0245043117727012,0.00272270130807791,0.00272270130807791,0.0245043117727012,2900000,"60",203.17081752289,1,50000,0.000465842377578656,2822106.85927331,7895.83379342595,"78958.3379342595","0.1",0.999999999999998
"83","resistant",1,0.0498367913443782,0.0498367913443782,0.00103577004852108,0.00272270130807791,0.0245043117727012,2900000,"60",203.17081752289,1,50000,0.000465842377578656,2822106.85927331,144526.694898697,"147530.428039408","0.979639907640553",0.999999999999998
"84","susceptible",1,0.00103577004852108,0.0498367913443782,0.00103577004852108,0.00272270130807791,0.0245043117727012,2900000,"60",203.17081752289,1,50000,0.000465842377578656,2822106.85927331,3003.73314071113,"147530.428039408","0.0203600923594472",0.999999999999998
"85","resistant",0,0.0272270130807791,0.0272270130807791,0,0,0.0272270130807791,2900000,"60",203.17081752289,1,50000,0.000465842377578656,2822106.85927329,78958.3379342595,"78958.3379342595","1",0.999999999999998
"86","susceptible",0,0,0.0272270130807791,0,0,0.0272270130807791,2900000,"60",203.17081752289,1,50000,0.000465842377578656,2822106.85927329,0,"78958.3379342595","0",0.999999999999998
"87","resistant",1,0.0545699881676185,0.0545699881676185,1.09142159178421e-06,0,0.0272270130807791,2900000,"60",203.17081752289,1,50000,0.000465842377578656,2822106.85927329,158252.965686094,"158256.13080871","0.99998",0.999999999999998
"88","susceptible",1,1.09142159178421e-06,0.0545699881676185,1.09142159178421e-06,0,0.0272270130807791,2900000,"60",203.17081752289,1,50000,0.000465842377578656,2822106.85927329,3.1651226161742,"158256.13080871","2e-05",0.999999999999998
"89","resistant",0,0,0,0.0741310241300917,0.0741310241300917,0,2900000,"60",203.17081752289,1,50000,0.000465842377578656,2692795.03347621,0,"214979.969977266","0",0.999999999999979
"90","susceptible",0,0.0741310241300917,0,0.0741310241300917,0.0741310241300917,0,2900000,"60",203.17081752289,1,50000,0.000465842377578656,2692795.03347621,214979.969977266,"214979.969977266","1",0.999999999999979
"91","resistant",1,1.35248507238337e-07,1.35248507238337e-07,0.00676229011340962,0.0741310241300917,0,2900000,"60",203.17081752289,1,50000,0.000465842377578656,2692795.03347621,0.392220670991178,"19611.0335495589","2e-05",0.999999999999979
"92","susceptible",1,0.00676229011340962,1.35248507238337e-07,0.00676229011340962,0.0741310241300917,0,2900000,"60",203.17081752289,1,50000,0.000465842377578656,2692795.03347621,19610.6413288879,"19611.0335495589","0.99998",0.999999999999979
"93","resistant",0,0.00741310241300917,0.00741310241300917,0.0667179217170826,0.0667179217170826,0.00741310241300917,2900000,"60",203.17081752289,1,50000,0.000465842377578656,2692795.03347621,21497.9969977266,"214979.969977266","0.1",0.999999999999979
"94","susceptible",0,0.0667179217170826,0.00741310241300917,0.0667179217170826,0.0667179217170826,0.00741310241300917,2900000,"60",203.17081752289,1,50000,0.000465842377578656,2692795.03347621,193481.972979539,"214979.969977266","0.9",0.999999999999979
"95","resistant",1,0.0196333008463265,0.0196333008463265,0.0117249588132951,0.0667179217170826,0.00741310241300917,2900000,"60",203.17081752289,1,50000,0.000465842377578656,2692795.03347621,56936.5724543468,"90938.9530129026","0.626096634808062",0.999999999999979
"96","susceptible",1,0.0117249588132951,0.0196333008463265,0.0117249588132951,0.0667179217170826,0.00741310241300917,2900000,"60",203.17081752289,1,50000,0.000465842377578656,2692795.03347621,34002.3805585558,"90938.9530129026","0.373903365191938",0.999999999999979
"97","resistant",0,0.0148262048260183,0.0148262048260183,0.0593048193040734,0.0593048193040734,0.0148262048260183,2900000,"60",203.17081752289,1,50000,0.000465842377578656,2692795.03347621,42995.9939954532,"214979.969977266","0.2",0.999999999999979
"98","susceptible",0,0.0593048193040734,0.0148262048260183,0.0593048193040734,0.0593048193040734,0.0148262048260183,2900000,"60",203.17081752289,1,50000,0.000465842377578656,2692795.03347621,171983.975981813,"214979.969977266","0.8",0.999999999999979
"99","resistant",1,0.0381703672509795,0.0381703672509795,0.0154322224129442,0.0593048193040734,0.0148262048260183,2900000,"60",203.17081752289,1,50000,0.000465842377578656,2692795.03347621,110694.06502784,"155447.510025379","0.712099312557456",0.999999999999979
"100","susceptible",1,0.0154322224129442,0.0381703672509795,0.0154322224129442,0.0593048193040734,0.0148262048260183,2900000,"60",203.17081752289,1,50000,0.000465842377578656,2692795.03347621,44753.4449975383,"155447.510025379","0.287900687442544",0.999999999999979
"101","resistant",0,0.0222393072390275,0.0222393072390275,0.0518917168910642,0.0518917168910642,0.0222393072390275,2900000,"60",203.17081752289,1,50000,0.000465842377578656,2692795.03347621,64493.9909931798,"214979.969977266","0.3",0.999999999999979
"102","susceptible",0,0.0518917168910642,0.0222393072390275,0.0518917168910642,0.0518917168910642,0.0222393072390275,2900000,"60",203.17081752289,1,50000,0.000465842377578656,2692795.03347621,150485.978984086,"214979.969977266","0.7",0.999999999999979
"103","resistant",1,0.0555960676050774,0.0555960676050774,0.0178849223617898,0.0518917168910642,0.0222393072390275,2900000,"60",203.17081752289,1,50000,0.000465842377578656,2692795.03347621,161228.596054724,"213094.870903915","0.756604771249623",0.999999999999979
"104","susceptible",1,0.0178849223617898,0.0555960676050774,0.0178849223617898,0.0518917168910642,0.0222393072390275,2900000,"60",203.17081752289,1,50000,0.000465842377578656,2692795.03347621,51866.2748491903,"213094.870903915","0.243395228750377",0.999999999999979
"105","resistant",0,0.0296524096520367,0.0296524096520367,0.044478614478055,0.044478614478055,0.0296524096520367,2900000,"60",203.17081752289,1,50000,0.000465842377578656,2692795.03347621,85991.9879909064,"214979.969977266","0.4",0.999999999999979
"106","susceptible",0,0.044478614478055,0.0296524096520367,0.044478614478055,0.044478614478055,0.0296524096520367,2900000,"60",203.17081752289,1,50000,0.000465842377578656,2692795.03347621,128987.98198636,"214979.969977266","0.6",0.999999999999979
"107","resistant",1,0.0718950747499305,0.0718950747499305,0.0190839294209131,0.044478614478055,0.0296524096520367,2900000,"60",203.17081752289,1,50000,0.000465842377578656,2692795.03347621,208495.716774798,"263839.112095446","0.79023809290024",0.999999999999979
"108","susceptible",1,0.0190839294209131,0.0718950747499305,0.0190839294209131,0.044478614478055,0.0296524096520367,2900000,"60",203.17081752289,1,50000,0.000465842377578656,2692795.03347621,55343.395320648,"263839.112095446","0.209761907099759",0.999999999999979
"109","resistant",0,0.0370655120650459,0.0370655120650459,0.0370655120650459,0.0370655120650459,0.0370655120650459,2900000,"60",203.17081752289,1,50000,0.000465842377578656,2692795.03347621,107489.984988633,"214979.969977266","0.5",0.999999999999979
"110","susceptible",0,0.0370655120650459,0.0370655120650459,0.0370655120650459,0.0370655120650459,0.0370655120650459,2900000,"60",203.17081752289,1,50000,0.000465842377578656,2692795.03347621,107489.984988633,"214979.969977266","0.5",0.999999999999979
"111","resistant",1,0.0870520011498716,0.0870520011498716,0.0190301437674797,0.0370655120650459,0.0370655120650459,2900000,"60",203.17081752289,1,50000,0.000465842377578656,2692795.03347621,252450.803334628,"307638.220260319","0.820609360959791",0.999999999999979
"112","susceptible",1,0.0190301437674797,0.0870520011498716,0.0190301437674797,0.0370655120650459,0.0370655120650459,2900000,"60",203.17081752289,1,50000,0.000465842377578656,2692795.03347621,55187.4169256911,"307638.220260319","0.179390639040209",0.999999999999979
"113","resistant",0,0.044478614478055,0.044478614478055,0.0296524096520367,0.0296524096520367,0.044478614478055,2900000,"60",203.17081752289,1,50000,0.000465842377578656,2692795.03347621,128987.98198636,"214979.969977266","0.6",0.999999999999979
"114","susceptible",0,0.0296524096520367,0.044478614478055,0.0296524096520367,0.0296524096520367,0.044478614478055,2900000,"60",203.17081752289,1,50000,0.000465842377578656,2692795.03347621,85991.9879909064,"214979.969977266","0.4",0.999999999999979
"115","resistant",1,0.101051398816829,0.101051398816829,0.0177244950992365,0.0296524096520367,0.044478614478055,2900000,"60",203.17081752289,1,50000,0.000465842377578656,2692795.03347621,293049.056568805,"344450.092356591","0.850773633311809",0.999999999999979
"116","susceptible",1,0.0177244950992365,0.101051398816829,0.0177244950992365,0.0296524096520367,0.044478614478055,2900000,"60",203.17081752289,1,50000,0.000465842377578656,2692795.03347621,51401.035787786,"344450.092356591","0.149226366688191",0.999999999999979
"117","resistant",0,0.0518917168910642,0.0518917168910642,0.0222393072390275,0.0222393072390275,0.0518917168910642,2900000,"60",203.17081752289,1,50000,0.000465842377578656,2692795.03347621,150485.978984086,"214979.969977266","0.7",0.999999999999979
"118","susceptible",0,0.0222393072390275,0.0518917168910642,0.0222393072390275,0.0222393072390275,0.0518917168910642,2900000,"60",203.17081752289,1,50000,0.000465842377578656,2692795.03347621,64493.9909931798,"214979.969977266","0.3",0.999999999999979
"119","resistant",1,0.113877759235152,0.113877759235152,0.015167942739072,0.0222393072390275,0.0518917168910642,2900000,"60",203.17081752289,1,50000,0.000465842377578656,2692795.03347621,330245.501781941,"374232.53572525","0.882460690228167",0.999999999999979
"120","susceptible",1,0.015167942739072,0.113877759235152,0.015167942739072,0.0222393072390275,0.0518917168910642,2900000,"60",203.17081752289,1,50000,0.000465842377578656,2692795.03347621,43987.0339433088,"374232.53572525","0.117539309771833",0.999999999999979
"121","resistant",0,0.0593048193040734,0.0593048193040734,0.0148262048260183,0.0148262048260183,0.0593048193040734,2900000,"60",203.17081752289,1,50000,0.000465842377578656,2692795.03347621,171983.975981813,"214979.969977266","0.8",0.999999999999979
"122","susceptible",0,0.0148262048260183,0.0593048193040734,0.0148262048260183,0.0148262048260183,0.0593048193040734,2900000,"60",203.17081752289,1,50000,0.000465842377578656,2692795.03347621,42995.9939954532,"214979.969977266","0.2",0.999999999999979
"123","resistant",1,0.125515513286685,0.125515513286685,0.0113614757396365,0.0148262048260183,0.0593048193040734,2900000,"60",203.17081752289,1,50000,0.000465842377578656,2692795.03347621,363994.988531387,"396943.268176333","0.916994990754424",0.999999999999979
"124","susceptible",1,0.0113614757396365,0.125515513286685,0.0113614757396365,0.0148262048260183,0.0593048193040734,2900000,"60",203.17081752289,1,50000,0.000465842377578656,2692795.03347621,32948.2796449458,"396943.268176333","0.0830050092455762",0.999999999999979
"125","resistant",0,0.0667179217170826,0.0667179217170826,0.00741310241300917,0.00741310241300917,0.0667179217170826,2900000,"60",203.17081752289,1,50000,0.000465842377578656,2692795.03347621,193481.972979539,"214979.969977266","0.9",0.999999999999979
"126","susceptible",0,0.00741310241300917,0.0667179217170826,0.00741310241300917,0.00741310241300917,0.0667179217170826,2900000,"60",203.17081752289,1,50000,0.000465842377578656,2692795.03347621,21497.9969977266,"214979.969977266","0.1",0.999999999999979
"127","resistant",1,0.135949031176101,0.135949031176101,0.00630611298802392,0.00741310241300917,0.0667179217170826,2900000,"60",203.17081752289,1,50000,0.000465842377578656,2692795.03347621,394252.190410693,"412539.918075962","0.955670404574275",0.999999999999979
"128","susceptible",1,0.00630611298802392,0.135949031176101,0.00630611298802392,0.00741310241300917,0.0667179217170826,2900000,"60",203.17081752289,1,50000,0.000465842377578656,2692795.03347621,18287.7276652694,"412539.918075962","0.0443295954257256",0.999999999999979
"129","resistant",0,0.0741310241300917,0.0741310241300917,0,0,0.0741310241300917,2900000,"60",203.17081752289,1,50000,0.000465842377578656,2692795.03347621,214979.969977266,"214979.969977266","1",0.999999999999979
"130","susceptible",0,0,0.0741310241300917,0,0,0.0741310241300917,2900000,"60",203.17081752289,1,50000,0.000465842377578656,2692795.03347621,0,"214979.969977266","0",0.999999999999979
"131","resistant",1,0.145162622356482,0.145162622356482,2.90331051333991e-06,0,0.0741310241300917,2900000,"60",203.17081752289,1,50000,0.000465842377578656,2692795.03347621,420971.604833799,"420980.024434287","0.99998",0.999999999999979
"132","susceptible",1,2.90331051333991e-06,0.145162622356482,2.90331051333991e-06,0,0.0741310241300917,2900000,"60",203.17081752289,1,50000,0.000465842377578656,2692795.03347621,8.41960048868575,"420980.024434287","2e-05",0.999999999999979
"133","resistant",0,0,0,0.201836636368156,0.201836636368156,0,2900000,"60",203.17081752289,1,50000,0.000465842377578656,2369962.3426056,0,"585326.245467652","0",0.999999999999974
"134","susceptible",0,0.201836636368156,0,0.201836636368156,0.201836636368156,0,2900000,"60",203.17081752289,1,50000,0.000465842377578656,2369962.3426056,585326.245467652,"585326.245467652","1",0.999999999999974
"135","resistant",1,3.45970481042881e-07,3.45970481042881e-07,0.017298178081663,0.201836636368156,0,2900000,"60",203.17081752289,1,50000,0.000465842377578656,2369962.3426056,1.00331439502435,"50165.7197512177","2e-05",0.999999999999974
"136","susceptible",1,0.017298178081663,3.45970481042881e-07,0.017298178081663,0.201836636368156,0,2900000,"60",203.17081752289,1,50000,0.000465842377578656,2369962.3426056,50164.7164368227,"50165.7197512177","0.99998",0.999999999999974
"137","resistant",0,0.0201836636368156,0.0201836636368156,0.18165297273134,0.18165297273134,0.0201836636368156,2900000,"60",203.17081752289,1,50000,0.000465842377578656,2369962.34260564,58532.6245467652,"585326.245467652","0.1",0.999999999999974
"138","susceptible",0,0.18165297273134,0.0201836636368156,0.18165297273134,0.18165297273134,0.0201836636368156,2900000,"60",203.17081752289,1,50000,0.000465842377578656,2369962.34260564,526793.620920887,"585326.245467652","0.9",0.999999999999974
"139","resistant",1,0.0716971295666617,0.0716971295666617,0.0544684900750499,0.18165297273134,0.0201836636368156,2900000,"60",203.17081752289,1,50000,0.000465842377578656,2369962.34260564,207921.675743319,"365880.296960964","0.568277869757776",0.999999999999974
"140","susceptible",1,0.0544684900750499,0.0716971295666617,0.0544684900750499,0.18165297273134,0.0201836636368156,2900000,"60",203.17081752289,1,50000,0.000465842377578656,2369962.34260564,157958.621217645,"365880.296960964","0.431722130242224",0.999999999999974
"141","resistant",0,0.0403673272736312,0.0403673272736312,0.161469309094525,0.161469309094525,0.0403673272736312,2900000,"60",203.17081752289,1,50000,0.000465842377578656,2369962.3426056,117065.24909353,"585326.245467652","0.2",0.999999999999974
"142","susceptible",0,0.161469309094525,0.0403673272736312,0.161469309094525,0.161469309094525,0.0403673272736312,2900000,"60",203.17081752289,1,50000,0.000465842377578656,2369962.3426056,468260.996374122,"585326.245467652","0.8",0.999999999999974
"143","resistant",1,0.136473799886432,0.136473799886432,0.0829532133748175,0.161469309094525,0.0403673272736312,2900000,"60",203.17081752289,1,50000,0.000465842377578656,2369962.3426056,395774.019670654,"636338.338457625","0.621955327459827",0.999999999999974
"144","susceptible",1,0.0829532133748175,0.136473799886432,0.0829532133748175,0.161469309094525,0.0403673272736312,2900000,"60",203.17081752289,1,50000,0.000465842377578656,2369962.3426056,240564.318786971,"636338.338457625","0.378044672540173",0.999999999999974
"145","resistant",0,0.0605509909104468,0.0605509909104468,0.141285645457709,0.141285645457709,0.0605509909104468,2900000,"60",203.17081752289,1,50000,0.000465842377578656,2369962.34260562,175597.873640296,"585326.245467652","0.3",0.999999999999974
"146","susceptible",0,0.141285645457709,0.0605509909104468,0.141285645457709,0.141285645457709,0.0605509909104468,2900000,"60",203.17081752289,1,50000,0.000465842377578656,2369962.34260562,409728.371827357,"585326.245467652","0.7",0.999999999999974
"147","resistant",1,0.19405045398168,0.19405045398168,0.102765229032909,0.141285645457709,0.0605509909104468,2900000,"60",203.17081752289,1,50000,0.000465842377578656,2369962.34260562,562746.316546871,"860765.480742308","0.653774261557944",0.999999999999974
"148","susceptible",1,0.102765229032909,0.19405045398168,0.102765229032909,0.141285645457709,0.0605509909104468,2900000,"60",203.17081752289,1,50000,0.000465842377578656,2369962.34260562,298019.164195437,"860765.480742308","0.346225738442056",0.999999999999974
"149","resistant",0,0.0807346545472624,0.0807346545472624,0.121101981820894,0.121101981820894,0.0807346545472624,2900000,"60",203.17081752289,1,50000,0.000465842377578656,2369962.34260563,234130.498187061,"585326.245467652","0.4",0.999999999999974
"150","susceptible",0,0.121101981820894,0.0807346545472624,0.121101981820894,0.121101981820894,0.0807346545472624,2900000,"60",203.17081752289,1,50000,0.000465842377578656,2369962.34260563,351195.747280591,"585326.245467652","0.6",0.999999999999974
"151","resistant",1,0.24414413681696,0.24414413681696,0.113918885974202,0.121101981820894,0.0807346545472624,2900000,"60",203.17081752289,1,50000,0.000465842377578656,2369962.34260563,708017.996769183,"1038382.76609437","0.681846829403984",0.999999999999974
"152","susceptible",1,0.113918885974202,0.24414413681696,0.113918885974202,0.121101981820894,0.0807346545472624,2900000,"60",203.17081752289,1,50000,0.000465842377578656,2369962.34260563,330364.769325184,"1038382.76609437","0.318153170596016",0.999999999999974
"153","resistant",0,0.100918318184078,0.100918318184078,0.100918318184078,0.100918318184078,0.100918318184078,2900000,"60",203.17081752289,1,50000,0.000465842377578656,2369962.3426056,292663.122733826,"585326.245467652","0.5",0.999999999999974
"154","susceptible",0,0.100918318184078,0.100918318184078,0.100918318184078,0.100918318184078,0.100918318184078,2900000,"60",203.17081752289,1,50000,0.000465842377578656,2369962.3426056,292663.122733826,"585326.245467652","0.5",0.999999999999974
"155","resistant",1,0.286468830663596,0.286468830663596,0.116430015422736,0.100918318184078,0.100918318184078,2900000,"60",203.17081752289,1,50000,0.000465842377578656,2369962.3426056,830759.608924429,"1168406.65365036","0.711019238318225",0.999999999999974
"156","susceptible",1,0.116430015422736,0.286468830663596,0.116430015422736,0.100918318184078,0.100918318184078,2900000,"60",203.17081752289,1,50000,0.000465842377578656,2369962.3426056,337647.044725936,"1168406.65365036","0.288980761681775",0.999999999999974
"157","resistant",0,0.121101981820894,0.121101981820894,0.0807346545472624,0.0807346545472624,0.121101981820894,2900000,"60",203.17081752289,1,50000,0.000465842377578656,2369962.34260563,351195.747280591,"585326.245467652","0.6",0.999999999999974
"158","susceptible",0,0.0807346545472624,0.121101981820894,0.0807346545472624,0.0807346545472624,0.121101981820894,2900000,"60",203.17081752289,1,50000,0.000465842377578656,2369962.34260563,234130.498187061,"585326.245467652","0.4",0.999999999999974
"159","resistant",1,0.320735444586418,0.320735444586418,0.110315945352061,0.0807346545472624,0.121101981820894,2900000,"60",203.17081752289,1,50000,0.000465842377578656,2369962.34260563,930132.789300613,"1250049.03082159","0.744077045273406",0.999999999999974
"160","susceptible",1,0.110315945352061,0.320735444586418,0.110315945352061,0.0807346545472624,0.121101981820894,2900000,"60",203.17081752289,1,50000,0.000465842377578656,2369962.34260563,319916.241520976,"1250049.03082159","0.255922954726594",0.999999999999974
"161","resistant",0,0.141285645457709,0.141285645457709,0.0605509909104468,0.0605509909104468,0.141285645457709,2900000,"60",203.17081752289,1,50000,0.000465842377578656,2369962.34260562,409728.371827357,"585326.245467652","0.7",0.999999999999974
"162","susceptible",0,0.0605509909104468,0.141285645457709,0.0605509909104468,0.0605509909104468,0.141285645457709,2900000,"60",203.17081752289,1,50000,0.000465842377578656,2369962.34260562,175597.873640296,"585326.245467652","0.3",0.999999999999974
"163","resistant",1,0.34665180402514,0.34665180402514,0.0955955149595216,0.0605509909104468,0.141285645457709,2900000,"60",203.17081752289,1,50000,0.000465842377578656,2369962.34260562,1005290.23167291,"1282517.22505552","0.78384150484169",0.999999999999974
"164","susceptible",1,0.0955955149595216,0.34665180402514,0.0955955149595216,0.0605509909104468,0.141285645457709,2900000,"60",203.17081752289,1,50000,0.000465842377578656,2369962.34260562,277226.993382613,"1282517.22505552","0.21615849515831",0.999999999999974
"165","resistant",0,0.161469309094525,0.161469309094525,0.0403673272736312,0.0403673272736312,0.161469309094525,2900000,"60",203.17081752289,1,50000,0.000465842377578656,2369962.3426056,468260.996374122,"585326.245467652","0.8",0.999999999999974
"166","susceptible",0,0.0403673272736312,0.161469309094525,0.0403673272736312,0.0403673272736312,0.161469309094525,2900000,"60",203.17081752289,1,50000,0.000465842377578656,2369962.3426056,117065.24909353,"585326.245467652","0.2",0.999999999999974
"167","resistant",1,0.363922640470454,0.363922640470454,0.0722890891630527,0.0403673272736312,0.161469309094525,2900000,"60",203.17081752289,1,50000,0.000465842377578656,2369962.3426056,1055375.65736432,"1265014.01593717","0.834279813557998",0.999999999999974
"168","susceptible",1,0.0722890891630527,0.363922640470454,0.0722890891630527,0.0403673272736312,0.161469309094525,2900000,"60",203.17081752289,1,50000,0.000465842377578656,2369962.3426056,209638.358572853,"1265014.01593717","0.165720186442002",0.999999999999974
"169","resistant",0,0.18165297273134,0.18165297273134,0.0201836636368156,0.0201836636368156,0.18165297273134,2900000,"60",203.17081752289,1,50000,0.000465842377578656,2369962.34260564,526793.620920887,"585326.245467652","0.9",0.999999999999974
"170","susceptible",0,0.0201836636368156,0.18165297273134,0.0201836636368156,0.0201836636368156,0.18165297273134,2900000,"60",203.17081752289,1,50000,0.000465842377578656,2369962.34260564,58532.6245467652,"585326.245467652","0.1",0.999999999999974
"171","resistant",1,0.372249581237062,0.372249581237062,0.0404185731206411,0.0201836636368156,0.18165297273134,2900000,"60",203.17081752289,1,50000,0.000465842377578656,2369962.34260564,1079523.78558748,"1196737.64763734","0.902055507085225",0.999999999999974
"172","susceptible",1,0.0404185731206411,0.372249581237062,0.0404185731206411,0.0201836636368156,0.18165297273134,2900000,"60",203.17081752289,1,50000,0.000465842377578656,2369962.34260564,117213.862049859,"1196737.64763734","0.0979444929147747",0.999999999999974
"173","resistant",0,0.201836636368156,0.201836636368156,0,0,0.201836636368156,2900000,"60",203.17081752289,1,50000,0.000465842377578656,2369962.3426056,585326.245467652,"585326.245467652","1",0.999999999999974
"174","susceptible",0,0,0.201836636368156,0,0,0.201836636368156,2900000,"60",203.17081752289,1,50000,0.000465842377578656,2369962.3426056,0,"585326.245467652","0",0.999999999999974
"175","resistant",1,0.371331139334619,0.371331139334619,7.42677132211882e-06,0,0.201836636368156,2900000,"60",203.17081752289,1,50000,0.000465842377578656,2369962.3426056,1076860.30407039,"1076881.84170723","0.99998",0.999999999999974
"176","susceptible",1,7.42677132211882e-06,0.371331139334619,7.42677132211882e-06,0,0.201836636368156,2900000,"60",203.17081752289,1,50000,0.000465842377578656,2369962.3426056,21.5376368341446,"1076881.84170723","2e-05",0.999999999999974
"177","resistant",0,0,0,0.549540873857624,0.549540873857624,0,2900000,"60",203.17081752289,1,50000,0.000465842377578656,1673922.65682493,0,"1593668.53418711","0",0.99999999999996
"178","susceptible",0,0.549540873857624,0,0.549540873857624,0.549540873857624,0,2900000,"60",203.17081752289,1,50000,0.000465842377578656,1673922.65682493,1593668.53418711,"1593668.53418711","1",0.99999999999996
"179","resistant",1,8.00295153177082e-07,8.00295153177082e-07,0.0400139573637009,0.549540873857624,0,2900000,"60",203.17081752289,1,50000,0.000465842377578656,1673922.65682493,2.32085594421354,"116042.797210677","2e-05",0.99999999999996
"180","susceptible",1,0.0400139573637009,8.00295153177082e-07,0.0400139573637009,0.549540873857624,0,2900000,"60",203.17081752289,1,50000,0.000465842377578656,1673922.65682493,116040.476354733,"116042.797210677","0.99998",0.99999999999996
"181","resistant",0,0.0549540873857624,0.0549540873857624,0.494586786471862,0.494586786471862,0.0549540873857624,2900000,"60",203.17081752289,1,50000,0.000465842377578656,1673922.65682494,159366.853418711,"1593668.53418711","0.1",0.999999999999959
"182","susceptible",0,0.494586786471862,0.0549540873857624,0.494586786471862,0.494586786471862,0.0549540873857624,2900000,"60",203.17081752289,1,50000,0.000465842377578656,1673922.65682494,1434301.6807684,"1593668.53418711","0.9",0.999999999999959
"183","resistant",1,0.285436806536997,0.285436806536997,0.274136894810131,0.494586786471862,0.0549540873857624,2900000,"60",203.17081752289,1,50000,0.000465842377578656,1673922.65682494,827766.738957292,"1622763.73390667","0.510096893134598",0.999999999999959
"184","susceptible",1,0.274136894810131,0.285436806536997,0.274136894810131,0.494586786471862,0.0549540873857624,2900000,"60",203.17081752289,1,50000,0.000465842377578656,1673922.65682494,794996.99494938,"1622763.73390667","0.489903106865402",0.999999999999959
"185","resistant",0,0.109908174771525,0.109908174771525,0.439632699086099,0.439632699086099,0.109908174771525,2900000,"60",203.17081752289,1,50000,0.000465842377578656,1673922.65682494,318733.706837422,"1593668.53418711","0.2",0.99999999999996
"186","susceptible",0,0.439632699086099,0.109908174771525,0.439632699086099,0.439632699086099,0.109908174771525,2900000,"60",203.17081752289,1,50000,0.000465842377578656,1673922.65682494,1274934.82734969,"1593668.53418711","0.8",0.99999999999996
"187","resistant",1,0.538781468609323,0.538781468609323,0.45480875506759,0.439632699086099,0.109908174771525,2900000,"60",203.17081752289,1,50000,0.000465842377578656,1673922.65682494,1562466.25896704,"2881411.64866305","0.542257216073937",0.99999999999996
"188","susceptible",1,0.45480875506759,0.538781468609323,0.45480875506759,0.439632699086099,0.109908174771525,2900000,"60",203.17081752289,1,50000,0.000465842377578656,1673922.65682494,1318945.38969601,"2881411.64866305","0.457742783926063",0.99999999999996
"189","resistant",0,0.164862262157287,0.164862262157287,0.384678611700337,0.384678611700337,0.164862262157287,2900000,"60",203.17081752289,1,50000,0.000465842377578656,1673922.65682494,478100.560256133,"1593668.53418711","0.3",0.99999999999996
"190","susceptible",0,0.384678611700337,0.164862262157287,0.384678611700337,0.384678611700337,0.164862262157287,2900000,"60",203.17081752289,1,50000,0.000465842377578656,1673922.65682494,1115567.97393098,"1593668.53418711","0.7",0.99999999999996
"191","resistant",1,0.755678551040015,0.755678551040015,0.582116700040418,0.384678611700337,0.164862262157287,2900000,"60",203.17081752289,1,50000,0.000465842377578656,1673922.65682494,2191467.79801604,"3879606.22813326","0.564868615305453",0.99999999999996
"192","susceptible",1,0.582116700040418,0.755678551040015,0.582116700040418,0.384678611700337,0.164862262157287,2900000,"60",203.17081752289,1,50000,0.000465842377578656,1673922.65682494,1688138.43011721,"3879606.22813326","0.435131384694547",0.99999999999996
"193","resistant",0,0.21981634954305,0.21981634954305,0.329724524314575,0.329724524314575,0.21981634954305,2900000,"60",203.17081752289,1,50000,0.000465842377578656,1673922.65682494,637467.413674844,"1593668.53418711","0.4",0.99999999999996
"194","susceptible",0,0.329724524314575,0.21981634954305,0.329724524314575,0.329724524314575,0.21981634954305,2900000,"60",203.17081752289,1,50000,0.000465842377578656,1673922.65682494,956201.120512266,"1593668.53418711","0.6",0.99999999999996
"195","resistant",1,0.931637464014265,0.931637464014265,0.656210618976938,0.329724524314575,0.21981634954305,2900000,"60",203.17081752289,1,50000,0.000465842377578656,1673922.65682494,2701748.64564137,"4604759.44067449","0.58672959585607",0.99999999999996
"196","susceptible",1,0.656210618976938,0.931637464014265,0.656210618976938,0.329724524314575,0.21981634954305,2900000,"60",203.17081752289,1,50000,0.000465842377578656,1673922.65682494,1903010.79503312,"4604759.44067449","0.41327040414393",0.99999999999996
"197","resistant",0,0.274770436928812,0.274770436928812,0.274770436928812,0.274770436928812,0.274770436928812,2900000,"60",203.17081752289,1,50000,0.000465842377578656,1673922.65682495,796834.267093555,"1593668.53418711","0.5",0.99999999999996
"198","susceptible",0,0.274770436928812,0.274770436928812,0.274770436928812,0.274770436928812,0.274770436928812,2900000,"60",203.17081752289,1,50000,0.000465842377578656,1673922.65682495,796834.267093555,"1593668.53418711","0.5",0.99999999999996
"199","resistant",1,1.06203193450923,1.06203193450923,0.677304868211999,0.274770436928812,0.274770436928812,2900000,"60",203.17081752289,1,50000,0.000465842377578656,1673922.65682495,3079892.61007678,"5044076.72789157","0.610595908076952",0.99999999999996
"200","susceptible",1,0.677304868211999,1.06203193450923,0.677304868211999,0.274770436928812,0.274770436928812,2900000,"60",203.17081752289,1,50000,0.000465842377578656,1673922.65682495,1964184.1178148,"5044076.72789157","0.389404091923048",0.99999999999996
"201","resistant",0,0.329724524314575,0.329724524314575,0.21981634954305,0.21981634954305,0.329724524314575,2900000,"60",203.17081752289,1,50000,0.000465842377578656,1673922.65682494,956201.120512266,"1593668.53418711","0.6",0.99999999999996
"202","susceptible",0,0.21981634954305,0.329724524314575,0.21981634954305,0.21981634954305,0.329724524314575,2900000,"60",203.17081752289,1,50000,0.000465842377578656,1673922.65682494,637467.413674844,"1593668.53418711","0.4",0.99999999999996
"203","resistant",1,1.14209870689624,1.14209870689624,0.645680019494226,0.21981634954305,0.329724524314575,2900000,"60",203.17081752289,1,50000,0.000465842377578656,1673922.65682494,3312086.24999909,"5184558.30653235","0.638836725170202",0.99999999999996
"204","susceptible",1,0.645680019494226,1.14209870689624,0.645680019494226,0.21981634954305,0.329724524314575,2900000,"60",203.17081752289,1,50000,0.000465842377578656,1673922.65682494,1872472.05653326,"5184558.30653235","0.361163274829798",0.99999999999996
"205","resistant",0,0.384678611700337,0.384678611700337,0.164862262157287,0.164862262157287,0.384678611700337,2900000,"60",203.17081752289,1,50000,0.000465842377578656,1673922.65682494,1115567.97393098,"1593668.53418711","0.7",0.99999999999996
"206","susceptible",0,0.164862262157287,0.384678611700337,0.164862262157287,0.164862262157287,0.384678611700337,2900000,"60",203.17081752289,1,50000,0.000465842377578656,1673922.65682494,478100.560256133,"1593668.53418711","0.3",0.99999999999996
"207","resistant",1,1.16693627410291,1.16693627410291,0.561684616340804,0.164862262157287,0.384678611700337,2900000,"60",203.17081752289,1,50000,0.000465842377578656,1673922.65682494,3384115.19489844,"5013000.58228677","0.675067784124356",0.99999999999996
"208","susceptible",1,0.561684616340804,1.16693627410291,0.561684616340804,0.164862262157287,0.384678611700337,2900000,"60",203.17081752289,1,50000,0.000465842377578656,1673922.65682494,1628885.38738833,"5013000.58228677","0.324932215875644",0.99999999999996
"209","resistant",0,0.439632699086099,0.439632699086099,0.109908174771525,0.109908174771525,0.439632699086099,2900000,"60",203.17081752289,1,50000,0.000465842377578656,1673922.65682495,1274934.82734969,"1593668.53418711","0.8",0.99999999999996
"210","susceptible",0,0.109908174771525,0.439632699086099,0.109908174771525,0.109908174771525,0.439632699086099,2900000,"60",203.17081752289,1,50000,0.000465842377578656,1673922.65682495,318733.706837422,"1593668.53418711","0.2",0.99999999999996
"211","resistant",1,1.13150364043626,1.13150364043626,0.425736937849179,0.109908174771525,0.439632699086099,2900000,"60",203.17081752289,1,50000,0.000465842377578656,1673922.65682495,3281360.55726517,"4515997.67702779","0.726608114516303",0.99999999999996
"212","susceptible",1,0.425736937849179,1.13150364043626,0.425736937849179,0.109908174771525,0.439632699086099,2900000,"60",203.17081752289,1,50000,0.000465842377578656,1673922.65682495,1234637.11976262,"4515997.67702779","0.273391885483697",0.99999999999996
"213","resistant",0,0.494586786471862,0.494586786471862,0.0549540873857624,0.0549540873857624,0.494586786471862,2900000,"60",203.17081752289,1,50000,0.000465842377578656,1673922.65682494,1434301.6807684,"1593668.53418711","0.9",0.99999999999996
"214","susceptible",0,0.0549540873857624,0.494586786471862,0.0549540873857624,0.0549540873857624,0.494586786471862,2900000,"60",203.17081752289,1,50000,0.000465842377578656,1673922.65682494,159366.853418711,"1593668.53418711","0.1",0.99999999999996
"215","resistant",1,1.03061911717617,1.03061911717617,0.238326769381812,0.0549540873857624,0.494586786471862,2900000,"60",203.17081752289,1,50000,0.000465842377578656,1673922.65682494,2988795.4398109,"3679943.07101815","0.812185238230865",0.99999999999996
"216","susceptible",1,0.238326769381812,1.03061911717617,0.238326769381812,0.0549540873857624,0.494586786471862,2900000,"60",203.17081752289,1,50000,0.000465842377578656,1673922.65682494,691147.631207254,"3679943.07101815","0.187814761769135",0.99999999999996
"217","resistant",0,0.549540873857624,0.549540873857624,0,0,0.549540873857624,2900000,"60",203.17081752289,1,50000,0.000465842377578656,1673922.65682493,1593668.53418711,"1593668.53418711","1",0.99999999999996
"218","susceptible",0,0,0.549540873857624,0,0,0.549540873857624,2900000,"60",203.17081752289,1,50000,0.000465842377578656,1673922.65682493,0,"1593668.53418711","0",0.99999999999996
"219","resistant",1,0.858959152056635,0.858959152056635,1.71795266316653e-05,0,0.549540873857624,2900000,"60",203.17081752289,1,50000,0.000465842377578656,1673922.65682493,2490981.54096424,"2491031.36159147","0.99998",0.99999999999996
"220","susceptible",1,1.71795266316653e-05,0.858959152056635,1.71795266316653e-05,0,0.549540873857624,2900000,"60",203.17081752289,1,50000,0.000465842377578656,1673922.65682493,49.8206272318295,"2491031.36159147","2e-05",0.99999999999996
"221","resistant",0,0,0,1.49623565609443,1.49623565609443,0,2900000,"60",203.17081752289,1,50000,0.000465842377578656,649517.70937708,0,"4339083.40267386","0",0.999999999999946
"222","susceptible",0,1.49623565609443,0,1.49623565609443,1.49623565609443,0,2900000,"60",203.17081752289,1,50000,0.000465842377578656,649517.70937708,4339083.40267386,"4339083.40267386","1",0.999999999999946
"223","resistant",1,1.46895306362354e-06,1.46895306362354e-06,0.0734461842281135,1.49623565609443,0,2900000,"60",203.17081752289,1,50000,0.000465842377578656,649517.70937708,4.25996388450828,"212998.194225414","2e-05",0.999999999999946
"224","susceptible",1,0.0734461842281135,1.46895306362354e-06,0.0734461842281135,1.49623565609443,0,2900000,"60",203.17081752289,1,50000,0.000465842377578656,649517.70937708,212993.934261529,"212998.194225414","0.99998",0.999999999999946
"225","resistant",0,0.149623565609443,0.149623565609443,1.34661209048499,1.34661209048499,0.149623565609443,2900000,"60",203.17081752289,1,50000,0.000465842377578656,649517.709377081,433908.340267386,"4339083.40267385","0.1",0.999999999999946
"226","susceptible",0,1.34661209048499,0.149623565609443,1.34661209048499,1.34661209048499,0.149623565609443,2900000,"60",203.17081752289,1,50000,0.000465842377578656,649517.709377081,3905175.06240647,"4339083.40267385","0.9",0.999999999999946
"227","resistant",1,0.925612778393988,0.925612778393988,1.14899023630431,1.34661209048499,0.149623565609443,2900000,"60",203.17081752289,1,50000,0.000465842377578656,649517.709377081,2684277.05734257,"6016348.74262505","0.446163806683082",0.999999999999946
"228","susceptible",1,1.14899023630431,0.925612778393988,1.14899023630431,1.34661209048499,0.149623565609443,2900000,"60",203.17081752289,1,50000,0.000465842377578656,649517.709377081,3332071.68528249,"6016348.74262505","0.553836193316918",0.999999999999946
"229","resistant",0,0.299247131218887,0.299247131218887,1.19698852487555,1.19698852487555,0.299247131218887,2900000,"60",203.17081752289,1,50000,0.000465842377578656,649517.709377087,867816.680534771,"4339083.40267386","0.2",0.999999999999946
"230","susceptible",0,1.19698852487555,0.299247131218887,1.19698852487555,1.19698852487555,0.299247131218887,2900000,"60",203.17081752289,1,50000,0.000465842377578656,649517.709377087,3471266.72213908,"4339083.40267386","0.8",0.999999999999946
"231","resistant",1,1.81745843404316,1.81745843404316,1.98203979589517,1.19698852487555,0.299247131218887,2900000,"60",203.17081752289,1,50000,0.000465842377578656,649517.709377087,5270629.45872517,"11018544.8668212","0.478341697785884",0.999999999999946
"232","susceptible",1,1.98203979589517,1.81745843404316,1.98203979589517,1.19698852487555,0.299247131218887,2900000,"60",203.17081752289,1,50000,0.000465842377578656,649517.709377087,5747915.40809598,"11018544.8668212","0.521658302214115",0.999999999999946
"233","resistant",0,0.44887069682833,0.44887069682833,1.0473649592661,1.0473649592661,0.44887069682833,2900000,"60",203.17081752289,1,50000,0.000465842377578656,649517.70937708,1301725.02080216,"4339083.40267386","0.3",0.999999999999946
"234","susceptible",0,1.0473649592661,0.44887069682833,1.0473649592661,1.0473649592661,0.44887069682833,2900000,"60",203.17081752289,1,50000,0.000465842377578656,649517.70937708,3037358.3818717,"4339083.40267386","0.7",0.999999999999946
"235","resistant",1,2.63163274186789,2.63163274186789,2.569902740631,1.0473649592661,0.44887069682833,2900000,"60",203.17081752289,1,50000,0.000465842377578656,649517.70937708,7631734.95141689,"15084452.8992468","0.505933824871962",0.999999999999946
"236","susceptible",1,2.569902740631,2.63163274186789,2.569902740631,1.0473649592661,0.44887069682833,2900000,"60",203.17081752289,1,50000,0.000465842377578656,649517.70937708,7452717.9478299,"15084452.8992468","0.494066175128038",0.999999999999946
"237","resistant",0,0.598494262437773,0.598494262437773,0.89774139365666,0.89774139365666,0.598494262437773,2900000,"60",203.17081752289,1,50000,0.000465842377578656,649517.709377081,1735633.36106954,"4339083.40267386","0.4",0.999999999999946
"238","susceptible",0,0.89774139365666,0.598494262437773,0.89774139365666,0.89774139365666,0.598494262437773,2900000,"60",203.17081752289,1,50000,0.000465842377578656,649517.709377081,2603450.04160431,"4339083.40267386","0.6",0.999999999999946
"239","resistant",1,3.32012709447845,3.32012709447845,2.91164419770026,0.89774139365666,0.598494262437773,2900000,"60",203.17081752289,1,50000,0.000465842377578656,649517.709377081,9628368.57398752,"18072136.7473183","0.532774220813501",0.999999999999946
"240","susceptible",1,2.91164419770026,3.32012709447845,2.91164419770026,0.89774139365666,0.598494262437773,2900000,"60",203.17081752289,1,50000,0.000465842377578656,649517.709377081,8443768.17333074,"18072136.7473183","0.467225779186499",0.999999999999946
"241","resistant",0,0.748117828047216,0.748117828047216,0.748117828047216,0.748117828047216,0.748117828047216,2900000,"60",203.17081752289,1,50000,0.000465842377578656,649517.709377086,2169541.70133693,"4339083.40267386","0.5",0.999999999999946
"242","susceptible",0,0.748117828047216,0.748117828047216,0.748117828047216,0.748117828047216,0.748117828047216,2900000,"60",203.17081752289,1,50000,0.000465842377578656,649517.709377086,2169541.70133693,"4339083.40267386","0.5",0.999999999999946
"243","resistant",1,3.83070655884709,3.83070655884709,3.00823326735431,0.748117828047216,0.748117828047216,2900000,"60",203.17081752289,1,50000,0.000465842377578656,649517.709377086,11109049.0206566,"19832925.4959841","0.560131636802952",0.999999999999946
"244","susceptible",1,3.00823326735431,3.83070655884709,3.00823326735431,0.748117828047216,0.748117828047216,2900000,"60",203.17081752289,1,50000,0.000465842377578656,649517.709377086,8723876.47532751,"19832925.4959841","0.439868363197048",0.999999999999946
"245","resistant",0,0.89774139365666,0.89774139365666,0.598494262437773,0.598494262437773,0.89774139365666,2900000,"60",203.17081752289,1,50000,0.000465842377578656,649517.709377081,2603450.04160431,"4339083.40267386","0.6",0.999999999999946
"246","susceptible",0,0.598494262437773,0.89774139365666,0.598494262437773,0.598494262437773,0.89774139365666,2900000,"60",203.17081752289,1,50000,0.000465842377578656,649517.709377081,1735633.36106954,"4339083.40267386","0.4",0.999999999999946
"247","resistant",1,4.10679258200348,4.10679258200348,2.86269210804965,0.598494262437773,0.89774139365666,2900000,"60",203.17081752289,1,50000,0.000465842377578656,649517.709377081,11909698.4878101,"20211505.6011541","0.58925340461178",0.999999999999946
"248","susceptible",1,2.86269210804965,4.10679258200348,2.86269210804965,0.598494262437773,0.89774139365666,2900000,"60",203.17081752289,1,50000,0.000465842377578656,649517.709377081,8301807.11334399,"20211505.6011541","0.41074659538822",0.999999999999946
"249","resistant",0,1.0473649592661,1.0473649592661,0.44887069682833,0.44887069682833,1.0473649592661,2900000,"60",203.17081752289,1,50000,0.000465842377578656,649517.70937708,3037358.3818717,"4339083.40267385","0.7",0.999999999999946
"250","susceptible",0,0.44887069682833,1.0473649592661,0.44887069682833,0.44887069682833,1.0473649592661,2900000,"60",203.17081752289,1,50000,0.000465842377578656,649517.70937708,1301725.02080216,"4339083.40267385","0.3",0.999999999999946
"251","resistant",1,4.08735249013989,4.08735249013989,2.48024705003522,0.44887069682833,1.0473649592661,2900000,"60",203.17081752289,1,50000,0.000465842377578656,649517.70937708,11853322.2214057,"19046038.6665078","0.622351053095864",0.999999999999946
"252","susceptible",1,2.48024705003522,4.08735249013989,2.48024705003522,0.44887069682833,1.0473649592661,2900000,"60",203.17081752289,1,50000,0.000465842377578656,649517.70937708,7192716.44510213,"19046038.6665078","0.377648946904136",0.999999999999946
"253","resistant",0,1.19698852487555,1.19698852487555,0.299247131218886,0.299247131218886,1.19698852487555,2900000,"60",203.17081752289,1,50000,0.000465842377578656,649517.709377087,3471266.72213908,"4339083.40267386","0.8",0.999999999999946
"254","susceptible",0,0.299247131218886,1.19698852487555,0.299247131218886,0.299247131218886,1.19698852487555,2900000,"60",203.17081752289,1,50000,0.000465842377578656,649517.709377087,867816.680534771,"4339083.40267386","0.2",0.999999999999946
"255","resistant",1,3.70679647183855,3.70679647183855,1.86848138162532,0.299247131218886,1.19698852487555,2900000,"60",203.17081752289,1,50000,0.000465842377578656,649517.709377087,10749709.7683318,"16168305.7750452","0.664863091896945",0.999999999999946
"256","susceptible",1,1.86848138162532,3.70679647183855,1.86848138162532,0.299247131218886,1.19698852487555,2900000,"60",203.17081752289,1,50000,0.000465842377578656,649517.709377087,5418596.00671342,"16168305.7750452","0.335136908103055",0.999999999999946
"257","resistant",0,1.34661209048499,1.34661209048499,0.149623565609443,0.149623565609443,1.34661209048499,2900000,"60",203.17081752289,1,50000,0.000465842377578656,649517.709377081,3905175.06240647,"4339083.40267385","0.9",0.999999999999946
"258","susceptible",0,0.149623565609443,1.34661209048499,0.149623565609443,0.149623565609443,1.34661209048499,2900000,"60",203.17081752289,1,50000,0.000465842377578656,649517.709377081,433908.340267385,"4339083.40267385","0.1",0.999999999999946
"259","resistant",1,2.89488275032109,2.89488275032109,1.03748942970695,0.149623565609443,1.34661209048499,2900000,"60",203.17081752289,1,50000,0.000465842377578656,649517.709377081,8395159.97593115,"11403879.3220813","0.736167030431094",0.999999999999946
"260","susceptible",1,1.03748942970695,2.89488275032109,1.03748942970695,0.149623565609443,1.34661209048499,2900000,"60",203.17081752289,1,50000,0.000465842377578656,649517.709377081,3008719.34615016,"11403879.3220813","0.263832969568906",0.999999999999946
"261","resistant",0,1.49623565609443,1.49623565609443,0,0,1.49623565609443,2900000,"60",203.17081752289,1,50000,0.000465842377578656,649517.70937708,4339083.40267386,"4339083.40267386","1",0.999999999999946
"262","susceptible",0,0,1.49623565609443,0,0,1.49623565609443,2900000,"60",203.17081752289,1,50000,0.000465842377578656,649517.70937708,0,"4339083.40267386","0",0.999999999999946
"263","resistant",1,1.57663166262096,1.57663166262096,3.15332639176975e-05,0,1.49623565609443,2900000,"60",203.17081752289,1,50000,0.000465842377578656,649517.70937708,4572231.82160078,"4572323.26806614","0.99998",0.999999999999946
"264","susceptible",1,3.15332639176975e-05,1.57663166262096,3.15332639176975e-05,0,1.49623565609443,2900000,"60",203.17081752289,1,50000,0.000465842377578656,649517.70937708,91.4464653613227,"4572323.26806614","2e-05",0.999999999999946
"265","resistant",0,0,0,4.07380277804112,4.07380277804112,0,2900000,"60",203.17081752289,1,50000,0.000465842377578656,49336.4192524147,0,"11814028.0563193","0",0.999999999999946
"266","susceptible",0,4.07380277804112,0,4.07380277804112,4.07380277804112,0,2900000,"60",203.17081752289,1,50000,0.000465842377578656,49336.4192524147,11814028.0563193,"11814028.0563193","1",0.999999999999946
"267","resistant",1,1.86070826584475e-06,1.86070826584475e-06,0.0930335525839715,4.07380277804112,0,2900000,"60",203.17081752289,1,50000,0.000465842377578656,49336.4192524147,5.39605397094976,"269802.698547488","2e-05",0.999999999999946
"268","susceptible",1,0.0930335525839715,1.86070826584475e-06,0.0930335525839715,4.07380277804112,0,2900000,"60",203.17081752289,1,50000,0.000465842377578656,49336.4192524147,269797.302493517,"269802.698547488","0.99998",0.999999999999946
"269","resistant",0,0.407380277804112,0.407380277804112,3.66642250023701,3.66642250023701,0.407380277804112,2900000,"60",203.17081752289,1,50000,0.000465842377578656,49336.4192524155,1181402.80563193,"11814028.0563193","0.1",0.999999999999946
"270","susceptible",0,3.66642250023701,0.407380277804112,3.66642250023701,3.66642250023701,0.407380277804112,2900000,"60",203.17081752289,1,50000,0.000465842377578656,49336.4192524155,10632625.2506873,"11814028.0563193","0.9",0.999999999999946
"271","resistant",1,1.38837884830983,1.38837884830983,2.76951407467958,3.66642250023701,0.407380277804112,2900000,"60",203.17081752289,1,50000,0.000465842377578656,49336.4192524155,4026298.6600985,"12057889.4766693","0.333914045894097",0.999999999999946
"272","susceptible",1,2.76951407467958,1.38837884830983,2.76951407467958,3.66642250023701,0.407380277804112,2900000,"60",203.17081752289,1,50000,0.000465842377578656,49336.4192524155,8031590.81657078,"12057889.4766693","0.666085954105903",0.999999999999946
"273","resistant",0,0.814760555608224,0.814760555608224,3.2590422224329,3.2590422224329,0.814760555608224,2900000,"60",203.17081752289,1,50000,0.000465842377578656,49336.4192524159,2362805.61126385,"11814028.0563193","0.2",0.999999999999946
"274","susceptible",0,3.2590422224329,0.814760555608224,3.2590422224329,3.2590422224329,0.814760555608224,2900000,"60",203.17081752289,1,50000,0.000465842377578656,49336.4192524159,9451222.4450554,"11814028.0563193","0.8",0.999999999999946
"275","resistant",1,3.17859415279709,3.17859415279709,4.89783171901273,3.2590422224329,0.814760555608224,2900000,"60",203.17081752289,1,50000,0.000465842377578656,49336.4192524159,9217923.04311156,"23421635.0282485","0.393564455768949",0.999999999999946
"276","susceptible",1,4.89783171901273,3.17859415279709,4.89783171901273,3.2590422224329,0.814760555608224,2900000,"60",203.17081752289,1,50000,0.000465842377578656,49336.4192524159,14203711.9851369,"23421635.0282485","0.606435544231051",0.999999999999946
"277","resistant",0,1.22214083341234,1.22214083341234,2.85166194462878,2.85166194462878,1.22214083341234,2900000,"60",203.17081752289,1,50000,0.000465842377578656,49336.4192524159,3544208.41689578,"11814028.0563193","0.3",0.999999999999946
"278","susceptible",0,2.85166194462878,1.22214083341234,2.85166194462878,2.85166194462878,1.22214083341234,2900000,"60",203.17081752289,1,50000,0.000465842377578656,49336.4192524159,8269819.63942348,"11814028.0563193","0.7",0.999999999999946
"279","resistant",1,5.22207647380354,5.22207647380354,6.41915292687572,2.85166194462878,1.22214083341234,2900000,"60",203.17081752289,1,50000,0.000465842377578656,49336.4192524159,15144021.7740303,"33759565.2619698","0.448584620581297",0.999999999999946
"280","susceptible",1,6.41915292687572,5.22207647380354,6.41915292687572,2.85166194462878,1.22214083341234,2900000,"60",203.17081752289,1,50000,0.000465842377578656,49336.4192524159,18615543.4879396,"33759565.2619698","0.551415379418703",0.999999999999946
"281","resistant",0,1.62952111121645,1.62952111121645,2.44428166682467,2.44428166682467,1.62952111121645,2900000,"60",203.17081752289,1,50000,0.000465842377578656,49336.4192524154,4725611.2225277,"11814028.0563193","0.4",0.999999999999946
"282","susceptible",0,2.44428166682467,1.62952111121645,2.44428166682467,2.44428166682467,1.62952111121645,2900000,"60",203.17081752289,1,50000,0.000465842377578656,49336.4192524154,7088416.83379155,"11814028.0563193","0.6",0.999999999999946
"283","resistant",1,7.31836424490112,7.31836424490112,7.29139495987484,2.44428166682467,1.62952111121645,2900000,"60",203.17081752289,1,50000,0.000465842377578656,49336.4192524154,21223256.3102132,"42368301.6938503","0.50092298869024",0.999999999999946
"284","susceptible",1,7.29139495987484,7.31836424490112,7.29139495987484,2.44428166682467,1.62952111121645,2900000,"60",203.17081752289,1,50000,0.000465842377578656,49336.4192524154,21145045.383637,"42368301.6938503","0.49907701130976",0.999999999999946
"285","resistant",0,2.03690138902056,2.03690138902056,2.03690138902056,2.03690138902056,2.03690138902056,2900000,"60",203.17081752289,1,50000,0.000465842377578656,49336.4192524147,5907014.02815963,"11814028.0563193","0.5",0.999999999999946
"286","susceptible",0,2.03690138902056,2.03690138902056,2.03690138902056,2.03690138902056,2.03690138902056,2900000,"60",203.17081752289,1,50000,0.000465842377578656,49336.4192524147,5907014.02815963,"11814028.0563193","0.5",0.999999999999946
"287","resistant",1,9.20974298503134,9.20974298503134,7.49436224907432,2.03690138902056,2.03690138902056,2900000,"60",203.17081752289,1,50000,0.000465842377578656,49336.4192524147,26708254.6565909,"48441905.1789064","0.551346082652025",0.999999999999946
"288","susceptible",1,7.49436224907432,9.20974298503134,7.49436224907432,2.03690138902056,2.03690138902056,2900000,"60",203.17081752289,1,50000,0.000465842377578656,49336.4192524147,21733650.5223155,"48441905.1789064","0.448653917347975",0.999999999999946
"289","resistant",0,2.44428166682467,2.44428166682467,1.62952111121645,1.62952111121645,2.44428166682467,2900000,"60",203.17081752289,1,50000,0.000465842377578656,49336.4192524154,7088416.83379155,"11814028.0563193","0.6",0.999999999999946
"290","susceptible",0,1.62952111121645,2.44428166682467,1.62952111121645,1.62952111121645,2.44428166682467,2900000,"60",203.17081752289,1,50000,0.000465842377578656,49336.4192524154,4725611.2225277,"11814028.0563193","0.4",0.999999999999946
"291","resistant",1,10.576297091985,10.576297091985,7.03520240009942,1.62952111121645,2.44428166682467,2900000,"60",203.17081752289,1,50000,0.000465842377578656,49336.4192524154,30671261.5667565,"51073348.5270448","0.600533594356266",0.999999999999946
"292","susceptible",1,7.03520240009942,10.576297091985,7.03520240009942,1.62952111121645,2.44428166682467,2900000,"60",203.17081752289,1,50000,0.000465842377578656,49336.4192524154,20402086.9602883,"51073348.5270448","0.399466405643734",0.999999999999946
"293","resistant",0,2.85166194462879,2.85166194462879,1.22214083341234,1.22214083341234,2.85166194462879,2900000,"60",203.17081752289,1,50000,0.000465842377578656,49336.4192524159,8269819.63942348,"11814028.0563193","0.7",0.999999999999946
"294","susceptible",0,1.22214083341234,2.85166194462879,1.22214083341234,1.22214083341234,2.85166194462879,2900000,"60",203.17081752289,1,50000,0.000465842377578656,49336.4192524159,3544208.41689578,"11814028.0563193","0.3",0.999999999999946
"295","resistant",1,11.0315425664404,11.0315425664404,5.95410764209464,1.22214083341234,2.85166194462879,2900000,"60",203.17081752289,1,50000,0.000465842377578656,49336.4192524159,31991473.4426771,"49258385.6047516","0.649462483390668",0.999999999999946
"296","susceptible",1,5.95410764209464,11.0315425664404,5.95410764209464,1.22214083341234,2.85166194462879,2900000,"60",203.17081752289,1,50000,0.000465842377578656,49336.4192524159,17266912.1620745,"49258385.6047516","0.350537516609332",0.999999999999946
"297","resistant",0,3.2590422224329,3.2590422224329,0.814760555608224,0.814760555608224,3.2590422224329,2900000,"60",203.17081752289,1,50000,0.000465842377578656,49336.4192524159,9451222.4450554,"11814028.0563193","0.8",0.999999999999946
"298","susceptible",0,0.814760555608224,3.2590422224329,0.814760555608224,0.814760555608224,3.2590422224329,2900000,"60",203.17081752289,1,50000,0.000465842377578656,49336.4192524159,2362805.61126385,"11814028.0563193","0.2",0.999999999999946
"299","resistant",1,10.1188186105513,10.1188186105513,4.33017207809492,0.814760555608224,3.2590422224329,2900000,"60",203.17081752289,1,50000,0.000465842377578656,49336.4192524159,29344573.9705986,"41902072.9970739","0.700313179556721",0.999999999999946
"300","susceptible",1,4.33017207809492,10.1188186105513,4.33017207809492,0.814760555608224,3.2590422224329,2900000,"60",203.17081752289,1,50000,0.000465842377578656,49336.4192524159,12557499.0264753,"41902072.9970739","0.299686820443279",0.999999999999946
"301","resistant",0,3.66642250023701,3.66642250023701,0.407380277804112,0.407380277804112,3.66642250023701,2900000,"60",203.17081752289,1,50000,0.000465842377578656,49336.4192524155,10632625.2506873,"11814028.0563193","0.9",0.999999999999946
"302","susceptible",0,0.407380277804112,3.66642250023701,0.407380277804112,0.407380277804112,3.66642250023701,2900000,"60",203.17081752289,1,50000,0.000465842377578656,49336.4192524155,1181402.80563193,"11814028.0563193","0.1",0.999999999999946
"303","resistant",1,7.30862555360377,7.30862555360377,2.28729939048802,0.407380277804112,3.66642250023701,2900000,"60",203.17081752289,1,50000,0.000465842377578656,49336.4192524155,21195014.1054509,"27828182.3378662","0.761638465930654",0.999999999999946
"304","susceptible",1,2.28729939048802,7.30862555360377,2.28729939048802,0.407380277804112,3.66642250023701,2900000,"60",203.17081752289,1,50000,0.000465842377578656,49336.4192524155,6633168.23241525,"27828182.3378662","0.238361534069346",0.999999999999946
"305","resistant",0,4.07380277804112,4.07380277804112,0,0,4.07380277804112,2900000,"60",203.17081752289,1,50000,0.000465842377578656,49336.4192524147,11814028.0563193,"11814028.0563193","1",0.999999999999946
"306","susceptible",0,0,4.07380277804112,0,0,4.07380277804112,2900000,"60",203.17081752289,1,50000,0.000465842377578656,49336.4192524147,0,"11814028.0563193","0",0.999999999999946
"307","resistant",1,1.9971036784489,1.9971036784489,3.99428724264265e-05,0,4.07380277804112,2900000,"60",203.17081752289,1,50000,0.000465842377578656,49336.4192524147,5791600.66750181,"5791716.50183185","0.99998",0.999999999999946
"308","susceptible",1,3.99428724264265e-05,1.9971036784489,3.99428724264265e-05,0,4.07380277804112,2900000,"60",203.17081752289,1,50000,0.000465842377578656,49336.4192524147,115.834330036637,"5791716.50183185","2e-05",0.999999999999946
"309","resistant",0,0,0,11.091748152624,11.091748152624,0,2900000,"60",203.17081752289,1,50000,0.000465842377578656,44.188794107557,0,"32166069.6426096","0",0.999999999999927
"310","susceptible",0,11.091748152624,0,11.091748152624,11.091748152624,0,2900000,"60",203.17081752289,1,50000,0.000465842377578656,44.188794107557,32166069.6426096,"32166069.6426096","1",0.999999999999927
"311","resistant",1,1.89288269052082e-06,1.89288269052082e-06,0.0946422416433506,11.091748152624,0,2900000,"60",203.17081752289,1,50000,0.000465842377578656,44.188794107557,5.48935980251039,"274467.990125519","2e-05",0.999999999999927
"312","susceptible",1,0.0946422416433506,1.89288269052082e-06,0.0946422416433506,11.091748152624,0,2900000,"60",203.17081752289,1,50000,0.000465842377578656,44.188794107557,274462.500765717,"274467.990125519","0.99998",0.999999999999927
"313","resistant",0,1.1091748152624,1.1091748152624,9.9825733373616,9.9825733373616,1.1091748152624,2900000,"60",203.17081752289,1,50000,0.000465842377578656,44.188794107557,3216606.96426096,"32166069.6426096","0.1",0.999999999999928
"314","susceptible",0,9.9825733373616,1.1091748152624,9.9825733373616,9.9825733373616,1.1091748152624,2900000,"60",203.17081752289,1,50000,0.000465842377578656,44.188794107557,28949462.6783486,"32166069.6426096","0.9",0.999999999999928
"315","resistant",1,0.841938853964209,0.841938853964209,3.52600504441603,9.9825733373616,1.1091748152624,2900000,"60",203.17081752289,1,50000,0.000465842377578656,44.188794107557,2441622.67649621,"12667037.3053027","0.192754044821049",0.999999999999928
"316","susceptible",1,3.52600504441603,0.841938853964209,3.52600504441603,9.9825733373616,1.1091748152624,2900000,"60",203.17081752289,1,50000,0.000465842377578656,44.188794107557,10225414.6288065,"12667037.3053027","0.807245955178951",0.999999999999928
"317","resistant",0,2.2183496305248,2.2183496305248,8.8733985220992,8.8733985220992,2.2183496305248,2900000,"60",203.17081752289,1,50000,0.000465842377578656,44.188794107557,6433213.92852192,"32166069.6426096","0.2",0.999999999999927
"318","susceptible",0,8.8733985220992,2.2183496305248,8.8733985220992,8.8733985220992,2.2183496305248,2900000,"60",203.17081752289,1,50000,0.000465842377578656,44.188794107557,25732855.7140877,"32166069.6426096","0.8",0.999999999999927
"319","resistant",1,2.55613487479645,2.55613487479645,6.44777924088936,8.8733985220992,2.2183496305248,2900000,"60",203.17081752289,1,50000,0.000465842377578656,44.188794107557,7412791.13690971,"26111350.9354889","0.283891521171152",0.999999999999927
"320","susceptible",1,6.44777924088936,2.55613487479645,6.44777924088936,8.8733985220992,2.2183496305248,2900000,"60",203.17081752289,1,50000,0.000465842377578656,44.188794107557,18698559.7985792,"26111350.9354889","0.716108478828848",0.999999999999927
"321","resistant",0,3.3275244457872,3.3275244457872,7.7642237068368,7.7642237068368,3.3275244457872,2900000,"60",203.17081752289,1,50000,0.000465842377578656,44.1887941075571,9649820.89278288,"32166069.6426096","0.3",0.999999999999927
"322","susceptible",0,7.7642237068368,3.3275244457872,7.7642237068368,7.7642237068368,3.3275244457872,2900000,"60",203.17081752289,1,50000,0.000465842377578656,44.1887941075571,22516248.7498267,"32166069.6426096","0.7",0.999999999999927
"323","resistant",1,5.10503394121422,5.10503394121422,8.66340651813004,7.7642237068368,3.3275244457872,2900000,"60",203.17081752289,1,50000,0.000465842377578656,44.1887941075571,14804598.4295212,"39928477.3320984","0.370777936418323",0.999999999999927
"324","susceptible",1,8.66340651813004,5.10503394121422,8.66340651813004,7.7642237068368,3.3275244457872,2900000,"60",203.17081752289,1,50000,0.000465842377578656,44.1887941075571,25123878.9025771,"39928477.3320984","0.629222063581677",0.999999999999927
"325","resistant",0,4.4366992610496,4.4366992610496,6.6550488915744,6.6550488915744,4.4366992610496,2900000,"60",203.17081752289,1,50000,0.000465842377578656,44.1887941075571,12866427.8570438,"32166069.6426096","0.4",0.999999999999927
"326","susceptible",0,6.6550488915744,4.4366992610496,6.6550488915744,6.6550488915744,4.4366992610496,2900000,"60",203.17081752289,1,50000,0.000465842377578656,44.1887941075571,19299641.7855658,"32166069.6426096","0.6",0.999999999999927
"327","resistant",1,8.31092229747558,8.31092229747558,9.98688460077339,6.6550488915744,4.4366992610496,2900000,"60",203.17081752289,1,50000,0.000465842377578656,44.1887941075571,24101674.6626792,"53063640.004922","0.454203191873825",0.999999999999927
"328","susceptible",1,9.98688460077339,8.31092229747558,9.98688460077339,6.6550488915744,4.4366992610496,2900000,"60",203.17081752289,1,50000,0.000465842377578656,44.1887941075571,28961965.3422428,"53063640.004922","0.545796808126175",0.999999999999927
"329","resistant",0,5.545874076312,5.545874076312,5.545874076312,5.545874076312,5.545874076312,2900000,"60",203.17081752289,1,50000,0.000465842377578656,44.1887941075572,16083034.8213048,"32166069.6426096","0.5",0.999999999999927
"330","susceptible",0,5.545874076312,5.545874076312,5.545874076312,5.545874076312,5.545874076312,2900000,"60",203.17081752289,1,50000,0.000465842377578656,44.1887941075572,16083034.8213048,"32166069.6426096","0.5",0.999999999999927
"331","resistant",1,11.8058635530063,11.8058635530063,10.2761553580958,5.545874076312,5.545874076312,2900000,"60",203.17081752289,1,50000,0.000465842377578656,44.1887941075572,34237004.3037183,"64037854.8421962","0.53463696415325",0.999999999999927
"332","susceptible",1,10.2761553580958,11.8058635530063,10.2761553580958,5.545874076312,5.545874076312,2900000,"60",203.17081752289,1,50000,0.000465842377578656,44.1887941075572,29800850.5384779,"64037854.8421962","0.46536303584675",0.999999999999927
"333","resistant",0,6.6550488915744,6.6550488915744,4.4366992610496,4.4366992610496,6.6550488915744,2900000,"60",203.17081752289,1,50000,0.000465842377578656,44.1887941075571,19299641.7855658,"32166069.6426096","0.6",0.999999999999927
"334","susceptible",0,4.4366992610496,6.6550488915744,4.4366992610496,4.4366992610496,6.6550488915744,2900000,"60",203.17081752289,1,50000,0.000465842377578656,44.1887941075571,12866427.8570438,"32166069.6426096","0.4",0.999999999999927
"335","resistant",1,14.982325773833,14.982325773833,9.47494938673634,4.4366992610496,6.6550488915744,2900000,"60",203.17081752289,1,50000,0.000465842377578656,44.1887941075571,43448744.7441157,"70926097.9656511","0.612591782014535",0.999999999999927
"336","susceptible",1,9.47494938673634,14.982325773833,9.47494938673634,4.4366992610496,6.6550488915744,2900000,"60",203.17081752289,1,50000,0.000465842377578656,44.1887941075571,27477353.2215354,"70926097.9656511","0.387408217985465",0.999999999999927
"337","resistant",0,7.7642237068368,7.7642237068368,3.3275244457872,3.3275244457872,7.7642237068368,2900000,"60",203.17081752289,1,50000,0.000465842377578656,44.1887941075571,22516248.7498267,"32166069.6426096","0.7",0.999999999999927
"338","susceptible",0,3.3275244457872,7.7642237068368,3.3275244457872,3.3275244457872,7.7642237068368,2900000,"60",203.17081752289,1,50000,0.000465842377578656,44.1887941075571,9649820.89278288,"32166069.6426096","0.3",0.999999999999927
"339","resistant",1,16.9504580605396,16.9504580605396,7.66118315956609,3.3275244457872,7.7642237068368,2900000,"60",203.17081752289,1,50000,0.000465842377578656,44.1887941075571,49156328.3755649,"71373759.5383065","0.688717095660101",0.999999999999927
"340","susceptible",1,7.66118315956609,16.9504580605396,7.66118315956609,3.3275244457872,7.7642237068368,2900000,"60",203.17081752289,1,50000,0.000465842377578656,44.1887941075571,22217431.1627417,"71373759.5383065","0.3112829043399",0.999999999999927
"341","resistant",0,8.8733985220992,8.8733985220992,2.2183496305248,2.2183496305248,8.8733985220992,2900000,"60",203.17081752289,1,50000,0.000465842377578656,44.1887941075571,25732855.7140877,"32166069.6426096","0.8",0.999999999999927
"342","susceptible",0,2.2183496305248,8.8733985220992,2.2183496305248,2.2183496305248,8.8733985220992,2900000,"60",203.17081752289,1,50000,0.000465842377578656,44.1887941075571,6433213.92852192,"32166069.6426096","0.2",0.999999999999927
"343","resistant",1,16.509330154622,16.509330154622,5.09851876657284,2.2183496305248,8.8733985220992,2900000,"60",203.17081752289,1,50000,0.000465842377578656,44.1887941075571,47877057.4484037,"62662761.8714649","0.764043205542233",0.999999999999927
"344","susceptible",1,5.09851876657284,16.509330154622,5.09851876657284,2.2183496305248,8.8733985220992,2900000,"60",203.17081752289,1,50000,0.000465842377578656,44.1887941075571,14785704.4230612,"62662761.8714649","0.235956794457767",0.999999999999927
"345","resistant",0,9.9825733373616,9.9825733373616,1.1091748152624,1.1091748152624,9.9825733373616,2900000,"60",203.17081752289,1,50000,0.000465842377578656,44.188794107557,28949462.6783486,"32166069.6426096","0.9",0.999999999999928
"346","susceptible",0,1.1091748152624,9.9825733373616,1.1091748152624,1.1091748152624,9.9825733373616,2900000,"60",203.17081752289,1,50000,0.000465842377578656,44.188794107557,3216606.96426096,"32166069.6426096","0.1",0.999999999999928
"347","resistant",1,12.1403883070921,12.1403883070921,2.28611040756598,1.1091748152624,9.9825733373616,2900000,"60",203.17081752289,1,50000,0.000465842377578656,44.188794107557,35207126.0905672,"41836846.2725085","0.841533940231585",0.999999999999928
"348","susceptible",1,2.28611040756598,12.1403883070921,2.28611040756598,1.1091748152624,9.9825733373616,2900000,"60",203.17081752289,1,50000,0.000465842377578656,44.188794107557,6629720.18194133,"41836846.2725085","0.158466059768415",0.999999999999928
"349","resistant",0,11.091748152624,11.091748152624,0,0,11.091748152624,2900000,"60",203.17081752289,1,50000,0.000465842377578656,44.188794107557,32166069.6426096,"32166069.6426096","1",0.999999999999927
"350","susceptible",0,0,11.091748152624,0,0,11.091748152624,2900000,"60",203.17081752289,1,50000,0.000465842377578656,44.188794107557,0,"32166069.6426096","0",0.999999999999927
"351","resistant",1,2.03163658350019,2.03163658350019,4.06335443408907e-05,0,11.091748152624,2900000,"60",203.17081752289,1,50000,0.000465842377578656,44.188794107557,5891746.09215056,"5891863.92942914","0.99998",0.999999999999927
"352","susceptible",1,4.06335443408907e-05,2.03163658350019,4.06335443408907e-05,0,11.091748152624,2900000,"60",203.17081752289,1,50000,0.000465842377578656,44.188794107557,117.837278588583,"5891863.92942914","2e-05",0.999999999999927
"353","resistant",0,0,0,30.1995172040201,30.1995172040201,0,2900000,"60",203.17081752289,1,50000,0.000465842377578656,2.22285973334403e-07,0,"87578599.8916584","0",0.999999999999957
"354","susceptible",0,30.1995172040201,0,30.1995172040201,30.1995172040201,0,2900000,"60",203.17081752289,1,50000,0.000465842377578656,2.22285973334403e-07,87578599.8916584,"87578599.8916584","1",0.999999999999957
"355","resistant",1,1.89291153378902e-06,1.89291153378902e-06,0.0946436837779172,30.1995172040201,0,2900000,"60",203.17081752289,1,50000,0.000465842377578656,2.22285973334403e-07,5.48944344798816,"274472.172399408","2e-05",0.999999999999957
"356","susceptible",1,0.0946436837779172,1.89291153378902e-06,0.0946436837779172,30.1995172040201,0,2900000,"60",203.17081752289,1,50000,0.000465842377578656,2.22285973334403e-07,274466.68295596,"274472.172399408","0.99998",0.999999999999957
"357","resistant",0,3.01995172040201,3.01995172040201,27.1795654836181,27.1795654836181,3.01995172040201,2900000,"60",203.17081752289,1,50000,0.000465842377578656,2.22285973334403e-07,8757859.98916584,"87578599.8916584","0.1",0.999999999999957
"358","susceptible",0,27.1795654836181,3.01995172040201,27.1795654836181,27.1795654836181,3.01995172040201,2900000,"60",203.17081752289,1,50000,0.000465842377578656,2.22285973334403e-07,78820739.9024925,"87578599.8916584","0.9",0.999999999999957
"359","resistant",1,0.558270300001752,0.558270300001752,3.66565643994926,27.1795654836181,3.01995172040201,2900000,"60",203.17081752289,1,50000,0.000465842377578656,2.22285973334403e-07,1618983.87000508,"12249387.5458579","0.132168556504895",0.999999999999957
"360","susceptible",1,3.66565643994926,0.558270300001752,3.66565643994926,27.1795654836181,3.01995172040201,2900000,"60",203.17081752289,1,50000,0.000465842377578656,2.22285973334403e-07,10630403.6758529,"12249387.5458579","0.867831443495105",0.999999999999957
"361","resistant",0,6.03990344080403,6.03990344080403,24.1596137632161,24.1596137632161,6.03990344080403,2900000,"60",203.17081752289,1,50000,0.000465842377578656,2.22285973334404e-07,17515719.9783317,"87578599.8916584","0.2",0.999999999999957
"362","susceptible",0,24.1596137632161,6.03990344080403,24.1596137632161,24.1596137632161,6.03990344080403,2900000,"60",203.17081752289,1,50000,0.000465842377578656,2.22285973334404e-07,70062879.9133267,"87578599.8916584","0.8",0.999999999999957
"363","resistant",1,2.03824436371138,2.03824436371138,6.82248862738655,24.1596137632161,6.03990344080403,2900000,"60",203.17081752289,1,50000,0.000465842377578656,2.22285973334404e-07,5910908.654763,"25696125.674184","0.230031123357304",0.999999999999957
"364","susceptible",1,6.82248862738655,2.03824436371138,6.82248862738655,24.1596137632161,6.03990344080403,2900000,"60",203.17081752289,1,50000,0.000465842377578656,2.22285973334404e-07,19785217.019421,"25696125.674184","0.769968876642696",0.999999999999957
"365","resistant",0,9.05985516120604,9.05985516120604,21.1396620428141,21.1396620428141,9.05985516120604,2900000,"60",203.17081752289,1,50000,0.000465842377578656,2.22285973334405e-07,26273579.9674975,"87578599.8916584","0.3",0.999999999999957
"366","susceptible",0,21.1396620428141,9.05985516120604,21.1396620428141,21.1396620428141,9.05985516120604,2900000,"60",203.17081752289,1,50000,0.000465842377578656,2.22285973334405e-07,61305019.9241609,"87578599.8916584","0.7",0.999999999999957
"367","resistant",1,4.51785138172175,4.51785138172175,9.32697787119119,21.1396620428141,9.05985516120604,2900000,"60",203.17081752289,1,50000,0.000465842377578656,2.22285973334405e-07,13101769.0069931,"40150004.8334475","0.326320483928771",0.999999999999957
"368","susceptible",1,9.32697787119119,4.51785138172175,9.32697787119119,21.1396620428141,9.05985516120604,2900000,"60",203.17081752289,1,50000,0.000465842377578656,2.22285973334405e-07,27048235.8264544,"40150004.8334475","0.673679516071229",0.999999999999957
"369","resistant",0,12.0798068816081,12.0798068816081,18.1197103224121,18.1197103224121,12.0798068816081,2900000,"60",203.17081752289,1,50000,0.000465842377578656,2.22285973334405e-07,35031439.9566633,"87578599.8916584","0.4",0.999999999999957
"370","susceptible",0,18.1197103224121,12.0798068816081,18.1197103224121,18.1197103224121,12.0798068816081,2900000,"60",203.17081752289,1,50000,0.000465842377578656,2.22285973334405e-07,52547159.934995,"87578599.8916584","0.6",0.999999999999957
"371","resistant",1,7.9376619267502,7.9376619267502,10.9106645868303,18.1197103224121,12.0798068816081,2900000,"60",203.17081752289,1,50000,0.000465842377578656,2.22285973334405e-07,23019219.5875756,"54660146.8893836","0.421133511297726",0.999999999999957
"372","susceptible",1,10.9106645868303,7.9376619267502,10.9106645868303,18.1197103224121,12.0798068816081,2900000,"60",203.17081752289,1,50000,0.000465842377578656,2.22285973334405e-07,31640927.301808,"54660146.8893836","0.578866488702274",0.999999999999957
"373","resistant",0,15.0997586020101,15.0997586020101,15.0997586020101,15.0997586020101,15.0997586020101,2900000,"60",203.17081752289,1,50000,0.000465842377578656,2.22285973334403e-07,43789299.9458292,"87578599.8916584","0.5",0.999999999999957
"374","susceptible",0,15.0997586020101,15.0997586020101,15.0997586020101,15.0997586020101,15.0997586020101,2900000,"60",203.17081752289,1,50000,0.000465842377578656,2.22285973334403e-07,43789299.9458292,"87578599.8916584","0.5",0.999999999999957
"375","resistant",1,12.0003334868272,12.0003334868272,11.3232998637701,15.0997586020101,15.0997586020101,2900000,"60",203.17081752289,1,50000,0.000465842377578656,2.22285973334403e-07,34800967.1117989,"67638536.7167323","0.514513896974799",0.999999999999957
"376","susceptible",1,11.3232998637701,12.0003334868272,11.3232998637701,15.0997586020101,15.0997586020101,2900000,"60",203.17081752289,1,50000,0.000465842377578656,2.22285973334403e-07,32837569.6049334,"67638536.7167323","0.485486103025201",0.999999999999957
"377","resistant",0,18.1197103224121,18.1197103224121,12.079806881608,12.079806881608,18.1197103224121,2900000,"60",203.17081752289,1,50000,0.000465842377578656,2.22285973334405e-07,52547159.934995,"87578599.8916584","0.6",0.999999999999957
"378","susceptible",0,12.079806881608,18.1197103224121,12.079806881608,12.079806881608,18.1197103224121,2900000,"60",203.17081752289,1,50000,0.000465842377578656,2.22285973334405e-07,35031439.9566633,"87578599.8916584","0.4",0.999999999999957
"379","resistant",1,16.0541619219992,16.0541619219992,10.4116407455142,12.079806881608,18.1197103224121,2900000,"60",203.17081752289,1,50000,0.000465842377578656,2.22285973334405e-07,46557069.5737977,"76750827.7357889","0.60660022761016",0.999999999999957
"380","susceptible",1,10.4116407455142,16.0541619219992,10.4116407455142,12.079806881608,18.1197103224121,2900000,"60",203.17081752289,1,50000,0.000465842377578656,2.22285973334405e-07,30193758.1619911,"76750827.7357889","0.39339977238984",0.999999999999957
"381","resistant",0,21.1396620428141,21.1396620428141,9.05985516120604,9.05985516120604,21.1396620428141,2900000,"60",203.17081752289,1,50000,0.000465842377578656,2.22285973334404e-07,61305019.9241609,"87578599.8916584","0.7",0.999999999999957
"382","susceptible",0,9.05985516120604,21.1396620428141,9.05985516120604,9.05985516120604,21.1396620428141,2900000,"60",203.17081752289,1,50000,0.000465842377578656,2.22285973334404e-07,26273579.9674975,"87578599.8916584","0.3",0.999999999999957
"383","resistant",1,18.9824787050515,18.9824787050515,8.22611648601903,9.05985516120604,21.1396620428141,2900000,"60",203.17081752289,1,50000,0.000465842377578656,2.22285973334404e-07,55049188.2446493,"78904926.0541045","0.697664784666328",0.999999999999957
"384","susceptible",1,8.22611648601903,18.9824787050515,8.22611648601903,9.05985516120604,21.1396620428141,2900000,"60",203.17081752289,1,50000,0.000465842377578656,2.22285973334404e-07,23855737.8094552,"78904926.0541045","0.302335215333672",0.999999999999957
"385","resistant",0,24.1596137632161,24.1596137632161,6.03990344080402,6.03990344080402,24.1596137632161,2900000,"60",203.17081752289,1,50000,0.000465842377578656,2.22285973334404e-07,70062879.9133267,"87578599.8916584","0.8",0.999999999999957
"386","susceptible",0,6.03990344080402,24.1596137632161,6.03990344080402,6.03990344080402,24.1596137632161,2900000,"60",203.17081752289,1,50000,0.000465842377578656,2.22285973334404e-07,17515719.9783317,"87578599.8916584","0.2",0.999999999999957
"387","resistant",1,19.1336261425314,19.1336261425314,5.14184232458128,6.03990344080402,24.1596137632161,2900000,"60",203.17081752289,1,50000,0.000465842377578656,2.22285973334404e-07,55487515.8133411,"70398858.5546268","0.788187719979649",0.999999999999957
"388","susceptible",1,5.14184232458128,19.1336261425314,5.14184232458128,6.03990344080402,24.1596137632161,2900000,"60",203.17081752289,1,50000,0.000465842377578656,2.22285973334404e-07,14911342.7412857,"70398858.5546268","0.211812280020351",0.999999999999957
"389","resistant",0,27.1795654836181,27.1795654836181,3.01995172040201,3.01995172040201,27.1795654836181,2900000,"60",203.17081752289,1,50000,0.000465842377578656,2.22285973334404e-07,78820739.9024925,"87578599.8916584","0.9",0.999999999999957
"390","susceptible",0,3.01995172040201,27.1795654836181,3.01995172040201,3.01995172040201,27.1795654836181,2900000,"60",203.17081752289,1,50000,0.000465842377578656,2.22285973334404e-07,8757859.98916584,"87578599.8916584","0.1",0.999999999999957
"391","resistant",1,14.3349407423635,14.3349407423635,1.96699975173297,3.01995172040201,27.1795654836181,2900000,"60",203.17081752289,1,50000,0.000465842377578656,2.22285973334404e-07,41571328.1528543,"47275627.4328799","0.879339533079189",0.999999999999957
"392","susceptible",1,1.96699975173297,14.3349407423635,1.96699975173297,3.01995172040201,27.1795654836181,2900000,"60",203.17081752289,1,50000,0.000465842377578656,2.22285973334404e-07,5704299.28002561,"47275627.4328799","0.120660466920811",0.999999999999957
"393","resistant",0,30.1995172040201,30.1995172040201,0,0,30.1995172040201,2900000,"60",203.17081752289,1,50000,0.000465842377578656,2.22285973334403e-07,87578599.8916584,"87578599.8916584","1",0.999999999999957
"394","susceptible",0,0,30.1995172040201,0,0,30.1995172040201,2900000,"60",203.17081752289,1,50000,0.000465842377578656,2.22285973334403e-07,0,"87578599.8916584","0",0.999999999999957
"395","resistant",1,2.03166754106515,2.03166754106515,4.06341635045732e-05,0,30.1995172040201,2900000,"60",203.17081752289,1,50000,0.000465842377578656,2.22285973334403e-07,5891835.86908895,"5891953.70816311","0.99998",0.999999999999957
"396","susceptible",1,4.06341635045732e-05,2.03166754106515,4.06341635045732e-05,0,30.1995172040201,2900000,"60",203.17081752289,1,50000,0.000465842377578656,2.22285973334403e-07,117.839074163262,"5891953.70816311","2e-05",0.999999999999957
"397","resistant",0,0,0,82.224264994707,82.224264994707,0,2900000,"60",203.17081752289,1,50000,0.000465842377578656,5.66040199457974e-30,0,"238450368.48465","0",0.99999999999992
"398","susceptible",0,82.224264994707,0,82.224264994707,82.224264994707,0,2900000,"60",203.17081752289,1,50000,0.000465842377578656,5.66040199457974e-30,238450368.48465,"238450368.48465","1",0.99999999999992
"399","resistant",1,1.89291153378909e-06,1.89291153378909e-06,0.0946436837779209,82.224264994707,0,2900000,"60",203.17081752289,1,50000,0.000465842377578656,5.66040199457974e-30,5.48944344798837,"274472.172399419","2e-05",0.99999999999992
"400","susceptible",1,0.0946436837779209,1.89291153378909e-06,0.0946436837779209,82.224264994707,0,2900000,"60",203.17081752289,1,50000,0.000465842377578656,5.66040199457974e-30,274466.682955971,"274472.172399419","0.99998",0.99999999999992
"401","resistant",0,8.22242649947071,8.22242649947071,74.0018384952363,74.0018384952363,8.22242649947071,2900000,"60",203.17081752289,1,50000,0.000465842377578656,5.66040199457983e-30,23845036.848465,"238450368.48465","0.1",0.99999999999992
"402","susceptible",0,74.0018384952363,8.22242649947071,74.0018384952363,74.0018384952363,8.22242649947071,2900000,"60",203.17081752289,1,50000,0.000465842377578656,5.66040199457983e-30,214605331.636185,"238450368.48465","0.9",0.99999999999992
"403","resistant",1,0.465290361379787,0.465290361379787,3.70407237711317,74.0018384952363,8.22242649947071,2900000,"60",203.17081752289,1,50000,0.000465842377578656,5.66040199457983e-30,1349342.04800138,"12091151.9416296","0.111597476776024",0.99999999999992
"404","susceptible",1,3.70407237711317,0.465290361379787,3.70407237711317,74.0018384952363,8.22242649947071,2900000,"60",203.17081752289,1,50000,0.000465842377578656,5.66040199457983e-30,10741809.8936282,"12091151.9416296","0.888402523223976",0.99999999999992
"405","resistant",0,16.4448529989414,16.4448529989414,65.7794119957656,65.7794119957656,16.4448529989414,2900000,"60",203.17081752289,1,50000,0.000465842377578656,5.6604019945798e-30,47690073.6969301,"238450368.48465","0.2",0.999999999999919
"406","susceptible",0,65.7794119957656,16.4448529989414,65.7794119957656,65.7794119957656,16.4448529989414,2900000,"60",203.17081752289,1,50000,0.000465842377578656,5.6604019945798e-30,190760294.78772,"238450368.48465","0.8",0.999999999999919
"407","resistant",1,1.85347912726966,1.85347912726966,6.9346520931918,65.7794119957656,16.4448529989414,2900000,"60",203.17081752289,1,50000,0.000465842377578656,5.6604019945798e-30,5375089.46908202,"25485580.5393382","0.210907083744288",0.999999999999919
"408","susceptible",1,6.9346520931918,1.85347912726966,6.9346520931918,65.7794119957656,16.4448529989414,2900000,"60",203.17081752289,1,50000,0.000465842377578656,5.6604019945798e-30,20110491.0702562,"25485580.5393382","0.789092916255712",0.999999999999919
"409","resistant",0,24.6672794984121,24.6672794984121,57.5569854962949,57.5569854962949,24.6672794984121,2900000,"60",203.17081752289,1,50000,0.000465842377578656,5.66040199457975e-30,71535110.5453951,"238450368.48465","0.3",0.999999999999919
"410","susceptible",0,57.5569854962949,24.6672794984121,57.5569854962949,57.5569854962949,24.6672794984121,2900000,"60",203.17081752289,1,50000,0.000465842377578656,5.66040199457975e-30,166915257.939255,"238450368.48465","0.7",0.999999999999919
"411","resistant",1,4.28024716799213,4.28024716799213,9.54223075310125,57.5569854962949,24.6672794984121,2900000,"60",203.17081752289,1,50000,0.000465842377578656,5.66040199457975e-30,12412716.7871772,"40085185.9711708","0.309658455772274",0.999999999999919
"412","susceptible",1,9.54223075310125,4.28024716799213,9.54223075310125,57.5569854962949,24.6672794984121,2900000,"60",203.17081752289,1,50000,0.000465842377578656,5.66040199457975e-30,27672469.1839936,"40085185.9711708","0.690341544227726",0.999999999999919
"413","resistant",0,32.8897059978828,32.8897059978828,49.3345589968242,49.3345589968242,32.8897059978828,2900000,"60",203.17081752289,1,50000,0.000465842377578656,5.66040199457981e-30,95380147.3938602,"238450368.48465","0.4",0.999999999999919
"414","susceptible",0,49.3345589968242,32.8897059978828,49.3345589968242,49.3345589968242,32.8897059978828,2900000,"60",203.17081752289,1,50000,0.000465842377578656,5.66040199457981e-30,143070221.09079,"238450368.48465","0.6",0.999999999999919
"415","resistant",1,7.73731374393611,7.73731374393611,11.2330633741786,49.3345589968242,32.8897059978828,2900000,"60",203.17081752289,1,50000,0.000465842377578656,5.66040199457981e-30,22438209.8574147,"55014093.6425326","0.40786293787211",0.999999999999919
"416","susceptible",1,11.2330633741786,7.73731374393611,11.2330633741786,49.3345589968242,32.8897059978828,2900000,"60",203.17081752289,1,50000,0.000465842377578656,5.66040199457981e-30,32575883.7851179,"55014093.6425326","0.59213706212789",0.999999999999919
"417","resistant",0,41.1121324973535,41.1121324973535,41.1121324973535,41.1121324973535,41.1121324973535,2900000,"60",203.17081752289,1,50000,0.000465842377578656,5.6604019945798e-30,119225184.242325,"238450368.48465","0.5",0.999999999999919
"418","susceptible",0,41.1121324973535,41.1121324973535,41.1121324973535,41.1121324973535,41.1121324973535,2900000,"60",203.17081752289,1,50000,0.000465842377578656,5.6604019945798e-30,119225184.242325,"238450368.48465","0.5",0.999999999999919
"419","resistant",1,11.9735554013454,11.9735554013454,11.7124141994078,41.1121324973535,41.1121324973535,2900000,"60",203.17081752289,1,50000,0.000465842377578656,5.6604019945798e-30,34723310.6639017,"68689311.8421844","0.505512571499907",0.999999999999919
"420","susceptible",1,11.7124141994078,11.9735554013454,11.7124141994078,41.1121324973535,41.1121324973535,2900000,"60",203.17081752289,1,50000,0.000465842377578656,5.6604019945798e-30,33966001.1782827,"68689311.8421844","0.494487428500093",0.999999999999919
"421","resistant",0,49.3345589968242,49.3345589968242,32.8897059978828,32.8897059978828,49.3345589968242,2900000,"60",203.17081752289,1,50000,0.000465842377578656,5.66040199457981e-30,143070221.09079,"238450368.48465","0.6",0.999999999999919
"422","susceptible",0,32.8897059978828,49.3345589968242,32.8897059978828,32.8897059978828,49.3345589968242,2900000,"60",203.17081752289,1,50000,0.000465842377578656,5.66040199457981e-30,95380147.3938601,"238450368.48465","0.4",0.999999999999919
"423","resistant",1,16.344213525093,16.344213525093,10.7767140683814,32.8897059978828,49.3345589968242,2900000,"60",203.17081752289,1,50000,0.000465842377578656,5.66040199457981e-30,47398219.2227697,"78650690.0210759","0.602642128251748",0.999999999999919
"424","susceptible",1,10.7767140683814,16.344213525093,10.7767140683814,32.8897059978828,49.3345589968242,2900000,"60",203.17081752289,1,50000,0.000465842377578656,5.66040199457981e-30,31252470.7983062,"78650690.0210759","0.397357871748252",0.999999999999919
"425","resistant",0,57.5569854962949,57.5569854962949,24.6672794984121,24.6672794984121,57.5569854962949,2900000,"60",203.17081752289,1,50000,0.000465842377578656,5.6604019945798e-30,166915257.939255,"238450368.48465","0.7",0.999999999999919
"426","susceptible",0,24.6672794984121,57.5569854962949,24.6672794984121,24.6672794984121,57.5569854962949,2900000,"60",203.17081752289,1,50000,0.000465842377578656,5.6604019945798e-30,71535110.5453951,"238450368.48465","0.3",0.999999999999919
"427","resistant",1,19.6574600225028,19.6574600225028,8.45070917789276,24.6672794984121,57.5569854962949,2900000,"60",203.17081752289,1,50000,0.000465842377578656,5.6604019945798e-30,57006634.0652581,"81513690.6811471","0.699350423087184",0.999999999999919
"428","susceptible",1,8.45070917789276,19.6574600225028,8.45070917789276,24.6672794984121,57.5569854962949,2900000,"60",203.17081752289,1,50000,0.000465842377578656,5.6604019945798e-30,24507056.615889,"81513690.6811471","0.300649576912816",0.999999999999919
"429","resistant",0,65.7794119957656,65.7794119957656,16.4448529989414,16.4448529989414,65.7794119957656,2900000,"60",203.17081752289,1,50000,0.000465842377578656,5.66040199457983e-30,190760294.78772,"238450368.48465","0.8",0.999999999999919
"430","susceptible",0,16.4448529989414,65.7794119957656,16.4448529989414,16.4448529989414,65.7794119957656,2900000,"60",203.17081752289,1,50000,0.000465842377578656,5.66040199457983e-30,47690073.6969301,"238450368.48465","0.2",0.999999999999919
"431","resistant",1,20.0752553116871,20.0752553116871,5.15029939624446,16.4448529989414,65.7794119957656,2900000,"60",203.17081752289,1,50000,0.000465842377578656,5.66040199457983e-30,58218240.4038926,"73154108.6530015","0.795830083584839",0.999999999999919
"432","susceptible",1,5.15029939624446,20.0752553116871,5.15029939624446,16.4448529989414,65.7794119957656,2900000,"60",203.17081752289,1,50000,0.000465842377578656,5.66040199457983e-30,14935868.2491089,"73154108.6530015","0.204169916415161",0.999999999999919
"433","resistant",0,74.0018384952363,74.0018384952363,8.2224264994707,8.2224264994707,74.0018384952363,2900000,"60",203.17081752289,1,50000,0.000465842377578656,5.66040199457984e-30,214605331.636185,"238450368.48465","0.9",0.999999999999919
"434","susceptible",0,8.2224264994707,74.0018384952363,8.2224264994707,8.2224264994707,74.0018384952363,2900000,"60",203.17081752289,1,50000,0.000465842377578656,5.66040199457984e-30,23845036.848465,"238450368.48465","0.1",0.999999999999919
"435","resistant",1,15.1453280633417,15.1453280633417,1.8235909927998,8.2224264994707,74.0018384952363,2900000,"60",203.17081752289,1,50000,0.000465842377578656,5.66040199457984e-30,43921451.3836908,"49209865.2628103","0.892533461514757",0.999999999999919
"436","susceptible",1,1.8235909927998,15.1453280633417,1.8235909927998,8.2224264994707,74.0018384952363,2900000,"60",203.17081752289,1,50000,0.000465842377578656,5.66040199457984e-30,5288413.87911942,"49209865.2628103","0.107466538485243",0.999999999999919
"437","resistant",0,82.224264994707,82.224264994707,0,0,82.224264994707,2900000,"60",203.17081752289,1,50000,0.000465842377578656,5.66040199457974e-30,238450368.48465,"238450368.48465","1",0.99999999999992
"438","susceptible",0,0,82.224264994707,0,0,82.224264994707,2900000,"60",203.17081752289,1,50000,0.000465842377578656,5.66040199457974e-30,0,"238450368.48465","0",0.99999999999992
"439","resistant",1,2.03166754106523,2.03166754106523,4.06341635045748e-05,0,82.224264994707,2900000,"60",203.17081752289,1,50000,0.000465842377578656,5.66040199457974e-30,5891835.86908918,"5891953.70816334","0.99998",0.99999999999992
"440","susceptible",1,4.06341635045748e-05,2.03166754106523,4.06341635045748e-05,0,82.224264994707,2900000,"60",203.17081752289,1,50000,0.000465842377578656,5.66040199457974e-30,117.839074163267,"5891953.70816334","2e-05",0.99999999999992
"441","resistant",0,0,0,223.872113856834,223.872113856834,0,2900000,"60",203.17081752289,1,50000,0.000465842377578656,1.72170021888207e-91,0,"649229130.184819","0",0.999999999999908
"442","susceptible",0,223.872113856834,0,223.872113856834,223.872113856834,0,2900000,"60",203.17081752289,1,50000,0.000465842377578656,1.72170021888207e-91,649229130.184819,"649229130.184819","1",0.999999999999908
"443","resistant",1,1.89291153378907e-06,1.89291153378907e-06,0.0946436837779198,223.872113856834,0,2900000,"60",203.17081752289,1,50000,0.000465842377578656,1.72170021888207e-91,5.48944344798831,"274472.172399415","2e-05",0.999999999999908
"444","susceptible",1,0.0946436837779198,1.89291153378907e-06,0.0946436837779198,223.872113856834,0,2900000,"60",203.17081752289,1,50000,0.000465842377578656,1.72170021888207e-91,274466.682955967,"274472.172399415","0.99998",0.999999999999908
"445","resistant",0,22.3872113856834,22.3872113856834,201.484902471151,201.484902471151,22.3872113856834,2900000,"60",203.17081752289,1,50000,0.000465842377578656,1.72170021888208e-91,64922913.0184819,"649229130.184819","0.1",0.999999999999907
"446","susceptible",0,201.484902471151,22.3872113856834,201.484902471151,201.484902471151,22.3872113856834,2900000,"60",203.17081752289,1,50000,0.000465842377578656,1.72170021888208e-91,584306217.166337,"649229130.184819","0.9",0.999999999999907
"447","resistant",1,0.432544623781894,0.432544623781894,3.71693183189076,201.484902471151,22.3872113856834,2900000,"60",203.17081752289,1,50000,0.000465842377578656,1.72170021888208e-91,1254379.40896749,"12033481.7214507","0.104240770709898",0.999999999999907
"448","susceptible",1,3.71693183189076,0.432544623781894,3.71693183189076,201.484902471151,22.3872113856834,2900000,"60",203.17081752289,1,50000,0.000465842377578656,1.72170021888208e-91,10779102.3124832,"12033481.7214507","0.895759229290102",0.999999999999907
"449","resistant",0,44.7744227713668,44.7744227713668,179.097691085467,179.097691085467,44.7744227713668,2900000,"60",203.17081752289,1,50000,0.000465842377578656,1.72170021888209e-91,129845826.036964,"649229130.184819","0.2",0.999999999999907
"450","susceptible",0,179.097691085467,44.7744227713668,179.097691085467,179.097691085467,44.7744227713668,2900000,"60",203.17081752289,1,50000,0.000465842377578656,1.72170021888209e-91,519383304.147855,"649229130.184819","0.8",0.999999999999907
"451","resistant",1,1.78701706317639,1.78701706317639,6.97303957648319,179.097691085467,44.7744227713668,2900000,"60",203.17081752289,1,50000,0.000465842377578656,1.72170021888209e-91,5182349.48321153,"25404164.2550128","0.203996062660827",0.999999999999907
"452","susceptible",1,6.97303957648319,1.78701706317639,6.97303957648319,179.097691085467,44.7744227713668,2900000,"60",203.17081752289,1,50000,0.000465842377578656,1.72170021888209e-91,20221814.7718013,"25404164.2550128","0.796003937339173",0.999999999999907
"453","resistant",0,67.1616341570502,67.1616341570502,156.710479699784,156.710479699784,67.1616341570502,2900000,"60",203.17081752289,1,50000,0.000465842377578656,1.72170021888208e-91,194768739.055446,"649229130.184819","0.3",0.999999999999907
"454","susceptible",0,156.710479699784,67.1616341570502,156.710479699784,156.710479699784,67.1616341570502,2900000,"60",203.17081752289,1,50000,0.000465842377578656,1.72170021888208e-91,454460391.129373,"649229130.184819","0.7",0.999999999999907
"455","resistant",1,4.19189544691623,4.19189544691623,9.61770944381953,156.710479699784,67.1616341570502,2900000,"60",203.17081752289,1,50000,0.000465842377578656,1.72170021888208e-91,12156496.7960571,"40047854.1831337","0.303549267345685",0.999999999999907
"456","susceptible",1,9.61770944381953,4.19189544691623,9.61770944381953,156.710479699784,67.1616341570502,2900000,"60",203.17081752289,1,50000,0.000465842377578656,1.72170021888208e-91,27891357.3870766,"40047854.1831337","0.696450732654315",0.999999999999907
"457","resistant",0,89.5488455427336,89.5488455427336,134.3232683141,134.3232683141,89.5488455427336,2900000,"60",203.17081752289,1,50000,0.000465842377578656,1.72170021888207e-91,259691652.073927,"649229130.184819","0.4",0.999999999999907
"458","susceptible",0,134.3232683141,89.5488455427336,134.3232683141,134.3232683141,89.5488455427336,2900000,"60",203.17081752289,1,50000,0.000465842377578656,1.72170021888207e-91,389537478.110891,"649229130.184819","0.6",0.999999999999907
"459","resistant",1,7.65786659749651,7.65786659749651,11.3489212773953,134.3232683141,89.5488455427336,2900000,"60",203.17081752289,1,50000,0.000465842377578656,1.72170021888207e-91,22207813.1327399,"55119684.8371863","0.402901671124169",0.999999999999907
"460","susceptible",1,11.3489212773953,7.65786659749651,11.3489212773953,134.3232683141,89.5488455427336,2900000,"60",203.17081752289,1,50000,0.000465842377578656,1.72170021888207e-91,32911871.7044464,"55119684.8371863","0.597098328875831",0.999999999999907
"461","resistant",0,111.936056928417,111.936056928417,111.936056928417,111.936056928417,111.936056928417,2900000,"60",203.17081752289,1,50000,0.000465842377578656,1.72170021888208e-91,324614565.092409,"649229130.184819","0.5",0.999999999999907
"462","susceptible",0,111.936056928417,111.936056928417,111.936056928417,111.936056928417,111.936056928417,2900000,"60",203.17081752289,1,50000,0.000465842377578656,1.72170021888208e-91,324614565.092409,"649229130.184819","0.5",0.999999999999907
"463","resistant",1,11.9529780895815,11.9529780895815,11.8555011253644,111.936056928417,111.936056928417,2900000,"60",203.17081752289,1,50000,0.000465842377578656,1.72170021888208e-91,34663636.4597865,"69044589.7233434","0.502047106061186",0.999999999999907
"464","susceptible",1,11.8555011253644,11.9529780895815,11.8555011253644,111.936056928417,111.936056928417,2900000,"60",203.17081752289,1,50000,0.000465842377578656,1.72170021888208e-91,34380953.2635569,"69044589.7233434","0.497952893938813",0.999999999999907
"465","resistant",0,134.3232683141,134.3232683141,89.5488455427336,89.5488455427336,134.3232683141,2900000,"60",203.17081752289,1,50000,0.000465842377578656,1.72170021888205e-91,389537478.110891,"649229130.184819","0.6",0.999999999999907
"466","susceptible",0,89.5488455427336,134.3232683141,89.5488455427336,89.5488455427336,134.3232683141,2900000,"60",203.17081752289,1,50000,0.000465842377578656,1.72170021888205e-91,259691652.073927,"649229130.184819","0.4",0.999999999999907
"467","resistant",1,16.4384560440293,16.4384560440293,10.9135737708222,89.5488455427336,134.3232683141,2900000,"60",203.17081752289,1,50000,0.000465842377578656,1.72170021888205e-91,47671522.5276851,"79320886.4630695","0.600995836700339",0.999999999999907
"468","susceptible",1,10.9135737708222,16.4384560440293,10.9135737708222,89.5488455427336,134.3232683141,2900000,"60",203.17081752289,1,50000,0.000465842377578656,1.72170021888205e-91,31649363.9353845,"79320886.4630695","0.399004163299661",0.999999999999907
"469","resistant",0,156.710479699784,156.710479699784,67.1616341570502,67.1616341570502,156.710479699784,2900000,"60",203.17081752289,1,50000,0.000465842377578656,1.72170021888204e-91,454460391.129373,"649229130.184819","0.7",0.999999999999907
"470","susceptible",0,67.1616341570502,156.710479699784,67.1616341570502,67.1616341570502,156.710479699784,2900000,"60",203.17081752289,1,50000,0.000465842377578656,1.72170021888204e-91,194768739.055446,"649229130.184819","0.3",0.999999999999907
"471","resistant",1,19.8966791135673,19.8966791135673,8.5359350569953,67.1616341570502,156.710479699784,2900000,"60",203.17081752289,1,50000,0.000465842377578656,1.72170021888204e-91,57700369.429345,"82454581.0946314","0.699783670759585",0.999999999999907
"472","susceptible",1,8.5359350569953,19.8966791135673,8.5359350569953,67.1616341570502,156.710479699784,2900000,"60",203.17081752289,1,50000,0.000465842377578656,1.72170021888204e-91,24754211.6652864,"82454581.0946314","0.300216329240415",0.999999999999907
"473","resistant",0,179.097691085467,179.097691085467,44.7744227713668,44.7744227713668,179.097691085467,2900000,"60",203.17081752289,1,50000,0.000465842377578656,1.7217002188821e-91,519383304.147855,"649229130.184819","0.8",0.999999999999907
"474","susceptible",0,44.7744227713668,179.097691085467,44.7744227713668,44.7744227713668,179.097691085467,2900000,"60",203.17081752289,1,50000,0.000465842377578656,1.7217002188821e-91,129845826.036964,"649229130.184819","0.2",0.999999999999907
"475","resistant",1,20.4184017586353,20.4184017586353,5.15307106011644,44.7744227713668,179.097691085467,2900000,"60",203.17081752289,1,50000,0.000465842377578656,1.7217002188821e-91,59213365.1000423,"74157271.17438","0.798483603324653",0.999999999999907
"476","susceptible",1,5.15307106011644,20.4184017586353,5.15307106011644,44.7744227713668,179.097691085467,2900000,"60",203.17081752289,1,50000,0.000465842377578656,1.7217002188821e-91,14943906.0743377,"74157271.17438","0.201516396675347",0.999999999999907
"477","resistant",0,201.484902471151,201.484902471151,22.3872113856834,22.3872113856834,201.484902471151,2900000,"60",203.17081752289,1,50000,0.000465842377578656,1.72170021888209e-91,584306217.166337,"649229130.184819","0.9",0.999999999999907
"478","susceptible",0,22.3872113856834,201.484902471151,22.3872113856834,22.3872113856834,201.484902471151,2900000,"60",203.17081752289,1,50000,0.000465842377578656,1.72170021888209e-91,64922913.0184819,"649229130.184819","0.1",0.999999999999907
"479","resistant",1,15.4430112401476,15.4430112401476,1.76818733152339,22.3872113856834,201.484902471151,2900000,"60",203.17081752289,1,50000,0.000465842377578656,1.72170021888209e-91,44784732.5964279,"49912475.8578457","0.897265299440925",0.999999999999907
"480","susceptible",1,1.76818733152339,15.4430112401476,1.76818733152339,22.3872113856834,201.484902471151,2900000,"60",203.17081752289,1,50000,0.000465842377578656,1.72170021888209e-91,5127743.26141783,"49912475.8578457","0.102734700559075",0.999999999999907
"481","resistant",0,223.872113856834,223.872113856834,0,0,223.872113856834,2900000,"60",203.17081752289,1,50000,0.000465842377578656,1.72170021888207e-91,649229130.184819,"649229130.184819","1",0.999999999999908
"482","susceptible",0,0,223.872113856834,0,0,223.872113856834,2900000,"60",203.17081752289,1,50000,0.000465842377578656,1.72170021888207e-91,0,"649229130.184819","0",0.999999999999908
"483","resistant",1,2.03166754106521,2.03166754106521,4.06341635045743e-05,0,223.872113856834,2900000,"60",203.17081752289,1,50000,0.000465842377578656,1.72170021888207e-91,5891835.86908911,"5891953.70816327","0.99998",0.999999999999908
"484","susceptible",1,4.06341635045743e-05,2.03166754106521,4.06341635045743e-05,0,223.872113856834,2900000,"60",203.17081752289,1,50000,0.000465842377578656,1.72170021888207e-91,117.839074163265,"5891953.70816327","2e-05",0.999999999999908
