"","type","time","moi_type","moi_res","moi_wt","init_wt","init_mut","c_pop","subunits","v_prog","p2pfu","bg_mut_rate","wt_rep_abil","uninf_cells","surv_pfu","tot_pfu","pop_prop","check_sums"
"1","resistant",0,0,0,0.01,0.01,0,2900000,"60",203.17081752289,1,50000,0.000465842377578656,2871144.51292234,0,"29000","0",0.999999999999999
"2","susceptible",0,0.01,0,0.01,0.01,0,2900000,"60",203.17081752289,1,50000,0.000465842377578656,2871144.51292234,29000,"29000","1",0.999999999999999
"3","resistant",1,1.88347876904852e-08,1.88347876904852e-08,0.000941720549736572,0.01,0,2900000,"60",203.17081752289,1,50000,0.000465842377578656,2871144.51292234,0.0546208843024072,"2731.04421512036","2e-05",0.999999999999999
"4","susceptible",1,0.000941720549736572,1.88347876904852e-08,0.000941720549736572,0.01,0,2900000,"60",203.17081752289,1,50000,0.000465842377578656,2871144.51292234,2730.98959423606,"2731.04421512036","0.99998",0.999999999999999
"5","resistant",0,0.001,0.001,0.009,0.009,0.001,2900000,"60",203.17081752289,1,50000,0.000465842377578656,2871144.51292234,2900,"29000","0.1",0.999999999999999
"6","susceptible",0,0.009,0.001,0.009,0.009,0.001,2900000,"60",203.17081752289,1,50000,0.000465842377578656,2871144.51292234,26100,"29000","0.9",0.999999999999999
"7","resistant",1,0.181328063162507,0.181328063162507,0.00105771410896078,0.009,0.001,2900000,"60",203.17081752289,1,50000,0.000465842377578656,2871144.51292234,525851.383171271,"528918.754087257","0.994200676583534",0.999999999999999
"8","susceptible",1,0.00105771410896078,0.181328063162507,0.00105771410896078,0.009,0.001,2900000,"60",203.17081752289,1,50000,0.000465842377578656,2871144.51292234,3067.37091598627,"528918.754087257","0.00579932341646605",0.999999999999999
"9","resistant",0,0.002,0.002,0.008,0.008,0.002,2900000,"60",203.17081752289,1,50000,0.000465842377578656,2871144.51292234,5800,"29000","0.2",0.999999999999999
"10","susceptible",0,0.008,0.002,0.008,0.008,0.002,2900000,"60",203.17081752289,1,50000,0.000465842377578656,2871144.51292234,23200,"29000","0.8",0.999999999999999
"11","resistant",1,0.36279173733243,0.36279173733243,0.00112790629935955,0.008,0.002,2900000,"60",203.17081752289,1,50000,0.000465842377578656,2871144.51292234,1052096.03826405,"1055366.96653219","0.996900672115131",0.999999999999999
"12","susceptible",1,0.00112790629935955,0.36279173733243,0.00112790629935955,0.008,0.002,2900000,"60",203.17081752289,1,50000,0.000465842377578656,2871144.51292234,3270.92826814271,"1055366.96653219","0.00309932788486889",0.999999999999999
"13","resistant",0,0.003,0.003,0.007,0.007,0.003,2900000,"60",203.17081752289,1,50000,0.000465842377578656,2871144.51292234,8700,"29000","0.3",0.999999999999999
"14","susceptible",0,0.007,0.003,0.007,0.007,0.003,2900000,"60",203.17081752289,1,50000,0.000465842377578656,2871144.51292234,20300,"29000","0.7",0.999999999999999
"15","resistant",1,0.54439108459232,0.54439108459232,0.00115226208619694,0.007,0.003,2900000,"60",203.17081752289,1,50000,0.000465842377578656,2871144.51292234,1578734.14531773,"1582075.7053677","0.997887863369222",0.999999999999999
"16","susceptible",1,0.00115226208619694,0.54439108459232,0.00115226208619694,0.007,0.003,2900000,"60",203.17081752289,1,50000,0.000465842377578656,2871144.51292234,3341.56004997114,"1582075.7053677","0.00211213663077805",0.999999999999999
"17","resistant",0,0.004,0.004,0.006,0.006,0.004,2900000,"60",203.17081752289,1,50000,0.000465842377578656,2871144.51292234,11600,"29000","0.4",0.999999999999999
"18","susceptible",0,0.006,0.004,0.006,0.006,0.004,2900000,"60",203.17081752289,1,50000,0.000465842377578656,2871144.51292234,17400,"29000","0.6",0.999999999999999
"19","resistant",1,0.726126148187005,0.726126148187005,0.00113074642583517,0.006,0.004,2900000,"60",203.17081752289,1,50000,0.000465842377578656,2871144.51292234,2105765.82974231,"2109044.99437724","0.998445189816403",0.999999999999999
"20","susceptible",1,0.00113074642583517,0.726126148187005,0.00113074642583517,0.006,0.004,2900000,"60",203.17081752289,1,50000,0.000465842377578656,2871144.51292234,3279.16463492198,"2109044.99437724","0.00155481018359699",0.999999999999999
"21","resistant",0,0.005,0.005,0.005,0.005,0.005,2900000,"60",203.17081752289,1,50000,0.000465842377578656,2871144.51292234,14500,"29000","0.5",0.999999999999999
"22","susceptible",0,0.005,0.005,0.005,0.005,0.005,2900000,"60",203.17081752289,1,50000,0.000465842377578656,2871144.51292234,14500,"29000","0.5",0.999999999999999
"23","resistant",1,0.907996971358355,0.907996971358355,0.00106332426573664,0.005,0.005,2900000,"60",203.17081752289,1,50000,0.000465842377578656,2871144.51292234,2633191.21693923,"2636274.85730987","0.998830303918392",0.999999999999999
"24","susceptible",1,0.00106332426573664,0.907996971358355,0.00106332426573664,0.005,0.005,2900000,"60",203.17081752289,1,50000,0.000465842377578656,2871144.51292234,3083.64037063626,"2636274.85730987","0.0011696960816077",0.999999999999999
"25","resistant",0,0.006,0.006,0.004,0.004,0.006,2900000,"60",203.17081752289,1,50000,0.000465842377578656,2871144.51292234,17400,"29000","0.6",0.999999999999999
"26","susceptible",0,0.004,0.006,0.004,0.004,0.006,2900000,"60",203.17081752289,1,50000,0.000465842377578656,2871144.51292234,11600,"29000","0.4",0.999999999999999
"27","resistant",1,1.0900035973453,1.0900035973453,0.000949960544466076,0.004,0.006,2900000,"60",203.17081752289,1,50000,0.000465842377578656,2871144.51292234,3161010.43230136,"3163765.31788031","0.999129238327703",0.999999999999999
"28","susceptible",1,0.000949960544466076,1.0900035973453,0.000949960544466076,0.004,0.006,2900000,"60",203.17081752289,1,50000,0.000465842377578656,2871144.51292234,2754.88557895162,"3163765.31788031","0.000870761672296656",0.999999999999999
"29","resistant",0,0.007,0.007,0.003,0.003,0.007,2900000,"60",203.17081752289,1,50000,0.000465842377578656,2871144.51292234,20300,"29000","0.7",0.999999999999999
"30","susceptible",0,0.003,0.007,0.003,0.003,0.007,2900000,"60",203.17081752289,1,50000,0.000465842377578656,2871144.51292234,8700,"29000","0.3",0.999999999999999
"31","resistant",1,1.27214606938378,1.27214606938378,0.000790620191692506,0.003,0.007,2900000,"60",203.17081752289,1,50000,0.000465842377578656,2871144.51292234,3689223.60121297,"3691516.39976888","0.999378900617629",0.999999999999999
"32","susceptible",1,0.000790620191692506,1.27214606938378,0.000790620191692506,0.003,0.007,2900000,"60",203.17081752289,1,50000,0.000465842377578656,2871144.51292234,2292.79855590827,"3691516.39976888","0.000621099382370838",0.999999999999999
"33","resistant",0,0.008,0.008,0.002,0.002,0.008,2900000,"60",203.17081752289,1,50000,0.000465842377578656,2871144.51292234,23200,"29000","0.8",0.999999999999999
"34","susceptible",0,0.002,0.008,0.002,0.002,0.008,2900000,"60",203.17081752289,1,50000,0.000465842377578656,2871144.51292234,5800,"29000","0.2",0.999999999999999
"35","resistant",1,1.4544244307068,1.4544244307068,0.000585268128191382,0.002,0.008,2900000,"60",203.17081752289,1,50000,0.000465842377578656,2871144.51292234,4217830.84904971,"4219528.12662147","0.999597756545087",0.999999999999999
"36","susceptible",1,0.000585268128191382,1.4544244307068,0.000585268128191382,0.002,0.008,2900000,"60",203.17081752289,1,50000,0.000465842377578656,2871144.51292234,1697.27757175501,"4219528.12662147","0.00040224345491305",0.999999999999999
"37","resistant",0,0.009,0.009,0.001,0.001,0.009,2900000,"60",203.17081752289,1,50000,0.000465842377578656,2871144.51292234,26100,"29000","0.9",0.999999999999999
"38","susceptible",0,0.001,0.009,0.001,0.001,0.009,2900000,"60",203.17081752289,1,50000,0.000465842377578656,2871144.51292234,2900,"29000","0.1",0.999999999999999
"39","resistant",1,1.63683872454435,1.63683872454435,0.000333869265846608,0.001,0.009,2900000,"60",203.17081752289,1,50000,0.000465842377578656,2871144.51292234,4746832.30117862,"4747800.52204958","0.999796069597605",0.999999999999999
"40","susceptible",1,0.000333869265846608,1.63683872454435,0.000333869265846608,0.001,0.009,2900000,"60",203.17081752289,1,50000,0.000465842377578656,2871144.51292234,968.220870955163,"4747800.52204958","0.000203930402395506",0.999999999999999
"41","resistant",0,0.01,0.01,0,0,0.01,2900000,"60",203.17081752289,1,50000,0.000465842377578656,2871144.51292234,29000,"29000","1",0.999999999999999
"42","susceptible",0,0,0.01,0,0,0.01,2900000,"60",203.17081752289,1,50000,0.000465842377578656,2871144.51292234,0,"29000","0",0.999999999999999
"43","resistant",1,1.81938899412346,1.81938899412346,3.63885076526224e-05,0,0.01,2900000,"60",203.17081752289,1,50000,0.000465842377578656,2871144.51292234,5276228.08295805,"5276333.60963024","0.99998",0.999999999999999
"44","susceptible",1,3.63885076526224e-05,1.81938899412346,3.63885076526224e-05,0,0.01,2900000,"60",203.17081752289,1,50000,0.000465842377578656,2871144.51292234,105.526672192605,"5276333.60963024","2e-05",0.999999999999999
"45","resistant",0,0,0,0.0272270130807791,0.0272270130807791,0,2900000,"60",203.17081752289,1,50000,0.000465842377578656,2822106.85927329,0,"78958.3379342595","0",0.999999999999998
"46","susceptible",0,0.0272270130807791,0,0.0272270130807791,0.0272270130807791,0,2900000,"60",203.17081752289,1,50000,0.000465842377578656,2822106.85927329,78958.3379342595,"78958.3379342595","1",0.999999999999998
"47","resistant",1,5.08430429257435e-08,5.08430429257435e-08,0.00254210130324425,0.0272270130807791,0,2900000,"60",203.17081752289,1,50000,0.000465842377578656,2822106.85927329,0.147444824484656,"7372.24122423281","2e-05",0.999999999999998
"48","susceptible",1,0.00254210130324425,5.08430429257435e-08,0.00254210130324425,0.0272270130807791,0,2900000,"60",203.17081752289,1,50000,0.000465842377578656,2822106.85927329,7372.09377940832,"7372.24122423281","0.99998",0.999999999999998
"49","resistant",0,0.00272270130807791,0.00272270130807791,0.0245043117727012,0.0245043117727012,0.00272270130807791,2900000,"60",203.17081752289,1,50000,0.000465842377578656,2822106.85927331,7895.83379342595,"78958.3379342595","0.1",0.999999999999998
"50","susceptible",0,0.0245043117727012,0.00272270130807791,0.0245043117727012,0.0245043117727012,0.00272270130807791,2900000,"60",203.17081752289,1,50000,0.000465842377578656,2822106.85927331,71062.5041408335,"78958.3379342595","0.9",0.999999999999998
"51","resistant",1,0.486648048417264,0.486648048417264,0.00381185223308077,0.0245043117727012,0.00272270130807791,2900000,"60",203.17081752289,1,50000,0.000465842377578656,2822106.85927331,1411279.34041007,"1422333.711886","0.992228004311818",0.999999999999998
"52","susceptible",1,0.00381185223308077,0.486648048417264,0.00381185223308077,0.0245043117727012,0.00272270130807791,2900000,"60",203.17081752289,1,50000,0.000465842377578656,2822106.85927331,11054.3714759342,"1422333.711886","0.00777199568818224",0.999999999999998
"53","resistant",0,0.00544540261615583,0.00544540261615583,0.0217816104646233,0.0217816104646233,0.00544540261615583,2900000,"60",203.17081752289,1,50000,0.000465842377578656,2822106.85927332,15791.6675868519,"78958.3379342595","0.2",0.999999999999998
"54","susceptible",0,0.0217816104646233,0.00544540261615583,0.0217816104646233,0.0217816104646233,0.00544540261615583,2900000,"60",203.17081752289,1,50000,0.000465842377578656,2822106.85927332,63166.6703474076,"78958.3379342595","0.8",0.999999999999998
"55","resistant",1,0.974289717448247,0.974289717448247,0.00474699424861163,0.0217816104646233,0.00544540261615583,2900000,"60",203.17081752289,1,50000,0.000465842377578656,2822106.85927332,2825440.18059991,"2839206.46392089","0.995151362362721",0.999999999999998
"56","susceptible",1,0.00474699424861163,0.974289717448247,0.00474699424861163,0.0217816104646233,0.00544540261615583,2900000,"60",203.17081752289,1,50000,0.000465842377578656,2822106.85927332,13766.2833209737,"2839206.46392089","0.00484863763727938",0.999999999999998
"57","resistant",0,0.00816810392423374,0.00816810392423374,0.0190589091565454,0.0190589091565454,0.00816810392423374,2900000,"60",203.17081752289,1,50000,0.000465842377578656,2822106.85927331,23687.5013802778,"78958.3379342595","0.3",0.999999999999998
"58","susceptible",0,0.0190589091565454,0.00816810392423374,0.0190589091565454,0.0190589091565454,0.00816810392423374,2900000,"60",203.17081752289,1,50000,0.000465842377578656,2822106.85927331,55270.8365539816,"78958.3379342595","0.7",0.999999999999998
"59","resistant",1,1.46292592232288,1.46292592232288,0.0053468283513868,0.0190589091565454,0.00816810392423374,2900000,"60",203.17081752289,1,50000,0.000465842377578656,2822106.85927331,4242485.17473635,"4257990.97695537","0.996358422950415",0.999999999999998
"60","susceptible",1,0.0053468283513868,1.46292592232288,0.0053468283513868,0.0190589091565454,0.00816810392423374,2900000,"60",203.17081752289,1,50000,0.000465842377578656,2822106.85927331,15505.8022190217,"4257990.97695537","0.00364157704958525",0.999999999999998
"61","resistant",0,0.0108908052323117,0.0108908052323117,0.0163362078484675,0.0163362078484675,0.0108908052323117,2900000,"60",203.17081752289,1,50000,0.000465842377578656,2822106.85927329,31583.3351737038,"78958.3379342595","0.4",0.999999999999998
"62","susceptible",0,0.0163362078484675,0.0108908052323117,0.0163362078484675,0.0163362078484675,0.0108908052323117,2900000,"60",203.17081752289,1,50000,0.000465842377578656,2822106.85927329,47375.0027605557,"78958.3379342595","0.6",0.999999999999998
"63","resistant",1,1.95255752727004,1.95255752727004,0.00561065505830153,0.0163362078484675,0.0108908052323117,2900000,"60",203.17081752289,1,50000,0.000465842377578656,2822106.85927329,5662416.82908312,"5678687.7287522","0.997134743017002",0.999999999999998
"64","susceptible",1,0.00561065505830153,1.95255752727004,0.00561065505830153,0.0163362078484675,0.0108908052323117,2900000,"60",203.17081752289,1,50000,0.000465842377578656,2822106.85927329,16270.8996690744,"5678687.7287522","0.00286525698299838",0.999999999999998
"65","resistant",0,0.0136135065403896,0.0136135065403896,0.0136135065403896,0.0136135065403896,0.0136135065403896,2900000,"60",203.17081752289,1,50000,0.000465842377578656,2822106.85927329,39479.1689671297,"78958.3379342595","0.5",0.999999999999998
"66","susceptible",0,0.0136135065403896,0.0136135065403896,0.0136135065403896,0.0136135065403896,0.0136135065403896,2900000,"60",203.17081752289,1,50000,0.000465842377578656,2822106.85927329,39479.1689671297,"78958.3379342595","0.5",0.999999999999998
"67","resistant",1,2.44318539635954,2.44318539635954,0.00553777440189167,0.0136135065403896,0.0136135065403896,2900000,"60",203.17081752289,1,50000,0.000465842377578656,2822106.85927329,7085237.64944265,"7101297.19520814","0.997738505328812",0.999999999999998
"68","susceptible",1,0.00553777440189167,2.44318539635954,0.00553777440189167,0.0136135065403896,0.0136135065403896,2900000,"60",203.17081752289,1,50000,0.000465842377578656,2822106.85927329,16059.5457654858,"7101297.19520814","0.00226149467118805",0.999999999999998
"69","resistant",0,0.0163362078484675,0.0163362078484675,0.0108908052323116,0.0108908052323116,0.0163362078484675,2900000,"60",203.17081752289,1,50000,0.000465842377578656,2822106.85927329,47375.0027605557,"78958.3379342595","0.6",0.999999999999998
"70","susceptible",0,0.0108908052323116,0.0163362078484675,0.0108908052323116,0.0108908052323116,0.0163362078484675,2900000,"60",203.17081752289,1,50000,0.000465842377578656,2822106.85927329,31583.3351737038,"78958.3379342595","0.4",0.999999999999998
"71","resistant",1,2.93481039350081,2.93481039350081,0.0051274859306652,0.0108908052323116,0.0163362078484675,2900000,"60",203.17081752289,1,50000,0.000465842377578656,2822106.85927329,8510950.14115234,"8525819.85035126","0.998255920315004",0.999999999999998
"72","susceptible",1,0.0051274859306652,2.93481039350081,0.0051274859306652,0.0108908052323116,0.0163362078484675,2900000,"60",203.17081752289,1,50000,0.000465842377578656,2822106.85927329,14869.7091989291,"8525819.85035126","0.00174407968499551",0.999999999999998
"73","resistant",0,0.0190589091565454,0.0190589091565454,0.00816810392423374,0.00816810392423374,0.0190589091565454,2900000,"60",203.17081752289,1,50000,0.000465842377578656,2822106.85927331,55270.8365539816,"78958.3379342595","0.7",0.999999999999998
"74","susceptible",0,0.00816810392423374,0.0190589091565454,0.00816810392423374,0.00816810392423374,0.0190589091565454,2900000,"60",203.17081752289,1,50000,0.000465842377578656,2822106.85927331,23687.5013802778,"78958.3379342595","0.3",0.999999999999998
"75","resistant",1,3.42743338243845,3.42743338243845,0.00437908870938282,0.00816810392423374,0.0190589091565454,2900000,"60",203.17081752289,1,50000,0.000465842377578656,2822106.85927331,9939556.80907151,"9952256.16632872","0.998723972027551",0.999999999999998
"76","susceptible",1,0.00437908870938282,3.42743338243845,0.00437908870938282,0.00816810392423374,0.0190589091565454,2900000,"60",203.17081752289,1,50000,0.000465842377578656,2822106.85927331,12699.3572572102,"9952256.16632872","0.00127602797244867",0.999999999999998
"77","resistant",0,0.0217816104646233,0.0217816104646233,0.00544540261615582,0.00544540261615582,0.0217816104646233,2900000,"60",203.17081752289,1,50000,0.000465842377578656,2822106.85927332,63166.6703474076,"78958.3379342595","0.8",0.999999999999998
"78","susceptible",0,0.00544540261615582,0.0217816104646233,0.00544540261615582,0.00544540261615582,0.0217816104646233,2900000,"60",203.17081752289,1,50000,0.000465842377578656,2822106.85927332,15791.6675868519,"78958.3379342595","0.2",0.999999999999998
"79","resistant",1,3.92105522676139,3.92105522676139,0.0032918813193828,0.00544540261615582,0.0217816104646233,2900000,"60",203.17081752289,1,50000,0.000465842377578656,2822106.85927332,11371060.157608,"11380606.6134342","0.999161164588982",0.999999999999998
"80","susceptible",1,0.0032918813193828,3.92105522676139,0.0032918813193828,0.00544540261615582,0.0217816104646233,2900000,"60",203.17081752289,1,50000,0.000465842377578656,2822106.85927332,9546.45582621013,"11380606.6134342","0.000838835411017636",0.999999999999998
"81","resistant",0,0.0245043117727012,0.0245043117727012,0.00272270130807791,0.00272270130807791,0.0245043117727012,2900000,"60",203.17081752289,1,50000,0.000465842377578656,2822106.85927331,71062.5041408335,"78958.3379342595","0.9",0.999999999999998
"82","susceptible",0,0.00272270130807791,0.0245043117727012,0.00272270130807791,0.00272270130807791,0.0245043117727012,2900000,"60",203.17081752289,1,50000,0.000465842377578656,2822106.85927331,7895.83379342595,"78958.3379342595","0.1",0.999999999999998
"83","resistant",1,4.41567678989147,4.41567678989147,0.00186516185887621,0.00272270130807791,0.0245043117727012,2900000,"60",203.17081752289,1,50000,0.000465842377578656,2822106.85927331,12805462.6906853,"12810871.660076","0.999577782875806",0.999999999999998
"84","susceptible",1,0.00186516185887621,4.41567678989147,0.00186516185887621,0.00272270130807791,0.0245043117727012,2900000,"60",203.17081752289,1,50000,0.000465842377578656,2822106.85927331,5408.96939074102,"12810871.660076","0.000422217124194415",0.999999999999998
"85","resistant",0,0.0272270130807791,0.0272270130807791,0,0,0.0272270130807791,2900000,"60",203.17081752289,1,50000,0.000465842377578656,2822106.85927329,78958.3379342595,"78958.3379342595","1",0.999999999999998
"86","susceptible",0,0,0.0272270130807791,0,0,0.0272270130807791,2900000,"60",203.17081752289,1,50000,0.000465842377578656,2822106.85927329,0,"78958.3379342595","0",0.999999999999998
"87","resistant",1,4.91129893508566,4.91129893508566,9.82279432605784e-05,0,0.0272270130807791,2900000,"60",203.17081752289,1,50000,0.000465842377578656,2822106.85927329,14242766.9117484,"14243051.7727839","0.99998",0.999999999999998
"88","susceptible",1,9.82279432605784e-05,4.91129893508566,9.82279432605784e-05,0,0.0272270130807791,2900000,"60",203.17081752289,1,50000,0.000465842377578656,2822106.85927329,284.861035455677,"14243051.7727839","2e-05",0.999999999999998
"89","resistant",0,0,0,0.0741310241300917,0.0741310241300917,0,2900000,"60",203.17081752289,1,50000,0.000465842377578656,2692795.03347621,0,"214979.969977266","0",0.999999999999979
"90","susceptible",0,0.0741310241300917,0,0.0741310241300917,0.0741310241300917,0,2900000,"60",203.17081752289,1,50000,0.000465842377578656,2692795.03347621,214979.969977266,"214979.969977266","1",0.999999999999979
"91","resistant",1,1.35248507238337e-07,1.35248507238337e-07,0.00676229011340962,0.0741310241300917,0,2900000,"60",203.17081752289,1,50000,0.000465842377578656,2692795.03347621,0.392220670991178,"19611.0335495589","2e-05",0.999999999999979
"92","susceptible",1,0.00676229011340962,1.35248507238337e-07,0.00676229011340962,0.0741310241300917,0,2900000,"60",203.17081752289,1,50000,0.000465842377578656,2692795.03347621,19610.6413288879,"19611.0335495589","0.99998",0.999999999999979
"93","resistant",0,0.00741310241300917,0.00741310241300917,0.0667179217170826,0.0667179217170826,0.00741310241300917,2900000,"60",203.17081752289,1,50000,0.000465842377578656,2692795.03347621,21497.9969977266,"214979.969977266","0.1",0.999999999999979
"94","susceptible",0,0.0667179217170826,0.00741310241300917,0.0667179217170826,0.0667179217170826,0.00741310241300917,2900000,"60",203.17081752289,1,50000,0.000465842377578656,2692795.03347621,193481.972979539,"214979.969977266","0.9",0.999999999999979
"95","resistant",1,1.27415568807235,1.27415568807235,0.0170040245375486,0.0667179217170826,0.00741310241300917,2900000,"60",203.17081752289,1,50000,0.000465842377578656,2692795.03347621,3695051.49540981,"3744363.1665687","0.986830425104283",0.999999999999979
"96","susceptible",1,0.0170040245375486,1.27415568807235,0.0170040245375486,0.0667179217170826,0.00741310241300917,2900000,"60",203.17081752289,1,50000,0.000465842377578656,2692795.03347621,49311.671158891,"3744363.1665687","0.0131695748957171",0.999999999999979
"97","resistant",0,0.0148262048260183,0.0148262048260183,0.0593048193040734,0.0593048193040734,0.0148262048260183,2900000,"60",203.17081752289,1,50000,0.000465842377578656,2692795.03347621,42995.9939954532,"214979.969977266","0.2",0.999999999999979
"98","susceptible",0,0.0593048193040734,0.0148262048260183,0.0593048193040734,0.0593048193040734,0.0148262048260183,2900000,"60",203.17081752289,1,50000,0.000465842377578656,2692795.03347621,171983.975981813,"214979.969977266","0.8",0.999999999999979
"99","resistant",1,2.55544554220941,2.55544554220941,0.0248619301453371,0.0593048193040734,0.0148262048260183,2900000,"60",203.17081752289,1,50000,0.000465842377578656,2692795.03347621,7410792.07240728,"7482891.66982875","0.990364741252077",0.999999999999979
"100","susceptible",1,0.0248619301453371,2.55544554220941,0.0248619301453371,0.0593048193040734,0.0148262048260183,2900000,"60",203.17081752289,1,50000,0.000465842377578656,2692795.03347621,72099.5974214775,"7482891.66982875","0.00963525874792298",0.999999999999979
"101","resistant",0,0.0222393072390275,0.0222393072390275,0.0518917168910642,0.0518917168910642,0.0222393072390275,2900000,"60",203.17081752289,1,50000,0.000465842377578656,2692795.03347621,64493.9909931798,"214979.969977266","0.3",0.999999999999979
"102","susceptible",0,0.0518917168910642,0.0222393072390275,0.0518917168910642,0.0518917168910642,0.0222393072390275,2900000,"60",203.17081752289,1,50000,0.000465842377578656,2692795.03347621,150485.978984086,"214979.969977266","0.7",0.999999999999979
"103","resistant",1,3.84388668553657,3.84388668553657,0.0303223352876973,0.0518917168910642,0.0222393072390275,2900000,"60",203.17081752289,1,50000,0.000465842377578656,2692795.03347621,11147271.3880561,"11235206.1603904","0.992173283598094",0.999999999999979
"104","susceptible",1,0.0303223352876973,3.84388668553657,0.0303223352876973,0.0518917168910642,0.0222393072390275,2900000,"60",203.17081752289,1,50000,0.000465842377578656,2692795.03347621,87934.7723343222,"11235206.1603904","0.00782671640190596",0.999999999999979
"105","resistant",0,0.0296524096520367,0.0296524096520367,0.044478614478055,0.044478614478055,0.0296524096520367,2900000,"60",203.17081752289,1,50000,0.000465842377578656,2692795.03347621,85991.9879909064,"214979.969977266","0.4",0.999999999999979
"106","susceptible",0,0.044478614478055,0.0296524096520367,0.044478614478055,0.044478614478055,0.0296524096520367,2900000,"60",203.17081752289,1,50000,0.000465842377578656,2692795.03347621,128987.98198636,"214979.969977266","0.6",0.999999999999979
"107","resistant",1,5.13949609776851,5.13949609776851,0.0333715423493191,0.044478614478055,0.0296524096520367,2900000,"60",203.17081752289,1,50000,0.000465842377578656,2692795.03347621,14904538.6835287,"15001316.1563417","0.993548734537395",0.999999999999979
"108","susceptible",1,0.0333715423493191,5.13949609776851,0.0333715423493191,0.044478614478055,0.0296524096520367,2900000,"60",203.17081752289,1,50000,0.000465842377578656,2692795.03347621,96777.4728130254,"15001316.1563417","0.00645126546260499",0.999999999999979
"109","resistant",0,0.0370655120650459,0.0370655120650459,0.0370655120650459,0.0370655120650459,0.0370655120650459,2900000,"60",203.17081752289,1,50000,0.000465842377578656,2692795.03347621,107489.984988633,"214979.969977266","0.5",0.999999999999979
"110","susceptible",0,0.0370655120650459,0.0370655120650459,0.0370655120650459,0.0370655120650459,0.0370655120650459,2900000,"60",203.17081752289,1,50000,0.000465842377578656,2692795.03347621,107489.984988633,"214979.969977266","0.5",0.999999999999979
"111","resistant",1,6.44229075029266,6.44229075029266,0.0339958277925372,0.0370655120650459,0.0370655120650459,2900000,"60",203.17081752289,1,50000,0.000465842377578656,2692795.03347621,18682643.1758487,"18781231.0764471","0.994750722133333",0.999999999999979
"112","susceptible",1,0.0339958277925372,6.44229075029266,0.0339958277925372,0.0370655120650459,0.0370655120650459,2900000,"60",203.17081752289,1,50000,0.000465842377578656,2692795.03347621,98587.9005983579,"18781231.0764471","0.00524927786666731",0.999999999999979
"113","resistant",0,0.044478614478055,0.044478614478055,0.0296524096520367,0.0296524096520367,0.044478614478055,2900000,"60",203.17081752289,1,50000,0.000465842377578656,2692795.03347621,128987.98198636,"214979.969977266","0.6",0.999999999999979
"114","susceptible",0,0.0296524096520367,0.044478614478055,0.0296524096520367,0.0296524096520367,0.044478614478055,2900000,"60",203.17081752289,1,50000,0.000465842377578656,2692795.03347621,85991.9879909064,"214979.969977266","0.4",0.999999999999979
"115","resistant",1,7.75228760600389,7.75228760600389,0.0321814422015332,0.0296524096520367,0.044478614478055,2900000,"60",203.17081752289,1,50000,0.000465842377578656,2692795.03347621,22481634.0574113,"22574960.2397957","0.9958659425579",0.999999999999979
"116","susceptible",1,0.0321814422015332,7.75228760600389,0.0321814422015332,0.0296524096520367,0.044478614478055,2900000,"60",203.17081752289,1,50000,0.000465842377578656,2692795.03347621,93326.1823844464,"22574960.2397957","0.00413405744210032",0.999999999999979
"117","resistant",0,0.0518917168910642,0.0518917168910642,0.0222393072390275,0.0222393072390275,0.0518917168910642,2900000,"60",203.17081752289,1,50000,0.000465842377578656,2692795.03347621,150485.978984086,"214979.969977266","0.7",0.999999999999979
"118","susceptible",0,0.0222393072390275,0.0518917168910642,0.0222393072390275,0.0222393072390275,0.0518917168910642,2900000,"60",203.17081752289,1,50000,0.000465842377578656,2692795.03347621,64493.9909931798,"214979.969977266","0.3",0.999999999999979
"119","resistant",1,9.0695036191387,9.0695036191387,0.0279146103268628,0.0222393072390275,0.0518917168910642,2900000,"60",203.17081752289,1,50000,0.000465842377578656,2692795.03347621,26301560.4955022,"26382512.8654501","0.996931589861786",0.999999999999979
"120","susceptible",1,0.0279146103268628,9.0695036191387,0.0279146103268628,0.0222393072390275,0.0518917168910642,2900000,"60",203.17081752289,1,50000,0.000465842377578656,2692795.03347621,80952.3699479021,"26382512.8654501","0.00306841013821376",0.999999999999979
"121","resistant",0,0.0593048193040734,0.0593048193040734,0.0148262048260183,0.0148262048260183,0.0593048193040734,2900000,"60",203.17081752289,1,50000,0.000465842377578656,2692795.03347621,171983.975981813,"214979.969977266","0.8",0.999999999999979
"122","susceptible",0,0.0148262048260183,0.0593048193040734,0.0148262048260183,0.0148262048260183,0.0593048193040734,2900000,"60",203.17081752289,1,50000,0.000465842377578656,2692795.03347621,42995.9939954532,"214979.969977266","0.2",0.999999999999979
"123","resistant",1,10.3939557351091,10.3939557351091,0.0211815311303078,0.0148262048260183,0.0593048193040734,2900000,"60",203.17081752289,1,50000,0.000465842377578656,2692795.03347621,30142471.6318165,"30203898.0720944","0.997966274414936",0.999999999999979
"124","susceptible",1,0.0211815311303078,10.3939557351091,0.0211815311303078,0.0148262048260183,0.0593048193040734,2900000,"60",203.17081752289,1,50000,0.000465842377578656,2692795.03347621,61426.4402778927,"30203898.0720944","0.0020337255850643",0.999999999999979
"125","resistant",0,0.0667179217170826,0.0667179217170826,0.00741310241300917,0.00741310241300917,0.0667179217170826,2900000,"60",203.17081752289,1,50000,0.000465842377578656,2692795.03347621,193481.972979539,"214979.969977266","0.9",0.999999999999979
"126","susceptible",0,0.00741310241300917,0.0667179217170826,0.00741310241300917,0.00741310241300917,0.0667179217170826,2900000,"60",203.17081752289,1,50000,0.000465842377578656,2692795.03347621,21497.9969977266,"214979.969977266","0.1",0.999999999999979
"127","resistant",1,11.7256608903363,11.7256608903363,0.011968377830055,0.00741310241300917,0.0667179217170826,2900000,"60",203.17081752289,1,50000,0.000465842377578656,2692795.03347621,34004416.5819753,"34039124.8776824","0.998980341127104",0.999999999999979
"128","susceptible",1,0.011968377830055,11.7256608903363,0.011968377830055,0.00741310241300917,0.0667179217170826,2900000,"60",203.17081752289,1,50000,0.000465842377578656,2692795.03347621,34708.2957071595,"34039124.8776824","0.00101965887289646",0.999999999999979
"129","resistant",0,0.0741310241300917,0.0741310241300917,0,0,0.0741310241300917,2900000,"60",203.17081752289,1,50000,0.000465842377578656,2692795.03347621,214979.969977266,"214979.969977266","1",0.999999999999979
"130","susceptible",0,0,0.0741310241300917,0,0,0.0741310241300917,2900000,"60",203.17081752289,1,50000,0.000465842377578656,2692795.03347621,0,"214979.969977266","0",0.999999999999979
"131","resistant",1,13.0646360120834,13.0646360120834,0.000261297946200592,0,0.0741310241300917,2900000,"60",203.17081752289,1,50000,0.000465842377578656,2692795.03347621,37887444.4350419,"37888202.1990858","0.99998",0.999999999999979
"132","susceptible",1,0.000261297946200592,13.0646360120834,0.000261297946200592,0,0.0741310241300917,2900000,"60",203.17081752289,1,50000,0.000465842377578656,2692795.03347621,757.764043981717,"37888202.1990858","2e-05",0.999999999999979
"133","resistant",0,0,0,0.201836636368156,0.201836636368156,0,2900000,"60",203.17081752289,1,50000,0.000465842377578656,2369962.3426056,0,"585326.245467652","0",0.999999999999974
"134","susceptible",0,0.201836636368156,0,0.201836636368156,0.201836636368156,0,2900000,"60",203.17081752289,1,50000,0.000465842377578656,2369962.3426056,585326.245467652,"585326.245467652","1",0.999999999999974
"135","resistant",1,3.45970481042881e-07,3.45970481042881e-07,0.017298178081663,0.201836636368156,0,2900000,"60",203.17081752289,1,50000,0.000465842377578656,2369962.3426056,1.00331439502435,"50165.7197512177","2e-05",0.999999999999974
"136","susceptible",1,0.017298178081663,3.45970481042881e-07,0.017298178081663,0.201836636368156,0,2900000,"60",203.17081752289,1,50000,0.000465842377578656,2369962.3426056,50164.7164368227,"50165.7197512177","0.99998",0.999999999999974
"137","resistant",0,0.0201836636368156,0.0201836636368156,0.18165297273134,0.18165297273134,0.0201836636368156,2900000,"60",203.17081752289,1,50000,0.000465842377578656,2369962.34260564,58532.6245467652,"585326.245467652","0.1",0.999999999999974
"138","susceptible",0,0.18165297273134,0.0201836636368156,0.18165297273134,0.18165297273134,0.0201836636368156,2900000,"60",203.17081752289,1,50000,0.000465842377578656,2369962.34260564,526793.620920887,"585326.245467652","0.9",0.999999999999974
"139","resistant",1,3.11991158853872,3.11991158853872,0.0900711781109011,0.18165297273134,0.0201836636368156,2900000,"60",203.17081752289,1,50000,0.000465842377578656,2369962.34260564,9047743.60676229,"9308950.0232839","0.971940292313497",0.999999999999974
"140","susceptible",1,0.0900711781109011,3.11991158853872,0.0900711781109011,0.18165297273134,0.0201836636368156,2900000,"60",203.17081752289,1,50000,0.000465842377578656,2369962.34260564,261206.416521613,"9308950.0232839","0.0280597076865032",0.999999999999974
"141","resistant",0,0.0403673272736312,0.0403673272736312,0.161469309094525,0.161469309094525,0.0403673272736312,2900000,"60",203.17081752289,1,50000,0.000465842377578656,2369962.3426056,117065.24909353,"585326.245467652","0.2",0.999999999999974
"142","susceptible",0,0.161469309094525,0.0403673272736312,0.161469309094525,0.161469309094525,0.0403673272736312,2900000,"60",203.17081752289,1,50000,0.000465842377578656,2369962.3426056,468260.996374122,"585326.245467652","0.8",0.999999999999974
"143","resistant",1,6.28832275391656,6.28832275391656,0.146984738687163,0.161469309094525,0.0403673272736312,2900000,"60",203.17081752289,1,50000,0.000465842377578656,2369962.3426056,18236135.986358,"18662391.7285508","0.977159640179417",0.999999999999974
"144","susceptible",1,0.146984738687163,6.28832275391656,0.146984738687163,0.161469309094525,0.0403673272736312,2900000,"60",203.17081752289,1,50000,0.000465842377578656,2369962.3426056,426255.742192773,"18662391.7285508","0.022840359820583",0.999999999999974
"145","resistant",0,0.0605509909104468,0.0605509909104468,0.141285645457709,0.141285645457709,0.0605509909104468,2900000,"60",203.17081752289,1,50000,0.000465842377578656,2369962.34260562,175597.873640296,"585326.245467652","0.3",0.999999999999974
"146","susceptible",0,0.141285645457709,0.0605509909104468,0.141285645457709,0.141285645457709,0.0605509909104468,2900000,"60",203.17081752289,1,50000,0.000465842377578656,2369962.34260562,409728.371827357,"585326.245467652","0.7",0.999999999999974
"147","resistant",1,9.50555282683353,9.50555282683353,0.187785469745953,0.141285645457709,0.0605509909104468,2900000,"60",203.17081752289,1,50000,0.000465842377578656,2369962.34260562,27566103.1978172,"28110681.0600805","0.980627368611264",0.999999999999974
"148","susceptible",1,0.187785469745953,9.50555282683353,0.187785469745953,0.141285645457709,0.0605509909104468,2900000,"60",203.17081752289,1,50000,0.000465842377578656,2369962.34260562,544577.862263263,"28110681.0600805","0.019372631388736",0.999999999999974
"149","resistant",0,0.0807346545472624,0.0807346545472624,0.121101981820894,0.121101981820894,0.0807346545472624,2900000,"60",203.17081752289,1,50000,0.000465842377578656,2369962.34260563,234130.498187061,"585326.245467652","0.4",0.999999999999974
"150","susceptible",0,0.121101981820894,0.0807346545472624,0.121101981820894,0.121101981820894,0.0807346545472624,2900000,"60",203.17081752289,1,50000,0.000465842377578656,2369962.34260563,351195.747280591,"585326.245467652","0.6",0.999999999999974
"151","resistant",1,12.771920414932,12.771920414932,0.212218649317891,0.121101981820894,0.0807346545472624,2900000,"60",203.17081752289,1,50000,0.000465842377578656,2369962.34260563,37038569.2033029,"37654003.2863248","0.98365554710499",0.999999999999974
"152","susceptible",1,0.212218649317891,12.771920414932,0.212218649317891,0.121101981820894,0.0807346545472624,2900000,"60",203.17081752289,1,50000,0.000465842377578656,2369962.34260563,615434.083021884,"37654003.2863248","0.0163444528950099",0.999999999999974
"153","resistant",0,0.100918318184078,0.100918318184078,0.100918318184078,0.100918318184078,0.100918318184078,2900000,"60",203.17081752289,1,50000,0.000465842377578656,2369962.3426056,292663.122733826,"585326.245467652","0.5",0.999999999999974
"154","susceptible",0,0.100918318184078,0.100918318184078,0.100918318184078,0.100918318184078,0.100918318184078,2900000,"60",203.17081752289,1,50000,0.000465842377578656,2369962.3426056,292663.122733826,"585326.245467652","0.5",0.999999999999974
"155","resistant",1,16.0877437261255,16.0877437261255,0.220028229435693,0.100918318184078,0.100918318184078,2900000,"60",203.17081752289,1,50000,0.000465842377578656,2369962.3426056,46654456.805764,"47292538.6711275","0.986507768808929",0.999999999999974
"156","susceptible",1,0.220028229435693,16.0877437261255,0.220028229435693,0.100918318184078,0.100918318184078,2900000,"60",203.17081752289,1,50000,0.000465842377578656,2369962.3426056,638081.865363511,"47292538.6711275","0.0134922311910709",0.999999999999974
"157","resistant",0,0.121101981820894,0.121101981820894,0.0807346545472624,0.0807346545472624,0.121101981820894,2900000,"60",203.17081752289,1,50000,0.000465842377578656,2369962.34260563,351195.747280591,"585326.245467652","0.6",0.999999999999974
"158","susceptible",0,0.0807346545472624,0.121101981820894,0.0807346545472624,0.0807346545472624,0.121101981820894,2900000,"60",203.17081752289,1,50000,0.000465842377578656,2369962.34260563,234130.498187061,"585326.245467652","0.4",0.999999999999974
"159","resistant",1,19.4533405457914,19.4533405457914,0.210956842162805,0.0807346545472624,0.121101981820894,2900000,"60",203.17081752289,1,50000,0.000465842377578656,2369962.34260563,56414687.5827951,"57026462.4250672","0.989272088496178",0.999999999999974
"160","susceptible",1,0.210956842162805,19.4533405457914,0.210956842162805,0.0807346545472624,0.121101981820894,2900000,"60",203.17081752289,1,50000,0.000465842377578656,2369962.34260563,611774.842272134,"57026462.4250672","0.0107279115038217",0.999999999999974
"161","resistant",0,0.141285645457709,0.141285645457709,0.0605509909104468,0.0605509909104468,0.141285645457709,2900000,"60",203.17081752289,1,50000,0.000465842377578656,2369962.34260562,409728.371827357,"585326.245467652","0.7",0.999999999999974
"162","susceptible",0,0.0605509909104468,0.141285645457709,0.0605509909104468,0.0605509909104468,0.141285645457709,2900000,"60",203.17081752289,1,50000,0.000465842377578656,2369962.34260562,175597.873640296,"585326.245467652","0.3",0.999999999999974
"163","resistant",1,22.8690282138524,22.8690282138524,0.184745805744863,0.0605509909104468,0.141285645457709,2900000,"60",203.17081752289,1,50000,0.000465842377578656,2369962.34260562,66320181.8201719,"66855944.656832","0.991986309678068",0.999999999999974
"164","susceptible",1,0.184745805744863,22.8690282138524,0.184745805744863,0.0605509909104468,0.141285645457709,2900000,"60",203.17081752289,1,50000,0.000465842377578656,2369962.34260562,535762.836660103,"66855944.656832","0.0080136903219324",0.999999999999974
"165","resistant",0,0.161469309094525,0.161469309094525,0.0403673272736312,0.0403673272736312,0.161469309094525,2900000,"60",203.17081752289,1,50000,0.000465842377578656,2369962.3426056,468260.996374122,"585326.245467652","0.8",0.999999999999974
"166","susceptible",0,0.0403673272736312,0.161469309094525,0.0403673272736312,0.0403673272736312,0.161469309094525,2900000,"60",203.17081752289,1,50000,0.000465842377578656,2369962.3426056,117065.24909353,"585326.245467652","0.2",0.999999999999974
"167","resistant",1,26.3351236016949,26.3351236016949,0.141135130883097,0.0403673272736312,0.161469309094525,2900000,"60",203.17081752289,1,50000,0.000465842377578656,2369962.3426056,76371858.4449152,"76781150.3244762","0.994669370309883",0.999999999999974
"168","susceptible",1,0.141135130883097,26.3351236016949,0.141135130883097,0.0403673272736312,0.161469309094525,2900000,"60",203.17081752289,1,50000,0.000465842377578656,2369962.3426056,409291.87956098,"76781150.3244762","0.00533062969011688",0.999999999999974
"169","resistant",0,0.18165297273134,0.18165297273134,0.0201836636368156,0.0201836636368156,0.18165297273134,2900000,"60",203.17081752289,1,50000,0.000465842377578656,2369962.34260564,526793.620920887,"585326.245467652","0.9",0.999999999999974
"170","susceptible",0,0.0201836636368156,0.18165297273134,0.0201836636368156,0.0201836636368156,0.18165297273134,2900000,"60",203.17081752289,1,50000,0.000465842377578656,2369962.34260564,58532.6245467652,"585326.245467652","0.1",0.999999999999974
"171","resistant",1,29.8519430889418,29.8519430889418,0.0798635271317628,0.0201836636368156,0.18165297273134,2900000,"60",203.17081752289,1,50000,0.000465842377578656,2369962.34260564,86570634.9579314,"86802239.1866135","0.997331817348811",0.999999999999974
"172","susceptible",1,0.0798635271317628,29.8519430889418,0.0798635271317628,0.0201836636368156,0.18165297273134,2900000,"60",203.17081752289,1,50000,0.000465842377578656,2369962.34260564,231604.228682112,"86802239.1866135","0.00266818265118937",0.999999999999974
"173","resistant",0,0.201836636368156,0.201836636368156,0,0,0.201836636368156,2900000,"60",203.17081752289,1,50000,0.000465842377578656,2369962.3426056,585326.245467652,"585326.245467652","1",0.999999999999974
"174","susceptible",0,0,0.201836636368156,0,0,0.201836636368156,2900000,"60",203.17081752289,1,50000,0.000465842377578656,2369962.3426056,0,"585326.245467652","0",0.999999999999974
"175","resistant",1,33.4198025401157,33.4198025401157,0.000668409418990693,0,0.201836636368156,2900000,"60",203.17081752289,1,50000,0.000465842377578656,2369962.3426056,96917427.3663355,"96919365.7536505","0.99998",0.999999999999974
"176","susceptible",1,0.000668409418990693,33.4198025401157,0.000668409418990693,0,0.201836636368156,2900000,"60",203.17081752289,1,50000,0.000465842377578656,2369962.3426056,1938.38731507301,"96919365.7536505","2e-05",0.999999999999974
"177","resistant",0,0,0,0.549540873857624,0.549540873857624,0,2900000,"60",203.17081752289,1,50000,0.000465842377578656,1673922.65682493,0,"1593668.53418711","0",0.99999999999996
"178","susceptible",0,0.549540873857624,0,0.549540873857624,0.549540873857624,0,2900000,"60",203.17081752289,1,50000,0.000465842377578656,1673922.65682493,1593668.53418711,"1593668.53418711","1",0.99999999999996
"179","resistant",1,8.00295153177082e-07,8.00295153177082e-07,0.0400139573637009,0.549540873857624,0,2900000,"60",203.17081752289,1,50000,0.000465842377578656,1673922.65682493,2.32085594421354,"116042.797210677","2e-05",0.99999999999996
"180","susceptible",1,0.0400139573637009,8.00295153177082e-07,0.0400139573637009,0.549540873857624,0,2900000,"60",203.17081752289,1,50000,0.000465842377578656,1673922.65682493,116040.476354733,"116042.797210677","0.99998",0.99999999999996
"181","resistant",0,0.0549540873857624,0.0549540873857624,0.494586786471862,0.494586786471862,0.0549540873857624,2900000,"60",203.17081752289,1,50000,0.000465842377578656,1673922.65682494,159366.853418711,"1593668.53418711","0.1",0.999999999999959
"182","susceptible",0,0.494586786471862,0.0549540873857624,0.494586786471862,0.494586786471862,0.0549540873857624,2900000,"60",203.17081752289,1,50000,0.000465842377578656,1673922.65682494,1434301.6807684,"1593668.53418711","0.9",0.999999999999959
"183","resistant",1,6.38454691135645,6.38454691135645,0.480318383271298,0.494586786471862,0.0549540873857624,2900000,"60",203.17081752289,1,50000,0.000465842377578656,1673922.65682494,18515186.0429337,"19908109.3544205","0.930032365872178",0.999999999999959
"184","susceptible",1,0.480318383271298,6.38454691135645,0.480318383271298,0.494586786471862,0.0549540873857624,2900000,"60",203.17081752289,1,50000,0.000465842377578656,1673922.65682494,1392923.31148676,"19908109.3544205","0.069967634127822",0.999999999999959
"185","resistant",0,0.109908174771525,0.109908174771525,0.439632699086099,0.439632699086099,0.109908174771525,2900000,"60",203.17081752289,1,50000,0.000465842377578656,1673922.65682494,318733.706837422,"1593668.53418711","0.2",0.99999999999996
"186","susceptible",0,0.439632699086099,0.109908174771525,0.439632699086099,0.439632699086099,0.109908174771525,2900000,"60",203.17081752289,1,50000,0.000465842377578656,1673922.65682494,1274934.82734969,"1593668.53418711","0.8",0.99999999999996
"187","resistant",1,13.0541602552319,13.0541602552319,0.833042660272079,0.439632699086099,0.109908174771525,2900000,"60",203.17081752289,1,50000,0.000465842377578656,1673922.65682494,37857064.7401725,"40272888.4549615","0.940013646711963",0.99999999999996
"188","susceptible",1,0.833042660272079,13.0541602552319,0.833042660272079,0.439632699086099,0.109908174771525,2900000,"60",203.17081752289,1,50000,0.000465842377578656,1673922.65682494,2415823.71478903,"40272888.4549615","0.0599863532880371",0.99999999999996
"189","resistant",0,0.164862262157287,0.164862262157287,0.384678611700337,0.384678611700337,0.164862262157287,2900000,"60",203.17081752289,1,50000,0.000465842377578656,1673922.65682494,478100.560256133,"1593668.53418711","0.3",0.99999999999996
"190","susceptible",0,0.384678611700337,0.164862262157287,0.384678611700337,0.384678611700337,0.164862262157287,2900000,"60",203.17081752289,1,50000,0.000465842377578656,1673922.65682494,1115567.97393098,"1593668.53418711","0.7",0.99999999999996
"191","resistant",1,20.014141647542,20.014141647542,1.09412160100966,0.384678611700337,0.164862262157287,2900000,"60",203.17081752289,1,50000,0.000465842377578656,1673922.65682494,58041010.7778719,"61213963.4207999","0.948166195004948",0.99999999999996
"192","susceptible",1,1.09412160100966,20.014141647542,1.09412160100966,0.384678611700337,0.164862262157287,2900000,"60",203.17081752289,1,50000,0.000465842377578656,1673922.65682494,3172952.64292801,"61213963.4207999","0.0518338049950524",0.99999999999996
"193","resistant",0,0.21981634954305,0.21981634954305,0.329724524314575,0.329724524314575,0.21981634954305,2900000,"60",203.17081752289,1,50000,0.000465842377578656,1673922.65682494,637467.413674844,"1593668.53418711","0.4",0.99999999999996
"194","susceptible",0,0.329724524314575,0.21981634954305,0.329724524314575,0.329724524314575,0.21981634954305,2900000,"60",203.17081752289,1,50000,0.000465842377578656,1673922.65682494,956201.120512266,"1593668.53418711","0.6",0.99999999999996
"195","resistant",1,27.2697796413427,27.2697796413427,1.25942926538532,0.329724524314575,0.21981634954305,2900000,"60",203.17081752289,1,50000,0.000465842377578656,1673922.65682494,79082360.9598939,"82734705.8295113","0.95585474278299",0.99999999999996
"196","susceptible",1,1.25942926538532,27.2697796413427,1.25942926538532,0.329724524314575,0.21981634954305,2900000,"60",203.17081752289,1,50000,0.000465842377578656,1673922.65682494,3652344.86961742,"82734705.8295113","0.0441452572170098",0.99999999999996
"197","resistant",0,0.274770436928812,0.274770436928812,0.274770436928812,0.274770436928812,0.274770436928812,2900000,"60",203.17081752289,1,50000,0.000465842377578656,1673922.65682495,796834.267093555,"1593668.53418711","0.5",0.99999999999996
"198","susceptible",0,0.274770436928812,0.274770436928812,0.274770436928812,0.274770436928812,0.274770436928812,2900000,"60",203.17081752289,1,50000,0.000465842377578656,1673922.65682495,796834.267093555,"1593668.53418711","0.5",0.99999999999996
"199","resistant",1,34.8263478424097,34.8263478424097,1.32477962252542,0.274770436928812,0.274770436928812,2900000,"60",203.17081752289,1,50000,0.000465842377578656,1673922.65682495,100996408.742988,"104838269.648312","0.963354403709528",0.99999999999996
"200","susceptible",1,1.32477962252542,34.8263478424097,1.32477962252542,0.274770436928812,0.274770436928812,2900000,"60",203.17081752289,1,50000,0.000465842377578656,1673922.65682495,3841860.90532373,"104838269.648312","0.0366455962904724",0.99999999999996
"201","resistant",0,0.329724524314575,0.329724524314575,0.21981634954305,0.21981634954305,0.329724524314575,2900000,"60",203.17081752289,1,50000,0.000465842377578656,1673922.65682494,956201.120512266,"1593668.53418711","0.6",0.99999999999996
"202","susceptible",0,0.21981634954305,0.329724524314575,0.21981634954305,0.21981634954305,0.329724524314575,2900000,"60",203.17081752289,1,50000,0.000465842377578656,1673922.65682494,637467.413674844,"1593668.53418711","0.4",0.99999999999996
"203","resistant",1,42.6891021773116,42.6891021773116,1.28592725241546,0.21981634954305,0.329724524314575,2900000,"60",203.17081752289,1,50000,0.000465842377578656,1673922.65682494,123798396.314204,"127527585.346208","0.970757785291073",0.99999999999996
"204","susceptible",1,1.28592725241546,42.6891021773116,1.28592725241546,0.21981634954305,0.329724524314575,2900000,"60",203.17081752289,1,50000,0.000465842377578656,1673922.65682494,3729189.03200483,"127527585.346208","0.0292422147089269",0.99999999999996
"205","resistant",0,0.384678611700337,0.384678611700337,0.164862262157287,0.164862262157287,0.384678611700337,2900000,"60",203.17081752289,1,50000,0.000465842377578656,1673922.65682494,1115567.97393098,"1593668.53418711","0.7",0.99999999999996
"206","susceptible",0,0.164862262157287,0.384678611700337,0.164862262157287,0.164862262157287,0.384678611700337,2900000,"60",203.17081752289,1,50000,0.000465842377578656,1673922.65682494,478100.560256133,"1593668.53418711","0.3",0.99999999999996
"207","resistant",1,50.863278114465,50.863278114465,1.13856808765879,0.164862262157287,0.384678611700337,2900000,"60",203.17081752289,1,50000,0.000465842377578656,1673922.65682494,147503506.531949,"150805353.986159","0.9781052372019",0.99999999999996
"208","susceptible",1,1.13856808765879,50.863278114465,1.13856808765879,0.164862262157287,0.384678611700337,2900000,"60",203.17081752289,1,50000,0.000465842377578656,1673922.65682494,3301847.45421049,"150805353.986159","0.0218947627981002",0.99999999999996
"209","resistant",0,0.439632699086099,0.439632699086099,0.109908174771525,0.109908174771525,0.439632699086099,2900000,"60",203.17081752289,1,50000,0.000465842377578656,1673922.65682495,1274934.82734969,"1593668.53418711","0.8",0.99999999999996
"210","susceptible",0,0.109908174771525,0.439632699086099,0.109908174771525,0.109908174771525,0.439632699086099,2900000,"60",203.17081752289,1,50000,0.000465842377578656,1673922.65682495,318733.706837422,"1593668.53418711","0.2",0.99999999999996
"211","resistant",1,59.3540878383921,59.3540878383921,0.87834019581092,0.109908174771525,0.439632699086099,2900000,"60",203.17081752289,1,50000,0.000465842377578656,1673922.65682495,172126854.731337,"174674041.299189","0.985417486485649",0.99999999999996
"212","susceptible",1,0.87834019581092,59.3540878383921,0.87834019581092,0.109908174771525,0.439632699086099,2900000,"60",203.17081752289,1,50000,0.000465842377578656,1673922.65682495,2547186.56785167,"174674041.299189","0.0145825135143507",0.99999999999996
"213","resistant",0,0.494586786471862,0.494586786471862,0.0549540873857624,0.0549540873857624,0.494586786471862,2900000,"60",203.17081752289,1,50000,0.000465842377578656,1673922.65682494,1434301.6807684,"1593668.53418711","0.9",0.99999999999996
"214","susceptible",0,0.0549540873857624,0.494586786471862,0.0549540873857624,0.0549540873857624,0.494586786471862,2900000,"60",203.17081752289,1,50000,0.000465842377578656,1673922.65682494,159366.853418711,"1593668.53418711","0.1",0.99999999999996
"215","resistant",1,68.1667173774233,68.1667173774233,0.500824602732553,0.0549540873857624,0.494586786471862,2900000,"60",203.17081752289,1,50000,0.000465842377578656,1673922.65682494,197683480.394528,"199135871.742452","0.992706530796205",0.99999999999996
"216","susceptible",1,0.500824602732553,68.1667173774233,0.500824602732553,0.0549540873857624,0.494586786471862,2900000,"60",203.17081752289,1,50000,0.000465842377578656,1673922.65682494,1452391.3479244,"199135871.742452","0.0072934692037948",0.99999999999996
"217","resistant",0,0.549540873857624,0.549540873857624,0,0,0.549540873857624,2900000,"60",203.17081752289,1,50000,0.000465842377578656,1673922.65682493,1593668.53418711,"1593668.53418711","1",0.99999999999996
"218","susceptible",0,0,0.549540873857624,0,0,0.549540873857624,2900000,"60",203.17081752289,1,50000,0.000465842377578656,1673922.65682493,0,"1593668.53418711","0",0.99999999999996
"219","resistant",1,77.3063236850971,77.3063236850971,0.00154615739684988,0,0.549540873857624,2900000,"60",203.17081752289,1,50000,0.000465842377578656,1673922.65682493,224188338.686782,"224192822.543232","0.99998",0.99999999999996
"220","susceptible",1,0.00154615739684988,77.3063236850971,0.00154615739684988,0,0.549540873857624,2900000,"60",203.17081752289,1,50000,0.000465842377578656,1673922.65682493,4483.85645086465,"224192822.543232","2e-05",0.99999999999996
"221","resistant",0,0,0,1.49623565609443,1.49623565609443,0,2900000,"60",203.17081752289,1,50000,0.000465842377578656,649517.70937708,0,"4339083.40267386","0",0.999999999999946
"222","susceptible",0,1.49623565609443,0,1.49623565609443,1.49623565609443,0,2900000,"60",203.17081752289,1,50000,0.000465842377578656,649517.70937708,4339083.40267386,"4339083.40267386","1",0.999999999999946
"223","resistant",1,1.46895306362354e-06,1.46895306362354e-06,0.0734461842281135,1.49623565609443,0,2900000,"60",203.17081752289,1,50000,0.000465842377578656,649517.70937708,4.25996388450828,"212998.194225414","2e-05",0.999999999999946
"224","susceptible",1,0.0734461842281135,1.46895306362354e-06,0.0734461842281135,1.49623565609443,0,2900000,"60",203.17081752289,1,50000,0.000465842377578656,649517.70937708,212993.934261529,"212998.194225414","0.99998",0.999999999999946
"225","resistant",0,0.149623565609443,0.149623565609443,1.34661209048499,1.34661209048499,0.149623565609443,2900000,"60",203.17081752289,1,50000,0.000465842377578656,649517.709377081,433908.340267386,"4339083.40267385","0.1",0.999999999999946
"226","susceptible",0,1.34661209048499,0.149623565609443,1.34661209048499,1.34661209048499,0.149623565609443,2900000,"60",203.17081752289,1,50000,0.000465842377578656,649517.709377081,3905175.06240647,"4339083.40267385","0.9",0.999999999999946
"227","resistant",1,8.22113770992394,8.22113770992394,1.95293749656798,1.34661209048499,0.149623565609443,2900000,"60",203.17081752289,1,50000,0.000465842377578656,649517.709377081,23841299.3587794,"29504818.0988265","0.808047664585589",0.999999999999946
"228","susceptible",1,1.95293749656798,8.22113770992394,1.95293749656798,1.34661209048499,0.149623565609443,2900000,"60",203.17081752289,1,50000,0.000465842377578656,649517.709377081,5663518.74004713,"29504818.0988265","0.191952335414411",0.999999999999946
"229","resistant",0,0.299247131218887,0.299247131218887,1.19698852487555,1.19698852487555,0.299247131218887,2900000,"60",203.17081752289,1,50000,0.000465842377578656,649517.709377087,867816.680534771,"4339083.40267386","0.2",0.999999999999946
"230","susceptible",0,1.19698852487555,0.299247131218887,1.19698852487555,1.19698852487555,0.299247131218887,2900000,"60",203.17081752289,1,50000,0.000465842377578656,649517.709377087,3471266.72213908,"4339083.40267386","0.8",0.999999999999946
"231","resistant",1,17.5988981344285,17.5988981344285,3.54184865110373,1.19698852487555,0.299247131218887,2900000,"60",203.17081752289,1,50000,0.000465842377578656,649517.709377087,51036804.5898427,"61308165.6780435","0.832463408836267",0.999999999999946
"232","susceptible",1,3.54184865110373,17.5988981344285,3.54184865110373,1.19698852487555,0.299247131218887,2900000,"60",203.17081752289,1,50000,0.000465842377578656,649517.709377087,10271361.0882008,"61308165.6780435","0.167536591163733",0.999999999999946
"233","resistant",0,0.44887069682833,0.44887069682833,1.0473649592661,1.0473649592661,0.44887069682833,2900000,"60",203.17081752289,1,50000,0.000465842377578656,649517.70937708,1301725.02080216,"4339083.40267386","0.3",0.999999999999946
"234","susceptible",0,1.0473649592661,0.44887069682833,1.0473649592661,1.0473649592661,0.44887069682833,2900000,"60",203.17081752289,1,50000,0.000465842377578656,649517.70937708,3037358.3818717,"4339083.40267386","0.7",0.999999999999946
"235","resistant",1,28.1974184915673,28.1974184915673,4.79538276566169,1.0473649592661,0.44887069682833,2900000,"60",203.17081752289,1,50000,0.000465842377578656,649517.70937708,81772513.625545,"95679123.645964","0.854653664347128",0.999999999999946
"236","susceptible",1,4.79538276566169,28.1974184915673,4.79538276566169,1.0473649592661,0.44887069682833,2900000,"60",203.17081752289,1,50000,0.000465842377578656,649517.70937708,13906610.0204189,"95679123.645964","0.145346335652872",0.999999999999946
"237","resistant",0,0.598494262437773,0.598494262437773,0.89774139365666,0.89774139365666,0.598494262437773,2900000,"60",203.17081752289,1,50000,0.000465842377578656,649517.709377081,1735633.36106954,"4339083.40267386","0.4",0.999999999999946
"238","susceptible",0,0.89774139365666,0.598494262437773,0.89774139365666,0.89774139365666,0.598494262437773,2900000,"60",203.17081752289,1,50000,0.000465842377578656,649517.709377081,2603450.04160431,"4339083.40267386","0.6",0.999999999999946
"239","resistant",1,40.0808241029698,40.0808241029698,5.66671023065816,0.89774139365666,0.598494262437773,2900000,"60",203.17081752289,1,50000,0.000465842377578656,649517.709377081,116234389.898613,"132667849.567521","0.876130805447744",0.999999999999946
"240","susceptible",1,5.66671023065816,40.0808241029698,5.66671023065816,0.89774139365666,0.598494262437773,2900000,"60",203.17081752289,1,50000,0.000465842377578656,649517.709377081,16433459.6689087,"132667849.567521","0.123869194552256",0.999999999999946
"241","resistant",0,0.748117828047216,0.748117828047216,0.748117828047216,0.748117828047216,0.748117828047216,2900000,"60",203.17081752289,1,50000,0.000465842377578656,649517.709377086,2169541.70133693,"4339083.40267386","0.5",0.999999999999946
"242","susceptible",0,0.748117828047216,0.748117828047216,0.748117828047216,0.748117828047216,0.748117828047216,2900000,"60",203.17081752289,1,50000,0.000465842377578656,649517.709377086,2169541.70133693,"4339083.40267386","0.5",0.999999999999946
"243","resistant",1,53.3130140412353,53.3130140412353,6.10701307409001,0.748117828047216,0.748117828047216,2900000,"60",203.17081752289,1,50000,0.000465842377578656,649517.709377086,154607740.719582,"172318078.634443","0.897222984058267",0.999999999999946
"244","susceptible",1,6.10701307409001,53.3130140412353,6.10701307409001,0.748117828047216,0.748117828047216,2900000,"60",203.17081752289,1,50000,0.000465842377578656,649517.709377086,17710337.914861,"172318078.634443","0.102777015941733",0.999999999999946
"245","resistant",0,0.89774139365666,0.89774139365666,0.598494262437773,0.598494262437773,0.89774139365666,2900000,"60",203.17081752289,1,50000,0.000465842377578656,649517.709377081,2603450.04160431,"4339083.40267386","0.6",0.999999999999946
"246","susceptible",0,0.598494262437773,0.89774139365666,0.598494262437773,0.598494262437773,0.89774139365666,2900000,"60",203.17081752289,1,50000,0.000465842377578656,649517.709377081,1735633.36106954,"4339083.40267386","0.4",0.999999999999946
"247","resistant",1,67.9574342188979,67.9574342188979,6.06553822810333,0.598494262437773,0.89774139365666,2900000,"60",203.17081752289,1,50000,0.000465842377578656,649517.709377081,197076559.234804,"214666620.096304","0.918058704918313",0.999999999999946
"248","susceptible",1,6.06553822810333,67.9574342188979,6.06553822810333,0.598494262437773,0.89774139365666,2900000,"60",203.17081752289,1,50000,0.000465842377578656,649517.709377081,17590060.8614997,"214666620.096304","0.0819412950816872",0.999999999999946
"249","resistant",0,1.0473649592661,1.0473649592661,0.44887069682833,0.44887069682833,1.0473649592661,2900000,"60",203.17081752289,1,50000,0.000465842377578656,649517.70937708,3037358.3818717,"4339083.40267385","0.7",0.999999999999946
"250","susceptible",0,0.44887069682833,1.0473649592661,0.44887069682833,0.44887069682833,1.0473649592661,2900000,"60",203.17081752289,1,50000,0.000465842377578656,649517.70937708,1301725.02080216,"4339083.40267385","0.3",0.999999999999946
"251","resistant",1,84.0768394843315,84.0768394843315,5.48965999405725,0.44887069682833,1.0473649592661,2900000,"60",203.17081752289,1,50000,0.000465842377578656,649517.70937708,243822834.504561,"259742848.487327","0.938708557038317",0.999999999999946
"252","susceptible",1,5.48965999405725,84.0768394843315,5.48965999405725,0.44887069682833,1.0473649592661,2900000,"60",203.17081752289,1,50000,0.000465842377578656,649517.70937708,15920013.982766,"259742848.487327","0.0612914429616827",0.999999999999946
"253","resistant",0,1.19698852487555,1.19698852487555,0.299247131218886,0.299247131218886,1.19698852487555,2900000,"60",203.17081752289,1,50000,0.000465842377578656,649517.709377087,3471266.72213908,"4339083.40267386","0.8",0.999999999999946
"254","susceptible",0,0.299247131218886,1.19698852487555,0.299247131218886,0.299247131218886,1.19698852487555,2900000,"60",203.17081752289,1,50000,0.000465842377578656,649517.709377087,867816.680534771,"4339083.40267386","0.2",0.999999999999946
"255","resistant",1,101.733044856868,101.733044856868,4.32495199141178,0.299247131218886,1.19698852487555,2900000,"60",203.17081752289,1,50000,0.000465842377578656,649517.709377087,295025830.084916,"307568190.860011","0.959220878010747",0.999999999999946
"256","susceptible",1,4.32495199141178,101.733044856868,4.32495199141178,0.299247131218886,1.19698852487555,2900000,"60",203.17081752289,1,50000,0.000465842377578656,649517.709377087,12542360.7750942,"307568190.860011","0.0407791219892528",0.999999999999946
"257","resistant",0,1.34661209048499,1.34661209048499,0.149623565609443,0.149623565609443,1.34661209048499,2900000,"60",203.17081752289,1,50000,0.000465842377578656,649517.709377081,3905175.06240647,"4339083.40267385","0.9",0.999999999999946
"258","susceptible",0,0.149623565609443,1.34661209048499,0.149623565609443,0.149623565609443,1.34661209048499,2900000,"60",203.17081752289,1,50000,0.000465842377578656,649517.709377081,433908.340267385,"4339083.40267385","0.1",0.999999999999946
"259","resistant",1,120.986666070699,120.986666070699,2.51526886284937,0.149623565609443,1.34661209048499,2900000,"60",203.17081752289,1,50000,0.000465842377578656,649517.709377081,350861331.605028,"358155611.307291","0.979633769590713",0.999999999999946
"260","susceptible",1,2.51526886284937,120.986666070699,2.51526886284937,0.149623565609443,1.34661209048499,2900000,"60",203.17081752289,1,50000,0.000465842377578656,649517.709377081,7294279.70226318,"358155611.307291","0.0203662304092866",0.999999999999946
"261","resistant",0,1.49623565609443,1.49623565609443,0,0,1.49623565609443,2900000,"60",203.17081752289,1,50000,0.000465842377578656,649517.70937708,4339083.40267386,"4339083.40267386","1",0.999999999999946
"262","susceptible",0,0,1.49623565609443,0,0,1.49623565609443,2900000,"60",203.17081752289,1,50000,0.000465842377578656,649517.70937708,0,"4339083.40267386","0",0.999999999999946
"263","resistant",1,141.896849635886,141.896849635886,0.00283799375259277,0,1.49623565609443,2900000,"60",203.17081752289,1,50000,0.000465842377578656,649517.70937708,411500863.944069,"411509094.125952","0.99998",0.999999999999946
"264","susceptible",1,0.00283799375259277,141.896849635886,0.00283799375259277,0,1.49623565609443,2900000,"60",203.17081752289,1,50000,0.000465842377578656,649517.70937708,8230.18188251904,"411509094.125952","2e-05",0.999999999999946
"265","resistant",0,0,0,4.07380277804112,4.07380277804112,0,2900000,"60",203.17081752289,1,50000,0.000465842377578656,49336.4192524147,0,"11814028.0563193","0",0.999999999999946
"266","susceptible",0,4.07380277804112,0,4.07380277804112,4.07380277804112,0,2900000,"60",203.17081752289,1,50000,0.000465842377578656,49336.4192524147,11814028.0563193,"11814028.0563193","1",0.999999999999946
"267","resistant",1,1.86070826584475e-06,1.86070826584475e-06,0.0930335525839715,4.07380277804112,0,2900000,"60",203.17081752289,1,50000,0.000465842377578656,49336.4192524147,5.39605397094976,"269802.698547488","2e-05",0.999999999999946
"268","susceptible",1,0.0930335525839715,1.86070826584475e-06,0.0930335525839715,4.07380277804112,0,2900000,"60",203.17081752289,1,50000,0.000465842377578656,49336.4192524147,269797.302493517,"269802.698547488","0.99998",0.999999999999946
"269","resistant",0,0.407380277804112,0.407380277804112,3.66642250023701,3.66642250023701,0.407380277804112,2900000,"60",203.17081752289,1,50000,0.000465842377578656,49336.4192524155,1181402.80563193,"11814028.0563193","0.1",0.999999999999946
"270","susceptible",0,3.66642250023701,0.407380277804112,3.66642250023701,3.66642250023701,0.407380277804112,2900000,"60",203.17081752289,1,50000,0.000465842377578656,49336.4192524155,10632625.2506873,"11814028.0563193","0.9",0.999999999999946
"271","resistant",1,3.9327992535317,3.9327992535317,4.07945381945281,3.66642250023701,0.407380277804112,2900000,"60",203.17081752289,1,50000,0.000465842377578656,49336.4192524155,11405117.8352419,"23235533.9116551","0.490848106981568",0.999999999999946
"272","susceptible",1,4.07945381945281,3.9327992535317,4.07945381945281,3.66642250023701,0.407380277804112,2900000,"60",203.17081752289,1,50000,0.000465842377578656,49336.4192524155,11830416.0764132,"23235533.9116551","0.509151893018432",0.999999999999946
"273","resistant",0,0.814760555608224,0.814760555608224,3.2590422224329,3.2590422224329,0.814760555608224,2900000,"60",203.17081752289,1,50000,0.000465842377578656,49336.4192524159,2362805.61126385,"11814028.0563193","0.2",0.999999999999946
"274","susceptible",0,3.2590422224329,0.814760555608224,3.2590422224329,3.2590422224329,0.814760555608224,2900000,"60",203.17081752289,1,50000,0.000465842377578656,49336.4192524159,9451222.4450554,"11814028.0563193","0.8",0.999999999999946
"275","resistant",1,9.98193589208623,9.98193589208623,7.86540453840499,3.2590422224329,0.814760555608224,2900000,"60",203.17081752289,1,50000,0.000465842377578656,49336.4192524159,28947614.0870501,"51757287.2484245","0.559295427291376",0.999999999999946
"276","susceptible",1,7.86540453840499,9.98193589208623,7.86540453840499,3.2590422224329,0.814760555608224,2900000,"60",203.17081752289,1,50000,0.000465842377578656,49336.4192524159,22809673.1613745,"51757287.2484245","0.440704572708625",0.999999999999946
"277","resistant",0,1.22214083341234,1.22214083341234,2.85166194462878,2.85166194462878,1.22214083341234,2900000,"60",203.17081752289,1,50000,0.000465842377578656,49336.4192524159,3544208.41689578,"11814028.0563193","0.3",0.999999999999946
"278","susceptible",0,2.85166194462878,1.22214083341234,2.85166194462878,2.85166194462878,1.22214083341234,2900000,"60",203.17081752289,1,50000,0.000465842377578656,49336.4192524159,8269819.63942348,"11814028.0563193","0.7",0.999999999999946
"279","resistant",1,18.5177330716022,18.5177330716022,11.2462755361091,2.85166194462878,1.22214083341234,2900000,"60",203.17081752289,1,50000,0.000465842377578656,49336.4192524159,53701425.9076464,"86315624.9623626","0.622151851777271",0.999999999999946
"280","susceptible",1,11.2462755361091,18.5177330716022,11.2462755361091,2.85166194462878,1.22214083341234,2900000,"60",203.17081752289,1,50000,0.000465842377578656,49336.4192524159,32614199.0547163,"86315624.9623626","0.377848148222729",0.999999999999946
"281","resistant",0,1.62952111121645,1.62952111121645,2.44428166682467,2.44428166682467,1.62952111121645,2900000,"60",203.17081752289,1,50000,0.000465842377578656,49336.4192524154,4725611.2225277,"11814028.0563193","0.4",0.999999999999946
"282","susceptible",0,2.44428166682467,1.62952111121645,2.44428166682467,2.44428166682467,1.62952111121645,2900000,"60",203.17081752289,1,50000,0.000465842377578656,49336.4192524154,7088416.83379155,"11814028.0563193","0.6",0.999999999999946
"283","resistant",1,29.9230246932292,29.9230246932292,13.98564613305,2.44428166682467,1.62952111121645,2900000,"60",203.17081752289,1,50000,0.000465842377578656,49336.4192524154,86776771.6103647,"127335145.39621","0.681483272668786",0.999999999999946
"284","susceptible",1,13.98564613305,29.9230246932292,13.98564613305,2.44428166682467,1.62952111121645,2900000,"60",203.17081752289,1,50000,0.000465842377578656,49336.4192524154,40558373.7858451,"127335145.39621","0.318516727331214",0.999999999999946
"285","resistant",0,2.03690138902056,2.03690138902056,2.03690138902056,2.03690138902056,2.03690138902056,2900000,"60",203.17081752289,1,50000,0.000465842377578656,49336.4192524147,5907014.02815963,"11814028.0563193","0.5",0.999999999999946
"286","susceptible",0,2.03690138902056,2.03690138902056,2.03690138902056,2.03690138902056,2.03690138902056,2900000,"60",203.17081752289,1,50000,0.000465842377578656,49336.4192524147,5907014.02815963,"11814028.0563193","0.5",0.999999999999946
"287","resistant",1,44.5865714012118,44.5865714012118,15.8157857466447,2.03690138902056,2.03690138902056,2900000,"60",203.17081752289,1,50000,0.000465842377578656,49336.4192524147,129301057.063514,"175166835.728784","0.738159461096363",0.999999999999946
"288","susceptible",1,15.8157857466447,44.5865714012118,15.8157857466447,2.03690138902056,2.03690138902056,2900000,"60",203.17081752289,1,50000,0.000465842377578656,49336.4192524147,45865778.6652696,"175166835.728784","0.261840538903637",0.999999999999946
"289","resistant",0,2.44428166682467,2.44428166682467,1.62952111121645,1.62952111121645,2.44428166682467,2900000,"60",203.17081752289,1,50000,0.000465842377578656,49336.4192524154,7088416.83379155,"11814028.0563193","0.6",0.999999999999946
"290","susceptible",0,1.62952111121645,2.44428166682467,1.62952111121645,1.62952111121645,2.44428166682467,2900000,"60",203.17081752289,1,50000,0.000465842377578656,49336.4192524154,4725611.2225277,"11814028.0563193","0.4",0.999999999999946
"291","resistant",1,62.8953685178273,62.8953685178273,16.4389410129617,1.62952111121645,2.44428166682467,2900000,"60",203.17081752289,1,50000,0.000465842377578656,49336.4192524154,182396568.701699,"230069497.639288","0.792789007553134",0.999999999999946
"292","susceptible",1,16.4389410129617,62.8953685178273,16.4389410129617,1.62952111121645,2.44428166682467,2900000,"60",203.17081752289,1,50000,0.000465842377578656,49336.4192524154,47672928.9375888,"230069497.639288","0.207210992446866",0.999999999999946
"293","resistant",0,2.85166194462879,2.85166194462879,1.22214083341234,1.22214083341234,2.85166194462879,2900000,"60",203.17081752289,1,50000,0.000465842377578656,49336.4192524159,8269819.63942348,"11814028.0563193","0.7",0.999999999999946
"294","susceptible",0,1.22214083341234,2.85166194462879,1.22214083341234,1.22214083341234,2.85166194462879,2900000,"60",203.17081752289,1,50000,0.000465842377578656,49336.4192524159,3544208.41689578,"11814028.0563193","0.3",0.999999999999946
"295","resistant",1,85.2258539587049,85.2258539587049,15.5294921489884,1.22214083341234,2.85166194462879,2900000,"60",203.17081752289,1,50000,0.000465842377578656,49336.4192524159,247154976.480244,"292190503.712311","0.845869298762672",0.999999999999946
"296","susceptible",1,15.5294921489884,85.2258539587049,15.5294921489884,1.22214083341234,2.85166194462879,2900000,"60",203.17081752289,1,50000,0.000465842377578656,49336.4192524159,45035527.2320664,"292190503.712311","0.154130701237328",0.999999999999946
"297","resistant",0,3.2590422224329,3.2590422224329,0.814760555608224,0.814760555608224,3.2590422224329,2900000,"60",203.17081752289,1,50000,0.000465842377578656,49336.4192524159,9451222.4450554,"11814028.0563193","0.8",0.999999999999946
"298","susceptible",0,0.814760555608224,3.2590422224329,0.814760555608224,0.814760555608224,3.2590422224329,2900000,"60",203.17081752289,1,50000,0.000465842377578656,49336.4192524159,2362805.61126385,"11814028.0563193","0.2",0.999999999999946
"299","resistant",1,111.934045830925,111.934045830925,12.737054440399,0.814760555608224,3.2590422224329,2900000,"60",203.17081752289,1,50000,0.000465842377578656,49336.4192524159,324608732.909682,"361546190.786839","0.897834747486152",0.999999999999946
"300","susceptible",1,12.737054440399,111.934045830925,12.737054440399,0.814760555608224,3.2590422224329,2900000,"60",203.17081752289,1,50000,0.000465842377578656,49336.4192524159,36937457.8771571,"361546190.786839","0.102165252513848",0.999999999999946
"301","resistant",0,3.66642250023701,3.66642250023701,0.407380277804112,0.407380277804112,3.66642250023701,2900000,"60",203.17081752289,1,50000,0.000465842377578656,49336.4192524155,10632625.2506873,"11814028.0563193","0.9",0.999999999999946
"302","susceptible",0,0.407380277804112,3.66642250023701,0.407380277804112,0.407380277804112,3.66642250023701,2900000,"60",203.17081752289,1,50000,0.000465842377578656,49336.4192524155,1181402.80563193,"11814028.0563193","0.1",0.999999999999946
"303","resistant",1,143.344665564355,143.344665564355,7.69059147000567,0.407380277804112,3.66642250023701,2900000,"60",203.17081752289,1,50000,0.000465842377578656,49336.4192524155,415699530.136631,"438002245.399647","0.949080819796559",0.999999999999946
"304","susceptible",1,7.69059147000567,143.344665564355,7.69059147000567,0.407380277804112,3.66642250023701,2900000,"60",203.17081752289,1,50000,0.000465842377578656,49336.4192524155,22302715.2630164,"438002245.399647","0.0509191802034411",0.999999999999946
"305","resistant",0,4.07380277804112,4.07380277804112,0,0,4.07380277804112,2900000,"60",203.17081752289,1,50000,0.000465842377578656,49336.4192524147,11814028.0563193,"11814028.0563193","1",0.999999999999946
"306","susceptible",0,0,4.07380277804112,0,0,4.07380277804112,2900000,"60",203.17081752289,1,50000,0.000465842377578656,49336.4192524147,0,"11814028.0563193","0",0.999999999999946
"307","resistant",1,179.739331060401,179.739331060401,0.00359485851837838,0,4.07380277804112,2900000,"60",203.17081752289,1,50000,0.000465842377578656,49336.4192524147,521244060.075162,"521254485.164866","0.99998",0.999999999999946
"308","susceptible",1,0.00359485851837838,179.739331060401,0.00359485851837838,0,4.07380277804112,2900000,"60",203.17081752289,1,50000,0.000465842377578656,49336.4192524147,10425.0897032973,"521254485.164866","2e-05",0.999999999999946
"309","resistant",0,0,0,11.091748152624,11.091748152624,0,2900000,"60",203.17081752289,1,50000,0.000465842377578656,44.188794107557,0,"32166069.6426096","0",0.999999999999927
"310","susceptible",0,11.091748152624,0,11.091748152624,11.091748152624,0,2900000,"60",203.17081752289,1,50000,0.000465842377578656,44.188794107557,32166069.6426096,"32166069.6426096","1",0.999999999999927
"311","resistant",1,1.89288269052082e-06,1.89288269052082e-06,0.0946422416433506,11.091748152624,0,2900000,"60",203.17081752289,1,50000,0.000465842377578656,44.188794107557,5.48935980251039,"274467.990125519","2e-05",0.999999999999927
"312","susceptible",1,0.0946422416433506,1.89288269052082e-06,0.0946422416433506,11.091748152624,0,2900000,"60",203.17081752289,1,50000,0.000465842377578656,44.188794107557,274462.500765717,"274467.990125519","0.99998",0.999999999999927
"313","resistant",0,1.1091748152624,1.1091748152624,9.9825733373616,9.9825733373616,1.1091748152624,2900000,"60",203.17081752289,1,50000,0.000465842377578656,44.188794107557,3216606.96426096,"32166069.6426096","0.1",0.999999999999928
"314","susceptible",0,9.9825733373616,1.1091748152624,9.9825733373616,9.9825733373616,1.1091748152624,2900000,"60",203.17081752289,1,50000,0.000465842377578656,44.188794107557,28949462.6783486,"32166069.6426096","0.9",0.999999999999928
"315","resistant",1,1.13863175440076,1.13863175440076,4.36085787354864,9.9825733373616,1.1091748152624,2900000,"60",203.17081752289,1,50000,0.000465842377578656,44.188794107557,3302032.0877622,"15948519.9210533","0.207043167899441",0.999999999999928
"316","susceptible",1,4.36085787354864,1.13863175440076,4.36085787354864,9.9825733373616,1.1091748152624,2900000,"60",203.17081752289,1,50000,0.000465842377578656,44.188794107557,12646487.8332911,"15948519.9210533","0.792956832100559",0.999999999999928
"317","resistant",0,2.2183496305248,2.2183496305248,8.8733985220992,8.8733985220992,2.2183496305248,2900000,"60",203.17081752289,1,50000,0.000465842377578656,44.188794107557,6433213.92852192,"32166069.6426096","0.2",0.999999999999927
"318","susceptible",0,8.8733985220992,2.2183496305248,8.8733985220992,8.8733985220992,2.2183496305248,2900000,"60",203.17081752289,1,50000,0.000465842377578656,44.188794107557,25732855.7140877,"32166069.6426096","0.8",0.999999999999927
"319","resistant",1,3.98302784252074,3.98302784252074,8.9158418354058,8.8733985220992,2.2183496305248,2900000,"60",203.17081752289,1,50000,0.000465842377578656,44.188794107557,11550780.7433101,"37406722.065987","0.30878890491752",0.999999999999927
"320","susceptible",1,8.9158418354058,3.98302784252074,8.9158418354058,8.8733985220992,2.2183496305248,2900000,"60",203.17081752289,1,50000,0.000465842377578656,44.188794107557,25855941.3226768,"37406722.065987","0.69121109508248",0.999999999999927
"321","resistant",0,3.3275244457872,3.3275244457872,7.7642237068368,7.7642237068368,3.3275244457872,2900000,"60",203.17081752289,1,50000,0.000465842377578656,44.1887941075571,9649820.89278288,"32166069.6426096","0.3",0.999999999999927
"322","susceptible",0,7.7642237068368,3.3275244457872,7.7642237068368,7.7642237068368,3.3275244457872,2900000,"60",203.17081752289,1,50000,0.000465842377578656,44.1887941075571,22516248.7498267,"32166069.6426096","0.7",0.999999999999927
"323","resistant",1,9.21650568970104,9.21650568970104,13.5156292140437,7.7642237068368,3.3275244457872,2900000,"60",203.17081752289,1,50000,0.000465842377578656,44.1887941075571,26727866.500133,"65923191.2208598","0.405439512334707",0.999999999999927
"324","susceptible",1,13.5156292140437,9.21650568970104,13.5156292140437,7.7642237068368,3.3275244457872,2900000,"60",203.17081752289,1,50000,0.000465842377578656,44.1887941075571,39195324.7207268,"65923191.2208598","0.594560487665293",0.999999999999927
"325","resistant",0,4.4366992610496,4.4366992610496,6.6550488915744,6.6550488915744,4.4366992610496,2900000,"60",203.17081752289,1,50000,0.000465842377578656,44.1887941075571,12866427.8570438,"32166069.6426096","0.4",0.999999999999927
"326","susceptible",0,6.6550488915744,4.4366992610496,6.6550488915744,6.6550488915744,4.4366992610496,2900000,"60",203.17081752289,1,50000,0.000465842377578656,44.1887941075571,19299641.7855658,"32166069.6426096","0.6",0.999999999999927
"327","resistant",1,17.6373280486936,17.6373280486936,17.7921759830595,6.6550488915744,4.4366992610496,2900000,"60",203.17081752289,1,50000,0.000465842377578656,44.1887941075571,51148251.3412115,"102745561.692084","0.497814703612178",0.999999999999927
"328","susceptible",1,17.7921759830595,17.6373280486936,17.7921759830595,6.6550488915744,4.4366992610496,2900000,"60",203.17081752289,1,50000,0.000465842377578656,44.1887941075571,51597310.3508725,"102745561.692084","0.502185296387822",0.999999999999927
"329","resistant",0,5.545874076312,5.545874076312,5.545874076312,5.545874076312,5.545874076312,2900000,"60",203.17081752289,1,50000,0.000465842377578656,44.1887941075572,16083034.8213048,"32166069.6426096","0.5",0.999999999999927
"330","susceptible",0,5.545874076312,5.545874076312,5.545874076312,5.545874076312,5.545874076312,2900000,"60",203.17081752289,1,50000,0.000465842377578656,44.1887941075572,16083034.8213048,"32166069.6426096","0.5",0.999999999999927
"331","resistant",1,30.1298568274523,30.1298568274523,21.2412937245234,5.545874076312,5.545874076312,2900000,"60",203.17081752289,1,50000,0.000465842377578656,44.1887941075572,87376584.7996115,"148976336.600729","0.586513179162064",0.999999999999927
"332","susceptible",1,21.2412937245234,30.1298568274523,21.2412937245234,5.545874076312,5.545874076312,2900000,"60",203.17081752289,1,50000,0.000465842377578656,44.1887941075572,61599751.8011179,"148976336.600729","0.413486820837936",0.999999999999927
"333","resistant",0,6.6550488915744,6.6550488915744,4.4366992610496,4.4366992610496,6.6550488915744,2900000,"60",203.17081752289,1,50000,0.000465842377578656,44.1887941075571,19299641.7855658,"32166069.6426096","0.6",0.999999999999927
"334","susceptible",0,4.4366992610496,6.6550488915744,4.4366992610496,4.4366992610496,6.6550488915744,2900000,"60",203.17081752289,1,50000,0.000465842377578656,44.1887941075571,12866427.8570438,"32166069.6426096","0.4",0.999999999999927
"335","resistant",1,47.6162348838304,47.6162348838304,23.2209877629839,4.4366992610496,6.6550488915744,2900000,"60",203.17081752289,1,50000,0.000465842377578656,44.1887941075571,138087081.163108,"205427945.675761","0.67219228965595",0.999999999999927
"336","susceptible",1,23.2209877629839,47.6162348838304,23.2209877629839,4.4366992610496,6.6550488915744,2900000,"60",203.17081752289,1,50000,0.000465842377578656,44.1887941075571,67340864.5126532,"205427945.675761","0.32780771034405",0.999999999999927
"337","resistant",0,7.7642237068368,7.7642237068368,3.3275244457872,3.3275244457872,7.7642237068368,2900000,"60",203.17081752289,1,50000,0.000465842377578656,44.1887941075571,22516248.7498267,"32166069.6426096","0.7",0.999999999999927
"338","susceptible",0,3.3275244457872,7.7642237068368,3.3275244457872,3.3275244457872,7.7642237068368,2900000,"60",203.17081752289,1,50000,0.000465842377578656,44.1887941075571,9649820.89278288,"32166069.6426096","0.3",0.999999999999927
"339","resistant",1,70.9871508041017,70.9871508041017,22.9640621280655,3.3275244457872,7.7642237068368,2900000,"60",203.17081752289,1,50000,0.000465842377578656,44.1887941075571,205862737.331895,"272458517.503285","0.755574607167174",0.999999999999927
"340","susceptible",1,22.9640621280655,70.9871508041017,22.9640621280655,3.3275244457872,7.7642237068368,2900000,"60",203.17081752289,1,50000,0.000465842377578656,44.1887941075571,66595780.17139,"272458517.503285","0.244425392832827",0.999999999999927
"341","resistant",0,8.8733985220992,8.8733985220992,2.2183496305248,2.2183496305248,8.8733985220992,2900000,"60",203.17081752289,1,50000,0.000465842377578656,44.1887941075571,25732855.7140877,"32166069.6426096","0.8",0.999999999999927
"342","susceptible",0,2.2183496305248,8.8733985220992,2.2183496305248,2.2183496305248,8.8733985220992,2900000,"60",203.17081752289,1,50000,0.000465842377578656,44.1887941075571,6433213.92852192,"32166069.6426096","0.2",0.999999999999927
"343","resistant",1,101.012247501312,101.012247501312,19.6084681781528,2.2183496305248,8.8733985220992,2900000,"60",203.17081752289,1,50000,0.000465842377578656,44.1887941075571,292935517.753804,"349800075.470447","0.837436976992741",0.999999999999927
"344","susceptible",1,19.6084681781528,101.012247501312,19.6084681781528,2.2183496305248,8.8733985220992,2900000,"60",203.17081752289,1,50000,0.000465842377578656,44.1887941075571,56864557.7166432,"349800075.470447","0.162563023007259",0.999999999999927
"345","resistant",0,9.9825733373616,9.9825733373616,1.1091748152624,1.1091748152624,9.9825733373616,2900000,"60",203.17081752289,1,50000,0.000465842377578656,44.188794107557,28949462.6783486,"32166069.6426096","0.9",0.999999999999928
"346","susceptible",0,1.1091748152624,9.9825733373616,1.1091748152624,1.1091748152624,9.9825733373616,2900000,"60",203.17081752289,1,50000,0.000465842377578656,44.188794107557,3216606.96426096,"32166069.6426096","0.1",0.999999999999928
"347","resistant",1,138.233397868668,138.233397868668,12.2479158876311,1.1091748152624,9.9825733373616,2900000,"60",203.17081752289,1,50000,0.000465842377578656,44.188794107557,400876853.819136,"436395809.893266","0.918608393415103",0.999999999999928
"348","susceptible",1,12.2479158876311,138.233397868668,12.2479158876311,1.1091748152624,9.9825733373616,2900000,"60",203.17081752289,1,50000,0.000465842377578656,44.188794107557,35518956.0741302,"436395809.893266","0.0813916065848969",0.999999999999928
"349","resistant",0,11.091748152624,11.091748152624,0,0,11.091748152624,2900000,"60",203.17081752289,1,50000,0.000465842377578656,44.188794107557,32166069.6426096,"32166069.6426096","1",0.999999999999927
"350","susceptible",0,0,11.091748152624,0,0,11.091748152624,2900000,"60",203.17081752289,1,50000,0.000465842377578656,44.188794107557,0,"32166069.6426096","0",0.999999999999927
"351","resistant",1,182.847292515017,182.847292515017,0.00365701899068016,0,11.091748152624,2900000,"60",203.17081752289,1,50000,0.000465842377578656,44.188794107557,530257148.29355,"530267753.648623","0.99998",0.999999999999927
"352","susceptible",1,0.00365701899068016,182.847292515017,0.00365701899068016,0,11.091748152624,2900000,"60",203.17081752289,1,50000,0.000465842377578656,44.188794107557,10605.3550729725,"530267753.648623","2e-05",0.999999999999927
"353","resistant",0,0,0,30.1995172040201,30.1995172040201,0,2900000,"60",203.17081752289,1,50000,0.000465842377578656,2.22285973334403e-07,0,"87578599.8916584","0",0.999999999999957
"354","susceptible",0,30.1995172040201,0,30.1995172040201,30.1995172040201,0,2900000,"60",203.17081752289,1,50000,0.000465842377578656,2.22285973334403e-07,87578599.8916584,"87578599.8916584","1",0.999999999999957
"355","resistant",1,1.89291153378902e-06,1.89291153378902e-06,0.0946436837779172,30.1995172040201,0,2900000,"60",203.17081752289,1,50000,0.000465842377578656,2.22285973334403e-07,5.48944344798816,"274472.172399408","2e-05",0.999999999999957
"356","susceptible",1,0.0946436837779172,1.89291153378902e-06,0.0946436837779172,30.1995172040201,0,2900000,"60",203.17081752289,1,50000,0.000465842377578656,2.22285973334403e-07,274466.68295596,"274472.172399408","0.99998",0.999999999999957
"357","resistant",0,3.01995172040201,3.01995172040201,27.1795654836181,27.1795654836181,3.01995172040201,2900000,"60",203.17081752289,1,50000,0.000465842377578656,2.22285973334403e-07,8757859.98916584,"87578599.8916584","0.1",0.999999999999957
"358","susceptible",0,27.1795654836181,3.01995172040201,27.1795654836181,27.1795654836181,3.01995172040201,2900000,"60",203.17081752289,1,50000,0.000465842377578656,2.22285973334403e-07,78820739.9024925,"87578599.8916584","0.9",0.999999999999957
"359","resistant",1,0.665266676777293,0.665266676777293,4.23948930072541,27.1795654836181,3.01995172040201,2900000,"60",203.17081752289,1,50000,0.000465842377578656,2.22285973334403e-07,1929273.36265415,"14223792.3347578","0.135637059178634",0.999999999999957
"360","susceptible",1,4.23948930072541,0.665266676777293,4.23948930072541,27.1795654836181,3.01995172040201,2900000,"60",203.17081752289,1,50000,0.000465842377578656,2.22285973334403e-07,12294518.9721037,"14223792.3347578","0.864362940821366",0.999999999999957
"361","resistant",0,6.03990344080403,6.03990344080403,24.1596137632161,24.1596137632161,6.03990344080403,2900000,"60",203.17081752289,1,50000,0.000465842377578656,2.22285973334404e-07,17515719.9783317,"87578599.8916584","0.2",0.999999999999957
"362","susceptible",0,24.1596137632161,6.03990344080403,24.1596137632161,24.1596137632161,6.03990344080403,2900000,"60",203.17081752289,1,50000,0.000465842377578656,2.22285973334404e-07,70062879.9133267,"87578599.8916584","0.8",0.999999999999957
"363","resistant",1,2.73772484086268,2.73772484086268,8.82046939151863,24.1596137632161,6.03990344080403,2900000,"60",203.17081752289,1,50000,0.000465842377578656,2.22285973334404e-07,7939402.03850178,"33518763.2739058","0.236864408558969",0.999999999999957
"364","susceptible",1,8.82046939151863,2.73772484086268,8.82046939151863,24.1596137632161,6.03990344080403,2900000,"60",203.17081752289,1,50000,0.000465842377578656,2.22285973334404e-07,25579361.235404,"33518763.2739058","0.763135591441031",0.999999999999957
"365","resistant",0,9.05985516120604,9.05985516120604,21.1396620428141,21.1396620428141,9.05985516120604,2900000,"60",203.17081752289,1,50000,0.000465842377578656,2.22285973334405e-07,26273579.9674975,"87578599.8916584","0.3",0.999999999999957
"366","susceptible",0,21.1396620428141,9.05985516120604,21.1396620428141,21.1396620428141,9.05985516120604,2900000,"60",203.17081752289,1,50000,0.000465842377578656,2.22285973334405e-07,61305019.9241609,"87578599.8916584","0.7",0.999999999999957
"367","resistant",1,6.92787139527964,6.92787139527964,13.6614397366937,21.1396620428141,9.05985516120604,2900000,"60",203.17081752289,1,50000,0.000465842377578656,2.22285973334405e-07,20090827.0463109,"59709002.2827227","0.336479027922468",0.999999999999957
"368","susceptible",1,13.6614397366937,6.92787139527964,13.6614397366937,21.1396620428141,9.05985516120604,2900000,"60",203.17081752289,1,50000,0.000465842377578656,2.22285973334405e-07,39618175.2364118,"59709002.2827227","0.663520972077532",0.999999999999957
"369","resistant",0,12.0798068816081,12.0798068816081,18.1197103224121,18.1197103224121,12.0798068816081,2900000,"60",203.17081752289,1,50000,0.000465842377578656,2.22285973334405e-07,35031439.9566633,"87578599.8916584","0.4",0.999999999999957
"370","susceptible",0,18.1197103224121,12.0798068816081,18.1197103224121,18.1197103224121,12.0798068816081,2900000,"60",203.17081752289,1,50000,0.000465842377578656,2.22285973334405e-07,52547159.934995,"87578599.8916584","0.6",0.999999999999957
"371","resistant",1,14.1559490761153,14.1559490761153,18.4208188511752,18.1197103224121,12.0798068816081,2900000,"60",203.17081752289,1,50000,0.000465842377578656,2.22285973334405e-07,41052252.3207344,"94472626.9891424","0.434541238336184",0.999999999999957
"372","susceptible",1,18.4208188511752,14.1559490761153,18.4208188511752,18.1197103224121,12.0798068816081,2900000,"60",203.17081752289,1,50000,0.000465842377578656,2.22285973334405e-07,53420374.6684081,"94472626.9891424","0.565458761663816",0.999999999999957
"373","resistant",0,15.0997586020101,15.0997586020101,15.0997586020101,15.0997586020101,15.0997586020101,2900000,"60",203.17081752289,1,50000,0.000465842377578656,2.22285973334403e-07,43789299.9458292,"87578599.8916584","0.5",0.999999999999957
"374","susceptible",0,15.0997586020101,15.0997586020101,15.0997586020101,15.0997586020101,15.0997586020101,2900000,"60",203.17081752289,1,50000,0.000465842377578656,2.22285973334403e-07,43789299.9458292,"87578599.8916584","0.5",0.999999999999957
"375","resistant",1,25.5350134466083,25.5350134466083,22.5461549203663,15.0997586020101,15.0997586020101,2900000,"60",203.17081752289,1,50000,0.000465842377578656,2.22285973334403e-07,74051538.9951639,"139435388.264226","0.531081384123508",0.999999999999957
"376","susceptible",1,22.5461549203663,25.5350134466083,22.5461549203663,15.0997586020101,15.0997586020101,2900000,"60",203.17081752289,1,50000,0.000465842377578656,2.22285973334403e-07,65383849.2690622,"139435388.264226","0.468918615876492",0.999999999999957
"377","resistant",0,18.1197103224121,18.1197103224121,12.079806881608,12.079806881608,18.1197103224121,2900000,"60",203.17081752289,1,50000,0.000465842377578656,2.22285973334405e-07,52547159.934995,"87578599.8916584","0.6",0.999999999999957
"378","susceptible",0,12.079806881608,18.1197103224121,12.079806881608,12.079806881608,18.1197103224121,2900000,"60",203.17081752289,1,50000,0.000465842377578656,2.22285973334405e-07,35031439.9566633,"87578599.8916584","0.4",0.999999999999957
"379","resistant",1,42.3017546856916,42.3017546856916,25.247222922524,12.079806881608,18.1197103224121,2900000,"60",203.17081752289,1,50000,0.000465842377578656,2.22285973334405e-07,122675088.588506,"195892035.063825","0.626238267158416",0.999999999999957
"380","susceptible",1,25.247222922524,42.3017546856916,25.247222922524,12.079806881608,18.1197103224121,2900000,"60",203.17081752289,1,50000,0.000465842377578656,2.22285973334405e-07,73216946.4753197,"195892035.063825","0.373761732841584",0.999999999999957
"381","resistant",0,21.1396620428141,21.1396620428141,9.05985516120604,9.05985516120604,21.1396620428141,2900000,"60",203.17081752289,1,50000,0.000465842377578656,2.22285973334404e-07,61305019.9241609,"87578599.8916584","0.7",0.999999999999957
"382","susceptible",0,9.05985516120604,21.1396620428141,9.05985516120604,9.05985516120604,21.1396620428141,2900000,"60",203.17081752289,1,50000,0.000465842377578656,2.22285973334404e-07,26273579.9674975,"87578599.8916584","0.3",0.999999999999957
"383","resistant",1,65.6798022646773,65.6798022646773,25.507157011393,9.05985516120604,21.1396620428141,2900000,"60",203.17081752289,1,50000,0.000465842377578656,2.22285973334404e-07,190471426.567564,"264442181.900604","0.720276263032639",0.999999999999957
"384","susceptible",1,25.507157011393,65.6798022646773,25.507157011393,9.05985516120604,21.1396620428141,2900000,"60",203.17081752289,1,50000,0.000465842377578656,2.22285973334404e-07,73970755.3330396,"264442181.900604","0.279723736967361",0.999999999999957
"385","resistant",0,24.1596137632161,24.1596137632161,6.03990344080402,6.03990344080402,24.1596137632161,2900000,"60",203.17081752289,1,50000,0.000465842377578656,2.22285973334404e-07,70062879.9133267,"87578599.8916584","0.8",0.999999999999957
"386","susceptible",0,6.03990344080402,24.1596137632161,6.03990344080402,6.03990344080402,24.1596137632161,2900000,"60",203.17081752289,1,50000,0.000465842377578656,2.22285973334404e-07,17515719.9783317,"87578599.8916584","0.2",0.999999999999957
"387","resistant",1,96.6723268310495,96.6723268310495,22.1513093890471,6.03990344080402,24.1596137632161,2900000,"60",203.17081752289,1,50000,0.000465842377578656,2.22285973334404e-07,280349747.810043,"344588545.03828","0.813578256871248",0.999999999999957
"388","susceptible",1,22.1513093890471,96.6723268310495,22.1513093890471,6.03990344080402,24.1596137632161,2900000,"60",203.17081752289,1,50000,0.000465842377578656,2.22285973334404e-07,64238797.2282366,"344588545.03828","0.186421743128752",0.999999999999957
"389","resistant",0,27.1795654836181,27.1795654836181,3.01995172040201,3.01995172040201,27.1795654836181,2900000,"60",203.17081752289,1,50000,0.000465842377578656,2.22285973334404e-07,78820739.9024925,"87578599.8916584","0.9",0.999999999999957
"390","susceptible",0,3.01995172040201,27.1795654836181,3.01995172040201,3.01995172040201,27.1795654836181,2900000,"60",203.17081752289,1,50000,0.000465842377578656,2.22285973334404e-07,8757859.98916584,"87578599.8916584","0.1",0.999999999999957
"391","resistant",1,135.802575409702,135.802575409702,13.9861666366034,3.01995172040201,27.1795654836181,2900000,"60",203.17081752289,1,50000,0.000465842377578656,2.22285973334404e-07,393827468.688135,"434387351.934285","0.906627384371251",0.999999999999957
"392","susceptible",1,13.9861666366034,135.802575409702,13.9861666366034,3.01995172040201,27.1795654836181,2900000,"60",203.17081752289,1,50000,0.000465842377578656,2.22285973334404e-07,40559883.24615,"434387351.934285","0.0933726156287486",0.999999999999957
"393","resistant",0,30.1995172040201,30.1995172040201,0,0,30.1995172040201,2900000,"60",203.17081752289,1,50000,0.000465842377578656,2.22285973334403e-07,87578599.8916584,"87578599.8916584","1",0.999999999999957
"394","susceptible",0,0,30.1995172040201,0,0,30.1995172040201,2900000,"60",203.17081752289,1,50000,0.000465842377578656,2.22285973334403e-07,0,"87578599.8916584","0",0.999999999999957
"395","resistant",1,182.850078695864,182.850078695864,0.00365707471541158,0,30.1995172040201,2900000,"60",203.17081752289,1,50000,0.000465842377578656,2.22285973334403e-07,530265228.218005,"530275833.734679","0.99998",0.999999999999957
"396","susceptible",1,0.00365707471541158,182.850078695864,0.00365707471541158,0,30.1995172040201,2900000,"60",203.17081752289,1,50000,0.000465842377578656,2.22285973334403e-07,10605.5166746936,"530275833.734679","2e-05",0.999999999999957
"397","resistant",0,0,0,82.224264994707,82.224264994707,0,2900000,"60",203.17081752289,1,50000,0.000465842377578656,5.66040199457974e-30,0,"238450368.48465","0",0.99999999999992
"398","susceptible",0,82.224264994707,0,82.224264994707,82.224264994707,0,2900000,"60",203.17081752289,1,50000,0.000465842377578656,5.66040199457974e-30,238450368.48465,"238450368.48465","1",0.99999999999992
"399","resistant",1,1.89291153378909e-06,1.89291153378909e-06,0.0946436837779209,82.224264994707,0,2900000,"60",203.17081752289,1,50000,0.000465842377578656,5.66040199457974e-30,5.48944344798837,"274472.172399419","2e-05",0.99999999999992
"400","susceptible",1,0.0946436837779209,1.89291153378909e-06,0.0946436837779209,82.224264994707,0,2900000,"60",203.17081752289,1,50000,0.000465842377578656,5.66040199457974e-30,274466.682955971,"274472.172399419","0.99998",0.99999999999992
"401","resistant",0,8.22242649947071,8.22242649947071,74.0018384952363,74.0018384952363,8.22242649947071,2900000,"60",203.17081752289,1,50000,0.000465842377578656,5.66040199457983e-30,23845036.848465,"238450368.48465","0.1",0.99999999999992
"402","susceptible",0,74.0018384952363,8.22242649947071,74.0018384952363,74.0018384952363,8.22242649947071,2900000,"60",203.17081752289,1,50000,0.000465842377578656,5.66040199457983e-30,214605331.636185,"238450368.48465","0.9",0.99999999999992
"403","resistant",1,0.532822081099187,0.532822081099187,4.19196731801595,74.0018384952363,8.22242649947071,2900000,"60",203.17081752289,1,50000,0.000465842377578656,5.66040199457983e-30,1545184.03518764,"13701889.2574339","0.11277160442304",0.99999999999992
"404","susceptible",1,4.19196731801595,0.532822081099187,4.19196731801595,74.0018384952363,8.22242649947071,2900000,"60",203.17081752289,1,50000,0.000465842377578656,5.66040199457983e-30,12156705.2222463,"13701889.2574339","0.88722839557696",0.99999999999992
"405","resistant",0,16.4448529989414,16.4448529989414,65.7794119957656,65.7794119957656,16.4448529989414,2900000,"60",203.17081752289,1,50000,0.000465842377578656,5.6604019945798e-30,47690073.6969301,"238450368.48465","0.2",0.999999999999919
"406","susceptible",0,65.7794119957656,16.4448529989414,65.7794119957656,65.7794119957656,16.4448529989414,2900000,"60",203.17081752289,1,50000,0.000465842377578656,5.6604019945798e-30,190760294.78772,"238450368.48465","0.8",0.999999999999919
"407","resistant",1,2.37538683084029,2.37538683084029,8.76345675064778,65.7794119957656,16.4448529989414,2900000,"60",203.17081752289,1,50000,0.000465842377578656,5.6604019945798e-30,6888621.80943685,"32302646.3863154","0.213252552965912",0.999999999999919
"408","susceptible",1,8.76345675064778,2.37538683084029,8.76345675064778,65.7794119957656,16.4448529989414,2900000,"60",203.17081752289,1,50000,0.000465842377578656,5.6604019945798e-30,25414024.5768786,"32302646.3863154","0.786747447034088",0.999999999999919
"409","resistant",0,24.6672794984121,24.6672794984121,57.5569854962949,57.5569854962949,24.6672794984121,2900000,"60",203.17081752289,1,50000,0.000465842377578656,5.66040199457975e-30,71535110.5453951,"238450368.48465","0.3",0.999999999999919
"410","susceptible",0,57.5569854962949,24.6672794984121,57.5569854962949,57.5569854962949,24.6672794984121,2900000,"60",203.17081752289,1,50000,0.000465842377578656,5.66040199457975e-30,166915257.939255,"238450368.48465","0.7",0.999999999999919
"411","resistant",1,6.23023874734705,6.23023874734705,13.6633411680756,57.5569854962949,24.6672794984121,2900000,"60",203.17081752289,1,50000,0.000465842377578656,5.66040199457975e-30,18067692.3673065,"57691381.7547258","0.313178360749289",0.999999999999919
"412","susceptible",1,13.6633411680756,6.23023874734705,13.6633411680756,57.5569854962949,24.6672794984121,2900000,"60",203.17081752289,1,50000,0.000465842377578656,5.66040199457975e-30,39623689.3874193,"57691381.7547258","0.686821639250711",0.999999999999919
"413","resistant",0,32.8897059978828,32.8897059978828,49.3345589968242,49.3345589968242,32.8897059978828,2900000,"60",203.17081752289,1,50000,0.000465842377578656,5.66040199457981e-30,95380147.3938602,"238450368.48465","0.4",0.999999999999919
"414","susceptible",0,49.3345589968242,32.8897059978828,49.3345589968242,49.3345589968242,32.8897059978828,2900000,"60",203.17081752289,1,50000,0.000465842377578656,5.66040199457981e-30,143070221.09079,"238450368.48465","0.6",0.999999999999919
"415","resistant",1,13.0432280456881,13.0432280456881,18.5728329653409,49.3345589968242,32.8897059978828,2900000,"60",203.17081752289,1,50000,0.000465842377578656,5.66040199457981e-30,37825361.3324954,"91686576.9319841","0.412550698239672",0.999999999999919
"416","susceptible",1,18.5728329653409,13.0432280456881,18.5728329653409,49.3345589968242,32.8897059978828,2900000,"60",203.17081752289,1,50000,0.000465842377578656,5.66040199457981e-30,53861215.5994887,"91686576.9319841","0.587449301760328",0.999999999999919
"417","resistant",0,41.1121324973535,41.1121324973535,41.1121324973535,41.1121324973535,41.1121324973535,2900000,"60",203.17081752289,1,50000,0.000465842377578656,5.6604019945798e-30,119225184.242325,"238450368.48465","0.5",0.999999999999919
"418","susceptible",0,41.1121324973535,41.1121324973535,41.1121324973535,41.1121324973535,41.1121324973535,2900000,"60",203.17081752289,1,50000,0.000465842377578656,5.6604019945798e-30,119225184.242325,"238450368.48465","0.5",0.999999999999919
"419","resistant",1,24.0025459699516,24.0025459699516,22.9365184032916,41.1121324973535,41.1121324973535,2900000,"60",203.17081752289,1,50000,0.000465842377578656,5.6604019945798e-30,69607383.3128598,"136123286.682405","0.511355441154337",0.999999999999919
"420","susceptible",1,22.9365184032916,24.0025459699516,22.9365184032916,41.1121324973535,41.1121324973535,2900000,"60",203.17081752289,1,50000,0.000465842377578656,5.6604019945798e-30,66515903.3695457,"136123286.682405","0.488644558845663",0.999999999999919
"421","resistant",0,49.3345589968242,49.3345589968242,32.8897059978828,32.8897059978828,49.3345589968242,2900000,"60",203.17081752289,1,50000,0.000465842377578656,5.66040199457981e-30,143070221.09079,"238450368.48465","0.6",0.999999999999919
"422","susceptible",0,32.8897059978828,49.3345589968242,32.8897059978828,32.8897059978828,49.3345589968242,2900000,"60",203.17081752289,1,50000,0.000465842377578656,5.66040199457981e-30,95380147.3938601,"238450368.48465","0.4",0.999999999999919
"423","resistant",1,40.4712113162971,40.4712113162971,25.9160786071911,32.8897059978828,49.3345589968242,2900000,"60",203.17081752289,1,50000,0.000465842377578656,5.66040199457981e-30,117366512.817262,"192523140.778116","0.609622886593811",0.999999999999919
"424","susceptible",1,25.9160786071911,40.4712113162971,25.9160786071911,32.8897059978828,49.3345589968242,2900000,"60",203.17081752289,1,50000,0.000465842377578656,5.66040199457981e-30,75156627.9608541,"192523140.778116","0.390377113406188",0.999999999999919
"425","resistant",0,57.5569854962949,57.5569854962949,24.6672794984121,24.6672794984121,57.5569854962949,2900000,"60",203.17081752289,1,50000,0.000465842377578656,5.6604019945798e-30,166915257.939255,"238450368.48465","0.7",0.999999999999919
"426","susceptible",0,24.6672794984121,57.5569854962949,24.6672794984121,24.6672794984121,57.5569854962949,2900000,"60",203.17081752289,1,50000,0.000465842377578656,5.6604019945798e-30,71535110.5453951,"238450368.48465","0.3",0.999999999999919
"427","resistant",1,63.8221911130585,63.8221911130585,26.393146737665,24.6672794984121,57.5569854962949,2900000,"60",203.17081752289,1,50000,0.000465842377578656,5.6604019945798e-30,185084354.22787,"261624479.767098","0.707442798902589",0.999999999999919
"428","susceptible",1,26.393146737665,63.8221911130585,26.393146737665,24.6672794984121,57.5569854962949,2900000,"60",203.17081752289,1,50000,0.000465842377578656,5.6604019945798e-30,76540125.5392286,"261624479.767098","0.292557201097411",0.999999999999919
"429","resistant",0,65.7794119957656,65.7794119957656,16.4448529989414,16.4448529989414,65.7794119957656,2900000,"60",203.17081752289,1,50000,0.000465842377578656,5.66040199457983e-30,190760294.78772,"238450368.48465","0.8",0.999999999999919
"430","susceptible",0,16.4448529989414,65.7794119957656,16.4448529989414,16.4448529989414,65.7794119957656,2900000,"60",203.17081752289,1,50000,0.000465842377578656,5.66040199457983e-30,47690073.6969301,"238450368.48465","0.2",0.999999999999919
"431","resistant",1,95.164436265561,95.164436265561,23.0571322477219,16.4448529989414,65.7794119957656,2900000,"60",203.17081752289,1,50000,0.000465842377578656,5.66040199457983e-30,275976865.170127,"342842548.68852","0.804966787890897",0.999999999999919
"432","susceptible",1,23.0571322477219,95.164436265561,23.0571322477219,16.4448529989414,65.7794119957656,2900000,"60",203.17081752289,1,50000,0.000465842377578656,5.66040199457983e-30,66865683.5183936,"342842548.68852","0.195033212109103",0.999999999999919
"433","resistant",0,74.0018384952363,74.0018384952363,8.2224264994707,8.2224264994707,74.0018384952363,2900000,"60",203.17081752289,1,50000,0.000465842377578656,5.66040199457984e-30,214605331.636185,"238450368.48465","0.9",0.999999999999919
"434","susceptible",0,8.2224264994707,74.0018384952363,8.2224264994707,8.2224264994707,74.0018384952363,2900000,"60",203.17081752289,1,50000,0.000465842377578656,5.66040199457984e-30,23845036.848465,"238450368.48465","0.1",0.999999999999919
"435","resistant",1,134.991994038287,134.991994038287,14.6002304145139,8.2224264994707,74.0018384952363,2900000,"60",203.17081752289,1,50000,0.000465842377578656,5.66040199457984e-30,391476782.711032,"433817450.913123","0.902399804081257",0.999999999999919
"436","susceptible",1,14.6002304145139,134.991994038287,14.6002304145139,8.2224264994707,74.0018384952363,2900000,"60",203.17081752289,1,50000,0.000465842377578656,5.66040199457984e-30,42340668.2020904,"433817450.913123","0.0976001959187429",0.999999999999919
"437","resistant",0,82.224264994707,82.224264994707,0,0,82.224264994707,2900000,"60",203.17081752289,1,50000,0.000465842377578656,5.66040199457974e-30,238450368.48465,"238450368.48465","1",0.99999999999992
"438","susceptible",0,0,82.224264994707,0,0,82.224264994707,2900000,"60",203.17081752289,1,50000,0.000465842377578656,5.66040199457974e-30,0,"238450368.48465","0",0.99999999999992
"439","resistant",1,182.850078695871,182.850078695871,0.00365707471541173,0,82.224264994707,2900000,"60",203.17081752289,1,50000,0.000465842377578656,5.66040199457974e-30,530265228.218026,"530275833.7347","0.99998",0.99999999999992
"440","susceptible",1,0.00365707471541173,182.850078695871,0.00365707471541173,0,82.224264994707,2900000,"60",203.17081752289,1,50000,0.000465842377578656,5.66040199457974e-30,10605.516674694,"530275833.7347","2e-05",0.99999999999992
"441","resistant",0,0,0,223.872113856834,223.872113856834,0,2900000,"60",203.17081752289,1,50000,0.000465842377578656,1.72170021888207e-91,0,"649229130.184819","0",0.999999999999908
"442","susceptible",0,223.872113856834,0,223.872113856834,223.872113856834,0,2900000,"60",203.17081752289,1,50000,0.000465842377578656,1.72170021888207e-91,649229130.184819,"649229130.184819","1",0.999999999999908
"443","resistant",1,1.89291153378907e-06,1.89291153378907e-06,0.0946436837779198,223.872113856834,0,2900000,"60",203.17081752289,1,50000,0.000465842377578656,1.72170021888207e-91,5.48944344798831,"274472.172399415","2e-05",0.999999999999908
"444","susceptible",1,0.0946436837779198,1.89291153378907e-06,0.0946436837779198,223.872113856834,0,2900000,"60",203.17081752289,1,50000,0.000465842377578656,1.72170021888207e-91,274466.682955967,"274472.172399415","0.99998",0.999999999999908
"445","resistant",0,22.3872113856834,22.3872113856834,201.484902471151,201.484902471151,22.3872113856834,2900000,"60",203.17081752289,1,50000,0.000465842377578656,1.72170021888208e-91,64922913.0184819,"649229130.184819","0.1",0.999999999999907
"446","susceptible",0,201.484902471151,22.3872113856834,201.484902471151,201.484902471151,22.3872113856834,2900000,"60",203.17081752289,1,50000,0.000465842377578656,1.72170021888208e-91,584306217.166337,"649229130.184819","0.9",0.999999999999907
"447","resistant",1,0.487985065490696,0.487985065490696,4.17453174960606,201.484902471151,22.3872113856834,2900000,"60",203.17081752289,1,50000,0.000465842377578656,1.72170021888208e-91,1415156.68992302,"13521298.7637806","0.104661298788382",0.999999999999907
"448","susceptible",1,4.17453174960606,0.487985065490696,4.17453174960606,201.484902471151,22.3872113856834,2900000,"60",203.17081752289,1,50000,0.000465842377578656,1.72170021888208e-91,12106142.0738576,"13521298.7637806","0.895338701211618",0.999999999999907
"449","resistant",0,44.7744227713668,44.7744227713668,179.097691085467,179.097691085467,44.7744227713668,2900000,"60",203.17081752289,1,50000,0.000465842377578656,1.72170021888209e-91,129845826.036964,"649229130.184819","0.2",0.999999999999907
"450","susceptible",0,179.097691085467,44.7744227713668,179.097691085467,179.097691085467,44.7744227713668,2900000,"60",203.17081752289,1,50000,0.000465842377578656,1.72170021888209e-91,519383304.147855,"649229130.184819","0.8",0.999999999999907
"451","resistant",1,2.2517057581097,2.2517057581097,8.74086146505344,179.097691085467,44.7744227713668,2900000,"60",203.17081752289,1,50000,0.000465842377578656,1.72170021888209e-91,6529946.69851814,"31878444.9471731","0.204838934563437",0.999999999999907
"452","susceptible",1,8.74086146505344,2.2517057581097,8.74086146505344,179.097691085467,44.7744227713668,2900000,"60",203.17081752289,1,50000,0.000465842377578656,1.72170021888209e-91,25348498.248655,"31878444.9471731","0.795161065436563",0.999999999999907
"453","resistant",0,67.1616341570502,67.1616341570502,156.710479699784,156.710479699784,67.1616341570502,2900000,"60",203.17081752289,1,50000,0.000465842377578656,1.72170021888208e-91,194768739.055446,"649229130.184819","0.3",0.999999999999907
"454","susceptible",0,156.710479699784,67.1616341570502,156.710479699784,156.710479699784,67.1616341570502,2900000,"60",203.17081752289,1,50000,0.000465842377578656,1.72170021888208e-91,454460391.129373,"649229130.184819","0.7",0.999999999999907
"455","resistant",1,5.98913844721426,5.98913844721426,13.6591451580636,156.710479699784,67.1616341570502,2900000,"60",203.17081752289,1,50000,0.000465842377578656,1.72170021888208e-91,17368501.4969213,"56980022.4553057","0.304817385962685",0.999999999999907
"456","susceptible",1,13.6591451580636,5.98913844721426,13.6591451580636,156.710479699784,67.1616341570502,2900000,"60",203.17081752289,1,50000,0.000465842377578656,1.72170021888208e-91,39611520.9583843,"56980022.4553057","0.695182614037316",0.999999999999907
"457","resistant",0,89.5488455427336,89.5488455427336,134.3232683141,134.3232683141,89.5488455427336,2900000,"60",203.17081752289,1,50000,0.000465842377578656,1.72170021888207e-91,259691652.073927,"649229130.184819","0.4",0.999999999999907
"458","susceptible",0,134.3232683141,89.5488455427336,134.3232683141,134.3232683141,89.5488455427336,2900000,"60",203.17081752289,1,50000,0.000465842377578656,1.72170021888207e-91,389537478.110891,"649229130.184819","0.6",0.999999999999907
"459","resistant",1,12.6530085936584,12.6530085936584,18.6202574073511,134.3232683141,89.5488455427336,2900000,"60",203.17081752289,1,50000,0.000465842377578656,1.72170021888207e-91,36693724.9216092,"90692471.4029275","0.404595049114791",0.999999999999907
"460","susceptible",1,18.6202574073511,12.6530085936584,18.6202574073511,134.3232683141,89.5488455427336,2900000,"60",203.17081752289,1,50000,0.000465842377578656,1.72170021888207e-91,53998746.4813183,"90692471.4029275","0.595404950885209",0.999999999999907
"461","resistant",0,111.936056928417,111.936056928417,111.936056928417,111.936056928417,111.936056928417,2900000,"60",203.17081752289,1,50000,0.000465842377578656,1.72170021888208e-91,324614565.092409,"649229130.184819","0.5",0.999999999999907
"462","susceptible",0,111.936056928417,111.936056928417,111.936056928417,111.936056928417,111.936056928417,2900000,"60",203.17081752289,1,50000,0.000465842377578656,1.72170021888208e-91,324614565.092409,"649229130.184819","0.5",0.999999999999907
"463","resistant",1,23.4572088127197,23.4572088127197,23.0697732108289,111.936056928417,111.936056928417,2900000,"60",203.17081752289,1,50000,0.000465842377578656,1.72170021888208e-91,68025905.556887,"134928247.868291","0.504163558273506",0.999999999999907
"464","susceptible",1,23.0697732108289,23.4572088127197,23.0697732108289,111.936056928417,111.936056928417,2900000,"60",203.17081752289,1,50000,0.000465842377578656,1.72170021888208e-91,66902342.3114038,"134928247.868291","0.495836441726494",0.999999999999907
"465","resistant",0,134.3232683141,134.3232683141,89.5488455427336,89.5488455427336,134.3232683141,2900000,"60",203.17081752289,1,50000,0.000465842377578656,1.72170021888205e-91,389537478.110891,"649229130.184819","0.6",0.999999999999907
"466","susceptible",0,89.5488455427336,134.3232683141,89.5488455427336,89.5488455427336,134.3232683141,2900000,"60",203.17081752289,1,50000,0.000465842377578656,1.72170021888205e-91,259691652.073927,"649229130.184819","0.4",0.999999999999907
"467","resistant",1,39.8119347086487,39.8119347086487,26.1530755200412,89.5488455427336,134.3232683141,2900000,"60",203.17081752289,1,50000,0.000465842377578656,1.72170021888205e-91,115454610.655081,"191298529.663201","0.603531092781268",0.999999999999907
"468","susceptible",1,26.1530755200412,39.8119347086487,26.1530755200412,89.5488455427336,134.3232683141,2900000,"60",203.17081752289,1,50000,0.000465842377578656,1.72170021888205e-91,75843919.0081193,"191298529.663201","0.396468907218732",0.999999999999907
"469","resistant",0,156.710479699784,156.710479699784,67.1616341570502,67.1616341570502,156.710479699784,2900000,"60",203.17081752289,1,50000,0.000465842377578656,1.72170021888204e-91,454460391.129373,"649229130.184819","0.7",0.999999999999907
"470","susceptible",0,67.1616341570502,156.710479699784,67.1616341570502,67.1616341570502,156.710479699784,2900000,"60",203.17081752289,1,50000,0.000465842377578656,1.72170021888204e-91,194768739.055446,"649229130.184819","0.3",0.999999999999907
"471","resistant",1,63.1488726307192,63.1488726307192,26.7134275200581,67.1616341570502,156.710479699784,2900000,"60",203.17081752289,1,50000,0.000465842377578656,1.72170021888204e-91,183131730.629086,"260600670.437254","0.702729315016015",0.999999999999907
"472","susceptible",1,26.7134275200581,63.1488726307192,26.7134275200581,67.1616341570502,156.710479699784,2900000,"60",203.17081752289,1,50000,0.000465842377578656,1.72170021888204e-91,77468939.8081684,"260600670.437254","0.297270684983985",0.999999999999907
"473","resistant",0,179.097691085467,179.097691085467,44.7744227713668,44.7744227713668,179.097691085467,2900000,"60",203.17081752289,1,50000,0.000465842377578656,1.7217002188821e-91,519383304.147855,"649229130.184819","0.8",0.999999999999907
"474","susceptible",0,44.7744227713668,179.097691085467,44.7744227713668,44.7744227713668,179.097691085467,2900000,"60",203.17081752289,1,50000,0.000465842377578656,1.7217002188821e-91,129845826.036964,"649229130.184819","0.2",0.999999999999907
"475","resistant",1,94.619303347391,94.619303347391,23.3870589441598,44.7744227713668,179.097691085467,2900000,"60",203.17081752289,1,50000,0.000465842377578656,1.7217002188821e-91,274395979.707434,"342218450.645497","0.801815270888709",0.999999999999907
"476","susceptible",1,23.3870589441598,94.619303347391,23.3870589441598,44.7744227713668,179.097691085467,2900000,"60",203.17081752289,1,50000,0.000465842377578656,1.7217002188821e-91,67822470.9380635,"342218450.645497","0.198184729111291",0.999999999999907
"477","resistant",0,201.484902471151,201.484902471151,22.3872113856834,22.3872113856834,201.484902471151,2900000,"60",203.17081752289,1,50000,0.000465842377578656,1.72170021888209e-91,584306217.166337,"649229130.184819","0.9",0.999999999999907
"478","susceptible",0,22.3872113856834,201.484902471151,22.3872113856834,22.3872113856834,201.484902471151,2900000,"60",203.17081752289,1,50000,0.000465842377578656,1.72170021888209e-91,64922913.0184819,"649229130.184819","0.1",0.999999999999907
"479","resistant",1,134.703537581946,134.703537581946,14.8228285590772,22.3872113856834,201.484902471151,2900000,"60",203.17081752289,1,50000,0.000465842377578656,1.72170021888209e-91,390640258.987642,"433626461.808966","0.900868128199562",0.999999999999907
"480","susceptible",1,14.8228285590772,134.703537581946,14.8228285590772,22.3872113856834,201.484902471151,2900000,"60",203.17081752289,1,50000,0.000465842377578656,1.72170021888209e-91,42986202.8213238,"433626461.808966","0.0991318718004376",0.999999999999907
"481","resistant",0,223.872113856834,223.872113856834,0,0,223.872113856834,2900000,"60",203.17081752289,1,50000,0.000465842377578656,1.72170021888207e-91,649229130.184819,"649229130.184819","1",0.999999999999908
"482","susceptible",0,0,223.872113856834,0,0,223.872113856834,2900000,"60",203.17081752289,1,50000,0.000465842377578656,1.72170021888207e-91,0,"649229130.184819","0",0.999999999999908
"483","resistant",1,182.850078695869,182.850078695869,0.00365707471541168,0,223.872113856834,2900000,"60",203.17081752289,1,50000,0.000465842377578656,1.72170021888207e-91,530265228.218019,"530275833.734694","0.99998",0.999999999999908
"484","susceptible",1,0.00365707471541168,182.850078695869,0.00365707471541168,0,223.872113856834,2900000,"60",203.17081752289,1,50000,0.000465842377578656,1.72170021888207e-91,10605.5166746939,"530275833.734694","2e-05",0.999999999999908
