"k","x0","converge_tolerance","iterations"
0.0616748560846547,60,1.49011611938477e-08,7
