"fit_type","optim_c_pop","optim_t_imm","optim_imm_m","optim_imm_sd","minimum_lLik"
"Placebo",10098.2346083922,9.29889379382767,-1.37736165630994,0.483187605893751,-118.067320632476
