"fit_type","optim_v_prog","optim_p2pfu","optim_max_vpc","minimum_fit_diff"
"logistic",5890.53018340631,29.0045596980904,526.050465471544,2.71523944609988
